solid OpenSCAD_Model
  facet normal -0.75187 0 -0.659311
    outer loop
      vertex 16.5585 10.25 -23.2272
      vertex 16.3213 14.25 -22.9567
      vertex 16.5585 14.25 -23.2272
    endloop
  endfacet
  facet normal -0.75187 -0 -0.659311
    outer loop
      vertex 16.3213 14.25 -22.9567
      vertex 16.5585 10.25 -23.2272
      vertex 16.3213 10.25 -22.9567
    endloop
  endfacet
  facet normal -0.75187 0 -0.659311
    outer loop
      vertex 16.5585 -14.25 -23.2272
      vertex 16.3213 -10.25 -22.9567
      vertex 16.5585 -10.25 -23.2272
    endloop
  endfacet
  facet normal -0.75187 -0 -0.659311
    outer loop
      vertex 16.3213 -10.25 -22.9567
      vertex 16.5585 -14.25 -23.2272
      vertex 16.3213 -14.25 -22.9567
    endloop
  endfacet
  facet normal -0.831537 0 -0.55547
    outer loop
      vertex 16.7583 10.25 -23.5263
      vertex 16.5585 14.25 -23.2272
      vertex 16.7583 14.25 -23.5263
    endloop
  endfacet
  facet normal -0.831537 -0 -0.55547
    outer loop
      vertex 16.5585 14.25 -23.2272
      vertex 16.7583 10.25 -23.5263
      vertex 16.5585 10.25 -23.2272
    endloop
  endfacet
  facet normal -0.831537 0 -0.55547
    outer loop
      vertex 16.7583 -14.25 -23.5263
      vertex 16.5585 -10.25 -23.2272
      vertex 16.7583 -10.25 -23.5263
    endloop
  endfacet
  facet normal -0.831537 -0 -0.55547
    outer loop
      vertex 16.5585 -10.25 -23.2272
      vertex 16.7583 -14.25 -23.5263
      vertex 16.5585 -14.25 -23.2272
    endloop
  endfacet
  facet normal -0.659292 0 -0.751887
    outer loop
      vertex 16.0509 -14.25 -22.7196
      vertex 16.3213 -10.25 -22.9567
      vertex 16.3213 -14.25 -22.9567
    endloop
  endfacet
  facet normal -0.659292 0 -0.751887
    outer loop
      vertex 16.3213 -10.25 -22.9567
      vertex 16.0509 -14.25 -22.7196
      vertex 16.0509 -10.25 -22.7196
    endloop
  endfacet
  facet normal -0.659292 0 -0.751887
    outer loop
      vertex 16.0509 10.25 -22.7196
      vertex 16.3213 14.25 -22.9567
      vertex 16.3213 10.25 -22.9567
    endloop
  endfacet
  facet normal -0.659292 0 -0.751887
    outer loop
      vertex 16.3213 14.25 -22.9567
      vertex 16.0509 10.25 -22.7196
      vertex 16.0509 14.25 -22.7196
    endloop
  endfacet
  facet normal 0.831537 -0 0.55547
    outer loop
      vertex 11.9952 10.25 -26.2763
      vertex 12.195 14.25 -26.5754
      vertex 11.9952 14.25 -26.2763
    endloop
  endfacet
  facet normal 0.831537 0 0.55547
    outer loop
      vertex 12.195 14.25 -26.5754
      vertex 11.9952 10.25 -26.2763
      vertex 12.195 10.25 -26.5754
    endloop
  endfacet
  facet normal 0.831537 -0 0.55547
    outer loop
      vertex 11.9952 -14.25 -26.2763
      vertex 12.195 -10.25 -26.5754
      vertex 11.9952 -10.25 -26.2763
    endloop
  endfacet
  facet normal 0.831537 0 0.55547
    outer loop
      vertex 12.195 -10.25 -26.5754
      vertex 11.9952 -14.25 -26.2763
      vertex 12.195 -14.25 -26.5754
    endloop
  endfacet
  facet normal -0.997846 0 -0.0655966
    outer loop
      vertex 17.1268 -14.25 -24.9013
      vertex 17.1032 -10.25 -24.5423
      vertex 17.1268 -10.25 -24.9013
    endloop
  endfacet
  facet normal -0.997846 -0 -0.0655966
    outer loop
      vertex 17.1032 -10.25 -24.5423
      vertex 17.1268 -14.25 -24.9013
      vertex 17.1032 -14.25 -24.5423
    endloop
  endfacet
  facet normal -0.997846 0 -0.0655966
    outer loop
      vertex 17.1268 10.25 -24.9013
      vertex 17.1032 14.25 -24.5423
      vertex 17.1268 14.25 -24.9013
    endloop
  endfacet
  facet normal -0.997846 -0 -0.0655966
    outer loop
      vertex 17.1032 14.25 -24.5423
      vertex 17.1268 10.25 -24.9013
      vertex 17.1032 10.25 -24.5423
    endloop
  endfacet
  facet normal 0.0653198 0 0.997864
    outer loop
      vertex 14.0178 -10.25 -27.6278
      vertex 14.3768 -14.25 -27.6513
      vertex 14.3768 -10.25 -27.6513
    endloop
  endfacet
  facet normal 0.0653198 0 0.997864
    outer loop
      vertex 14.3768 -14.25 -27.6513
      vertex 14.0178 -10.25 -27.6278
      vertex 14.0178 -14.25 -27.6278
    endloop
  endfacet
  facet normal 0.0653198 0 0.997864
    outer loop
      vertex 14.0178 14.25 -27.6278
      vertex 14.3768 10.25 -27.6513
      vertex 14.3768 14.25 -27.6513
    endloop
  endfacet
  facet normal 0.0653198 0 0.997864
    outer loop
      vertex 14.3768 10.25 -27.6513
      vertex 14.0178 14.25 -27.6278
      vertex 14.0178 10.25 -27.6278
    endloop
  endfacet
  facet normal 0.89686 -0 0.442314
    outer loop
      vertex 11.8361 -14.25 -25.9537
      vertex 11.9952 -10.25 -26.2763
      vertex 11.8361 -10.25 -25.9537
    endloop
  endfacet
  facet normal 0.89686 0 0.442314
    outer loop
      vertex 11.9952 -10.25 -26.2763
      vertex 11.8361 -14.25 -25.9537
      vertex 11.9952 -14.25 -26.2763
    endloop
  endfacet
  facet normal 0.89686 -0 0.442314
    outer loop
      vertex 11.8361 10.25 -25.9537
      vertex 11.9952 14.25 -26.2763
      vertex 11.8361 14.25 -25.9537
    endloop
  endfacet
  facet normal 0.89686 0 0.442314
    outer loop
      vertex 11.9952 14.25 -26.2763
      vertex 11.8361 10.25 -25.9537
      vertex 11.9952 10.25 -26.2763
    endloop
  endfacet
  facet normal -0.55547 0 0.831537
    outer loop
      vertex 15.7518 -10.25 -27.2828
      vertex 16.0509 -14.25 -27.083
      vertex 16.0509 -10.25 -27.083
    endloop
  endfacet
  facet normal -0.55547 0 0.831537
    outer loop
      vertex 16.0509 -14.25 -27.083
      vertex 15.7518 -10.25 -27.2828
      vertex 15.7518 -14.25 -27.2828
    endloop
  endfacet
  facet normal -0.55547 0 0.831537
    outer loop
      vertex 15.7518 14.25 -27.2828
      vertex 16.0509 10.25 -27.083
      vertex 16.0509 14.25 -27.083
    endloop
  endfacet
  facet normal -0.55547 0 0.831537
    outer loop
      vertex 16.0509 10.25 -27.083
      vertex 15.7518 14.25 -27.2828
      vertex 15.7518 10.25 -27.2828
    endloop
  endfacet
  facet normal -0.980826 0 -0.194886
    outer loop
      vertex 17.1032 -14.25 -24.5423
      vertex 17.0331 -10.25 -24.1895
      vertex 17.1032 -10.25 -24.5423
    endloop
  endfacet
  facet normal -0.980826 -0 -0.194886
    outer loop
      vertex 17.0331 -10.25 -24.1895
      vertex 17.1032 -14.25 -24.5423
      vertex 17.0331 -14.25 -24.1895
    endloop
  endfacet
  facet normal -0.980826 0 -0.194886
    outer loop
      vertex 17.1032 10.25 -24.5423
      vertex 17.0331 14.25 -24.1895
      vertex 17.1032 14.25 -24.5423
    endloop
  endfacet
  facet normal -0.980826 -0 -0.194886
    outer loop
      vertex 17.0331 14.25 -24.1895
      vertex 17.1032 10.25 -24.5423
      vertex 17.0331 10.25 -24.1895
    endloop
  endfacet
  facet normal 0.980773 0 -0.195154
    outer loop
      vertex 11.7205 -14.25 -24.1895
      vertex 11.6503 -10.25 -24.5423
      vertex 11.7205 -10.25 -24.1895
    endloop
  endfacet
  facet normal 0.980773 0 -0.195154
    outer loop
      vertex 11.6503 -10.25 -24.5423
      vertex 11.7205 -14.25 -24.1895
      vertex 11.6503 -14.25 -24.5423
    endloop
  endfacet
  facet normal 0.980773 0 -0.195154
    outer loop
      vertex 11.7205 10.25 -24.1895
      vertex 11.6503 14.25 -24.5423
      vertex 11.7205 14.25 -24.1895
    endloop
  endfacet
  facet normal 0.980773 0 -0.195154
    outer loop
      vertex 11.6503 14.25 -24.5423
      vertex 11.7205 10.25 -24.1895
      vertex 11.6503 10.25 -24.5423
    endloop
  endfacet
  facet normal 0.659154 0 -0.752008
    outer loop
      vertex 12.4322 -14.25 -22.9567
      vertex 12.7027 -10.25 -22.7196
      vertex 12.7027 -14.25 -22.7196
    endloop
  endfacet
  facet normal 0.659154 0 -0.752008
    outer loop
      vertex 12.7027 -10.25 -22.7196
      vertex 12.4322 -14.25 -22.9567
      vertex 12.4322 -10.25 -22.9567
    endloop
  endfacet
  facet normal 0.659154 0 -0.752008
    outer loop
      vertex 12.4322 10.25 -22.9567
      vertex 12.7027 14.25 -22.7196
      vertex 12.7027 10.25 -22.7196
    endloop
  endfacet
  facet normal 0.659154 0 -0.752008
    outer loop
      vertex 12.7027 14.25 -22.7196
      vertex 12.4322 10.25 -22.9567
      vertex 12.4322 14.25 -22.9567
    endloop
  endfacet
  facet normal 0.195154 0 -0.980773
    outer loop
      vertex 13.665 -14.25 -22.245
      vertex 14.0178 -10.25 -22.1748
      vertex 14.0178 -14.25 -22.1748
    endloop
  endfacet
  facet normal 0.195154 0 -0.980773
    outer loop
      vertex 14.0178 -10.25 -22.1748
      vertex 13.665 -14.25 -22.245
      vertex 13.665 -10.25 -22.245
    endloop
  endfacet
  facet normal 0.195154 0 -0.980773
    outer loop
      vertex 13.665 10.25 -22.245
      vertex 14.0178 14.25 -22.1748
      vertex 14.0178 10.25 -22.1748
    endloop
  endfacet
  facet normal 0.195154 0 -0.980773
    outer loop
      vertex 14.0178 14.25 -22.1748
      vertex 13.665 10.25 -22.245
      vertex 13.665 14.25 -22.245
    endloop
  endfacet
  facet normal 0.980773 -0 0.195154
    outer loop
      vertex 11.6503 10.25 -25.2602
      vertex 11.7205 14.25 -25.613
      vertex 11.6503 14.25 -25.2602
    endloop
  endfacet
  facet normal 0.980773 0 0.195154
    outer loop
      vertex 11.7205 14.25 -25.613
      vertex 11.6503 10.25 -25.2602
      vertex 11.7205 10.25 -25.613
    endloop
  endfacet
  facet normal 0.980773 -0 0.195154
    outer loop
      vertex 11.6503 -14.25 -25.2602
      vertex 11.7205 -10.25 -25.613
      vertex 11.6503 -10.25 -25.2602
    endloop
  endfacet
  facet normal 0.980773 0 0.195154
    outer loop
      vertex 11.7205 -10.25 -25.613
      vertex 11.6503 -14.25 -25.2602
      vertex 11.7205 -14.25 -25.613
    endloop
  endfacet
  facet normal -0.442204 0 0.896915
    outer loop
      vertex 15.4291 -10.25 -27.4419
      vertex 15.7518 -14.25 -27.2828
      vertex 15.7518 -10.25 -27.2828
    endloop
  endfacet
  facet normal -0.442204 0 0.896915
    outer loop
      vertex 15.7518 -14.25 -27.2828
      vertex 15.4291 -10.25 -27.4419
      vertex 15.4291 -14.25 -27.4419
    endloop
  endfacet
  facet normal -0.442204 0 0.896915
    outer loop
      vertex 15.4291 14.25 -27.4419
      vertex 15.7518 10.25 -27.2828
      vertex 15.7518 14.25 -27.2828
    endloop
  endfacet
  facet normal -0.442204 0 0.896915
    outer loop
      vertex 15.7518 10.25 -27.2828
      vertex 15.4291 14.25 -27.4419
      vertex 15.4291 10.25 -27.4419
    endloop
  endfacet
  facet normal 0.946945 0 -0.321394
    outer loop
      vertex 11.8361 -14.25 -23.8489
      vertex 11.7205 -10.25 -24.1895
      vertex 11.8361 -10.25 -23.8489
    endloop
  endfacet
  facet normal 0.946945 0 -0.321394
    outer loop
      vertex 11.7205 -10.25 -24.1895
      vertex 11.8361 -14.25 -23.8489
      vertex 11.7205 -14.25 -24.1895
    endloop
  endfacet
  facet normal 0.946945 0 -0.321394
    outer loop
      vertex 11.8361 10.25 -23.8489
      vertex 11.7205 14.25 -24.1895
      vertex 11.8361 14.25 -23.8489
    endloop
  endfacet
  facet normal 0.946945 0 -0.321394
    outer loop
      vertex 11.7205 14.25 -24.1895
      vertex 11.8361 10.25 -23.8489
      vertex 11.7205 10.25 -24.1895
    endloop
  endfacet
  facet normal -0.751749 0 0.659449
    outer loop
      vertex 16.3213 -14.25 -26.8458
      vertex 16.5585 -10.25 -26.5754
      vertex 16.3213 -10.25 -26.8458
    endloop
  endfacet
  facet normal -0.751749 0 0.659449
    outer loop
      vertex 16.5585 -10.25 -26.5754
      vertex 16.3213 -14.25 -26.8458
      vertex 16.5585 -14.25 -26.5754
    endloop
  endfacet
  facet normal -0.751749 0 0.659449
    outer loop
      vertex 16.3213 10.25 -26.8458
      vertex 16.5585 14.25 -26.5754
      vertex 16.3213 14.25 -26.8458
    endloop
  endfacet
  facet normal -0.751749 0 0.659449
    outer loop
      vertex 16.5585 14.25 -26.5754
      vertex 16.3213 10.25 -26.8458
      vertex 16.5585 10.25 -26.5754
    endloop
  endfacet
  facet normal 0.831537 0 -0.55547
    outer loop
      vertex 12.195 10.25 -23.2272
      vertex 11.9952 14.25 -23.5263
      vertex 12.195 14.25 -23.2272
    endloop
  endfacet
  facet normal 0.831537 0 -0.55547
    outer loop
      vertex 11.9952 14.25 -23.5263
      vertex 12.195 10.25 -23.2272
      vertex 11.9952 10.25 -23.5263
    endloop
  endfacet
  facet normal 0.831537 0 -0.55547
    outer loop
      vertex 12.195 -14.25 -23.2272
      vertex 11.9952 -10.25 -23.5263
      vertex 12.195 -10.25 -23.2272
    endloop
  endfacet
  facet normal 0.831537 0 -0.55547
    outer loop
      vertex 11.9952 -10.25 -23.5263
      vertex 12.195 -14.25 -23.2272
      vertex 11.9952 -14.25 -23.5263
    endloop
  endfacet
  facet normal 0.946974 -0 0.32131
    outer loop
      vertex 11.7205 -14.25 -25.613
      vertex 11.8361 -10.25 -25.9537
      vertex 11.7205 -10.25 -25.613
    endloop
  endfacet
  facet normal 0.946974 0 0.32131
    outer loop
      vertex 11.8361 -10.25 -25.9537
      vertex 11.7205 -14.25 -25.613
      vertex 11.8361 -14.25 -25.9537
    endloop
  endfacet
  facet normal 0.946974 -0 0.32131
    outer loop
      vertex 11.7205 10.25 -25.613
      vertex 11.8361 14.25 -25.9537
      vertex 11.7205 14.25 -25.613
    endloop
  endfacet
  facet normal 0.946974 0 0.32131
    outer loop
      vertex 11.8361 14.25 -25.9537
      vertex 11.7205 10.25 -25.613
      vertex 11.8361 10.25 -25.9537
    endloop
  endfacet
  facet normal -0.831537 0 0.55547
    outer loop
      vertex 16.5585 -14.25 -26.5754
      vertex 16.7583 -10.25 -26.2763
      vertex 16.5585 -10.25 -26.5754
    endloop
  endfacet
  facet normal -0.831537 0 0.55547
    outer loop
      vertex 16.7583 -10.25 -26.2763
      vertex 16.5585 -14.25 -26.5754
      vertex 16.7583 -14.25 -26.2763
    endloop
  endfacet
  facet normal -0.831537 0 0.55547
    outer loop
      vertex 16.5585 10.25 -26.5754
      vertex 16.7583 14.25 -26.2763
      vertex 16.5585 14.25 -26.5754
    endloop
  endfacet
  facet normal -0.831537 0 0.55547
    outer loop
      vertex 16.7583 14.25 -26.2763
      vertex 16.5585 10.25 -26.5754
      vertex 16.7583 10.25 -26.2763
    endloop
  endfacet
  facet normal 0.442314 0 0.89686
    outer loop
      vertex 13.0018 14.25 -27.2828
      vertex 13.3244 10.25 -27.4419
      vertex 13.3244 14.25 -27.4419
    endloop
  endfacet
  facet normal 0.442314 0 0.89686
    outer loop
      vertex 13.3244 10.25 -27.4419
      vertex 13.0018 14.25 -27.2828
      vertex 13.0018 10.25 -27.2828
    endloop
  endfacet
  facet normal 0.442314 0 0.89686
    outer loop
      vertex 13.0018 -10.25 -27.2828
      vertex 13.3244 -14.25 -27.4419
      vertex 13.3244 -10.25 -27.4419
    endloop
  endfacet
  facet normal 0.442314 0 0.89686
    outer loop
      vertex 13.3244 -14.25 -27.4419
      vertex 13.0018 -10.25 -27.2828
      vertex 13.0018 -14.25 -27.2828
    endloop
  endfacet
  facet normal 0.997863 -0 0.0653379
    outer loop
      vertex 11.6268 10.25 -24.9013
      vertex 11.6503 14.25 -25.2602
      vertex 11.6268 14.25 -24.9013
    endloop
  endfacet
  facet normal 0.997863 0 0.0653379
    outer loop
      vertex 11.6503 14.25 -25.2602
      vertex 11.6268 10.25 -24.9013
      vertex 11.6503 10.25 -25.2602
    endloop
  endfacet
  facet normal 0.997863 -0 0.0653379
    outer loop
      vertex 11.6268 -14.25 -24.9013
      vertex 11.6503 -10.25 -25.2602
      vertex 11.6268 -10.25 -24.9013
    endloop
  endfacet
  facet normal 0.997863 0 0.0653379
    outer loop
      vertex 11.6503 -10.25 -25.2602
      vertex 11.6268 -14.25 -24.9013
      vertex 11.6503 -14.25 -25.2602
    endloop
  endfacet
  facet normal -0.555662 0 -0.831408
    outer loop
      vertex 15.7518 10.25 -22.5197
      vertex 16.0509 14.25 -22.7196
      vertex 16.0509 10.25 -22.7196
    endloop
  endfacet
  facet normal -0.555662 0 -0.831408
    outer loop
      vertex 16.0509 14.25 -22.7196
      vertex 15.7518 10.25 -22.5197
      vertex 15.7518 14.25 -22.5197
    endloop
  endfacet
  facet normal -0.555662 0 -0.831408
    outer loop
      vertex 15.7518 -14.25 -22.5197
      vertex 16.0509 -10.25 -22.7196
      vertex 16.0509 -14.25 -22.7196
    endloop
  endfacet
  facet normal -0.555662 0 -0.831408
    outer loop
      vertex 16.0509 -10.25 -22.7196
      vertex 15.7518 -14.25 -22.5197
      vertex 15.7518 -10.25 -22.5197
    endloop
  endfacet
  facet normal 0.442314 0 -0.89686
    outer loop
      vertex 13.0018 -14.25 -22.5197
      vertex 13.3244 -10.25 -22.3606
      vertex 13.3244 -14.25 -22.3606
    endloop
  endfacet
  facet normal 0.442314 0 -0.89686
    outer loop
      vertex 13.3244 -10.25 -22.3606
      vertex 13.0018 -14.25 -22.5197
      vertex 13.0018 -10.25 -22.5197
    endloop
  endfacet
  facet normal 0.442314 0 -0.89686
    outer loop
      vertex 13.0018 10.25 -22.5197
      vertex 13.3244 14.25 -22.3606
      vertex 13.3244 10.25 -22.3606
    endloop
  endfacet
  facet normal 0.442314 0 -0.89686
    outer loop
      vertex 13.3244 14.25 -22.3606
      vertex 13.0018 10.25 -22.5197
      vertex 13.0018 14.25 -22.5197
    endloop
  endfacet
  facet normal 0.89686 0 -0.442314
    outer loop
      vertex 11.9952 -14.25 -23.5263
      vertex 11.8361 -10.25 -23.8489
      vertex 11.9952 -10.25 -23.5263
    endloop
  endfacet
  facet normal 0.89686 0 -0.442314
    outer loop
      vertex 11.8361 -10.25 -23.8489
      vertex 11.9952 -14.25 -23.5263
      vertex 11.8361 -14.25 -23.8489
    endloop
  endfacet
  facet normal 0.89686 0 -0.442314
    outer loop
      vertex 11.9952 10.25 -23.5263
      vertex 11.8361 14.25 -23.8489
      vertex 11.9952 14.25 -23.5263
    endloop
  endfacet
  facet normal 0.89686 0 -0.442314
    outer loop
      vertex 11.8361 14.25 -23.8489
      vertex 11.9952 10.25 -23.5263
      vertex 11.8361 10.25 -23.8489
    endloop
  endfacet
  facet normal -0.659449 0 0.751749
    outer loop
      vertex 16.0509 -10.25 -27.083
      vertex 16.3213 -14.25 -26.8458
      vertex 16.3213 -10.25 -26.8458
    endloop
  endfacet
  facet normal -0.659449 0 0.751749
    outer loop
      vertex 16.3213 -14.25 -26.8458
      vertex 16.0509 -10.25 -27.083
      vertex 16.0509 -14.25 -27.083
    endloop
  endfacet
  facet normal -0.659449 0 0.751749
    outer loop
      vertex 16.0509 14.25 -27.083
      vertex 16.3213 10.25 -26.8458
      vertex 16.3213 14.25 -26.8458
    endloop
  endfacet
  facet normal -0.659449 0 0.751749
    outer loop
      vertex 16.3213 10.25 -26.8458
      vertex 16.0509 14.25 -27.083
      vertex 16.0509 10.25 -27.083
    endloop
  endfacet
  facet normal -0.980826 0 0.194886
    outer loop
      vertex 17.0331 -14.25 -25.613
      vertex 17.1032 -10.25 -25.2602
      vertex 17.0331 -10.25 -25.613
    endloop
  endfacet
  facet normal -0.980826 0 0.194886
    outer loop
      vertex 17.1032 -10.25 -25.2602
      vertex 17.0331 -14.25 -25.613
      vertex 17.1032 -14.25 -25.2602
    endloop
  endfacet
  facet normal -0.980826 0 0.194886
    outer loop
      vertex 17.0331 10.25 -25.613
      vertex 17.1032 14.25 -25.2602
      vertex 17.0331 14.25 -25.613
    endloop
  endfacet
  facet normal -0.980826 0 0.194886
    outer loop
      vertex 17.1032 14.25 -25.2602
      vertex 17.0331 10.25 -25.613
      vertex 17.1032 10.25 -25.2602
    endloop
  endfacet
  facet normal -0.0653379 0 0.997863
    outer loop
      vertex 14.3768 14.25 -27.6513
      vertex 14.7357 10.25 -27.6278
      vertex 14.7357 14.25 -27.6278
    endloop
  endfacet
  facet normal -0.0653379 0 0.997863
    outer loop
      vertex 14.7357 10.25 -27.6278
      vertex 14.3768 14.25 -27.6513
      vertex 14.3768 10.25 -27.6513
    endloop
  endfacet
  facet normal -0.0653379 0 0.997863
    outer loop
      vertex 14.3768 -10.25 -27.6513
      vertex 14.7357 -14.25 -27.6278
      vertex 14.7357 -10.25 -27.6278
    endloop
  endfacet
  facet normal -0.0653379 0 0.997863
    outer loop
      vertex 14.7357 -14.25 -27.6278
      vertex 14.3768 -10.25 -27.6513
      vertex 14.3768 -14.25 -27.6513
    endloop
  endfacet
  facet normal -0.946861 0 -0.321644
    outer loop
      vertex 17.0331 10.25 -24.1895
      vertex 16.9174 14.25 -23.8489
      vertex 17.0331 14.25 -24.1895
    endloop
  endfacet
  facet normal -0.946861 -0 -0.321644
    outer loop
      vertex 16.9174 14.25 -23.8489
      vertex 17.0331 10.25 -24.1895
      vertex 16.9174 10.25 -23.8489
    endloop
  endfacet
  facet normal -0.946861 0 -0.321644
    outer loop
      vertex 17.0331 -14.25 -24.1895
      vertex 16.9174 -10.25 -23.8489
      vertex 17.0331 -10.25 -24.1895
    endloop
  endfacet
  facet normal -0.946861 -0 -0.321644
    outer loop
      vertex 16.9174 -10.25 -23.8489
      vertex 17.0331 -14.25 -24.1895
      vertex 16.9174 -14.25 -23.8489
    endloop
  endfacet
  facet normal -0.195154 0 -0.980773
    outer loop
      vertex 14.7357 10.25 -22.1748
      vertex 15.0885 14.25 -22.245
      vertex 15.0885 10.25 -22.245
    endloop
  endfacet
  facet normal -0.195154 0 -0.980773
    outer loop
      vertex 15.0885 14.25 -22.245
      vertex 14.7357 10.25 -22.1748
      vertex 14.7357 14.25 -22.1748
    endloop
  endfacet
  facet normal -0.195154 0 -0.980773
    outer loop
      vertex 14.7357 -14.25 -22.1748
      vertex 15.0885 -10.25 -22.245
      vertex 15.0885 -14.25 -22.245
    endloop
  endfacet
  facet normal -0.195154 0 -0.980773
    outer loop
      vertex 15.0885 -10.25 -22.245
      vertex 14.7357 -14.25 -22.1748
      vertex 14.7357 -10.25 -22.1748
    endloop
  endfacet
  facet normal -0.89686 0 -0.442314
    outer loop
      vertex 16.9174 10.25 -23.8489
      vertex 16.7583 14.25 -23.5263
      vertex 16.9174 14.25 -23.8489
    endloop
  endfacet
  facet normal -0.89686 -0 -0.442314
    outer loop
      vertex 16.7583 14.25 -23.5263
      vertex 16.9174 10.25 -23.8489
      vertex 16.7583 10.25 -23.5263
    endloop
  endfacet
  facet normal -0.89686 0 -0.442314
    outer loop
      vertex 16.9174 -14.25 -23.8489
      vertex 16.7583 -10.25 -23.5263
      vertex 16.9174 -10.25 -23.8489
    endloop
  endfacet
  facet normal -0.89686 -0 -0.442314
    outer loop
      vertex 16.7583 -10.25 -23.5263
      vertex 16.9174 -14.25 -23.8489
      vertex 16.7583 -14.25 -23.5263
    endloop
  endfacet
  facet normal 0.321394 0 -0.946945
    outer loop
      vertex 13.3244 -14.25 -22.3606
      vertex 13.665 -10.25 -22.245
      vertex 13.665 -14.25 -22.245
    endloop
  endfacet
  facet normal 0.321394 0 -0.946945
    outer loop
      vertex 13.665 -10.25 -22.245
      vertex 13.3244 -14.25 -22.3606
      vertex 13.3244 -10.25 -22.3606
    endloop
  endfacet
  facet normal 0.321394 0 -0.946945
    outer loop
      vertex 13.3244 10.25 -22.3606
      vertex 13.665 14.25 -22.245
      vertex 13.665 10.25 -22.245
    endloop
  endfacet
  facet normal 0.321394 0 -0.946945
    outer loop
      vertex 13.665 14.25 -22.245
      vertex 13.3244 10.25 -22.3606
      vertex 13.3244 14.25 -22.3606
    endloop
  endfacet
  facet normal -0.321644 0 0.946861
    outer loop
      vertex 15.0885 -10.25 -27.5576
      vertex 15.4291 -14.25 -27.4419
      vertex 15.4291 -10.25 -27.4419
    endloop
  endfacet
  facet normal -0.321644 0 0.946861
    outer loop
      vertex 15.4291 -14.25 -27.4419
      vertex 15.0885 -10.25 -27.5576
      vertex 15.0885 -14.25 -27.5576
    endloop
  endfacet
  facet normal -0.321644 0 0.946861
    outer loop
      vertex 15.0885 14.25 -27.5576
      vertex 15.4291 10.25 -27.4419
      vertex 15.4291 14.25 -27.4419
    endloop
  endfacet
  facet normal -0.321644 0 0.946861
    outer loop
      vertex 15.4291 10.25 -27.4419
      vertex 15.0885 14.25 -27.5576
      vertex 15.0885 10.25 -27.5576
    endloop
  endfacet
  facet normal 0.75187 0 -0.659311
    outer loop
      vertex 12.4322 -14.25 -22.9567
      vertex 12.195 -10.25 -23.2272
      vertex 12.4322 -10.25 -22.9567
    endloop
  endfacet
  facet normal 0.75187 0 -0.659311
    outer loop
      vertex 12.195 -10.25 -23.2272
      vertex 12.4322 -14.25 -22.9567
      vertex 12.195 -14.25 -23.2272
    endloop
  endfacet
  facet normal 0.75187 0 -0.659311
    outer loop
      vertex 12.4322 10.25 -22.9567
      vertex 12.195 14.25 -23.2272
      vertex 12.4322 14.25 -22.9567
    endloop
  endfacet
  facet normal 0.75187 0 -0.659311
    outer loop
      vertex 12.195 14.25 -23.2272
      vertex 12.4322 10.25 -22.9567
      vertex 12.195 10.25 -23.2272
    endloop
  endfacet
  facet normal -0.0653379 0 -0.997863
    outer loop
      vertex 14.3768 10.25 -22.1513
      vertex 14.7357 14.25 -22.1748
      vertex 14.7357 10.25 -22.1748
    endloop
  endfacet
  facet normal -0.0653379 0 -0.997863
    outer loop
      vertex 14.7357 14.25 -22.1748
      vertex 14.3768 10.25 -22.1513
      vertex 14.3768 14.25 -22.1513
    endloop
  endfacet
  facet normal -0.0653379 0 -0.997863
    outer loop
      vertex 14.3768 -14.25 -22.1513
      vertex 14.7357 -10.25 -22.1748
      vertex 14.7357 -14.25 -22.1748
    endloop
  endfacet
  facet normal -0.0653379 0 -0.997863
    outer loop
      vertex 14.7357 -10.25 -22.1748
      vertex 14.3768 -14.25 -22.1513
      vertex 14.3768 -10.25 -22.1513
    endloop
  endfacet
  facet normal 0.55547 0 0.831537
    outer loop
      vertex 12.7027 14.25 -27.083
      vertex 13.0018 10.25 -27.2828
      vertex 13.0018 14.25 -27.2828
    endloop
  endfacet
  facet normal 0.55547 0 0.831537
    outer loop
      vertex 13.0018 10.25 -27.2828
      vertex 12.7027 14.25 -27.083
      vertex 12.7027 10.25 -27.083
    endloop
  endfacet
  facet normal 0.55547 0 0.831537
    outer loop
      vertex 12.7027 -10.25 -27.083
      vertex 13.0018 -14.25 -27.2828
      vertex 13.0018 -10.25 -27.2828
    endloop
  endfacet
  facet normal 0.55547 0 0.831537
    outer loop
      vertex 13.0018 -14.25 -27.2828
      vertex 12.7027 -10.25 -27.083
      vertex 12.7027 -14.25 -27.083
    endloop
  endfacet
  facet normal 0.195154 0 0.980773
    outer loop
      vertex 13.665 -10.25 -27.5576
      vertex 14.0178 -14.25 -27.6278
      vertex 14.0178 -10.25 -27.6278
    endloop
  endfacet
  facet normal 0.195154 0 0.980773
    outer loop
      vertex 14.0178 -14.25 -27.6278
      vertex 13.665 -10.25 -27.5576
      vertex 13.665 -14.25 -27.5576
    endloop
  endfacet
  facet normal 0.195154 0 0.980773
    outer loop
      vertex 13.665 14.25 -27.5576
      vertex 14.0178 10.25 -27.6278
      vertex 14.0178 14.25 -27.6278
    endloop
  endfacet
  facet normal 0.195154 0 0.980773
    outer loop
      vertex 14.0178 10.25 -27.6278
      vertex 13.665 14.25 -27.5576
      vertex 13.665 10.25 -27.5576
    endloop
  endfacet
  facet normal -0.89686 0 0.442314
    outer loop
      vertex 16.7583 -14.25 -26.2763
      vertex 16.9174 -10.25 -25.9537
      vertex 16.7583 -10.25 -26.2763
    endloop
  endfacet
  facet normal -0.89686 0 0.442314
    outer loop
      vertex 16.9174 -10.25 -25.9537
      vertex 16.7583 -14.25 -26.2763
      vertex 16.9174 -14.25 -25.9537
    endloop
  endfacet
  facet normal -0.89686 0 0.442314
    outer loop
      vertex 16.7583 10.25 -26.2763
      vertex 16.9174 14.25 -25.9537
      vertex 16.7583 14.25 -26.2763
    endloop
  endfacet
  facet normal -0.89686 0 0.442314
    outer loop
      vertex 16.9174 14.25 -25.9537
      vertex 16.7583 10.25 -26.2763
      vertex 16.9174 10.25 -25.9537
    endloop
  endfacet
  facet normal 0.997864 0 -0.0653198
    outer loop
      vertex 11.6503 -14.25 -24.5423
      vertex 11.6268 -10.25 -24.9013
      vertex 11.6503 -10.25 -24.5423
    endloop
  endfacet
  facet normal 0.997864 0 -0.0653198
    outer loop
      vertex 11.6268 -10.25 -24.9013
      vertex 11.6503 -14.25 -24.5423
      vertex 11.6268 -14.25 -24.9013
    endloop
  endfacet
  facet normal 0.997864 0 -0.0653198
    outer loop
      vertex 11.6503 10.25 -24.5423
      vertex 11.6268 14.25 -24.9013
      vertex 11.6503 14.25 -24.5423
    endloop
  endfacet
  facet normal 0.997864 0 -0.0653198
    outer loop
      vertex 11.6268 14.25 -24.9013
      vertex 11.6503 10.25 -24.5423
      vertex 11.6268 10.25 -24.9013
    endloop
  endfacet
  facet normal 0.659311 0 0.75187
    outer loop
      vertex 12.4322 14.25 -26.8458
      vertex 12.7027 10.25 -27.083
      vertex 12.7027 14.25 -27.083
    endloop
  endfacet
  facet normal 0.659311 0 0.75187
    outer loop
      vertex 12.7027 10.25 -27.083
      vertex 12.4322 14.25 -26.8458
      vertex 12.4322 10.25 -26.8458
    endloop
  endfacet
  facet normal 0.659311 0 0.75187
    outer loop
      vertex 12.4322 -10.25 -26.8458
      vertex 12.7027 -14.25 -27.083
      vertex 12.7027 -10.25 -27.083
    endloop
  endfacet
  facet normal 0.659311 0 0.75187
    outer loop
      vertex 12.7027 -14.25 -27.083
      vertex 12.4322 -10.25 -26.8458
      vertex 12.4322 -14.25 -26.8458
    endloop
  endfacet
  facet normal 0.321644 0 0.946861
    outer loop
      vertex 13.3244 14.25 -27.4419
      vertex 13.665 10.25 -27.5576
      vertex 13.665 14.25 -27.5576
    endloop
  endfacet
  facet normal 0.321644 0 0.946861
    outer loop
      vertex 13.665 10.25 -27.5576
      vertex 13.3244 14.25 -27.4419
      vertex 13.3244 10.25 -27.4419
    endloop
  endfacet
  facet normal 0.321644 0 0.946861
    outer loop
      vertex 13.3244 -10.25 -27.4419
      vertex 13.665 -14.25 -27.5576
      vertex 13.665 -10.25 -27.5576
    endloop
  endfacet
  facet normal 0.321644 0 0.946861
    outer loop
      vertex 13.665 -14.25 -27.5576
      vertex 13.3244 -10.25 -27.4419
      vertex 13.3244 -14.25 -27.4419
    endloop
  endfacet
  facet normal -0.997845 0 0.0656148
    outer loop
      vertex 17.1032 -14.25 -25.2602
      vertex 17.1268 -10.25 -24.9013
      vertex 17.1032 -10.25 -25.2602
    endloop
  endfacet
  facet normal -0.997845 0 0.0656148
    outer loop
      vertex 17.1268 -10.25 -24.9013
      vertex 17.1032 -14.25 -25.2602
      vertex 17.1268 -14.25 -24.9013
    endloop
  endfacet
  facet normal -0.997845 0 0.0656148
    outer loop
      vertex 17.1032 10.25 -25.2602
      vertex 17.1268 14.25 -24.9013
      vertex 17.1032 14.25 -25.2602
    endloop
  endfacet
  facet normal -0.997845 0 0.0656148
    outer loop
      vertex 17.1268 14.25 -24.9013
      vertex 17.1032 10.25 -25.2602
      vertex 17.1268 10.25 -24.9013
    endloop
  endfacet
  facet normal 0.555662 0 -0.831408
    outer loop
      vertex 12.7027 10.25 -22.7196
      vertex 13.0018 14.25 -22.5197
      vertex 13.0018 10.25 -22.5197
    endloop
  endfacet
  facet normal 0.555662 0 -0.831408
    outer loop
      vertex 13.0018 14.25 -22.5197
      vertex 12.7027 10.25 -22.7196
      vertex 12.7027 14.25 -22.7196
    endloop
  endfacet
  facet normal 0.555662 0 -0.831408
    outer loop
      vertex 12.7027 -14.25 -22.7196
      vertex 13.0018 -10.25 -22.5197
      vertex 13.0018 -14.25 -22.5197
    endloop
  endfacet
  facet normal 0.555662 0 -0.831408
    outer loop
      vertex 13.0018 -10.25 -22.5197
      vertex 12.7027 -14.25 -22.7196
      vertex 12.7027 -10.25 -22.7196
    endloop
  endfacet
  facet normal 0.0653198 0 -0.997864
    outer loop
      vertex 14.0178 -14.25 -22.1748
      vertex 14.3768 -10.25 -22.1513
      vertex 14.3768 -14.25 -22.1513
    endloop
  endfacet
  facet normal 0.0653198 0 -0.997864
    outer loop
      vertex 14.3768 -10.25 -22.1513
      vertex 14.0178 -14.25 -22.1748
      vertex 14.0178 -10.25 -22.1748
    endloop
  endfacet
  facet normal 0.0653198 0 -0.997864
    outer loop
      vertex 14.0178 10.25 -22.1748
      vertex 14.3768 14.25 -22.1513
      vertex 14.3768 10.25 -22.1513
    endloop
  endfacet
  facet normal 0.0653198 0 -0.997864
    outer loop
      vertex 14.3768 14.25 -22.1513
      vertex 14.0178 10.25 -22.1748
      vertex 14.0178 14.25 -22.1748
    endloop
  endfacet
  facet normal -0.94689 0 0.321559
    outer loop
      vertex 16.9174 -14.25 -25.9537
      vertex 17.0331 -10.25 -25.613
      vertex 16.9174 -10.25 -25.9537
    endloop
  endfacet
  facet normal -0.94689 0 0.321559
    outer loop
      vertex 17.0331 -10.25 -25.613
      vertex 16.9174 -14.25 -25.9537
      vertex 17.0331 -14.25 -25.613
    endloop
  endfacet
  facet normal -0.94689 0 0.321559
    outer loop
      vertex 16.9174 10.25 -25.9537
      vertex 17.0331 14.25 -25.613
      vertex 16.9174 14.25 -25.9537
    endloop
  endfacet
  facet normal -0.94689 0 0.321559
    outer loop
      vertex 17.0331 14.25 -25.613
      vertex 16.9174 10.25 -25.9537
      vertex 17.0331 10.25 -25.613
    endloop
  endfacet
  facet normal -0.321394 0 -0.946945
    outer loop
      vertex 15.0885 10.25 -22.245
      vertex 15.4291 14.25 -22.3606
      vertex 15.4291 10.25 -22.3606
    endloop
  endfacet
  facet normal -0.321394 0 -0.946945
    outer loop
      vertex 15.4291 14.25 -22.3606
      vertex 15.0885 10.25 -22.245
      vertex 15.0885 14.25 -22.245
    endloop
  endfacet
  facet normal -0.321394 0 -0.946945
    outer loop
      vertex 15.0885 -14.25 -22.245
      vertex 15.4291 -10.25 -22.3606
      vertex 15.4291 -14.25 -22.3606
    endloop
  endfacet
  facet normal -0.321394 0 -0.946945
    outer loop
      vertex 15.4291 -10.25 -22.3606
      vertex 15.0885 -14.25 -22.245
      vertex 15.0885 -10.25 -22.245
    endloop
  endfacet
  facet normal -0.442204 0 -0.896915
    outer loop
      vertex 15.4291 10.25 -22.3606
      vertex 15.7518 14.25 -22.5197
      vertex 15.7518 10.25 -22.5197
    endloop
  endfacet
  facet normal -0.442204 0 -0.896915
    outer loop
      vertex 15.7518 14.25 -22.5197
      vertex 15.4291 10.25 -22.3606
      vertex 15.4291 14.25 -22.3606
    endloop
  endfacet
  facet normal -0.442204 0 -0.896915
    outer loop
      vertex 15.4291 -14.25 -22.3606
      vertex 15.7518 -10.25 -22.5197
      vertex 15.7518 -14.25 -22.5197
    endloop
  endfacet
  facet normal -0.442204 0 -0.896915
    outer loop
      vertex 15.7518 -10.25 -22.5197
      vertex 15.4291 -14.25 -22.3606
      vertex 15.4291 -10.25 -22.3606
    endloop
  endfacet
  facet normal 0.751749 -0 0.659449
    outer loop
      vertex 12.195 10.25 -26.5754
      vertex 12.4322 14.25 -26.8458
      vertex 12.195 14.25 -26.5754
    endloop
  endfacet
  facet normal 0.751749 0 0.659449
    outer loop
      vertex 12.4322 14.25 -26.8458
      vertex 12.195 10.25 -26.5754
      vertex 12.4322 10.25 -26.8458
    endloop
  endfacet
  facet normal 0.751749 -0 0.659449
    outer loop
      vertex 12.195 -14.25 -26.5754
      vertex 12.4322 -10.25 -26.8458
      vertex 12.195 -10.25 -26.5754
    endloop
  endfacet
  facet normal 0.751749 0 0.659449
    outer loop
      vertex 12.4322 -10.25 -26.8458
      vertex 12.195 -14.25 -26.5754
      vertex 12.4322 -14.25 -26.8458
    endloop
  endfacet
  facet normal -0.195154 0 0.980773
    outer loop
      vertex 14.7357 -10.25 -27.6278
      vertex 15.0885 -14.25 -27.5576
      vertex 15.0885 -10.25 -27.5576
    endloop
  endfacet
  facet normal -0.195154 0 0.980773
    outer loop
      vertex 15.0885 -14.25 -27.5576
      vertex 14.7357 -10.25 -27.6278
      vertex 14.7357 -14.25 -27.6278
    endloop
  endfacet
  facet normal -0.195154 0 0.980773
    outer loop
      vertex 14.7357 14.25 -27.6278
      vertex 15.0885 10.25 -27.5576
      vertex 15.0885 14.25 -27.5576
    endloop
  endfacet
  facet normal -0.195154 0 0.980773
    outer loop
      vertex 15.0885 10.25 -27.5576
      vertex 14.7357 14.25 -27.6278
      vertex 14.7357 10.25 -27.6278
    endloop
  endfacet
  facet normal -0.751749 0 -0.659449
    outer loop
      vertex 23.0585 10.25 -34.4855
      vertex 22.8213 14.25 -34.2151
      vertex 23.0585 14.25 -34.4855
    endloop
  endfacet
  facet normal -0.751749 -0 -0.659449
    outer loop
      vertex 22.8213 14.25 -34.2151
      vertex 23.0585 10.25 -34.4855
      vertex 22.8213 10.25 -34.2151
    endloop
  endfacet
  facet normal -0.751749 0 -0.659449
    outer loop
      vertex 23.0585 -14.25 -34.4855
      vertex 22.8213 -10.25 -34.2151
      vertex 23.0585 -10.25 -34.4855
    endloop
  endfacet
  facet normal -0.751749 -0 -0.659449
    outer loop
      vertex 22.8213 -10.25 -34.2151
      vertex 23.0585 -14.25 -34.4855
      vertex 22.8213 -14.25 -34.2151
    endloop
  endfacet
  facet normal -0.831537 0 -0.55547
    outer loop
      vertex 23.2583 10.25 -34.7846
      vertex 23.0585 14.25 -34.4855
      vertex 23.2583 14.25 -34.7846
    endloop
  endfacet
  facet normal -0.831537 -0 -0.55547
    outer loop
      vertex 23.0585 14.25 -34.4855
      vertex 23.2583 10.25 -34.7846
      vertex 23.0585 10.25 -34.4855
    endloop
  endfacet
  facet normal -0.831537 0 -0.55547
    outer loop
      vertex 23.2583 -14.25 -34.7846
      vertex 23.0585 -10.25 -34.4855
      vertex 23.2583 -10.25 -34.7846
    endloop
  endfacet
  facet normal -0.831537 -0 -0.55547
    outer loop
      vertex 23.0585 -10.25 -34.4855
      vertex 23.2583 -14.25 -34.7846
      vertex 23.0585 -14.25 -34.4855
    endloop
  endfacet
  facet normal -0.659449 0 -0.751749
    outer loop
      vertex 22.5509 10.25 -33.9779
      vertex 22.8213 14.25 -34.2151
      vertex 22.8213 10.25 -34.2151
    endloop
  endfacet
  facet normal -0.659449 0 -0.751749
    outer loop
      vertex 22.8213 14.25 -34.2151
      vertex 22.5509 10.25 -33.9779
      vertex 22.5509 14.25 -33.9779
    endloop
  endfacet
  facet normal -0.659449 0 -0.751749
    outer loop
      vertex 22.5509 -14.25 -33.9779
      vertex 22.8213 -10.25 -34.2151
      vertex 22.8213 -14.25 -34.2151
    endloop
  endfacet
  facet normal -0.659449 0 -0.751749
    outer loop
      vertex 22.8213 -10.25 -34.2151
      vertex 22.5509 -14.25 -33.9779
      vertex 22.5509 -10.25 -33.9779
    endloop
  endfacet
  facet normal 0.831537 -0 0.55547
    outer loop
      vertex 18.4952 -14.25 -37.5346
      vertex 18.695 -10.25 -37.8337
      vertex 18.4952 -10.25 -37.5346
    endloop
  endfacet
  facet normal 0.831537 0 0.55547
    outer loop
      vertex 18.695 -10.25 -37.8337
      vertex 18.4952 -14.25 -37.5346
      vertex 18.695 -14.25 -37.8337
    endloop
  endfacet
  facet normal 0.831537 -0 0.55547
    outer loop
      vertex 18.4952 10.25 -37.5346
      vertex 18.695 14.25 -37.8337
      vertex 18.4952 14.25 -37.5346
    endloop
  endfacet
  facet normal 0.831537 0 0.55547
    outer loop
      vertex 18.695 14.25 -37.8337
      vertex 18.4952 10.25 -37.5346
      vertex 18.695 10.25 -37.8337
    endloop
  endfacet
  facet normal -0.997845 0 -0.0656148
    outer loop
      vertex 23.6268 -14.25 -36.1596
      vertex 23.6032 -10.25 -35.8007
      vertex 23.6268 -10.25 -36.1596
    endloop
  endfacet
  facet normal -0.997845 -0 -0.0656148
    outer loop
      vertex 23.6032 -10.25 -35.8007
      vertex 23.6268 -14.25 -36.1596
      vertex 23.6032 -14.25 -35.8007
    endloop
  endfacet
  facet normal -0.997845 0 -0.0656148
    outer loop
      vertex 23.6268 10.25 -36.1596
      vertex 23.6032 14.25 -35.8007
      vertex 23.6268 14.25 -36.1596
    endloop
  endfacet
  facet normal -0.997845 -0 -0.0656148
    outer loop
      vertex 23.6032 14.25 -35.8007
      vertex 23.6268 10.25 -36.1596
      vertex 23.6032 10.25 -35.8007
    endloop
  endfacet
  facet normal 0.0653198 0 0.997864
    outer loop
      vertex 20.5178 -10.25 -38.8861
      vertex 20.8768 -14.25 -38.9096
      vertex 20.8768 -10.25 -38.9096
    endloop
  endfacet
  facet normal 0.0653198 0 0.997864
    outer loop
      vertex 20.8768 -14.25 -38.9096
      vertex 20.5178 -10.25 -38.8861
      vertex 20.5178 -14.25 -38.8861
    endloop
  endfacet
  facet normal 0.0653198 0 0.997864
    outer loop
      vertex 20.5178 14.25 -38.8861
      vertex 20.8768 10.25 -38.9096
      vertex 20.8768 14.25 -38.9096
    endloop
  endfacet
  facet normal 0.0653198 0 0.997864
    outer loop
      vertex 20.8768 10.25 -38.9096
      vertex 20.5178 14.25 -38.8861
      vertex 20.5178 10.25 -38.8861
    endloop
  endfacet
  facet normal 0.89686 -0 0.442314
    outer loop
      vertex 18.3361 -14.25 -37.212
      vertex 18.4952 -10.25 -37.5346
      vertex 18.3361 -10.25 -37.212
    endloop
  endfacet
  facet normal 0.89686 0 0.442314
    outer loop
      vertex 18.4952 -10.25 -37.5346
      vertex 18.3361 -14.25 -37.212
      vertex 18.4952 -14.25 -37.5346
    endloop
  endfacet
  facet normal 0.89686 -0 0.442314
    outer loop
      vertex 18.3361 10.25 -37.212
      vertex 18.4952 14.25 -37.5346
      vertex 18.3361 14.25 -37.212
    endloop
  endfacet
  facet normal 0.89686 0 0.442314
    outer loop
      vertex 18.4952 14.25 -37.5346
      vertex 18.3361 10.25 -37.212
      vertex 18.4952 10.25 -37.5346
    endloop
  endfacet
  facet normal -0.555662 0 0.831408
    outer loop
      vertex 22.2518 -10.25 -38.5412
      vertex 22.5509 -14.25 -38.3413
      vertex 22.5509 -10.25 -38.3413
    endloop
  endfacet
  facet normal -0.555662 0 0.831408
    outer loop
      vertex 22.5509 -14.25 -38.3413
      vertex 22.2518 -10.25 -38.5412
      vertex 22.2518 -14.25 -38.5412
    endloop
  endfacet
  facet normal -0.555662 0 0.831408
    outer loop
      vertex 22.2518 14.25 -38.5412
      vertex 22.5509 10.25 -38.3413
      vertex 22.5509 14.25 -38.3413
    endloop
  endfacet
  facet normal -0.555662 0 0.831408
    outer loop
      vertex 22.5509 10.25 -38.3413
      vertex 22.2518 14.25 -38.5412
      vertex 22.2518 10.25 -38.5412
    endloop
  endfacet
  facet normal -0.980826 0 -0.194886
    outer loop
      vertex 23.6032 -14.25 -35.8007
      vertex 23.5331 -10.25 -35.4479
      vertex 23.6032 -10.25 -35.8007
    endloop
  endfacet
  facet normal -0.980826 -0 -0.194886
    outer loop
      vertex 23.5331 -10.25 -35.4479
      vertex 23.6032 -14.25 -35.8007
      vertex 23.5331 -14.25 -35.4479
    endloop
  endfacet
  facet normal -0.980826 0 -0.194886
    outer loop
      vertex 23.6032 10.25 -35.8007
      vertex 23.5331 14.25 -35.4479
      vertex 23.6032 14.25 -35.8007
    endloop
  endfacet
  facet normal -0.980826 -0 -0.194886
    outer loop
      vertex 23.5331 14.25 -35.4479
      vertex 23.6032 10.25 -35.8007
      vertex 23.5331 10.25 -35.4479
    endloop
  endfacet
  facet normal 0.980773 0 -0.195154
    outer loop
      vertex 18.2205 10.25 -35.4479
      vertex 18.1503 14.25 -35.8007
      vertex 18.2205 14.25 -35.4479
    endloop
  endfacet
  facet normal 0.980773 0 -0.195154
    outer loop
      vertex 18.1503 14.25 -35.8007
      vertex 18.2205 10.25 -35.4479
      vertex 18.1503 10.25 -35.8007
    endloop
  endfacet
  facet normal 0.980773 0 -0.195154
    outer loop
      vertex 18.2205 -14.25 -35.4479
      vertex 18.1503 -10.25 -35.8007
      vertex 18.2205 -10.25 -35.4479
    endloop
  endfacet
  facet normal 0.980773 0 -0.195154
    outer loop
      vertex 18.1503 -10.25 -35.8007
      vertex 18.2205 -14.25 -35.4479
      vertex 18.1503 -14.25 -35.8007
    endloop
  endfacet
  facet normal 0.659311 0 -0.75187
    outer loop
      vertex 18.9322 -14.25 -34.2151
      vertex 19.2027 -10.25 -33.9779
      vertex 19.2027 -14.25 -33.9779
    endloop
  endfacet
  facet normal 0.659311 0 -0.75187
    outer loop
      vertex 19.2027 -10.25 -33.9779
      vertex 18.9322 -14.25 -34.2151
      vertex 18.9322 -10.25 -34.2151
    endloop
  endfacet
  facet normal 0.659311 0 -0.75187
    outer loop
      vertex 18.9322 10.25 -34.2151
      vertex 19.2027 14.25 -33.9779
      vertex 19.2027 10.25 -33.9779
    endloop
  endfacet
  facet normal 0.659311 0 -0.75187
    outer loop
      vertex 19.2027 14.25 -33.9779
      vertex 18.9322 10.25 -34.2151
      vertex 18.9322 14.25 -34.2151
    endloop
  endfacet
  facet normal 0.195154 0 -0.980773
    outer loop
      vertex 20.165 10.25 -33.5033
      vertex 20.5178 14.25 -33.4331
      vertex 20.5178 10.25 -33.4331
    endloop
  endfacet
  facet normal 0.195154 0 -0.980773
    outer loop
      vertex 20.5178 14.25 -33.4331
      vertex 20.165 10.25 -33.5033
      vertex 20.165 14.25 -33.5033
    endloop
  endfacet
  facet normal 0.195154 0 -0.980773
    outer loop
      vertex 20.165 -14.25 -33.5033
      vertex 20.5178 -10.25 -33.4331
      vertex 20.5178 -14.25 -33.4331
    endloop
  endfacet
  facet normal 0.195154 0 -0.980773
    outer loop
      vertex 20.5178 -10.25 -33.4331
      vertex 20.165 -14.25 -33.5033
      vertex 20.165 -10.25 -33.5033
    endloop
  endfacet
  facet normal 0.980773 -0 0.195154
    outer loop
      vertex 18.1503 10.25 -36.5186
      vertex 18.2205 14.25 -36.8714
      vertex 18.1503 14.25 -36.5186
    endloop
  endfacet
  facet normal 0.980773 0 0.195154
    outer loop
      vertex 18.2205 14.25 -36.8714
      vertex 18.1503 10.25 -36.5186
      vertex 18.2205 10.25 -36.8714
    endloop
  endfacet
  facet normal 0.980773 -0 0.195154
    outer loop
      vertex 18.1503 -14.25 -36.5186
      vertex 18.2205 -10.25 -36.8714
      vertex 18.1503 -10.25 -36.5186
    endloop
  endfacet
  facet normal 0.980773 0 0.195154
    outer loop
      vertex 18.2205 -10.25 -36.8714
      vertex 18.1503 -14.25 -36.5186
      vertex 18.2205 -14.25 -36.8714
    endloop
  endfacet
  facet normal -0.442204 0 0.896915
    outer loop
      vertex 21.9291 -10.25 -38.7003
      vertex 22.2518 -14.25 -38.5412
      vertex 22.2518 -10.25 -38.5412
    endloop
  endfacet
  facet normal -0.442204 0 0.896915
    outer loop
      vertex 22.2518 -14.25 -38.5412
      vertex 21.9291 -10.25 -38.7003
      vertex 21.9291 -14.25 -38.7003
    endloop
  endfacet
  facet normal -0.442204 0 0.896915
    outer loop
      vertex 21.9291 14.25 -38.7003
      vertex 22.2518 10.25 -38.5412
      vertex 22.2518 14.25 -38.5412
    endloop
  endfacet
  facet normal -0.442204 0 0.896915
    outer loop
      vertex 22.2518 10.25 -38.5412
      vertex 21.9291 14.25 -38.7003
      vertex 21.9291 10.25 -38.7003
    endloop
  endfacet
  facet normal 0.946974 0 -0.32131
    outer loop
      vertex 18.3361 10.25 -35.1072
      vertex 18.2205 14.25 -35.4479
      vertex 18.3361 14.25 -35.1072
    endloop
  endfacet
  facet normal 0.946974 0 -0.32131
    outer loop
      vertex 18.2205 14.25 -35.4479
      vertex 18.3361 10.25 -35.1072
      vertex 18.2205 10.25 -35.4479
    endloop
  endfacet
  facet normal 0.946974 0 -0.32131
    outer loop
      vertex 18.3361 -14.25 -35.1072
      vertex 18.2205 -10.25 -35.4479
      vertex 18.3361 -10.25 -35.1072
    endloop
  endfacet
  facet normal 0.946974 0 -0.32131
    outer loop
      vertex 18.2205 -10.25 -35.4479
      vertex 18.3361 -14.25 -35.1072
      vertex 18.2205 -14.25 -35.4479
    endloop
  endfacet
  facet normal -0.75187 0 0.659311
    outer loop
      vertex 22.8213 10.25 -38.1042
      vertex 23.0585 14.25 -37.8337
      vertex 22.8213 14.25 -38.1042
    endloop
  endfacet
  facet normal -0.75187 0 0.659311
    outer loop
      vertex 23.0585 14.25 -37.8337
      vertex 22.8213 10.25 -38.1042
      vertex 23.0585 10.25 -37.8337
    endloop
  endfacet
  facet normal -0.75187 0 0.659311
    outer loop
      vertex 22.8213 -14.25 -38.1042
      vertex 23.0585 -10.25 -37.8337
      vertex 22.8213 -10.25 -38.1042
    endloop
  endfacet
  facet normal -0.75187 0 0.659311
    outer loop
      vertex 23.0585 -10.25 -37.8337
      vertex 22.8213 -14.25 -38.1042
      vertex 23.0585 -14.25 -37.8337
    endloop
  endfacet
  facet normal 0.831537 0 -0.55547
    outer loop
      vertex 18.695 10.25 -34.4855
      vertex 18.4952 14.25 -34.7846
      vertex 18.695 14.25 -34.4855
    endloop
  endfacet
  facet normal 0.831537 0 -0.55547
    outer loop
      vertex 18.4952 14.25 -34.7846
      vertex 18.695 10.25 -34.4855
      vertex 18.4952 10.25 -34.7846
    endloop
  endfacet
  facet normal 0.831537 0 -0.55547
    outer loop
      vertex 18.695 -14.25 -34.4855
      vertex 18.4952 -10.25 -34.7846
      vertex 18.695 -10.25 -34.4855
    endloop
  endfacet
  facet normal 0.831537 0 -0.55547
    outer loop
      vertex 18.4952 -10.25 -34.7846
      vertex 18.695 -14.25 -34.4855
      vertex 18.4952 -14.25 -34.7846
    endloop
  endfacet
  facet normal 0.946945 -0 0.321394
    outer loop
      vertex 18.2205 -14.25 -36.8714
      vertex 18.3361 -10.25 -37.212
      vertex 18.2205 -10.25 -36.8714
    endloop
  endfacet
  facet normal 0.946945 0 0.321394
    outer loop
      vertex 18.3361 -10.25 -37.212
      vertex 18.2205 -14.25 -36.8714
      vertex 18.3361 -14.25 -37.212
    endloop
  endfacet
  facet normal 0.946945 -0 0.321394
    outer loop
      vertex 18.2205 10.25 -36.8714
      vertex 18.3361 14.25 -37.212
      vertex 18.2205 14.25 -36.8714
    endloop
  endfacet
  facet normal 0.946945 0 0.321394
    outer loop
      vertex 18.3361 14.25 -37.212
      vertex 18.2205 10.25 -36.8714
      vertex 18.3361 10.25 -37.212
    endloop
  endfacet
  facet normal -0.831537 0 0.55547
    outer loop
      vertex 23.0585 10.25 -37.8337
      vertex 23.2583 14.25 -37.5346
      vertex 23.0585 14.25 -37.8337
    endloop
  endfacet
  facet normal -0.831537 0 0.55547
    outer loop
      vertex 23.2583 14.25 -37.5346
      vertex 23.0585 10.25 -37.8337
      vertex 23.2583 10.25 -37.5346
    endloop
  endfacet
  facet normal -0.831537 0 0.55547
    outer loop
      vertex 23.0585 -14.25 -37.8337
      vertex 23.2583 -10.25 -37.5346
      vertex 23.0585 -10.25 -37.8337
    endloop
  endfacet
  facet normal -0.831537 0 0.55547
    outer loop
      vertex 23.2583 -10.25 -37.5346
      vertex 23.0585 -14.25 -37.8337
      vertex 23.2583 -14.25 -37.5346
    endloop
  endfacet
  facet normal 0.442314 0 0.89686
    outer loop
      vertex 19.5018 14.25 -38.5412
      vertex 19.8244 10.25 -38.7003
      vertex 19.8244 14.25 -38.7003
    endloop
  endfacet
  facet normal 0.442314 0 0.89686
    outer loop
      vertex 19.8244 10.25 -38.7003
      vertex 19.5018 14.25 -38.5412
      vertex 19.5018 10.25 -38.5412
    endloop
  endfacet
  facet normal 0.442314 0 0.89686
    outer loop
      vertex 19.5018 -10.25 -38.5412
      vertex 19.8244 -14.25 -38.7003
      vertex 19.8244 -10.25 -38.7003
    endloop
  endfacet
  facet normal 0.442314 0 0.89686
    outer loop
      vertex 19.8244 -14.25 -38.7003
      vertex 19.5018 -10.25 -38.5412
      vertex 19.5018 -14.25 -38.5412
    endloop
  endfacet
  facet normal 0.997864 -0 0.0653198
    outer loop
      vertex 18.1268 10.25 -36.1596
      vertex 18.1503 14.25 -36.5186
      vertex 18.1268 14.25 -36.1596
    endloop
  endfacet
  facet normal 0.997864 0 0.0653198
    outer loop
      vertex 18.1503 14.25 -36.5186
      vertex 18.1268 10.25 -36.1596
      vertex 18.1503 10.25 -36.5186
    endloop
  endfacet
  facet normal 0.997864 -0 0.0653198
    outer loop
      vertex 18.1268 -14.25 -36.1596
      vertex 18.1503 -10.25 -36.5186
      vertex 18.1268 -10.25 -36.1596
    endloop
  endfacet
  facet normal 0.997864 0 0.0653198
    outer loop
      vertex 18.1503 -10.25 -36.5186
      vertex 18.1268 -14.25 -36.1596
      vertex 18.1503 -14.25 -36.5186
    endloop
  endfacet
  facet normal -0.555662 0 -0.831408
    outer loop
      vertex 22.2518 10.25 -33.778
      vertex 22.5509 14.25 -33.9779
      vertex 22.5509 10.25 -33.9779
    endloop
  endfacet
  facet normal -0.555662 0 -0.831408
    outer loop
      vertex 22.5509 14.25 -33.9779
      vertex 22.2518 10.25 -33.778
      vertex 22.2518 14.25 -33.778
    endloop
  endfacet
  facet normal -0.555662 0 -0.831408
    outer loop
      vertex 22.2518 -14.25 -33.778
      vertex 22.5509 -10.25 -33.9779
      vertex 22.5509 -14.25 -33.9779
    endloop
  endfacet
  facet normal -0.555662 0 -0.831408
    outer loop
      vertex 22.5509 -10.25 -33.9779
      vertex 22.2518 -14.25 -33.778
      vertex 22.2518 -10.25 -33.778
    endloop
  endfacet
  facet normal 0.442314 0 -0.89686
    outer loop
      vertex 19.5018 -14.25 -33.778
      vertex 19.8244 -10.25 -33.6189
      vertex 19.8244 -14.25 -33.6189
    endloop
  endfacet
  facet normal 0.442314 0 -0.89686
    outer loop
      vertex 19.8244 -10.25 -33.6189
      vertex 19.5018 -14.25 -33.778
      vertex 19.5018 -10.25 -33.778
    endloop
  endfacet
  facet normal 0.442314 0 -0.89686
    outer loop
      vertex 19.5018 10.25 -33.778
      vertex 19.8244 14.25 -33.6189
      vertex 19.8244 10.25 -33.6189
    endloop
  endfacet
  facet normal 0.442314 0 -0.89686
    outer loop
      vertex 19.8244 14.25 -33.6189
      vertex 19.5018 10.25 -33.778
      vertex 19.5018 14.25 -33.778
    endloop
  endfacet
  facet normal 0.89686 0 -0.442314
    outer loop
      vertex 18.4952 -14.25 -34.7846
      vertex 18.3361 -10.25 -35.1072
      vertex 18.4952 -10.25 -34.7846
    endloop
  endfacet
  facet normal 0.89686 0 -0.442314
    outer loop
      vertex 18.3361 -10.25 -35.1072
      vertex 18.4952 -14.25 -34.7846
      vertex 18.3361 -14.25 -35.1072
    endloop
  endfacet
  facet normal 0.89686 0 -0.442314
    outer loop
      vertex 18.4952 10.25 -34.7846
      vertex 18.3361 14.25 -35.1072
      vertex 18.4952 14.25 -34.7846
    endloop
  endfacet
  facet normal 0.89686 0 -0.442314
    outer loop
      vertex 18.3361 14.25 -35.1072
      vertex 18.4952 10.25 -34.7846
      vertex 18.3361 10.25 -35.1072
    endloop
  endfacet
  facet normal -0.659292 0 0.751887
    outer loop
      vertex 22.5509 -10.25 -38.3413
      vertex 22.8213 -14.25 -38.1042
      vertex 22.8213 -10.25 -38.1042
    endloop
  endfacet
  facet normal -0.659292 0 0.751887
    outer loop
      vertex 22.8213 -14.25 -38.1042
      vertex 22.5509 -10.25 -38.3413
      vertex 22.5509 -14.25 -38.3413
    endloop
  endfacet
  facet normal -0.659292 0 0.751887
    outer loop
      vertex 22.5509 14.25 -38.3413
      vertex 22.8213 10.25 -38.1042
      vertex 22.8213 14.25 -38.1042
    endloop
  endfacet
  facet normal -0.659292 0 0.751887
    outer loop
      vertex 22.8213 10.25 -38.1042
      vertex 22.5509 14.25 -38.3413
      vertex 22.5509 10.25 -38.3413
    endloop
  endfacet
  facet normal -0.980826 0 0.194886
    outer loop
      vertex 23.5331 10.25 -36.8714
      vertex 23.6032 14.25 -36.5186
      vertex 23.5331 14.25 -36.8714
    endloop
  endfacet
  facet normal -0.980826 0 0.194886
    outer loop
      vertex 23.6032 14.25 -36.5186
      vertex 23.5331 10.25 -36.8714
      vertex 23.6032 10.25 -36.5186
    endloop
  endfacet
  facet normal -0.980826 0 0.194886
    outer loop
      vertex 23.5331 -14.25 -36.8714
      vertex 23.6032 -10.25 -36.5186
      vertex 23.5331 -10.25 -36.8714
    endloop
  endfacet
  facet normal -0.980826 0 0.194886
    outer loop
      vertex 23.6032 -10.25 -36.5186
      vertex 23.5331 -14.25 -36.8714
      vertex 23.6032 -14.25 -36.5186
    endloop
  endfacet
  facet normal -0.0653379 0 0.997863
    outer loop
      vertex 20.8768 14.25 -38.9096
      vertex 21.2357 10.25 -38.8861
      vertex 21.2357 14.25 -38.8861
    endloop
  endfacet
  facet normal -0.0653379 0 0.997863
    outer loop
      vertex 21.2357 10.25 -38.8861
      vertex 20.8768 14.25 -38.9096
      vertex 20.8768 10.25 -38.9096
    endloop
  endfacet
  facet normal -0.0653379 0 0.997863
    outer loop
      vertex 20.8768 -10.25 -38.9096
      vertex 21.2357 -14.25 -38.8861
      vertex 21.2357 -10.25 -38.8861
    endloop
  endfacet
  facet normal -0.0653379 0 0.997863
    outer loop
      vertex 21.2357 -14.25 -38.8861
      vertex 20.8768 -10.25 -38.9096
      vertex 20.8768 -14.25 -38.9096
    endloop
  endfacet
  facet normal -0.94689 0 -0.321559
    outer loop
      vertex 23.5331 10.25 -35.4479
      vertex 23.4174 14.25 -35.1072
      vertex 23.5331 14.25 -35.4479
    endloop
  endfacet
  facet normal -0.94689 -0 -0.321559
    outer loop
      vertex 23.4174 14.25 -35.1072
      vertex 23.5331 10.25 -35.4479
      vertex 23.4174 10.25 -35.1072
    endloop
  endfacet
  facet normal -0.94689 0 -0.321559
    outer loop
      vertex 23.5331 -14.25 -35.4479
      vertex 23.4174 -10.25 -35.1072
      vertex 23.5331 -10.25 -35.4479
    endloop
  endfacet
  facet normal -0.94689 -0 -0.321559
    outer loop
      vertex 23.4174 -10.25 -35.1072
      vertex 23.5331 -14.25 -35.4479
      vertex 23.4174 -14.25 -35.1072
    endloop
  endfacet
  facet normal -0.195154 0 -0.980773
    outer loop
      vertex 21.2357 10.25 -33.4331
      vertex 21.5885 14.25 -33.5033
      vertex 21.5885 10.25 -33.5033
    endloop
  endfacet
  facet normal -0.195154 0 -0.980773
    outer loop
      vertex 21.5885 14.25 -33.5033
      vertex 21.2357 10.25 -33.4331
      vertex 21.2357 14.25 -33.4331
    endloop
  endfacet
  facet normal -0.195154 0 -0.980773
    outer loop
      vertex 21.2357 -14.25 -33.4331
      vertex 21.5885 -10.25 -33.5033
      vertex 21.5885 -14.25 -33.5033
    endloop
  endfacet
  facet normal -0.195154 0 -0.980773
    outer loop
      vertex 21.5885 -10.25 -33.5033
      vertex 21.2357 -14.25 -33.4331
      vertex 21.2357 -10.25 -33.4331
    endloop
  endfacet
  facet normal -0.89686 0 -0.442314
    outer loop
      vertex 23.4174 -14.25 -35.1072
      vertex 23.2583 -10.25 -34.7846
      vertex 23.4174 -10.25 -35.1072
    endloop
  endfacet
  facet normal -0.89686 -0 -0.442314
    outer loop
      vertex 23.2583 -10.25 -34.7846
      vertex 23.4174 -14.25 -35.1072
      vertex 23.2583 -14.25 -34.7846
    endloop
  endfacet
  facet normal -0.89686 0 -0.442314
    outer loop
      vertex 23.4174 10.25 -35.1072
      vertex 23.2583 14.25 -34.7846
      vertex 23.4174 14.25 -35.1072
    endloop
  endfacet
  facet normal -0.89686 -0 -0.442314
    outer loop
      vertex 23.2583 14.25 -34.7846
      vertex 23.4174 10.25 -35.1072
      vertex 23.2583 10.25 -34.7846
    endloop
  endfacet
  facet normal 0.321394 0 -0.946945
    outer loop
      vertex 19.8244 10.25 -33.6189
      vertex 20.165 14.25 -33.5033
      vertex 20.165 10.25 -33.5033
    endloop
  endfacet
  facet normal 0.321394 0 -0.946945
    outer loop
      vertex 20.165 14.25 -33.5033
      vertex 19.8244 10.25 -33.6189
      vertex 19.8244 14.25 -33.6189
    endloop
  endfacet
  facet normal 0.321394 0 -0.946945
    outer loop
      vertex 19.8244 -14.25 -33.6189
      vertex 20.165 -10.25 -33.5033
      vertex 20.165 -14.25 -33.5033
    endloop
  endfacet
  facet normal 0.321394 0 -0.946945
    outer loop
      vertex 20.165 -10.25 -33.5033
      vertex 19.8244 -14.25 -33.6189
      vertex 19.8244 -10.25 -33.6189
    endloop
  endfacet
  facet normal -0.321394 0 0.946945
    outer loop
      vertex 21.5885 14.25 -38.8159
      vertex 21.9291 10.25 -38.7003
      vertex 21.9291 14.25 -38.7003
    endloop
  endfacet
  facet normal -0.321394 0 0.946945
    outer loop
      vertex 21.9291 10.25 -38.7003
      vertex 21.5885 14.25 -38.8159
      vertex 21.5885 10.25 -38.8159
    endloop
  endfacet
  facet normal -0.321394 0 0.946945
    outer loop
      vertex 21.5885 -10.25 -38.8159
      vertex 21.9291 -14.25 -38.7003
      vertex 21.9291 -10.25 -38.7003
    endloop
  endfacet
  facet normal -0.321394 0 0.946945
    outer loop
      vertex 21.9291 -14.25 -38.7003
      vertex 21.5885 -10.25 -38.8159
      vertex 21.5885 -14.25 -38.8159
    endloop
  endfacet
  facet normal 0.751749 0 -0.659449
    outer loop
      vertex 18.9322 10.25 -34.2151
      vertex 18.695 14.25 -34.4855
      vertex 18.9322 14.25 -34.2151
    endloop
  endfacet
  facet normal 0.751749 0 -0.659449
    outer loop
      vertex 18.695 14.25 -34.4855
      vertex 18.9322 10.25 -34.2151
      vertex 18.695 10.25 -34.4855
    endloop
  endfacet
  facet normal 0.751749 0 -0.659449
    outer loop
      vertex 18.9322 -14.25 -34.2151
      vertex 18.695 -10.25 -34.4855
      vertex 18.9322 -10.25 -34.2151
    endloop
  endfacet
  facet normal 0.751749 0 -0.659449
    outer loop
      vertex 18.695 -10.25 -34.4855
      vertex 18.9322 -14.25 -34.2151
      vertex 18.695 -14.25 -34.4855
    endloop
  endfacet
  facet normal -0.0653379 0 -0.997863
    outer loop
      vertex 20.8768 10.25 -33.4096
      vertex 21.2357 14.25 -33.4331
      vertex 21.2357 10.25 -33.4331
    endloop
  endfacet
  facet normal -0.0653379 0 -0.997863
    outer loop
      vertex 21.2357 14.25 -33.4331
      vertex 20.8768 10.25 -33.4096
      vertex 20.8768 14.25 -33.4096
    endloop
  endfacet
  facet normal -0.0653379 0 -0.997863
    outer loop
      vertex 20.8768 -14.25 -33.4096
      vertex 21.2357 -10.25 -33.4331
      vertex 21.2357 -14.25 -33.4331
    endloop
  endfacet
  facet normal -0.0653379 0 -0.997863
    outer loop
      vertex 21.2357 -10.25 -33.4331
      vertex 20.8768 -14.25 -33.4096
      vertex 20.8768 -10.25 -33.4096
    endloop
  endfacet
  facet normal 0.555662 0 0.831408
    outer loop
      vertex 19.2027 14.25 -38.3413
      vertex 19.5018 10.25 -38.5412
      vertex 19.5018 14.25 -38.5412
    endloop
  endfacet
  facet normal 0.555662 0 0.831408
    outer loop
      vertex 19.5018 10.25 -38.5412
      vertex 19.2027 14.25 -38.3413
      vertex 19.2027 10.25 -38.3413
    endloop
  endfacet
  facet normal 0.555662 0 0.831408
    outer loop
      vertex 19.2027 -10.25 -38.3413
      vertex 19.5018 -14.25 -38.5412
      vertex 19.5018 -10.25 -38.5412
    endloop
  endfacet
  facet normal 0.555662 0 0.831408
    outer loop
      vertex 19.5018 -14.25 -38.5412
      vertex 19.2027 -10.25 -38.3413
      vertex 19.2027 -14.25 -38.3413
    endloop
  endfacet
  facet normal 0.195154 0 0.980773
    outer loop
      vertex 20.165 -10.25 -38.8159
      vertex 20.5178 -14.25 -38.8861
      vertex 20.5178 -10.25 -38.8861
    endloop
  endfacet
  facet normal 0.195154 0 0.980773
    outer loop
      vertex 20.5178 -14.25 -38.8861
      vertex 20.165 -10.25 -38.8159
      vertex 20.165 -14.25 -38.8159
    endloop
  endfacet
  facet normal 0.195154 0 0.980773
    outer loop
      vertex 20.165 14.25 -38.8159
      vertex 20.5178 10.25 -38.8861
      vertex 20.5178 14.25 -38.8861
    endloop
  endfacet
  facet normal 0.195154 0 0.980773
    outer loop
      vertex 20.5178 10.25 -38.8861
      vertex 20.165 14.25 -38.8159
      vertex 20.165 10.25 -38.8159
    endloop
  endfacet
  facet normal -0.89686 0 0.442314
    outer loop
      vertex 23.2583 -14.25 -37.5346
      vertex 23.4174 -10.25 -37.212
      vertex 23.2583 -10.25 -37.5346
    endloop
  endfacet
  facet normal -0.89686 0 0.442314
    outer loop
      vertex 23.4174 -10.25 -37.212
      vertex 23.2583 -14.25 -37.5346
      vertex 23.4174 -14.25 -37.212
    endloop
  endfacet
  facet normal -0.89686 0 0.442314
    outer loop
      vertex 23.2583 10.25 -37.5346
      vertex 23.4174 14.25 -37.212
      vertex 23.2583 14.25 -37.5346
    endloop
  endfacet
  facet normal -0.89686 0 0.442314
    outer loop
      vertex 23.4174 14.25 -37.212
      vertex 23.2583 10.25 -37.5346
      vertex 23.4174 10.25 -37.212
    endloop
  endfacet
  facet normal 0.997863 0 -0.0653379
    outer loop
      vertex 18.1503 10.25 -35.8007
      vertex 18.1268 14.25 -36.1596
      vertex 18.1503 14.25 -35.8007
    endloop
  endfacet
  facet normal 0.997863 0 -0.0653379
    outer loop
      vertex 18.1268 14.25 -36.1596
      vertex 18.1503 10.25 -35.8007
      vertex 18.1268 10.25 -36.1596
    endloop
  endfacet
  facet normal 0.997863 0 -0.0653379
    outer loop
      vertex 18.1503 -14.25 -35.8007
      vertex 18.1268 -10.25 -36.1596
      vertex 18.1503 -10.25 -35.8007
    endloop
  endfacet
  facet normal 0.997863 0 -0.0653379
    outer loop
      vertex 18.1268 -10.25 -36.1596
      vertex 18.1503 -14.25 -35.8007
      vertex 18.1268 -14.25 -36.1596
    endloop
  endfacet
  facet normal 0.659154 0 0.752008
    outer loop
      vertex 18.9322 -10.25 -38.1042
      vertex 19.2027 -14.25 -38.3413
      vertex 19.2027 -10.25 -38.3413
    endloop
  endfacet
  facet normal 0.659154 0 0.752008
    outer loop
      vertex 19.2027 -14.25 -38.3413
      vertex 18.9322 -10.25 -38.1042
      vertex 18.9322 -14.25 -38.1042
    endloop
  endfacet
  facet normal 0.659154 0 0.752008
    outer loop
      vertex 18.9322 14.25 -38.1042
      vertex 19.2027 10.25 -38.3413
      vertex 19.2027 14.25 -38.3413
    endloop
  endfacet
  facet normal 0.659154 0 0.752008
    outer loop
      vertex 19.2027 10.25 -38.3413
      vertex 18.9322 14.25 -38.1042
      vertex 18.9322 10.25 -38.1042
    endloop
  endfacet
  facet normal 0.321394 0 0.946945
    outer loop
      vertex 19.8244 14.25 -38.7003
      vertex 20.165 10.25 -38.8159
      vertex 20.165 14.25 -38.8159
    endloop
  endfacet
  facet normal 0.321394 0 0.946945
    outer loop
      vertex 20.165 10.25 -38.8159
      vertex 19.8244 14.25 -38.7003
      vertex 19.8244 10.25 -38.7003
    endloop
  endfacet
  facet normal 0.321394 0 0.946945
    outer loop
      vertex 19.8244 -10.25 -38.7003
      vertex 20.165 -14.25 -38.8159
      vertex 20.165 -10.25 -38.8159
    endloop
  endfacet
  facet normal 0.321394 0 0.946945
    outer loop
      vertex 20.165 -14.25 -38.8159
      vertex 19.8244 -10.25 -38.7003
      vertex 19.8244 -14.25 -38.7003
    endloop
  endfacet
  facet normal -0.997846 0 0.0655966
    outer loop
      vertex 23.6032 -14.25 -36.5186
      vertex 23.6268 -10.25 -36.1596
      vertex 23.6032 -10.25 -36.5186
    endloop
  endfacet
  facet normal -0.997846 0 0.0655966
    outer loop
      vertex 23.6268 -10.25 -36.1596
      vertex 23.6032 -14.25 -36.5186
      vertex 23.6268 -14.25 -36.1596
    endloop
  endfacet
  facet normal -0.997846 0 0.0655966
    outer loop
      vertex 23.6032 10.25 -36.5186
      vertex 23.6268 14.25 -36.1596
      vertex 23.6032 14.25 -36.5186
    endloop
  endfacet
  facet normal -0.997846 0 0.0655966
    outer loop
      vertex 23.6268 14.25 -36.1596
      vertex 23.6032 10.25 -36.5186
      vertex 23.6268 10.25 -36.1596
    endloop
  endfacet
  facet normal 0.555662 0 -0.831408
    outer loop
      vertex 19.2027 -14.25 -33.9779
      vertex 19.5018 -10.25 -33.778
      vertex 19.5018 -14.25 -33.778
    endloop
  endfacet
  facet normal 0.555662 0 -0.831408
    outer loop
      vertex 19.5018 -10.25 -33.778
      vertex 19.2027 -14.25 -33.9779
      vertex 19.2027 -10.25 -33.9779
    endloop
  endfacet
  facet normal 0.555662 0 -0.831408
    outer loop
      vertex 19.2027 10.25 -33.9779
      vertex 19.5018 14.25 -33.778
      vertex 19.5018 10.25 -33.778
    endloop
  endfacet
  facet normal 0.555662 0 -0.831408
    outer loop
      vertex 19.5018 14.25 -33.778
      vertex 19.2027 10.25 -33.9779
      vertex 19.2027 14.25 -33.9779
    endloop
  endfacet
  facet normal 0.0653198 0 -0.997864
    outer loop
      vertex 20.5178 10.25 -33.4331
      vertex 20.8768 14.25 -33.4096
      vertex 20.8768 10.25 -33.4096
    endloop
  endfacet
  facet normal 0.0653198 0 -0.997864
    outer loop
      vertex 20.8768 14.25 -33.4096
      vertex 20.5178 10.25 -33.4331
      vertex 20.5178 14.25 -33.4331
    endloop
  endfacet
  facet normal 0.0653198 0 -0.997864
    outer loop
      vertex 20.5178 -14.25 -33.4331
      vertex 20.8768 -10.25 -33.4096
      vertex 20.8768 -14.25 -33.4096
    endloop
  endfacet
  facet normal 0.0653198 0 -0.997864
    outer loop
      vertex 20.8768 -10.25 -33.4096
      vertex 20.5178 -14.25 -33.4331
      vertex 20.5178 -10.25 -33.4331
    endloop
  endfacet
  facet normal -0.946861 0 0.321644
    outer loop
      vertex 23.4174 -14.25 -37.212
      vertex 23.5331 -10.25 -36.8714
      vertex 23.4174 -10.25 -37.212
    endloop
  endfacet
  facet normal -0.946861 0 0.321644
    outer loop
      vertex 23.5331 -10.25 -36.8714
      vertex 23.4174 -14.25 -37.212
      vertex 23.5331 -14.25 -36.8714
    endloop
  endfacet
  facet normal -0.946861 0 0.321644
    outer loop
      vertex 23.4174 10.25 -37.212
      vertex 23.5331 14.25 -36.8714
      vertex 23.4174 14.25 -37.212
    endloop
  endfacet
  facet normal -0.946861 0 0.321644
    outer loop
      vertex 23.5331 14.25 -36.8714
      vertex 23.4174 10.25 -37.212
      vertex 23.5331 10.25 -36.8714
    endloop
  endfacet
  facet normal -0.321394 0 -0.946945
    outer loop
      vertex 21.5885 -14.25 -33.5033
      vertex 21.9291 -10.25 -33.6189
      vertex 21.9291 -14.25 -33.6189
    endloop
  endfacet
  facet normal -0.321394 0 -0.946945
    outer loop
      vertex 21.9291 -10.25 -33.6189
      vertex 21.5885 -14.25 -33.5033
      vertex 21.5885 -10.25 -33.5033
    endloop
  endfacet
  facet normal -0.321394 0 -0.946945
    outer loop
      vertex 21.5885 10.25 -33.5033
      vertex 21.9291 14.25 -33.6189
      vertex 21.9291 10.25 -33.6189
    endloop
  endfacet
  facet normal -0.321394 0 -0.946945
    outer loop
      vertex 21.9291 14.25 -33.6189
      vertex 21.5885 10.25 -33.5033
      vertex 21.5885 14.25 -33.5033
    endloop
  endfacet
  facet normal -0.442204 0 -0.896915
    outer loop
      vertex 21.9291 -14.25 -33.6189
      vertex 22.2518 -10.25 -33.778
      vertex 22.2518 -14.25 -33.778
    endloop
  endfacet
  facet normal -0.442204 0 -0.896915
    outer loop
      vertex 22.2518 -10.25 -33.778
      vertex 21.9291 -14.25 -33.6189
      vertex 21.9291 -10.25 -33.6189
    endloop
  endfacet
  facet normal -0.442204 0 -0.896915
    outer loop
      vertex 21.9291 10.25 -33.6189
      vertex 22.2518 14.25 -33.778
      vertex 22.2518 10.25 -33.778
    endloop
  endfacet
  facet normal -0.442204 0 -0.896915
    outer loop
      vertex 22.2518 14.25 -33.778
      vertex 21.9291 10.25 -33.6189
      vertex 21.9291 14.25 -33.6189
    endloop
  endfacet
  facet normal 0.75187 -0 0.659311
    outer loop
      vertex 18.695 -14.25 -37.8337
      vertex 18.9322 -10.25 -38.1042
      vertex 18.695 -10.25 -37.8337
    endloop
  endfacet
  facet normal 0.75187 0 0.659311
    outer loop
      vertex 18.9322 -10.25 -38.1042
      vertex 18.695 -14.25 -37.8337
      vertex 18.9322 -14.25 -38.1042
    endloop
  endfacet
  facet normal 0.75187 -0 0.659311
    outer loop
      vertex 18.695 10.25 -37.8337
      vertex 18.9322 14.25 -38.1042
      vertex 18.695 14.25 -37.8337
    endloop
  endfacet
  facet normal 0.75187 0 0.659311
    outer loop
      vertex 18.9322 14.25 -38.1042
      vertex 18.695 10.25 -37.8337
      vertex 18.9322 10.25 -38.1042
    endloop
  endfacet
  facet normal -0.195154 0 0.980773
    outer loop
      vertex 21.2357 14.25 -38.8861
      vertex 21.5885 10.25 -38.8159
      vertex 21.5885 14.25 -38.8159
    endloop
  endfacet
  facet normal -0.195154 0 0.980773
    outer loop
      vertex 21.5885 10.25 -38.8159
      vertex 21.2357 14.25 -38.8861
      vertex 21.2357 10.25 -38.8861
    endloop
  endfacet
  facet normal -0.195154 0 0.980773
    outer loop
      vertex 21.2357 -10.25 -38.8861
      vertex 21.5885 -14.25 -38.8159
      vertex 21.5885 -10.25 -38.8159
    endloop
  endfacet
  facet normal -0.195154 0 0.980773
    outer loop
      vertex 21.5885 -14.25 -38.8159
      vertex 21.2357 -10.25 -38.8861
      vertex 21.2357 -14.25 -38.8861
    endloop
  endfacet
  facet normal -0.866025 0 -0.500001
    outer loop
      vertex 33.7535 -10.25 -37.9628
      vertex 18.7535 10.25 -11.9821
      vertex 33.7535 10.25 -37.9628
    endloop
  endfacet
  facet normal -0.866025 -0 -0.500001
    outer loop
      vertex 18.7535 10.25 -11.9821
      vertex 33.7535 -10.25 -37.9628
      vertex 18.7535 -10.25 -11.9821
    endloop
  endfacet
  facet normal 0.499997 0 -0.866027
    outer loop
      vertex 1 -10.25 -22.232
      vertex 18.7535 10.25 -11.9821
      vertex 18.7535 -10.25 -11.9821
    endloop
  endfacet
  facet normal 0.499997 0 -0.866027
    outer loop
      vertex 18.7535 10.25 -11.9821
      vertex 1 -10.25 -22.232
      vertex 1 10.25 -22.232
    endloop
  endfacet
  facet normal 0.866026 -0 0.499999
    outer loop
      vertex 1 -10.25 -22.232
      vertex 16 10.25 -48.2128
      vertex 1 10.25 -22.232
    endloop
  endfacet
  facet normal 0.866026 0 0.499999
    outer loop
      vertex 16 10.25 -48.2128
      vertex 1 -10.25 -22.232
      vertex 16 -10.25 -48.2128
    endloop
  endfacet
  facet normal 0 -1 0
    outer loop
      vertex 18.7535 10.25 -11.9821
      vertex 14.0178 10.25 -22.1748
      vertex 14.3768 10.25 -22.1513
    endloop
  endfacet
  facet normal 0 -1 0
    outer loop
      vertex 13.0018 10.25 -22.5197
      vertex 18.7535 10.25 -11.9821
      vertex 1 10.25 -22.232
    endloop
  endfacet
  facet normal 0 -1 0
    outer loop
      vertex 18.7535 10.25 -11.9821
      vertex 13.665 10.25 -22.245
      vertex 14.0178 10.25 -22.1748
    endloop
  endfacet
  facet normal 0 -1 0
    outer loop
      vertex 18.7535 10.25 -11.9821
      vertex 13.3244 10.25 -22.3606
      vertex 13.665 10.25 -22.245
    endloop
  endfacet
  facet normal 0 -1 0
    outer loop
      vertex 18.7535 10.25 -11.9821
      vertex 13.0018 10.25 -22.5197
      vertex 13.3244 10.25 -22.3606
    endloop
  endfacet
  facet normal 0 -1 0
    outer loop
      vertex 1 10.25 -22.232
      vertex 12.7027 10.25 -22.7196
      vertex 13.0018 10.25 -22.5197
    endloop
  endfacet
  facet normal 0 -1 0
    outer loop
      vertex 1 10.25 -22.232
      vertex 12.4322 10.25 -22.9567
      vertex 12.7027 10.25 -22.7196
    endloop
  endfacet
  facet normal 0 -1 0
    outer loop
      vertex 1 10.25 -22.232
      vertex 12.195 10.25 -23.2272
      vertex 12.4322 10.25 -22.9567
    endloop
  endfacet
  facet normal 0 -1 0
    outer loop
      vertex 1 10.25 -22.232
      vertex 11.9952 10.25 -23.5263
      vertex 12.195 10.25 -23.2272
    endloop
  endfacet
  facet normal 0 -1 0
    outer loop
      vertex 1 10.25 -22.232
      vertex 11.8361 10.25 -23.8489
      vertex 11.9952 10.25 -23.5263
    endloop
  endfacet
  facet normal 0 -1 0
    outer loop
      vertex 1 10.25 -22.232
      vertex 11.7205 10.25 -24.1895
      vertex 11.8361 10.25 -23.8489
    endloop
  endfacet
  facet normal 0 -1 0
    outer loop
      vertex 1 10.25 -22.232
      vertex 11.6503 10.25 -24.5423
      vertex 11.7205 10.25 -24.1895
    endloop
  endfacet
  facet normal 0 -1 0
    outer loop
      vertex 1 10.25 -22.232
      vertex 11.6268 10.25 -24.9013
      vertex 11.6503 10.25 -24.5423
    endloop
  endfacet
  facet normal 0 -1 0
    outer loop
      vertex 1 10.25 -22.232
      vertex 11.6503 10.25 -25.2602
      vertex 11.6268 10.25 -24.9013
    endloop
  endfacet
  facet normal 0 -1 0
    outer loop
      vertex 1 10.25 -22.232
      vertex 11.7205 10.25 -25.613
      vertex 11.6503 10.25 -25.2602
    endloop
  endfacet
  facet normal 0 -1 0
    outer loop
      vertex 1 10.25 -22.232
      vertex 11.8361 10.25 -25.9537
      vertex 11.7205 10.25 -25.613
    endloop
  endfacet
  facet normal 0 -1 0
    outer loop
      vertex 1 10.25 -22.232
      vertex 11.9952 10.25 -26.2763
      vertex 11.8361 10.25 -25.9537
    endloop
  endfacet
  facet normal 0 -1 0
    outer loop
      vertex 1 10.25 -22.232
      vertex 12.195 10.25 -26.5754
      vertex 11.9952 10.25 -26.2763
    endloop
  endfacet
  facet normal 0 -1 0
    outer loop
      vertex 1 10.25 -22.232
      vertex 12.4322 10.25 -26.8458
      vertex 12.195 10.25 -26.5754
    endloop
  endfacet
  facet normal 0 -1 0
    outer loop
      vertex 16 10.25 -48.2128
      vertex 12.4322 10.25 -26.8458
      vertex 1 10.25 -22.232
    endloop
  endfacet
  facet normal 0 -1 0
    outer loop
      vertex 12.4322 10.25 -26.8458
      vertex 16 10.25 -48.2128
      vertex 12.7027 10.25 -27.083
    endloop
  endfacet
  facet normal -0 -1 0
    outer loop
      vertex 18.1503 10.25 -36.5186
      vertex 12.7027 10.25 -27.083
      vertex 16 10.25 -48.2128
    endloop
  endfacet
  facet normal 0 -1 0
    outer loop
      vertex 18.4952 10.25 -34.7846
      vertex 14.3768 10.25 -27.6513
      vertex 14.0178 10.25 -27.6278
    endloop
  endfacet
  facet normal 0 -1 0
    outer loop
      vertex 18.3361 10.25 -35.1072
      vertex 14.0178 10.25 -27.6278
      vertex 13.665 10.25 -27.5576
    endloop
  endfacet
  facet normal 0 -1 0
    outer loop
      vertex 18.2205 10.25 -35.4479
      vertex 13.665 10.25 -27.5576
      vertex 13.3244 10.25 -27.4419
    endloop
  endfacet
  facet normal 0 -1 0
    outer loop
      vertex 12.7027 10.25 -27.083
      vertex 18.1503 10.25 -36.5186
      vertex 13.0018 10.25 -27.2828
    endloop
  endfacet
  facet normal 0 -1 0
    outer loop
      vertex 14.3768 10.25 -27.6513
      vertex 20.5178 10.25 -33.4331
      vertex 20.8768 10.25 -33.4096
    endloop
  endfacet
  facet normal 0 -1 0
    outer loop
      vertex 14.3768 10.25 -27.6513
      vertex 20.165 10.25 -33.5033
      vertex 20.5178 10.25 -33.4331
    endloop
  endfacet
  facet normal 0 -1 0
    outer loop
      vertex 14.3768 10.25 -27.6513
      vertex 19.8244 10.25 -33.6189
      vertex 20.165 10.25 -33.5033
    endloop
  endfacet
  facet normal 0 -1 0
    outer loop
      vertex 14.3768 10.25 -27.6513
      vertex 19.5018 10.25 -33.778
      vertex 19.8244 10.25 -33.6189
    endloop
  endfacet
  facet normal 0 -1 0
    outer loop
      vertex 14.3768 10.25 -27.6513
      vertex 19.2027 10.25 -33.9779
      vertex 19.5018 10.25 -33.778
    endloop
  endfacet
  facet normal 0 -1 0
    outer loop
      vertex 14.3768 10.25 -27.6513
      vertex 18.9322 10.25 -34.2151
      vertex 19.2027 10.25 -33.9779
    endloop
  endfacet
  facet normal 0 -1 0
    outer loop
      vertex 14.3768 10.25 -27.6513
      vertex 18.695 10.25 -34.4855
      vertex 18.9322 10.25 -34.2151
    endloop
  endfacet
  facet normal 0 -1 0
    outer loop
      vertex 14.3768 10.25 -27.6513
      vertex 18.4952 10.25 -34.7846
      vertex 18.695 10.25 -34.4855
    endloop
  endfacet
  facet normal 0 -1 0
    outer loop
      vertex 14.0178 10.25 -27.6278
      vertex 18.3361 10.25 -35.1072
      vertex 18.4952 10.25 -34.7846
    endloop
  endfacet
  facet normal 0 -1 0
    outer loop
      vertex 13.665 10.25 -27.5576
      vertex 18.2205 10.25 -35.4479
      vertex 18.3361 10.25 -35.1072
    endloop
  endfacet
  facet normal 0 -1 0
    outer loop
      vertex 13.3244 10.25 -27.4419
      vertex 18.1503 10.25 -35.8007
      vertex 18.2205 10.25 -35.4479
    endloop
  endfacet
  facet normal 0 -1 0
    outer loop
      vertex 13.3244 10.25 -27.4419
      vertex 18.1268 10.25 -36.1596
      vertex 18.1503 10.25 -35.8007
    endloop
  endfacet
  facet normal 0 -1 0
    outer loop
      vertex 13.0018 10.25 -27.2828
      vertex 18.1268 10.25 -36.1596
      vertex 13.3244 10.25 -27.4419
    endloop
  endfacet
  facet normal -0 -1 -0
    outer loop
      vertex 18.1268 10.25 -36.1596
      vertex 13.0018 10.25 -27.2828
      vertex 18.1503 10.25 -36.5186
    endloop
  endfacet
  facet normal 0 -1 -0
    outer loop
      vertex 18.1503 10.25 -36.5186
      vertex 16 10.25 -48.2128
      vertex 18.2205 10.25 -36.8714
    endloop
  endfacet
  facet normal 0 -1 -0
    outer loop
      vertex 18.2205 10.25 -36.8714
      vertex 16 10.25 -48.2128
      vertex 18.3361 10.25 -37.212
    endloop
  endfacet
  facet normal 0 -1 -0
    outer loop
      vertex 18.3361 10.25 -37.212
      vertex 16 10.25 -48.2128
      vertex 18.4952 10.25 -37.5346
    endloop
  endfacet
  facet normal 0 -1 -0
    outer loop
      vertex 18.4952 10.25 -37.5346
      vertex 16 10.25 -48.2128
      vertex 18.695 10.25 -37.8337
    endloop
  endfacet
  facet normal 0 -1 -0
    outer loop
      vertex 20.5178 10.25 -38.8861
      vertex 16 10.25 -48.2128
      vertex 20.8768 10.25 -38.9096
    endloop
  endfacet
  facet normal 0 -1 -0
    outer loop
      vertex 20.165 10.25 -38.8159
      vertex 16 10.25 -48.2128
      vertex 20.5178 10.25 -38.8861
    endloop
  endfacet
  facet normal 0 -1 -0
    outer loop
      vertex 19.8244 10.25 -38.7003
      vertex 16 10.25 -48.2128
      vertex 20.165 10.25 -38.8159
    endloop
  endfacet
  facet normal 0 -1 -0
    outer loop
      vertex 19.5018 10.25 -38.5412
      vertex 16 10.25 -48.2128
      vertex 19.8244 10.25 -38.7003
    endloop
  endfacet
  facet normal 0 -1 -0
    outer loop
      vertex 19.2027 10.25 -38.3413
      vertex 16 10.25 -48.2128
      vertex 19.5018 10.25 -38.5412
    endloop
  endfacet
  facet normal 0 -1 -0
    outer loop
      vertex 18.9322 10.25 -38.1042
      vertex 16 10.25 -48.2128
      vertex 19.2027 10.25 -38.3413
    endloop
  endfacet
  facet normal 0 -1 -0
    outer loop
      vertex 18.695 10.25 -37.8337
      vertex 16 10.25 -48.2128
      vertex 18.9322 10.25 -38.1042
    endloop
  endfacet
  facet normal 0 -1 0
    outer loop
      vertex 14.7357 10.25 -22.1748
      vertex 18.7535 10.25 -11.9821
      vertex 14.3768 10.25 -22.1513
    endloop
  endfacet
  facet normal 0 -1 0
    outer loop
      vertex 15.0885 10.25 -22.245
      vertex 18.7535 10.25 -11.9821
      vertex 14.7357 10.25 -22.1748
    endloop
  endfacet
  facet normal 0 -1 0
    outer loop
      vertex 15.4291 10.25 -22.3606
      vertex 18.7535 10.25 -11.9821
      vertex 15.0885 10.25 -22.245
    endloop
  endfacet
  facet normal 0 -1 0
    outer loop
      vertex 15.7518 10.25 -22.5197
      vertex 18.7535 10.25 -11.9821
      vertex 15.4291 10.25 -22.3606
    endloop
  endfacet
  facet normal 0 -1 0
    outer loop
      vertex 16.0509 10.25 -22.7196
      vertex 18.7535 10.25 -11.9821
      vertex 15.7518 10.25 -22.5197
    endloop
  endfacet
  facet normal 0 -1 0
    outer loop
      vertex 16.3213 10.25 -22.9567
      vertex 18.7535 10.25 -11.9821
      vertex 16.0509 10.25 -22.7196
    endloop
  endfacet
  facet normal 0 -1 0
    outer loop
      vertex 16.5585 10.25 -23.2272
      vertex 18.7535 10.25 -11.9821
      vertex 16.3213 10.25 -22.9567
    endloop
  endfacet
  facet normal 0 -1 0
    outer loop
      vertex 16.7583 10.25 -23.5263
      vertex 18.7535 10.25 -11.9821
      vertex 16.5585 10.25 -23.2272
    endloop
  endfacet
  facet normal 0 -1 0
    outer loop
      vertex 16.9174 10.25 -23.8489
      vertex 18.7535 10.25 -11.9821
      vertex 16.7583 10.25 -23.5263
    endloop
  endfacet
  facet normal 0 -1 0
    outer loop
      vertex 17.0331 10.25 -24.1895
      vertex 18.7535 10.25 -11.9821
      vertex 16.9174 10.25 -23.8489
    endloop
  endfacet
  facet normal 0 -1 0
    outer loop
      vertex 33.7535 10.25 -37.9628
      vertex 17.0331 10.25 -24.1895
      vertex 17.1032 10.25 -24.5423
    endloop
  endfacet
  facet normal 0 -1 0
    outer loop
      vertex 22.5509 10.25 -33.9779
      vertex 17.1032 10.25 -24.5423
      vertex 17.1268 10.25 -24.9013
    endloop
  endfacet
  facet normal 0 -1 0
    outer loop
      vertex 22.2518 10.25 -33.778
      vertex 17.1268 10.25 -24.9013
      vertex 17.1032 10.25 -25.2602
    endloop
  endfacet
  facet normal 0 -1 0
    outer loop
      vertex 20.8768 10.25 -33.4096
      vertex 14.7357 10.25 -27.6278
      vertex 14.3768 10.25 -27.6513
    endloop
  endfacet
  facet normal 0 -1 0
    outer loop
      vertex 20.8768 10.25 -33.4096
      vertex 15.0885 10.25 -27.5576
      vertex 14.7357 10.25 -27.6278
    endloop
  endfacet
  facet normal 0 -1 0
    outer loop
      vertex 20.8768 10.25 -33.4096
      vertex 15.4291 10.25 -27.4419
      vertex 15.0885 10.25 -27.5576
    endloop
  endfacet
  facet normal 0 -1 0
    outer loop
      vertex 20.8768 10.25 -33.4096
      vertex 15.7518 10.25 -27.2828
      vertex 15.4291 10.25 -27.4419
    endloop
  endfacet
  facet normal 0 -1 0
    outer loop
      vertex 20.8768 10.25 -33.4096
      vertex 16.0509 10.25 -27.083
      vertex 15.7518 10.25 -27.2828
    endloop
  endfacet
  facet normal 0 -1 0
    outer loop
      vertex 20.8768 10.25 -33.4096
      vertex 16.3213 10.25 -26.8458
      vertex 16.0509 10.25 -27.083
    endloop
  endfacet
  facet normal 0 -1 0
    outer loop
      vertex 20.8768 10.25 -33.4096
      vertex 16.5585 10.25 -26.5754
      vertex 16.3213 10.25 -26.8458
    endloop
  endfacet
  facet normal 0 -1 0
    outer loop
      vertex 20.8768 10.25 -33.4096
      vertex 16.7583 10.25 -26.2763
      vertex 16.5585 10.25 -26.5754
    endloop
  endfacet
  facet normal 0 -1 0
    outer loop
      vertex 20.8768 10.25 -33.4096
      vertex 16.9174 10.25 -25.9537
      vertex 16.7583 10.25 -26.2763
    endloop
  endfacet
  facet normal 0 -1 0
    outer loop
      vertex 21.2357 10.25 -33.4331
      vertex 16.9174 10.25 -25.9537
      vertex 20.8768 10.25 -33.4096
    endloop
  endfacet
  facet normal 0 -1 0
    outer loop
      vertex 16.9174 10.25 -25.9537
      vertex 21.2357 10.25 -33.4331
      vertex 17.0331 10.25 -25.613
    endloop
  endfacet
  facet normal 0 -1 0
    outer loop
      vertex 21.5885 10.25 -33.5033
      vertex 17.0331 10.25 -25.613
      vertex 21.2357 10.25 -33.4331
    endloop
  endfacet
  facet normal 0 -1 0
    outer loop
      vertex 17.0331 10.25 -25.613
      vertex 21.5885 10.25 -33.5033
      vertex 17.1032 10.25 -25.2602
    endloop
  endfacet
  facet normal 0 -1 0
    outer loop
      vertex 21.9291 10.25 -33.6189
      vertex 17.1032 10.25 -25.2602
      vertex 21.5885 10.25 -33.5033
    endloop
  endfacet
  facet normal 0 -1 0
    outer loop
      vertex 22.2518 10.25 -33.778
      vertex 17.1032 10.25 -25.2602
      vertex 21.9291 10.25 -33.6189
    endloop
  endfacet
  facet normal 0 -1 0
    outer loop
      vertex 17.1268 10.25 -24.9013
      vertex 22.2518 10.25 -33.778
      vertex 22.5509 10.25 -33.9779
    endloop
  endfacet
  facet normal 0 -1 0
    outer loop
      vertex 17.1032 10.25 -24.5423
      vertex 22.5509 10.25 -33.9779
      vertex 33.7535 10.25 -37.9628
    endloop
  endfacet
  facet normal 0 -1 0
    outer loop
      vertex 33.7535 10.25 -37.9628
      vertex 22.5509 10.25 -33.9779
      vertex 22.8213 10.25 -34.2151
    endloop
  endfacet
  facet normal 0 -1 0
    outer loop
      vertex 33.7535 10.25 -37.9628
      vertex 22.8213 10.25 -34.2151
      vertex 23.0585 10.25 -34.4855
    endloop
  endfacet
  facet normal 0 -1 0
    outer loop
      vertex 33.7535 10.25 -37.9628
      vertex 23.0585 10.25 -34.4855
      vertex 23.2583 10.25 -34.7846
    endloop
  endfacet
  facet normal 0 -1 0
    outer loop
      vertex 33.7535 10.25 -37.9628
      vertex 23.2583 10.25 -34.7846
      vertex 23.4174 10.25 -35.1072
    endloop
  endfacet
  facet normal 0 -1 0
    outer loop
      vertex 33.7535 10.25 -37.9628
      vertex 23.4174 10.25 -35.1072
      vertex 23.5331 10.25 -35.4479
    endloop
  endfacet
  facet normal 0 -1 0
    outer loop
      vertex 17.0331 10.25 -24.1895
      vertex 33.7535 10.25 -37.9628
      vertex 18.7535 10.25 -11.9821
    endloop
  endfacet
  facet normal 0 -1 0
    outer loop
      vertex 23.6032 10.25 -35.8007
      vertex 33.7535 10.25 -37.9628
      vertex 23.5331 10.25 -35.4479
    endloop
  endfacet
  facet normal 0 -1 0
    outer loop
      vertex 23.6268 10.25 -36.1596
      vertex 33.7535 10.25 -37.9628
      vertex 23.6032 10.25 -35.8007
    endloop
  endfacet
  facet normal 0 -1 0
    outer loop
      vertex 23.6032 10.25 -36.5186
      vertex 33.7535 10.25 -37.9628
      vertex 23.6268 10.25 -36.1596
    endloop
  endfacet
  facet normal 0 -1 0
    outer loop
      vertex 23.5331 10.25 -36.8714
      vertex 33.7535 10.25 -37.9628
      vertex 23.6032 10.25 -36.5186
    endloop
  endfacet
  facet normal 0 -1 0
    outer loop
      vertex 23.4174 10.25 -37.212
      vertex 33.7535 10.25 -37.9628
      vertex 23.5331 10.25 -36.8714
    endloop
  endfacet
  facet normal 0 -1 0
    outer loop
      vertex 23.2583 10.25 -37.5346
      vertex 33.7535 10.25 -37.9628
      vertex 23.4174 10.25 -37.212
    endloop
  endfacet
  facet normal 0 -1 0
    outer loop
      vertex 23.0585 10.25 -37.8337
      vertex 33.7535 10.25 -37.9628
      vertex 23.2583 10.25 -37.5346
    endloop
  endfacet
  facet normal 0 -1 0
    outer loop
      vertex 22.8213 10.25 -38.1042
      vertex 33.7535 10.25 -37.9628
      vertex 23.0585 10.25 -37.8337
    endloop
  endfacet
  facet normal 0 -1 0
    outer loop
      vertex 22.5509 10.25 -38.3413
      vertex 33.7535 10.25 -37.9628
      vertex 22.8213 10.25 -38.1042
    endloop
  endfacet
  facet normal 0 -1 0
    outer loop
      vertex 22.2518 10.25 -38.5412
      vertex 33.7535 10.25 -37.9628
      vertex 22.5509 10.25 -38.3413
    endloop
  endfacet
  facet normal 0 -1 0
    outer loop
      vertex 16 10.25 -48.2128
      vertex 22.2518 10.25 -38.5412
      vertex 21.9291 10.25 -38.7003
    endloop
  endfacet
  facet normal 0 -1 0
    outer loop
      vertex 16 10.25 -48.2128
      vertex 21.9291 10.25 -38.7003
      vertex 21.5885 10.25 -38.8159
    endloop
  endfacet
  facet normal 0 -1 0
    outer loop
      vertex 16 10.25 -48.2128
      vertex 21.5885 10.25 -38.8159
      vertex 21.2357 10.25 -38.8861
    endloop
  endfacet
  facet normal 0 -1 -0
    outer loop
      vertex 22.2518 10.25 -38.5412
      vertex 16 10.25 -48.2128
      vertex 33.7535 10.25 -37.9628
    endloop
  endfacet
  facet normal 0 -1 0
    outer loop
      vertex 16 10.25 -48.2128
      vertex 21.2357 10.25 -38.8861
      vertex 20.8768 10.25 -38.9096
    endloop
  endfacet
  facet normal 0 1 0
    outer loop
      vertex 18.7535 -10.25 -11.9821
      vertex 14.7357 -10.25 -22.1748
      vertex 14.3768 -10.25 -22.1513
    endloop
  endfacet
  facet normal 0 1 0
    outer loop
      vertex 18.7535 -10.25 -11.9821
      vertex 15.0885 -10.25 -22.245
      vertex 14.7357 -10.25 -22.1748
    endloop
  endfacet
  facet normal 0 1 0
    outer loop
      vertex 18.7535 -10.25 -11.9821
      vertex 15.4291 -10.25 -22.3606
      vertex 15.0885 -10.25 -22.245
    endloop
  endfacet
  facet normal 0 1 0
    outer loop
      vertex 18.7535 -10.25 -11.9821
      vertex 15.7518 -10.25 -22.5197
      vertex 15.4291 -10.25 -22.3606
    endloop
  endfacet
  facet normal 0 1 0
    outer loop
      vertex 18.7535 -10.25 -11.9821
      vertex 16.0509 -10.25 -22.7196
      vertex 15.7518 -10.25 -22.5197
    endloop
  endfacet
  facet normal 0 1 0
    outer loop
      vertex 18.7535 -10.25 -11.9821
      vertex 16.3213 -10.25 -22.9567
      vertex 16.0509 -10.25 -22.7196
    endloop
  endfacet
  facet normal 0 1 0
    outer loop
      vertex 18.7535 -10.25 -11.9821
      vertex 16.5585 -10.25 -23.2272
      vertex 16.3213 -10.25 -22.9567
    endloop
  endfacet
  facet normal 0 1 0
    outer loop
      vertex 18.7535 -10.25 -11.9821
      vertex 16.7583 -10.25 -23.5263
      vertex 16.5585 -10.25 -23.2272
    endloop
  endfacet
  facet normal 0 1 0
    outer loop
      vertex 18.7535 -10.25 -11.9821
      vertex 16.9174 -10.25 -23.8489
      vertex 16.7583 -10.25 -23.5263
    endloop
  endfacet
  facet normal 0 1 0
    outer loop
      vertex 18.7535 -10.25 -11.9821
      vertex 17.0331 -10.25 -24.1895
      vertex 16.9174 -10.25 -23.8489
    endloop
  endfacet
  facet normal 0 1 0
    outer loop
      vertex 33.7535 -10.25 -37.9628
      vertex 17.0331 -10.25 -24.1895
      vertex 18.7535 -10.25 -11.9821
    endloop
  endfacet
  facet normal 0 1 0
    outer loop
      vertex 17.0331 -10.25 -24.1895
      vertex 33.7535 -10.25 -37.9628
      vertex 17.1032 -10.25 -24.5423
    endloop
  endfacet
  facet normal -0 1 -0
    outer loop
      vertex 22.5509 -10.25 -33.9779
      vertex 17.1032 -10.25 -24.5423
      vertex 33.7535 -10.25 -37.9628
    endloop
  endfacet
  facet normal 0 1 -0
    outer loop
      vertex 19.5018 -10.25 -33.778
      vertex 15.7518 -10.25 -27.2828
      vertex 19.8244 -10.25 -33.6189
    endloop
  endfacet
  facet normal 0 1 0
    outer loop
      vertex 16.0509 -10.25 -27.083
      vertex 19.8244 -10.25 -33.6189
      vertex 15.7518 -10.25 -27.2828
    endloop
  endfacet
  facet normal 0 1 -0
    outer loop
      vertex 19.8244 -10.25 -33.6189
      vertex 16.0509 -10.25 -27.083
      vertex 20.165 -10.25 -33.5033
    endloop
  endfacet
  facet normal 0 1 0
    outer loop
      vertex 16.3213 -10.25 -26.8458
      vertex 20.165 -10.25 -33.5033
      vertex 16.0509 -10.25 -27.083
    endloop
  endfacet
  facet normal 0 1 -0
    outer loop
      vertex 20.165 -10.25 -33.5033
      vertex 16.3213 -10.25 -26.8458
      vertex 20.5178 -10.25 -33.4331
    endloop
  endfacet
  facet normal 0 1 0
    outer loop
      vertex 16.5585 -10.25 -26.5754
      vertex 20.5178 -10.25 -33.4331
      vertex 16.3213 -10.25 -26.8458
    endloop
  endfacet
  facet normal 0 1 -0
    outer loop
      vertex 20.5178 -10.25 -33.4331
      vertex 16.5585 -10.25 -26.5754
      vertex 20.8768 -10.25 -33.4096
    endloop
  endfacet
  facet normal 0 1 0
    outer loop
      vertex 16.7583 -10.25 -26.2763
      vertex 20.8768 -10.25 -33.4096
      vertex 16.5585 -10.25 -26.5754
    endloop
  endfacet
  facet normal 0 1 0
    outer loop
      vertex 16.9174 -10.25 -25.9537
      vertex 20.8768 -10.25 -33.4096
      vertex 16.7583 -10.25 -26.2763
    endloop
  endfacet
  facet normal 0 1 0
    outer loop
      vertex 21.2357 -10.25 -33.4331
      vertex 16.9174 -10.25 -25.9537
      vertex 17.0331 -10.25 -25.613
    endloop
  endfacet
  facet normal 0 1 0
    outer loop
      vertex 21.5885 -10.25 -33.5033
      vertex 17.0331 -10.25 -25.613
      vertex 17.1032 -10.25 -25.2602
    endloop
  endfacet
  facet normal 0 1 0
    outer loop
      vertex 17.1032 -10.25 -24.5423
      vertex 22.5509 -10.25 -33.9779
      vertex 17.1268 -10.25 -24.9013
    endloop
  endfacet
  facet normal 0 1 0
    outer loop
      vertex 16.9174 -10.25 -25.9537
      vertex 21.2357 -10.25 -33.4331
      vertex 20.8768 -10.25 -33.4096
    endloop
  endfacet
  facet normal 0 1 0
    outer loop
      vertex 17.0331 -10.25 -25.613
      vertex 21.5885 -10.25 -33.5033
      vertex 21.2357 -10.25 -33.4331
    endloop
  endfacet
  facet normal 0 1 0
    outer loop
      vertex 17.1032 -10.25 -25.2602
      vertex 21.9291 -10.25 -33.6189
      vertex 21.5885 -10.25 -33.5033
    endloop
  endfacet
  facet normal 0 1 0
    outer loop
      vertex 17.1032 -10.25 -25.2602
      vertex 22.2518 -10.25 -33.778
      vertex 21.9291 -10.25 -33.6189
    endloop
  endfacet
  facet normal 0 1 0
    outer loop
      vertex 17.1268 -10.25 -24.9013
      vertex 22.2518 -10.25 -33.778
      vertex 17.1032 -10.25 -25.2602
    endloop
  endfacet
  facet normal -0 1 -0
    outer loop
      vertex 22.2518 -10.25 -33.778
      vertex 17.1268 -10.25 -24.9013
      vertex 22.5509 -10.25 -33.9779
    endloop
  endfacet
  facet normal 0 1 0
    outer loop
      vertex 22.5509 -10.25 -33.9779
      vertex 33.7535 -10.25 -37.9628
      vertex 22.8213 -10.25 -34.2151
    endloop
  endfacet
  facet normal 0 1 0
    outer loop
      vertex 22.8213 -10.25 -34.2151
      vertex 33.7535 -10.25 -37.9628
      vertex 23.0585 -10.25 -34.4855
    endloop
  endfacet
  facet normal 0 1 0
    outer loop
      vertex 23.0585 -10.25 -34.4855
      vertex 33.7535 -10.25 -37.9628
      vertex 23.2583 -10.25 -34.7846
    endloop
  endfacet
  facet normal 0 1 0
    outer loop
      vertex 23.2583 -10.25 -34.7846
      vertex 33.7535 -10.25 -37.9628
      vertex 23.4174 -10.25 -35.1072
    endloop
  endfacet
  facet normal 0 1 0
    outer loop
      vertex 23.4174 -10.25 -35.1072
      vertex 33.7535 -10.25 -37.9628
      vertex 23.5331 -10.25 -35.4479
    endloop
  endfacet
  facet normal 0 1 0
    outer loop
      vertex 33.7535 -10.25 -37.9628
      vertex 23.6032 -10.25 -35.8007
      vertex 23.5331 -10.25 -35.4479
    endloop
  endfacet
  facet normal 0 1 0
    outer loop
      vertex 33.7535 -10.25 -37.9628
      vertex 23.6268 -10.25 -36.1596
      vertex 23.6032 -10.25 -35.8007
    endloop
  endfacet
  facet normal 0 1 0
    outer loop
      vertex 33.7535 -10.25 -37.9628
      vertex 23.6032 -10.25 -36.5186
      vertex 23.6268 -10.25 -36.1596
    endloop
  endfacet
  facet normal 0 1 0
    outer loop
      vertex 33.7535 -10.25 -37.9628
      vertex 23.5331 -10.25 -36.8714
      vertex 23.6032 -10.25 -36.5186
    endloop
  endfacet
  facet normal 0 1 0
    outer loop
      vertex 33.7535 -10.25 -37.9628
      vertex 23.4174 -10.25 -37.212
      vertex 23.5331 -10.25 -36.8714
    endloop
  endfacet
  facet normal 0 1 0
    outer loop
      vertex 33.7535 -10.25 -37.9628
      vertex 23.2583 -10.25 -37.5346
      vertex 23.4174 -10.25 -37.212
    endloop
  endfacet
  facet normal 0 1 0
    outer loop
      vertex 33.7535 -10.25 -37.9628
      vertex 23.0585 -10.25 -37.8337
      vertex 23.2583 -10.25 -37.5346
    endloop
  endfacet
  facet normal 0 1 0
    outer loop
      vertex 33.7535 -10.25 -37.9628
      vertex 22.8213 -10.25 -38.1042
      vertex 23.0585 -10.25 -37.8337
    endloop
  endfacet
  facet normal 0 1 0
    outer loop
      vertex 33.7535 -10.25 -37.9628
      vertex 22.5509 -10.25 -38.3413
      vertex 22.8213 -10.25 -38.1042
    endloop
  endfacet
  facet normal 0 1 0
    outer loop
      vertex 33.7535 -10.25 -37.9628
      vertex 22.2518 -10.25 -38.5412
      vertex 22.5509 -10.25 -38.3413
    endloop
  endfacet
  facet normal 0 1 0
    outer loop
      vertex 16 -10.25 -48.2128
      vertex 22.2518 -10.25 -38.5412
      vertex 33.7535 -10.25 -37.9628
    endloop
  endfacet
  facet normal 0 1 0
    outer loop
      vertex 22.2518 -10.25 -38.5412
      vertex 16 -10.25 -48.2128
      vertex 21.9291 -10.25 -38.7003
    endloop
  endfacet
  facet normal 0 1 0
    outer loop
      vertex 21.9291 -10.25 -38.7003
      vertex 16 -10.25 -48.2128
      vertex 21.5885 -10.25 -38.8159
    endloop
  endfacet
  facet normal 0 1 0
    outer loop
      vertex 21.2357 -10.25 -38.8861
      vertex 16 -10.25 -48.2128
      vertex 20.8768 -10.25 -38.9096
    endloop
  endfacet
  facet normal 0 1 0
    outer loop
      vertex 21.5885 -10.25 -38.8159
      vertex 16 -10.25 -48.2128
      vertex 21.2357 -10.25 -38.8861
    endloop
  endfacet
  facet normal 0 1 0
    outer loop
      vertex 14.0178 -10.25 -22.1748
      vertex 18.7535 -10.25 -11.9821
      vertex 14.3768 -10.25 -22.1513
    endloop
  endfacet
  facet normal 0 1 0
    outer loop
      vertex 13.665 -10.25 -22.245
      vertex 18.7535 -10.25 -11.9821
      vertex 14.0178 -10.25 -22.1748
    endloop
  endfacet
  facet normal 0 1 0
    outer loop
      vertex 13.3244 -10.25 -22.3606
      vertex 18.7535 -10.25 -11.9821
      vertex 13.665 -10.25 -22.245
    endloop
  endfacet
  facet normal 0 1 0
    outer loop
      vertex 13.0018 -10.25 -22.5197
      vertex 18.7535 -10.25 -11.9821
      vertex 13.3244 -10.25 -22.3606
    endloop
  endfacet
  facet normal 0 1 0
    outer loop
      vertex 18.7535 -10.25 -11.9821
      vertex 13.0018 -10.25 -22.5197
      vertex 1 -10.25 -22.232
    endloop
  endfacet
  facet normal 0 1 -0
    outer loop
      vertex 12.7027 -10.25 -22.7196
      vertex 1 -10.25 -22.232
      vertex 13.0018 -10.25 -22.5197
    endloop
  endfacet
  facet normal 0 1 -0
    outer loop
      vertex 12.4322 -10.25 -22.9567
      vertex 1 -10.25 -22.232
      vertex 12.7027 -10.25 -22.7196
    endloop
  endfacet
  facet normal 0 1 -0
    outer loop
      vertex 12.195 -10.25 -23.2272
      vertex 1 -10.25 -22.232
      vertex 12.4322 -10.25 -22.9567
    endloop
  endfacet
  facet normal 0 1 -0
    outer loop
      vertex 11.9952 -10.25 -23.5263
      vertex 1 -10.25 -22.232
      vertex 12.195 -10.25 -23.2272
    endloop
  endfacet
  facet normal 0 1 -0
    outer loop
      vertex 11.8361 -10.25 -23.8489
      vertex 1 -10.25 -22.232
      vertex 11.9952 -10.25 -23.5263
    endloop
  endfacet
  facet normal 0 1 -0
    outer loop
      vertex 11.7205 -10.25 -24.1895
      vertex 1 -10.25 -22.232
      vertex 11.8361 -10.25 -23.8489
    endloop
  endfacet
  facet normal 0 1 -0
    outer loop
      vertex 11.6503 -10.25 -24.5423
      vertex 1 -10.25 -22.232
      vertex 11.7205 -10.25 -24.1895
    endloop
  endfacet
  facet normal 0 1 -0
    outer loop
      vertex 11.6268 -10.25 -24.9013
      vertex 1 -10.25 -22.232
      vertex 11.6503 -10.25 -24.5423
    endloop
  endfacet
  facet normal 0 1 0
    outer loop
      vertex 11.6503 -10.25 -25.2602
      vertex 1 -10.25 -22.232
      vertex 11.6268 -10.25 -24.9013
    endloop
  endfacet
  facet normal 0 1 0
    outer loop
      vertex 11.7205 -10.25 -25.613
      vertex 1 -10.25 -22.232
      vertex 11.6503 -10.25 -25.2602
    endloop
  endfacet
  facet normal 0 1 0
    outer loop
      vertex 11.8361 -10.25 -25.9537
      vertex 1 -10.25 -22.232
      vertex 11.7205 -10.25 -25.613
    endloop
  endfacet
  facet normal 0 1 0
    outer loop
      vertex 11.9952 -10.25 -26.2763
      vertex 1 -10.25 -22.232
      vertex 11.8361 -10.25 -25.9537
    endloop
  endfacet
  facet normal 0 1 0
    outer loop
      vertex 12.195 -10.25 -26.5754
      vertex 1 -10.25 -22.232
      vertex 11.9952 -10.25 -26.2763
    endloop
  endfacet
  facet normal 0 1 0
    outer loop
      vertex 12.4322 -10.25 -26.8458
      vertex 1 -10.25 -22.232
      vertex 12.195 -10.25 -26.5754
    endloop
  endfacet
  facet normal 0 1 0
    outer loop
      vertex 16 -10.25 -48.2128
      vertex 12.4322 -10.25 -26.8458
      vertex 12.7027 -10.25 -27.083
    endloop
  endfacet
  facet normal 0 1 0
    outer loop
      vertex 18.1503 -10.25 -36.5186
      vertex 12.7027 -10.25 -27.083
      vertex 13.0018 -10.25 -27.2828
    endloop
  endfacet
  facet normal 0 1 0
    outer loop
      vertex 18.1268 -10.25 -36.1596
      vertex 13.0018 -10.25 -27.2828
      vertex 13.3244 -10.25 -27.4419
    endloop
  endfacet
  facet normal 0 1 0
    outer loop
      vertex 15.7518 -10.25 -27.2828
      vertex 19.5018 -10.25 -33.778
      vertex 15.4291 -10.25 -27.4419
    endloop
  endfacet
  facet normal 0 1 -0
    outer loop
      vertex 19.2027 -10.25 -33.9779
      vertex 15.4291 -10.25 -27.4419
      vertex 19.5018 -10.25 -33.778
    endloop
  endfacet
  facet normal 0 1 0
    outer loop
      vertex 15.4291 -10.25 -27.4419
      vertex 19.2027 -10.25 -33.9779
      vertex 15.0885 -10.25 -27.5576
    endloop
  endfacet
  facet normal 0 1 -0
    outer loop
      vertex 18.9322 -10.25 -34.2151
      vertex 15.0885 -10.25 -27.5576
      vertex 19.2027 -10.25 -33.9779
    endloop
  endfacet
  facet normal 0 1 0
    outer loop
      vertex 15.0885 -10.25 -27.5576
      vertex 18.9322 -10.25 -34.2151
      vertex 14.7357 -10.25 -27.6278
    endloop
  endfacet
  facet normal 0 1 -0
    outer loop
      vertex 18.695 -10.25 -34.4855
      vertex 14.7357 -10.25 -27.6278
      vertex 18.9322 -10.25 -34.2151
    endloop
  endfacet
  facet normal 0 1 0
    outer loop
      vertex 14.7357 -10.25 -27.6278
      vertex 18.695 -10.25 -34.4855
      vertex 14.3768 -10.25 -27.6513
    endloop
  endfacet
  facet normal 0 1 -0
    outer loop
      vertex 18.4952 -10.25 -34.7846
      vertex 14.3768 -10.25 -27.6513
      vertex 18.695 -10.25 -34.4855
    endloop
  endfacet
  facet normal 0 1 0
    outer loop
      vertex 14.3768 -10.25 -27.6513
      vertex 18.4952 -10.25 -34.7846
      vertex 14.0178 -10.25 -27.6278
    endloop
  endfacet
  facet normal 0 1 -0
    outer loop
      vertex 18.3361 -10.25 -35.1072
      vertex 14.0178 -10.25 -27.6278
      vertex 18.4952 -10.25 -34.7846
    endloop
  endfacet
  facet normal 0 1 0
    outer loop
      vertex 14.0178 -10.25 -27.6278
      vertex 18.3361 -10.25 -35.1072
      vertex 13.665 -10.25 -27.5576
    endloop
  endfacet
  facet normal 0 1 -0
    outer loop
      vertex 18.2205 -10.25 -35.4479
      vertex 13.665 -10.25 -27.5576
      vertex 18.3361 -10.25 -35.1072
    endloop
  endfacet
  facet normal 0 1 0
    outer loop
      vertex 13.665 -10.25 -27.5576
      vertex 18.2205 -10.25 -35.4479
      vertex 13.3244 -10.25 -27.4419
    endloop
  endfacet
  facet normal 0 1 -0
    outer loop
      vertex 18.1503 -10.25 -35.8007
      vertex 13.3244 -10.25 -27.4419
      vertex 18.2205 -10.25 -35.4479
    endloop
  endfacet
  facet normal 0 1 -0
    outer loop
      vertex 18.1268 -10.25 -36.1596
      vertex 13.3244 -10.25 -27.4419
      vertex 18.1503 -10.25 -35.8007
    endloop
  endfacet
  facet normal 0 1 0
    outer loop
      vertex 13.0018 -10.25 -27.2828
      vertex 18.1268 -10.25 -36.1596
      vertex 18.1503 -10.25 -36.5186
    endloop
  endfacet
  facet normal 0 1 0
    outer loop
      vertex 12.7027 -10.25 -27.083
      vertex 18.1503 -10.25 -36.5186
      vertex 16 -10.25 -48.2128
    endloop
  endfacet
  facet normal 0 1 0
    outer loop
      vertex 16 -10.25 -48.2128
      vertex 18.1503 -10.25 -36.5186
      vertex 18.2205 -10.25 -36.8714
    endloop
  endfacet
  facet normal 0 1 0
    outer loop
      vertex 16 -10.25 -48.2128
      vertex 18.2205 -10.25 -36.8714
      vertex 18.3361 -10.25 -37.212
    endloop
  endfacet
  facet normal 0 1 0
    outer loop
      vertex 16 -10.25 -48.2128
      vertex 18.3361 -10.25 -37.212
      vertex 18.4952 -10.25 -37.5346
    endloop
  endfacet
  facet normal 0 1 0
    outer loop
      vertex 16 -10.25 -48.2128
      vertex 18.4952 -10.25 -37.5346
      vertex 18.695 -10.25 -37.8337
    endloop
  endfacet
  facet normal 0 1 0
    outer loop
      vertex 16 -10.25 -48.2128
      vertex 18.695 -10.25 -37.8337
      vertex 18.9322 -10.25 -38.1042
    endloop
  endfacet
  facet normal 0 1 0
    outer loop
      vertex 12.4322 -10.25 -26.8458
      vertex 16 -10.25 -48.2128
      vertex 1 -10.25 -22.232
    endloop
  endfacet
  facet normal 0 1 0
    outer loop
      vertex 19.2027 -10.25 -38.3413
      vertex 16 -10.25 -48.2128
      vertex 18.9322 -10.25 -38.1042
    endloop
  endfacet
  facet normal 0 1 0
    outer loop
      vertex 19.5018 -10.25 -38.5412
      vertex 16 -10.25 -48.2128
      vertex 19.2027 -10.25 -38.3413
    endloop
  endfacet
  facet normal 0 1 0
    outer loop
      vertex 19.8244 -10.25 -38.7003
      vertex 16 -10.25 -48.2128
      vertex 19.5018 -10.25 -38.5412
    endloop
  endfacet
  facet normal 0 1 0
    outer loop
      vertex 20.165 -10.25 -38.8159
      vertex 16 -10.25 -48.2128
      vertex 19.8244 -10.25 -38.7003
    endloop
  endfacet
  facet normal 0 1 0
    outer loop
      vertex 20.5178 -10.25 -38.8861
      vertex 16 -10.25 -48.2128
      vertex 20.165 -10.25 -38.8159
    endloop
  endfacet
  facet normal 0 1 0
    outer loop
      vertex 16 -10.25 -48.2128
      vertex 20.5178 -10.25 -38.8861
      vertex 20.8768 -10.25 -38.9096
    endloop
  endfacet
  facet normal -0.946974 0 0.32131
    outer loop
      vertex -11.8361 10.25 -25.9537
      vertex -11.7205 14.25 -25.613
      vertex -11.8361 14.25 -25.9537
    endloop
  endfacet
  facet normal -0.946974 0 0.32131
    outer loop
      vertex -11.7205 14.25 -25.613
      vertex -11.8361 10.25 -25.9537
      vertex -11.7205 10.25 -25.613
    endloop
  endfacet
  facet normal -0.946974 0 0.32131
    outer loop
      vertex -11.8361 -14.25 -25.9537
      vertex -11.7205 -10.25 -25.613
      vertex -11.8361 -10.25 -25.9537
    endloop
  endfacet
  facet normal -0.946974 0 0.32131
    outer loop
      vertex -11.7205 -10.25 -25.613
      vertex -11.8361 -14.25 -25.9537
      vertex -11.7205 -14.25 -25.613
    endloop
  endfacet
  facet normal -0.89686 0 0.442314
    outer loop
      vertex -11.9952 10.25 -26.2763
      vertex -11.8361 14.25 -25.9537
      vertex -11.9952 14.25 -26.2763
    endloop
  endfacet
  facet normal -0.89686 0 0.442314
    outer loop
      vertex -11.8361 14.25 -25.9537
      vertex -11.9952 10.25 -26.2763
      vertex -11.8361 10.25 -25.9537
    endloop
  endfacet
  facet normal -0.89686 0 0.442314
    outer loop
      vertex -11.9952 -14.25 -26.2763
      vertex -11.8361 -10.25 -25.9537
      vertex -11.9952 -10.25 -26.2763
    endloop
  endfacet
  facet normal -0.89686 0 0.442314
    outer loop
      vertex -11.8361 -10.25 -25.9537
      vertex -11.9952 -14.25 -26.2763
      vertex -11.8361 -14.25 -25.9537
    endloop
  endfacet
  facet normal -0.980773 0 0.195154
    outer loop
      vertex -11.7205 -14.25 -25.613
      vertex -11.6503 -10.25 -25.2602
      vertex -11.7205 -10.25 -25.613
    endloop
  endfacet
  facet normal -0.980773 0 0.195154
    outer loop
      vertex -11.6503 -10.25 -25.2602
      vertex -11.7205 -14.25 -25.613
      vertex -11.6503 -14.25 -25.2602
    endloop
  endfacet
  facet normal -0.980773 0 0.195154
    outer loop
      vertex -11.7205 10.25 -25.613
      vertex -11.6503 14.25 -25.2602
      vertex -11.7205 14.25 -25.613
    endloop
  endfacet
  facet normal -0.980773 0 0.195154
    outer loop
      vertex -11.6503 14.25 -25.2602
      vertex -11.7205 10.25 -25.613
      vertex -11.6503 10.25 -25.2602
    endloop
  endfacet
  facet normal 0.89686 0 -0.442314
    outer loop
      vertex -16.7583 10.25 -23.5263
      vertex -16.9174 14.25 -23.8489
      vertex -16.7583 14.25 -23.5263
    endloop
  endfacet
  facet normal 0.89686 0 -0.442314
    outer loop
      vertex -16.9174 14.25 -23.8489
      vertex -16.7583 10.25 -23.5263
      vertex -16.9174 10.25 -23.8489
    endloop
  endfacet
  facet normal 0.89686 0 -0.442314
    outer loop
      vertex -16.7583 -14.25 -23.5263
      vertex -16.9174 -10.25 -23.8489
      vertex -16.7583 -10.25 -23.5263
    endloop
  endfacet
  facet normal 0.89686 0 -0.442314
    outer loop
      vertex -16.9174 -10.25 -23.8489
      vertex -16.7583 -14.25 -23.5263
      vertex -16.9174 -14.25 -23.8489
    endloop
  endfacet
  facet normal -0.55547 0 0.831537
    outer loop
      vertex -13.0018 -10.25 -27.2828
      vertex -12.7027 -14.25 -27.083
      vertex -12.7027 -10.25 -27.083
    endloop
  endfacet
  facet normal -0.55547 0 0.831537
    outer loop
      vertex -12.7027 -14.25 -27.083
      vertex -13.0018 -10.25 -27.2828
      vertex -13.0018 -14.25 -27.2828
    endloop
  endfacet
  facet normal -0.55547 0 0.831537
    outer loop
      vertex -13.0018 14.25 -27.2828
      vertex -12.7027 10.25 -27.083
      vertex -12.7027 14.25 -27.083
    endloop
  endfacet
  facet normal -0.55547 0 0.831537
    outer loop
      vertex -12.7027 10.25 -27.083
      vertex -13.0018 14.25 -27.2828
      vertex -13.0018 10.25 -27.2828
    endloop
  endfacet
  facet normal 0.89686 -0 0.442314
    outer loop
      vertex -16.9174 -14.25 -25.9537
      vertex -16.7583 -10.25 -26.2763
      vertex -16.9174 -10.25 -25.9537
    endloop
  endfacet
  facet normal 0.89686 0 0.442314
    outer loop
      vertex -16.7583 -10.25 -26.2763
      vertex -16.9174 -14.25 -25.9537
      vertex -16.7583 -14.25 -26.2763
    endloop
  endfacet
  facet normal 0.89686 -0 0.442314
    outer loop
      vertex -16.9174 10.25 -25.9537
      vertex -16.7583 14.25 -26.2763
      vertex -16.9174 14.25 -25.9537
    endloop
  endfacet
  facet normal 0.89686 0 0.442314
    outer loop
      vertex -16.7583 14.25 -26.2763
      vertex -16.9174 10.25 -25.9537
      vertex -16.7583 10.25 -26.2763
    endloop
  endfacet
  facet normal 0.831537 0 -0.55547
    outer loop
      vertex -16.5585 -14.25 -23.2272
      vertex -16.7583 -10.25 -23.5263
      vertex -16.5585 -10.25 -23.2272
    endloop
  endfacet
  facet normal 0.831537 0 -0.55547
    outer loop
      vertex -16.7583 -10.25 -23.5263
      vertex -16.5585 -14.25 -23.2272
      vertex -16.7583 -14.25 -23.5263
    endloop
  endfacet
  facet normal 0.831537 0 -0.55547
    outer loop
      vertex -16.5585 10.25 -23.2272
      vertex -16.7583 14.25 -23.5263
      vertex -16.5585 14.25 -23.2272
    endloop
  endfacet
  facet normal 0.831537 0 -0.55547
    outer loop
      vertex -16.7583 14.25 -23.5263
      vertex -16.5585 10.25 -23.2272
      vertex -16.7583 10.25 -23.5263
    endloop
  endfacet
  facet normal 0.442204 0 0.896915
    outer loop
      vertex -15.7518 -10.25 -27.2828
      vertex -15.4291 -14.25 -27.4419
      vertex -15.4291 -10.25 -27.4419
    endloop
  endfacet
  facet normal 0.442204 0 0.896915
    outer loop
      vertex -15.4291 -14.25 -27.4419
      vertex -15.7518 -10.25 -27.2828
      vertex -15.7518 -14.25 -27.2828
    endloop
  endfacet
  facet normal 0.442204 0 0.896915
    outer loop
      vertex -15.7518 14.25 -27.2828
      vertex -15.4291 10.25 -27.4419
      vertex -15.4291 14.25 -27.4419
    endloop
  endfacet
  facet normal 0.442204 0 0.896915
    outer loop
      vertex -15.4291 10.25 -27.4419
      vertex -15.7518 14.25 -27.2828
      vertex -15.7518 10.25 -27.2828
    endloop
  endfacet
  facet normal -0.659311 0 0.75187
    outer loop
      vertex -12.7027 -10.25 -27.083
      vertex -12.4322 -14.25 -26.8458
      vertex -12.4322 -10.25 -26.8458
    endloop
  endfacet
  facet normal -0.659311 0 0.75187
    outer loop
      vertex -12.4322 -14.25 -26.8458
      vertex -12.7027 -10.25 -27.083
      vertex -12.7027 -14.25 -27.083
    endloop
  endfacet
  facet normal -0.659311 0 0.75187
    outer loop
      vertex -12.7027 14.25 -27.083
      vertex -12.4322 10.25 -26.8458
      vertex -12.4322 14.25 -26.8458
    endloop
  endfacet
  facet normal -0.659311 0 0.75187
    outer loop
      vertex -12.4322 10.25 -26.8458
      vertex -12.7027 14.25 -27.083
      vertex -12.7027 10.25 -27.083
    endloop
  endfacet
  facet normal 0.321394 0 -0.946945
    outer loop
      vertex -15.4291 -14.25 -22.3606
      vertex -15.0885 -10.25 -22.245
      vertex -15.0885 -14.25 -22.245
    endloop
  endfacet
  facet normal 0.321394 0 -0.946945
    outer loop
      vertex -15.0885 -10.25 -22.245
      vertex -15.4291 -14.25 -22.3606
      vertex -15.4291 -10.25 -22.3606
    endloop
  endfacet
  facet normal 0.321394 0 -0.946945
    outer loop
      vertex -15.4291 10.25 -22.3606
      vertex -15.0885 14.25 -22.245
      vertex -15.0885 10.25 -22.245
    endloop
  endfacet
  facet normal 0.321394 0 -0.946945
    outer loop
      vertex -15.0885 14.25 -22.245
      vertex -15.4291 10.25 -22.3606
      vertex -15.4291 14.25 -22.3606
    endloop
  endfacet
  facet normal -0.321394 0 -0.946945
    outer loop
      vertex -13.665 -14.25 -22.245
      vertex -13.3244 -10.25 -22.3606
      vertex -13.3244 -14.25 -22.3606
    endloop
  endfacet
  facet normal -0.321394 0 -0.946945
    outer loop
      vertex -13.3244 -10.25 -22.3606
      vertex -13.665 -14.25 -22.245
      vertex -13.665 -10.25 -22.245
    endloop
  endfacet
  facet normal -0.321394 0 -0.946945
    outer loop
      vertex -13.665 10.25 -22.245
      vertex -13.3244 14.25 -22.3606
      vertex -13.3244 10.25 -22.3606
    endloop
  endfacet
  facet normal -0.321394 0 -0.946945
    outer loop
      vertex -13.3244 14.25 -22.3606
      vertex -13.665 10.25 -22.245
      vertex -13.665 14.25 -22.245
    endloop
  endfacet
  facet normal -0.75187 0 -0.659311
    outer loop
      vertex -12.195 -14.25 -23.2272
      vertex -12.4322 -10.25 -22.9567
      vertex -12.195 -10.25 -23.2272
    endloop
  endfacet
  facet normal -0.75187 -0 -0.659311
    outer loop
      vertex -12.4322 -10.25 -22.9567
      vertex -12.195 -14.25 -23.2272
      vertex -12.4322 -14.25 -22.9567
    endloop
  endfacet
  facet normal -0.75187 0 -0.659311
    outer loop
      vertex -12.195 10.25 -23.2272
      vertex -12.4322 14.25 -22.9567
      vertex -12.195 14.25 -23.2272
    endloop
  endfacet
  facet normal -0.75187 -0 -0.659311
    outer loop
      vertex -12.4322 14.25 -22.9567
      vertex -12.195 10.25 -23.2272
      vertex -12.4322 10.25 -22.9567
    endloop
  endfacet
  facet normal 0.659292 0 -0.751887
    outer loop
      vertex -16.3213 10.25 -22.9567
      vertex -16.0509 14.25 -22.7196
      vertex -16.0509 10.25 -22.7196
    endloop
  endfacet
  facet normal 0.659292 0 -0.751887
    outer loop
      vertex -16.0509 14.25 -22.7196
      vertex -16.3213 10.25 -22.9567
      vertex -16.3213 14.25 -22.9567
    endloop
  endfacet
  facet normal 0.659292 0 -0.751887
    outer loop
      vertex -16.3213 -14.25 -22.9567
      vertex -16.0509 -10.25 -22.7196
      vertex -16.0509 -14.25 -22.7196
    endloop
  endfacet
  facet normal 0.659292 0 -0.751887
    outer loop
      vertex -16.0509 -10.25 -22.7196
      vertex -16.3213 -14.25 -22.9567
      vertex -16.3213 -10.25 -22.9567
    endloop
  endfacet
  facet normal 0.55547 0 0.831537
    outer loop
      vertex -16.0509 -10.25 -27.083
      vertex -15.7518 -14.25 -27.2828
      vertex -15.7518 -10.25 -27.2828
    endloop
  endfacet
  facet normal 0.55547 0 0.831537
    outer loop
      vertex -15.7518 -14.25 -27.2828
      vertex -16.0509 -10.25 -27.083
      vertex -16.0509 -14.25 -27.083
    endloop
  endfacet
  facet normal 0.55547 0 0.831537
    outer loop
      vertex -16.0509 14.25 -27.083
      vertex -15.7518 10.25 -27.2828
      vertex -15.7518 14.25 -27.2828
    endloop
  endfacet
  facet normal 0.55547 0 0.831537
    outer loop
      vertex -15.7518 10.25 -27.2828
      vertex -16.0509 14.25 -27.083
      vertex -16.0509 10.25 -27.083
    endloop
  endfacet
  facet normal 0.195154 0 -0.980773
    outer loop
      vertex -15.0885 -14.25 -22.245
      vertex -14.7357 -10.25 -22.1748
      vertex -14.7357 -14.25 -22.1748
    endloop
  endfacet
  facet normal 0.195154 0 -0.980773
    outer loop
      vertex -14.7357 -10.25 -22.1748
      vertex -15.0885 -14.25 -22.245
      vertex -15.0885 -10.25 -22.245
    endloop
  endfacet
  facet normal 0.195154 0 -0.980773
    outer loop
      vertex -15.0885 10.25 -22.245
      vertex -14.7357 14.25 -22.1748
      vertex -14.7357 10.25 -22.1748
    endloop
  endfacet
  facet normal 0.195154 0 -0.980773
    outer loop
      vertex -14.7357 14.25 -22.1748
      vertex -15.0885 10.25 -22.245
      vertex -15.0885 14.25 -22.245
    endloop
  endfacet
  facet normal 0.195154 0 0.980773
    outer loop
      vertex -15.0885 -10.25 -27.5576
      vertex -14.7357 -14.25 -27.6278
      vertex -14.7357 -10.25 -27.6278
    endloop
  endfacet
  facet normal 0.195154 0 0.980773
    outer loop
      vertex -14.7357 -14.25 -27.6278
      vertex -15.0885 -10.25 -27.5576
      vertex -15.0885 -14.25 -27.5576
    endloop
  endfacet
  facet normal 0.195154 0 0.980773
    outer loop
      vertex -15.0885 14.25 -27.5576
      vertex -14.7357 10.25 -27.6278
      vertex -14.7357 14.25 -27.6278
    endloop
  endfacet
  facet normal 0.195154 0 0.980773
    outer loop
      vertex -14.7357 10.25 -27.6278
      vertex -15.0885 14.25 -27.5576
      vertex -15.0885 10.25 -27.5576
    endloop
  endfacet
  facet normal -0.0653198 0 -0.997864
    outer loop
      vertex -14.3768 10.25 -22.1513
      vertex -14.0178 14.25 -22.1748
      vertex -14.0178 10.25 -22.1748
    endloop
  endfacet
  facet normal -0.0653198 0 -0.997864
    outer loop
      vertex -14.0178 14.25 -22.1748
      vertex -14.3768 10.25 -22.1513
      vertex -14.3768 14.25 -22.1513
    endloop
  endfacet
  facet normal -0.0653198 0 -0.997864
    outer loop
      vertex -14.3768 -14.25 -22.1513
      vertex -14.0178 -10.25 -22.1748
      vertex -14.0178 -14.25 -22.1748
    endloop
  endfacet
  facet normal -0.0653198 0 -0.997864
    outer loop
      vertex -14.0178 -10.25 -22.1748
      vertex -14.3768 -14.25 -22.1513
      vertex -14.3768 -10.25 -22.1513
    endloop
  endfacet
  facet normal 0.75187 0 -0.659311
    outer loop
      vertex -16.3213 -14.25 -22.9567
      vertex -16.5585 -10.25 -23.2272
      vertex -16.3213 -10.25 -22.9567
    endloop
  endfacet
  facet normal 0.75187 0 -0.659311
    outer loop
      vertex -16.5585 -10.25 -23.2272
      vertex -16.3213 -14.25 -22.9567
      vertex -16.5585 -14.25 -23.2272
    endloop
  endfacet
  facet normal 0.75187 0 -0.659311
    outer loop
      vertex -16.3213 10.25 -22.9567
      vertex -16.5585 14.25 -23.2272
      vertex -16.3213 14.25 -22.9567
    endloop
  endfacet
  facet normal 0.75187 0 -0.659311
    outer loop
      vertex -16.5585 14.25 -23.2272
      vertex -16.3213 10.25 -22.9567
      vertex -16.5585 10.25 -23.2272
    endloop
  endfacet
  facet normal 0.0653379 0 0.997863
    outer loop
      vertex -14.7357 -10.25 -27.6278
      vertex -14.3768 -14.25 -27.6513
      vertex -14.3768 -10.25 -27.6513
    endloop
  endfacet
  facet normal 0.0653379 0 0.997863
    outer loop
      vertex -14.3768 -14.25 -27.6513
      vertex -14.7357 -10.25 -27.6278
      vertex -14.7357 -14.25 -27.6278
    endloop
  endfacet
  facet normal 0.0653379 0 0.997863
    outer loop
      vertex -14.7357 14.25 -27.6278
      vertex -14.3768 10.25 -27.6513
      vertex -14.3768 14.25 -27.6513
    endloop
  endfacet
  facet normal 0.0653379 0 0.997863
    outer loop
      vertex -14.3768 10.25 -27.6513
      vertex -14.7357 14.25 -27.6278
      vertex -14.7357 10.25 -27.6278
    endloop
  endfacet
  facet normal 0.997845 -0 0.0656148
    outer loop
      vertex -17.1268 10.25 -24.9013
      vertex -17.1032 14.25 -25.2602
      vertex -17.1268 14.25 -24.9013
    endloop
  endfacet
  facet normal 0.997845 0 0.0656148
    outer loop
      vertex -17.1032 14.25 -25.2602
      vertex -17.1268 10.25 -24.9013
      vertex -17.1032 10.25 -25.2602
    endloop
  endfacet
  facet normal 0.997845 -0 0.0656148
    outer loop
      vertex -17.1268 -14.25 -24.9013
      vertex -17.1032 -10.25 -25.2602
      vertex -17.1268 -10.25 -24.9013
    endloop
  endfacet
  facet normal 0.997845 0 0.0656148
    outer loop
      vertex -17.1032 -10.25 -25.2602
      vertex -17.1268 -14.25 -24.9013
      vertex -17.1032 -14.25 -25.2602
    endloop
  endfacet
  facet normal 0.555662 0 -0.831408
    outer loop
      vertex -16.0509 10.25 -22.7196
      vertex -15.7518 14.25 -22.5197
      vertex -15.7518 10.25 -22.5197
    endloop
  endfacet
  facet normal 0.555662 0 -0.831408
    outer loop
      vertex -15.7518 14.25 -22.5197
      vertex -16.0509 10.25 -22.7196
      vertex -16.0509 14.25 -22.7196
    endloop
  endfacet
  facet normal 0.555662 0 -0.831408
    outer loop
      vertex -16.0509 -14.25 -22.7196
      vertex -15.7518 -10.25 -22.5197
      vertex -15.7518 -14.25 -22.5197
    endloop
  endfacet
  facet normal 0.555662 0 -0.831408
    outer loop
      vertex -15.7518 -10.25 -22.5197
      vertex -16.0509 -14.25 -22.7196
      vertex -16.0509 -10.25 -22.7196
    endloop
  endfacet
  facet normal -0.997863 0 0.0653379
    outer loop
      vertex -11.6503 10.25 -25.2602
      vertex -11.6268 14.25 -24.9013
      vertex -11.6503 14.25 -25.2602
    endloop
  endfacet
  facet normal -0.997863 0 0.0653379
    outer loop
      vertex -11.6268 14.25 -24.9013
      vertex -11.6503 10.25 -25.2602
      vertex -11.6268 10.25 -24.9013
    endloop
  endfacet
  facet normal -0.997863 0 0.0653379
    outer loop
      vertex -11.6503 -14.25 -25.2602
      vertex -11.6268 -10.25 -24.9013
      vertex -11.6503 -10.25 -25.2602
    endloop
  endfacet
  facet normal -0.997863 0 0.0653379
    outer loop
      vertex -11.6268 -10.25 -24.9013
      vertex -11.6503 -14.25 -25.2602
      vertex -11.6268 -14.25 -24.9013
    endloop
  endfacet
  facet normal -0.555662 0 -0.831408
    outer loop
      vertex -13.0018 -14.25 -22.5197
      vertex -12.7027 -10.25 -22.7196
      vertex -12.7027 -14.25 -22.7196
    endloop
  endfacet
  facet normal -0.555662 0 -0.831408
    outer loop
      vertex -12.7027 -10.25 -22.7196
      vertex -13.0018 -14.25 -22.5197
      vertex -13.0018 -10.25 -22.5197
    endloop
  endfacet
  facet normal -0.555662 0 -0.831408
    outer loop
      vertex -13.0018 10.25 -22.5197
      vertex -12.7027 14.25 -22.7196
      vertex -12.7027 10.25 -22.7196
    endloop
  endfacet
  facet normal -0.555662 0 -0.831408
    outer loop
      vertex -12.7027 14.25 -22.7196
      vertex -13.0018 10.25 -22.5197
      vertex -13.0018 14.25 -22.5197
    endloop
  endfacet
  facet normal 0.0653379 0 -0.997863
    outer loop
      vertex -14.7357 -14.25 -22.1748
      vertex -14.3768 -10.25 -22.1513
      vertex -14.3768 -14.25 -22.1513
    endloop
  endfacet
  facet normal 0.0653379 0 -0.997863
    outer loop
      vertex -14.3768 -10.25 -22.1513
      vertex -14.7357 -14.25 -22.1748
      vertex -14.7357 -10.25 -22.1748
    endloop
  endfacet
  facet normal 0.0653379 0 -0.997863
    outer loop
      vertex -14.7357 10.25 -22.1748
      vertex -14.3768 14.25 -22.1513
      vertex -14.3768 10.25 -22.1513
    endloop
  endfacet
  facet normal 0.0653379 0 -0.997863
    outer loop
      vertex -14.3768 14.25 -22.1513
      vertex -14.7357 10.25 -22.1748
      vertex -14.7357 14.25 -22.1748
    endloop
  endfacet
  facet normal 0.321644 0 0.946861
    outer loop
      vertex -15.4291 -10.25 -27.4419
      vertex -15.0885 -14.25 -27.5576
      vertex -15.0885 -10.25 -27.5576
    endloop
  endfacet
  facet normal 0.321644 0 0.946861
    outer loop
      vertex -15.0885 -14.25 -27.5576
      vertex -15.4291 -10.25 -27.4419
      vertex -15.4291 -14.25 -27.4419
    endloop
  endfacet
  facet normal 0.321644 0 0.946861
    outer loop
      vertex -15.4291 14.25 -27.4419
      vertex -15.0885 10.25 -27.5576
      vertex -15.0885 14.25 -27.5576
    endloop
  endfacet
  facet normal 0.321644 0 0.946861
    outer loop
      vertex -15.0885 10.25 -27.5576
      vertex -15.4291 14.25 -27.4419
      vertex -15.4291 10.25 -27.4419
    endloop
  endfacet
  facet normal -0.321644 0 0.946861
    outer loop
      vertex -13.665 -10.25 -27.5576
      vertex -13.3244 -14.25 -27.4419
      vertex -13.3244 -10.25 -27.4419
    endloop
  endfacet
  facet normal -0.321644 0 0.946861
    outer loop
      vertex -13.3244 -14.25 -27.4419
      vertex -13.665 -10.25 -27.5576
      vertex -13.665 -14.25 -27.5576
    endloop
  endfacet
  facet normal -0.321644 0 0.946861
    outer loop
      vertex -13.665 14.25 -27.5576
      vertex -13.3244 10.25 -27.4419
      vertex -13.3244 14.25 -27.4419
    endloop
  endfacet
  facet normal -0.321644 0 0.946861
    outer loop
      vertex -13.3244 10.25 -27.4419
      vertex -13.665 14.25 -27.5576
      vertex -13.665 10.25 -27.5576
    endloop
  endfacet
  facet normal 0.831537 -0 0.55547
    outer loop
      vertex -16.7583 10.25 -26.2763
      vertex -16.5585 14.25 -26.5754
      vertex -16.7583 14.25 -26.2763
    endloop
  endfacet
  facet normal 0.831537 0 0.55547
    outer loop
      vertex -16.5585 14.25 -26.5754
      vertex -16.7583 10.25 -26.2763
      vertex -16.5585 10.25 -26.5754
    endloop
  endfacet
  facet normal 0.831537 -0 0.55547
    outer loop
      vertex -16.7583 -14.25 -26.2763
      vertex -16.5585 -10.25 -26.5754
      vertex -16.7583 -10.25 -26.2763
    endloop
  endfacet
  facet normal 0.831537 0 0.55547
    outer loop
      vertex -16.5585 -10.25 -26.5754
      vertex -16.7583 -14.25 -26.2763
      vertex -16.5585 -14.25 -26.5754
    endloop
  endfacet
  facet normal -0.751749 0 0.659449
    outer loop
      vertex -12.4322 10.25 -26.8458
      vertex -12.195 14.25 -26.5754
      vertex -12.4322 14.25 -26.8458
    endloop
  endfacet
  facet normal -0.751749 0 0.659449
    outer loop
      vertex -12.195 14.25 -26.5754
      vertex -12.4322 10.25 -26.8458
      vertex -12.195 10.25 -26.5754
    endloop
  endfacet
  facet normal -0.751749 0 0.659449
    outer loop
      vertex -12.4322 -14.25 -26.8458
      vertex -12.195 -10.25 -26.5754
      vertex -12.4322 -10.25 -26.8458
    endloop
  endfacet
  facet normal -0.751749 0 0.659449
    outer loop
      vertex -12.195 -10.25 -26.5754
      vertex -12.4322 -14.25 -26.8458
      vertex -12.195 -14.25 -26.5754
    endloop
  endfacet
  facet normal -0.946945 0 -0.321394
    outer loop
      vertex -11.7205 10.25 -24.1895
      vertex -11.8361 14.25 -23.8489
      vertex -11.7205 14.25 -24.1895
    endloop
  endfacet
  facet normal -0.946945 -0 -0.321394
    outer loop
      vertex -11.8361 14.25 -23.8489
      vertex -11.7205 10.25 -24.1895
      vertex -11.8361 10.25 -23.8489
    endloop
  endfacet
  facet normal -0.946945 0 -0.321394
    outer loop
      vertex -11.7205 -14.25 -24.1895
      vertex -11.8361 -10.25 -23.8489
      vertex -11.7205 -10.25 -24.1895
    endloop
  endfacet
  facet normal -0.946945 -0 -0.321394
    outer loop
      vertex -11.8361 -10.25 -23.8489
      vertex -11.7205 -14.25 -24.1895
      vertex -11.8361 -14.25 -23.8489
    endloop
  endfacet
  facet normal -0.831537 0 0.55547
    outer loop
      vertex -12.195 10.25 -26.5754
      vertex -11.9952 14.25 -26.2763
      vertex -12.195 14.25 -26.5754
    endloop
  endfacet
  facet normal -0.831537 0 0.55547
    outer loop
      vertex -11.9952 14.25 -26.2763
      vertex -12.195 10.25 -26.5754
      vertex -11.9952 10.25 -26.2763
    endloop
  endfacet
  facet normal -0.831537 0 0.55547
    outer loop
      vertex -12.195 -14.25 -26.5754
      vertex -11.9952 -10.25 -26.2763
      vertex -12.195 -10.25 -26.5754
    endloop
  endfacet
  facet normal -0.831537 0 0.55547
    outer loop
      vertex -11.9952 -10.25 -26.2763
      vertex -12.195 -14.25 -26.5754
      vertex -11.9952 -14.25 -26.2763
    endloop
  endfacet
  facet normal -0.659154 0 -0.752008
    outer loop
      vertex -12.7027 -14.25 -22.7196
      vertex -12.4322 -10.25 -22.9567
      vertex -12.4322 -14.25 -22.9567
    endloop
  endfacet
  facet normal -0.659154 0 -0.752008
    outer loop
      vertex -12.4322 -10.25 -22.9567
      vertex -12.7027 -14.25 -22.7196
      vertex -12.7027 -10.25 -22.7196
    endloop
  endfacet
  facet normal -0.659154 0 -0.752008
    outer loop
      vertex -12.7027 10.25 -22.7196
      vertex -12.4322 14.25 -22.9567
      vertex -12.4322 10.25 -22.9567
    endloop
  endfacet
  facet normal -0.659154 0 -0.752008
    outer loop
      vertex -12.4322 14.25 -22.9567
      vertex -12.7027 10.25 -22.7196
      vertex -12.7027 14.25 -22.7196
    endloop
  endfacet
  facet normal 0.659449 0 0.751749
    outer loop
      vertex -16.3213 -10.25 -26.8458
      vertex -16.0509 -14.25 -27.083
      vertex -16.0509 -10.25 -27.083
    endloop
  endfacet
  facet normal 0.659449 0 0.751749
    outer loop
      vertex -16.0509 -14.25 -27.083
      vertex -16.3213 -10.25 -26.8458
      vertex -16.3213 -14.25 -26.8458
    endloop
  endfacet
  facet normal 0.659449 0 0.751749
    outer loop
      vertex -16.3213 14.25 -26.8458
      vertex -16.0509 10.25 -27.083
      vertex -16.0509 14.25 -27.083
    endloop
  endfacet
  facet normal 0.659449 0 0.751749
    outer loop
      vertex -16.0509 10.25 -27.083
      vertex -16.3213 14.25 -26.8458
      vertex -16.3213 10.25 -26.8458
    endloop
  endfacet
  facet normal -0.195154 0 -0.980773
    outer loop
      vertex -14.0178 -14.25 -22.1748
      vertex -13.665 -10.25 -22.245
      vertex -13.665 -14.25 -22.245
    endloop
  endfacet
  facet normal -0.195154 0 -0.980773
    outer loop
      vertex -13.665 -10.25 -22.245
      vertex -14.0178 -14.25 -22.1748
      vertex -14.0178 -10.25 -22.1748
    endloop
  endfacet
  facet normal -0.195154 0 -0.980773
    outer loop
      vertex -14.0178 10.25 -22.1748
      vertex -13.665 14.25 -22.245
      vertex -13.665 10.25 -22.245
    endloop
  endfacet
  facet normal -0.195154 0 -0.980773
    outer loop
      vertex -13.665 14.25 -22.245
      vertex -14.0178 10.25 -22.1748
      vertex -14.0178 14.25 -22.1748
    endloop
  endfacet
  facet normal -0.89686 0 -0.442314
    outer loop
      vertex -11.8361 10.25 -23.8489
      vertex -11.9952 14.25 -23.5263
      vertex -11.8361 14.25 -23.8489
    endloop
  endfacet
  facet normal -0.89686 -0 -0.442314
    outer loop
      vertex -11.9952 14.25 -23.5263
      vertex -11.8361 10.25 -23.8489
      vertex -11.9952 10.25 -23.5263
    endloop
  endfacet
  facet normal -0.89686 0 -0.442314
    outer loop
      vertex -11.8361 -14.25 -23.8489
      vertex -11.9952 -10.25 -23.5263
      vertex -11.8361 -10.25 -23.8489
    endloop
  endfacet
  facet normal -0.89686 -0 -0.442314
    outer loop
      vertex -11.9952 -10.25 -23.5263
      vertex -11.8361 -14.25 -23.8489
      vertex -11.9952 -14.25 -23.5263
    endloop
  endfacet
  facet normal 0.997846 0 -0.0655966
    outer loop
      vertex -17.1032 10.25 -24.5423
      vertex -17.1268 14.25 -24.9013
      vertex -17.1032 14.25 -24.5423
    endloop
  endfacet
  facet normal 0.997846 0 -0.0655966
    outer loop
      vertex -17.1268 14.25 -24.9013
      vertex -17.1032 10.25 -24.5423
      vertex -17.1268 10.25 -24.9013
    endloop
  endfacet
  facet normal 0.997846 0 -0.0655966
    outer loop
      vertex -17.1032 -14.25 -24.5423
      vertex -17.1268 -10.25 -24.9013
      vertex -17.1032 -10.25 -24.5423
    endloop
  endfacet
  facet normal 0.997846 0 -0.0655966
    outer loop
      vertex -17.1268 -10.25 -24.9013
      vertex -17.1032 -14.25 -24.5423
      vertex -17.1268 -14.25 -24.9013
    endloop
  endfacet
  facet normal 0.94689 -0 0.321559
    outer loop
      vertex -17.0331 -14.25 -25.613
      vertex -16.9174 -10.25 -25.9537
      vertex -17.0331 -10.25 -25.613
    endloop
  endfacet
  facet normal 0.94689 0 0.321559
    outer loop
      vertex -16.9174 -10.25 -25.9537
      vertex -17.0331 -14.25 -25.613
      vertex -16.9174 -14.25 -25.9537
    endloop
  endfacet
  facet normal 0.94689 -0 0.321559
    outer loop
      vertex -17.0331 10.25 -25.613
      vertex -16.9174 14.25 -25.9537
      vertex -17.0331 14.25 -25.613
    endloop
  endfacet
  facet normal 0.94689 0 0.321559
    outer loop
      vertex -16.9174 14.25 -25.9537
      vertex -17.0331 10.25 -25.613
      vertex -16.9174 10.25 -25.9537
    endloop
  endfacet
  facet normal -0.0653198 0 0.997864
    outer loop
      vertex -14.3768 -10.25 -27.6513
      vertex -14.0178 -14.25 -27.6278
      vertex -14.0178 -10.25 -27.6278
    endloop
  endfacet
  facet normal -0.0653198 0 0.997864
    outer loop
      vertex -14.0178 -14.25 -27.6278
      vertex -14.3768 -10.25 -27.6513
      vertex -14.3768 -14.25 -27.6513
    endloop
  endfacet
  facet normal -0.0653198 0 0.997864
    outer loop
      vertex -14.3768 14.25 -27.6513
      vertex -14.0178 10.25 -27.6278
      vertex -14.0178 14.25 -27.6278
    endloop
  endfacet
  facet normal -0.0653198 0 0.997864
    outer loop
      vertex -14.0178 10.25 -27.6278
      vertex -14.3768 14.25 -27.6513
      vertex -14.3768 10.25 -27.6513
    endloop
  endfacet
  facet normal 0.442204 0 -0.896915
    outer loop
      vertex -15.7518 -14.25 -22.5197
      vertex -15.4291 -10.25 -22.3606
      vertex -15.4291 -14.25 -22.3606
    endloop
  endfacet
  facet normal 0.442204 0 -0.896915
    outer loop
      vertex -15.4291 -10.25 -22.3606
      vertex -15.7518 -14.25 -22.5197
      vertex -15.7518 -10.25 -22.5197
    endloop
  endfacet
  facet normal 0.442204 0 -0.896915
    outer loop
      vertex -15.7518 10.25 -22.5197
      vertex -15.4291 14.25 -22.3606
      vertex -15.4291 10.25 -22.3606
    endloop
  endfacet
  facet normal 0.442204 0 -0.896915
    outer loop
      vertex -15.4291 14.25 -22.3606
      vertex -15.7518 10.25 -22.5197
      vertex -15.7518 14.25 -22.5197
    endloop
  endfacet
  facet normal 0.980826 0 -0.194886
    outer loop
      vertex -17.0331 10.25 -24.1895
      vertex -17.1032 14.25 -24.5423
      vertex -17.0331 14.25 -24.1895
    endloop
  endfacet
  facet normal 0.980826 0 -0.194886
    outer loop
      vertex -17.1032 14.25 -24.5423
      vertex -17.0331 10.25 -24.1895
      vertex -17.1032 10.25 -24.5423
    endloop
  endfacet
  facet normal 0.980826 0 -0.194886
    outer loop
      vertex -17.0331 -14.25 -24.1895
      vertex -17.1032 -10.25 -24.5423
      vertex -17.0331 -10.25 -24.1895
    endloop
  endfacet
  facet normal 0.980826 0 -0.194886
    outer loop
      vertex -17.1032 -10.25 -24.5423
      vertex -17.0331 -14.25 -24.1895
      vertex -17.1032 -14.25 -24.5423
    endloop
  endfacet
  facet normal 0.980826 -0 0.194886
    outer loop
      vertex -17.1032 10.25 -25.2602
      vertex -17.0331 14.25 -25.613
      vertex -17.1032 14.25 -25.2602
    endloop
  endfacet
  facet normal 0.980826 0 0.194886
    outer loop
      vertex -17.0331 14.25 -25.613
      vertex -17.1032 10.25 -25.2602
      vertex -17.0331 10.25 -25.613
    endloop
  endfacet
  facet normal 0.980826 -0 0.194886
    outer loop
      vertex -17.1032 -14.25 -25.2602
      vertex -17.0331 -10.25 -25.613
      vertex -17.1032 -10.25 -25.2602
    endloop
  endfacet
  facet normal 0.980826 0 0.194886
    outer loop
      vertex -17.0331 -10.25 -25.613
      vertex -17.1032 -14.25 -25.2602
      vertex -17.0331 -14.25 -25.613
    endloop
  endfacet
  facet normal -0.442314 0 0.89686
    outer loop
      vertex -13.3244 -10.25 -27.4419
      vertex -13.0018 -14.25 -27.2828
      vertex -13.0018 -10.25 -27.2828
    endloop
  endfacet
  facet normal -0.442314 0 0.89686
    outer loop
      vertex -13.0018 -14.25 -27.2828
      vertex -13.3244 -10.25 -27.4419
      vertex -13.3244 -14.25 -27.4419
    endloop
  endfacet
  facet normal -0.442314 0 0.89686
    outer loop
      vertex -13.3244 14.25 -27.4419
      vertex -13.0018 10.25 -27.2828
      vertex -13.0018 14.25 -27.2828
    endloop
  endfacet
  facet normal -0.442314 0 0.89686
    outer loop
      vertex -13.0018 10.25 -27.2828
      vertex -13.3244 14.25 -27.4419
      vertex -13.3244 10.25 -27.4419
    endloop
  endfacet
  facet normal -0.442314 0 -0.89686
    outer loop
      vertex -13.3244 10.25 -22.3606
      vertex -13.0018 14.25 -22.5197
      vertex -13.0018 10.25 -22.5197
    endloop
  endfacet
  facet normal -0.442314 0 -0.89686
    outer loop
      vertex -13.0018 14.25 -22.5197
      vertex -13.3244 10.25 -22.3606
      vertex -13.3244 14.25 -22.3606
    endloop
  endfacet
  facet normal -0.442314 0 -0.89686
    outer loop
      vertex -13.3244 -14.25 -22.3606
      vertex -13.0018 -10.25 -22.5197
      vertex -13.0018 -14.25 -22.5197
    endloop
  endfacet
  facet normal -0.442314 0 -0.89686
    outer loop
      vertex -13.0018 -10.25 -22.5197
      vertex -13.3244 -14.25 -22.3606
      vertex -13.3244 -10.25 -22.3606
    endloop
  endfacet
  facet normal -0.831537 0 -0.55547
    outer loop
      vertex -11.9952 -14.25 -23.5263
      vertex -12.195 -10.25 -23.2272
      vertex -11.9952 -10.25 -23.5263
    endloop
  endfacet
  facet normal -0.831537 -0 -0.55547
    outer loop
      vertex -12.195 -10.25 -23.2272
      vertex -11.9952 -14.25 -23.5263
      vertex -12.195 -14.25 -23.2272
    endloop
  endfacet
  facet normal -0.831537 0 -0.55547
    outer loop
      vertex -11.9952 10.25 -23.5263
      vertex -12.195 14.25 -23.2272
      vertex -11.9952 14.25 -23.5263
    endloop
  endfacet
  facet normal -0.831537 -0 -0.55547
    outer loop
      vertex -12.195 14.25 -23.2272
      vertex -11.9952 10.25 -23.5263
      vertex -12.195 10.25 -23.2272
    endloop
  endfacet
  facet normal -0.195154 0 0.980773
    outer loop
      vertex -14.0178 -10.25 -27.6278
      vertex -13.665 -14.25 -27.5576
      vertex -13.665 -10.25 -27.5576
    endloop
  endfacet
  facet normal -0.195154 0 0.980773
    outer loop
      vertex -13.665 -14.25 -27.5576
      vertex -14.0178 -10.25 -27.6278
      vertex -14.0178 -14.25 -27.6278
    endloop
  endfacet
  facet normal -0.195154 0 0.980773
    outer loop
      vertex -14.0178 14.25 -27.6278
      vertex -13.665 10.25 -27.5576
      vertex -13.665 14.25 -27.5576
    endloop
  endfacet
  facet normal -0.195154 0 0.980773
    outer loop
      vertex -13.665 10.25 -27.5576
      vertex -14.0178 14.25 -27.6278
      vertex -14.0178 10.25 -27.6278
    endloop
  endfacet
  facet normal -0.980773 0 -0.195154
    outer loop
      vertex -11.6503 10.25 -24.5423
      vertex -11.7205 14.25 -24.1895
      vertex -11.6503 14.25 -24.5423
    endloop
  endfacet
  facet normal -0.980773 -0 -0.195154
    outer loop
      vertex -11.7205 14.25 -24.1895
      vertex -11.6503 10.25 -24.5423
      vertex -11.7205 10.25 -24.1895
    endloop
  endfacet
  facet normal -0.980773 0 -0.195154
    outer loop
      vertex -11.6503 -14.25 -24.5423
      vertex -11.7205 -10.25 -24.1895
      vertex -11.6503 -10.25 -24.5423
    endloop
  endfacet
  facet normal -0.980773 -0 -0.195154
    outer loop
      vertex -11.7205 -10.25 -24.1895
      vertex -11.6503 -14.25 -24.5423
      vertex -11.7205 -14.25 -24.1895
    endloop
  endfacet
  facet normal -0.997864 0 -0.0653198
    outer loop
      vertex -11.6268 10.25 -24.9013
      vertex -11.6503 14.25 -24.5423
      vertex -11.6268 14.25 -24.9013
    endloop
  endfacet
  facet normal -0.997864 -0 -0.0653198
    outer loop
      vertex -11.6503 14.25 -24.5423
      vertex -11.6268 10.25 -24.9013
      vertex -11.6503 10.25 -24.5423
    endloop
  endfacet
  facet normal -0.997864 0 -0.0653198
    outer loop
      vertex -11.6268 -14.25 -24.9013
      vertex -11.6503 -10.25 -24.5423
      vertex -11.6268 -10.25 -24.9013
    endloop
  endfacet
  facet normal -0.997864 -0 -0.0653198
    outer loop
      vertex -11.6503 -10.25 -24.5423
      vertex -11.6268 -14.25 -24.9013
      vertex -11.6503 -14.25 -24.5423
    endloop
  endfacet
  facet normal 0.946861 0 -0.321644
    outer loop
      vertex -16.9174 10.25 -23.8489
      vertex -17.0331 14.25 -24.1895
      vertex -16.9174 14.25 -23.8489
    endloop
  endfacet
  facet normal 0.946861 0 -0.321644
    outer loop
      vertex -17.0331 14.25 -24.1895
      vertex -16.9174 10.25 -23.8489
      vertex -17.0331 10.25 -24.1895
    endloop
  endfacet
  facet normal 0.946861 0 -0.321644
    outer loop
      vertex -16.9174 -14.25 -23.8489
      vertex -17.0331 -10.25 -24.1895
      vertex -16.9174 -10.25 -23.8489
    endloop
  endfacet
  facet normal 0.946861 0 -0.321644
    outer loop
      vertex -17.0331 -10.25 -24.1895
      vertex -16.9174 -14.25 -23.8489
      vertex -17.0331 -14.25 -24.1895
    endloop
  endfacet
  facet normal 0.751749 -0 0.659449
    outer loop
      vertex -16.5585 -14.25 -26.5754
      vertex -16.3213 -10.25 -26.8458
      vertex -16.5585 -10.25 -26.5754
    endloop
  endfacet
  facet normal 0.751749 0 0.659449
    outer loop
      vertex -16.3213 -10.25 -26.8458
      vertex -16.5585 -14.25 -26.5754
      vertex -16.3213 -14.25 -26.8458
    endloop
  endfacet
  facet normal 0.751749 -0 0.659449
    outer loop
      vertex -16.5585 10.25 -26.5754
      vertex -16.3213 14.25 -26.8458
      vertex -16.5585 14.25 -26.5754
    endloop
  endfacet
  facet normal 0.751749 0 0.659449
    outer loop
      vertex -16.3213 14.25 -26.8458
      vertex -16.5585 10.25 -26.5754
      vertex -16.3213 10.25 -26.8458
    endloop
  endfacet
  facet normal -0.946945 0 0.321394
    outer loop
      vertex -18.3361 10.25 -37.212
      vertex -18.2205 14.25 -36.8714
      vertex -18.3361 14.25 -37.212
    endloop
  endfacet
  facet normal -0.946945 0 0.321394
    outer loop
      vertex -18.2205 14.25 -36.8714
      vertex -18.3361 10.25 -37.212
      vertex -18.2205 10.25 -36.8714
    endloop
  endfacet
  facet normal -0.946945 0 0.321394
    outer loop
      vertex -18.3361 -14.25 -37.212
      vertex -18.2205 -10.25 -36.8714
      vertex -18.3361 -10.25 -37.212
    endloop
  endfacet
  facet normal -0.946945 0 0.321394
    outer loop
      vertex -18.2205 -10.25 -36.8714
      vertex -18.3361 -14.25 -37.212
      vertex -18.2205 -14.25 -36.8714
    endloop
  endfacet
  facet normal -0.89686 0 0.442314
    outer loop
      vertex -18.4952 10.25 -37.5346
      vertex -18.3361 14.25 -37.212
      vertex -18.4952 14.25 -37.5346
    endloop
  endfacet
  facet normal -0.89686 0 0.442314
    outer loop
      vertex -18.3361 14.25 -37.212
      vertex -18.4952 10.25 -37.5346
      vertex -18.3361 10.25 -37.212
    endloop
  endfacet
  facet normal -0.89686 0 0.442314
    outer loop
      vertex -18.4952 -14.25 -37.5346
      vertex -18.3361 -10.25 -37.212
      vertex -18.4952 -10.25 -37.5346
    endloop
  endfacet
  facet normal -0.89686 0 0.442314
    outer loop
      vertex -18.3361 -10.25 -37.212
      vertex -18.4952 -14.25 -37.5346
      vertex -18.3361 -14.25 -37.212
    endloop
  endfacet
  facet normal -0.980773 0 0.195154
    outer loop
      vertex -18.2205 10.25 -36.8714
      vertex -18.1503 14.25 -36.5186
      vertex -18.2205 14.25 -36.8714
    endloop
  endfacet
  facet normal -0.980773 0 0.195154
    outer loop
      vertex -18.1503 14.25 -36.5186
      vertex -18.2205 10.25 -36.8714
      vertex -18.1503 10.25 -36.5186
    endloop
  endfacet
  facet normal -0.980773 0 0.195154
    outer loop
      vertex -18.2205 -14.25 -36.8714
      vertex -18.1503 -10.25 -36.5186
      vertex -18.2205 -10.25 -36.8714
    endloop
  endfacet
  facet normal -0.980773 0 0.195154
    outer loop
      vertex -18.1503 -10.25 -36.5186
      vertex -18.2205 -14.25 -36.8714
      vertex -18.1503 -14.25 -36.5186
    endloop
  endfacet
  facet normal 0.89686 0 -0.442314
    outer loop
      vertex -23.2583 -14.25 -34.7846
      vertex -23.4174 -10.25 -35.1072
      vertex -23.2583 -10.25 -34.7846
    endloop
  endfacet
  facet normal 0.89686 0 -0.442314
    outer loop
      vertex -23.4174 -10.25 -35.1072
      vertex -23.2583 -14.25 -34.7846
      vertex -23.4174 -14.25 -35.1072
    endloop
  endfacet
  facet normal 0.89686 0 -0.442314
    outer loop
      vertex -23.2583 10.25 -34.7846
      vertex -23.4174 14.25 -35.1072
      vertex -23.2583 14.25 -34.7846
    endloop
  endfacet
  facet normal 0.89686 0 -0.442314
    outer loop
      vertex -23.4174 14.25 -35.1072
      vertex -23.2583 10.25 -34.7846
      vertex -23.4174 10.25 -35.1072
    endloop
  endfacet
  facet normal -0.555662 0 0.831408
    outer loop
      vertex -19.5018 -10.25 -38.5412
      vertex -19.2027 -14.25 -38.3413
      vertex -19.2027 -10.25 -38.3413
    endloop
  endfacet
  facet normal -0.555662 0 0.831408
    outer loop
      vertex -19.2027 -14.25 -38.3413
      vertex -19.5018 -10.25 -38.5412
      vertex -19.5018 -14.25 -38.5412
    endloop
  endfacet
  facet normal -0.555662 0 0.831408
    outer loop
      vertex -19.5018 14.25 -38.5412
      vertex -19.2027 10.25 -38.3413
      vertex -19.2027 14.25 -38.3413
    endloop
  endfacet
  facet normal -0.555662 0 0.831408
    outer loop
      vertex -19.2027 10.25 -38.3413
      vertex -19.5018 14.25 -38.5412
      vertex -19.5018 10.25 -38.5412
    endloop
  endfacet
  facet normal 0.89686 -0 0.442314
    outer loop
      vertex -23.4174 -14.25 -37.212
      vertex -23.2583 -10.25 -37.5346
      vertex -23.4174 -10.25 -37.212
    endloop
  endfacet
  facet normal 0.89686 0 0.442314
    outer loop
      vertex -23.2583 -10.25 -37.5346
      vertex -23.4174 -14.25 -37.212
      vertex -23.2583 -14.25 -37.5346
    endloop
  endfacet
  facet normal 0.89686 -0 0.442314
    outer loop
      vertex -23.4174 10.25 -37.212
      vertex -23.2583 14.25 -37.5346
      vertex -23.4174 14.25 -37.212
    endloop
  endfacet
  facet normal 0.89686 0 0.442314
    outer loop
      vertex -23.2583 14.25 -37.5346
      vertex -23.4174 10.25 -37.212
      vertex -23.2583 10.25 -37.5346
    endloop
  endfacet
  facet normal 0.831537 0 -0.55547
    outer loop
      vertex -23.0585 -14.25 -34.4855
      vertex -23.2583 -10.25 -34.7846
      vertex -23.0585 -10.25 -34.4855
    endloop
  endfacet
  facet normal 0.831537 0 -0.55547
    outer loop
      vertex -23.2583 -10.25 -34.7846
      vertex -23.0585 -14.25 -34.4855
      vertex -23.2583 -14.25 -34.7846
    endloop
  endfacet
  facet normal 0.831537 0 -0.55547
    outer loop
      vertex -23.0585 10.25 -34.4855
      vertex -23.2583 14.25 -34.7846
      vertex -23.0585 14.25 -34.4855
    endloop
  endfacet
  facet normal 0.831537 0 -0.55547
    outer loop
      vertex -23.2583 14.25 -34.7846
      vertex -23.0585 10.25 -34.4855
      vertex -23.2583 10.25 -34.7846
    endloop
  endfacet
  facet normal 0.442204 0 0.896915
    outer loop
      vertex -22.2518 -10.25 -38.5412
      vertex -21.9291 -14.25 -38.7003
      vertex -21.9291 -10.25 -38.7003
    endloop
  endfacet
  facet normal 0.442204 0 0.896915
    outer loop
      vertex -21.9291 -14.25 -38.7003
      vertex -22.2518 -10.25 -38.5412
      vertex -22.2518 -14.25 -38.5412
    endloop
  endfacet
  facet normal 0.442204 0 0.896915
    outer loop
      vertex -22.2518 14.25 -38.5412
      vertex -21.9291 10.25 -38.7003
      vertex -21.9291 14.25 -38.7003
    endloop
  endfacet
  facet normal 0.442204 0 0.896915
    outer loop
      vertex -21.9291 10.25 -38.7003
      vertex -22.2518 14.25 -38.5412
      vertex -22.2518 10.25 -38.5412
    endloop
  endfacet
  facet normal -0.659154 0 0.752008
    outer loop
      vertex -19.2027 -10.25 -38.3413
      vertex -18.9322 -14.25 -38.1042
      vertex -18.9322 -10.25 -38.1042
    endloop
  endfacet
  facet normal -0.659154 0 0.752008
    outer loop
      vertex -18.9322 -14.25 -38.1042
      vertex -19.2027 -10.25 -38.3413
      vertex -19.2027 -14.25 -38.3413
    endloop
  endfacet
  facet normal -0.659154 0 0.752008
    outer loop
      vertex -19.2027 14.25 -38.3413
      vertex -18.9322 10.25 -38.1042
      vertex -18.9322 14.25 -38.1042
    endloop
  endfacet
  facet normal -0.659154 0 0.752008
    outer loop
      vertex -18.9322 10.25 -38.1042
      vertex -19.2027 14.25 -38.3413
      vertex -19.2027 10.25 -38.3413
    endloop
  endfacet
  facet normal 0.321394 0 -0.946945
    outer loop
      vertex -21.9291 10.25 -33.6189
      vertex -21.5885 14.25 -33.5033
      vertex -21.5885 10.25 -33.5033
    endloop
  endfacet
  facet normal 0.321394 0 -0.946945
    outer loop
      vertex -21.5885 14.25 -33.5033
      vertex -21.9291 10.25 -33.6189
      vertex -21.9291 14.25 -33.6189
    endloop
  endfacet
  facet normal 0.321394 0 -0.946945
    outer loop
      vertex -21.9291 -14.25 -33.6189
      vertex -21.5885 -10.25 -33.5033
      vertex -21.5885 -14.25 -33.5033
    endloop
  endfacet
  facet normal 0.321394 0 -0.946945
    outer loop
      vertex -21.5885 -10.25 -33.5033
      vertex -21.9291 -14.25 -33.6189
      vertex -21.9291 -10.25 -33.6189
    endloop
  endfacet
  facet normal -0.321394 0 -0.946945
    outer loop
      vertex -20.165 -14.25 -33.5033
      vertex -19.8244 -10.25 -33.6189
      vertex -19.8244 -14.25 -33.6189
    endloop
  endfacet
  facet normal -0.321394 0 -0.946945
    outer loop
      vertex -19.8244 -10.25 -33.6189
      vertex -20.165 -14.25 -33.5033
      vertex -20.165 -10.25 -33.5033
    endloop
  endfacet
  facet normal -0.321394 0 -0.946945
    outer loop
      vertex -20.165 10.25 -33.5033
      vertex -19.8244 14.25 -33.6189
      vertex -19.8244 10.25 -33.6189
    endloop
  endfacet
  facet normal -0.321394 0 -0.946945
    outer loop
      vertex -19.8244 14.25 -33.6189
      vertex -20.165 10.25 -33.5033
      vertex -20.165 14.25 -33.5033
    endloop
  endfacet
  facet normal -0.751749 0 -0.659449
    outer loop
      vertex -18.695 10.25 -34.4855
      vertex -18.9322 14.25 -34.2151
      vertex -18.695 14.25 -34.4855
    endloop
  endfacet
  facet normal -0.751749 -0 -0.659449
    outer loop
      vertex -18.9322 14.25 -34.2151
      vertex -18.695 10.25 -34.4855
      vertex -18.9322 10.25 -34.2151
    endloop
  endfacet
  facet normal -0.751749 0 -0.659449
    outer loop
      vertex -18.695 -14.25 -34.4855
      vertex -18.9322 -10.25 -34.2151
      vertex -18.695 -10.25 -34.4855
    endloop
  endfacet
  facet normal -0.751749 -0 -0.659449
    outer loop
      vertex -18.9322 -10.25 -34.2151
      vertex -18.695 -14.25 -34.4855
      vertex -18.9322 -14.25 -34.2151
    endloop
  endfacet
  facet normal 0.659449 0 -0.751749
    outer loop
      vertex -22.8213 10.25 -34.2151
      vertex -22.5509 14.25 -33.9779
      vertex -22.5509 10.25 -33.9779
    endloop
  endfacet
  facet normal 0.659449 0 -0.751749
    outer loop
      vertex -22.5509 14.25 -33.9779
      vertex -22.8213 10.25 -34.2151
      vertex -22.8213 14.25 -34.2151
    endloop
  endfacet
  facet normal 0.659449 0 -0.751749
    outer loop
      vertex -22.8213 -14.25 -34.2151
      vertex -22.5509 -10.25 -33.9779
      vertex -22.5509 -14.25 -33.9779
    endloop
  endfacet
  facet normal 0.659449 0 -0.751749
    outer loop
      vertex -22.5509 -10.25 -33.9779
      vertex -22.8213 -14.25 -34.2151
      vertex -22.8213 -10.25 -34.2151
    endloop
  endfacet
  facet normal 0.555662 0 0.831408
    outer loop
      vertex -22.5509 -10.25 -38.3413
      vertex -22.2518 -14.25 -38.5412
      vertex -22.2518 -10.25 -38.5412
    endloop
  endfacet
  facet normal 0.555662 0 0.831408
    outer loop
      vertex -22.2518 -14.25 -38.5412
      vertex -22.5509 -10.25 -38.3413
      vertex -22.5509 -14.25 -38.3413
    endloop
  endfacet
  facet normal 0.555662 0 0.831408
    outer loop
      vertex -22.5509 14.25 -38.3413
      vertex -22.2518 10.25 -38.5412
      vertex -22.2518 14.25 -38.5412
    endloop
  endfacet
  facet normal 0.555662 0 0.831408
    outer loop
      vertex -22.2518 10.25 -38.5412
      vertex -22.5509 14.25 -38.3413
      vertex -22.5509 10.25 -38.3413
    endloop
  endfacet
  facet normal 0.195154 0 -0.980773
    outer loop
      vertex -21.5885 10.25 -33.5033
      vertex -21.2357 14.25 -33.4331
      vertex -21.2357 10.25 -33.4331
    endloop
  endfacet
  facet normal 0.195154 0 -0.980773
    outer loop
      vertex -21.2357 14.25 -33.4331
      vertex -21.5885 10.25 -33.5033
      vertex -21.5885 14.25 -33.5033
    endloop
  endfacet
  facet normal 0.195154 0 -0.980773
    outer loop
      vertex -21.5885 -14.25 -33.5033
      vertex -21.2357 -10.25 -33.4331
      vertex -21.2357 -14.25 -33.4331
    endloop
  endfacet
  facet normal 0.195154 0 -0.980773
    outer loop
      vertex -21.2357 -10.25 -33.4331
      vertex -21.5885 -14.25 -33.5033
      vertex -21.5885 -10.25 -33.5033
    endloop
  endfacet
  facet normal 0.195154 0 0.980773
    outer loop
      vertex -21.5885 14.25 -38.8159
      vertex -21.2357 10.25 -38.8861
      vertex -21.2357 14.25 -38.8861
    endloop
  endfacet
  facet normal 0.195154 0 0.980773
    outer loop
      vertex -21.2357 10.25 -38.8861
      vertex -21.5885 14.25 -38.8159
      vertex -21.5885 10.25 -38.8159
    endloop
  endfacet
  facet normal 0.195154 0 0.980773
    outer loop
      vertex -21.5885 -10.25 -38.8159
      vertex -21.2357 -14.25 -38.8861
      vertex -21.2357 -10.25 -38.8861
    endloop
  endfacet
  facet normal 0.195154 0 0.980773
    outer loop
      vertex -21.2357 -14.25 -38.8861
      vertex -21.5885 -10.25 -38.8159
      vertex -21.5885 -14.25 -38.8159
    endloop
  endfacet
  facet normal -0.0653198 0 -0.997864
    outer loop
      vertex -20.8768 10.25 -33.4096
      vertex -20.5178 14.25 -33.4331
      vertex -20.5178 10.25 -33.4331
    endloop
  endfacet
  facet normal -0.0653198 0 -0.997864
    outer loop
      vertex -20.5178 14.25 -33.4331
      vertex -20.8768 10.25 -33.4096
      vertex -20.8768 14.25 -33.4096
    endloop
  endfacet
  facet normal -0.0653198 0 -0.997864
    outer loop
      vertex -20.8768 -14.25 -33.4096
      vertex -20.5178 -10.25 -33.4331
      vertex -20.5178 -14.25 -33.4331
    endloop
  endfacet
  facet normal -0.0653198 0 -0.997864
    outer loop
      vertex -20.5178 -10.25 -33.4331
      vertex -20.8768 -14.25 -33.4096
      vertex -20.8768 -10.25 -33.4096
    endloop
  endfacet
  facet normal 0.751749 0 -0.659449
    outer loop
      vertex -22.8213 -14.25 -34.2151
      vertex -23.0585 -10.25 -34.4855
      vertex -22.8213 -10.25 -34.2151
    endloop
  endfacet
  facet normal 0.751749 0 -0.659449
    outer loop
      vertex -23.0585 -10.25 -34.4855
      vertex -22.8213 -14.25 -34.2151
      vertex -23.0585 -14.25 -34.4855
    endloop
  endfacet
  facet normal 0.751749 0 -0.659449
    outer loop
      vertex -22.8213 10.25 -34.2151
      vertex -23.0585 14.25 -34.4855
      vertex -22.8213 14.25 -34.2151
    endloop
  endfacet
  facet normal 0.751749 0 -0.659449
    outer loop
      vertex -23.0585 14.25 -34.4855
      vertex -22.8213 10.25 -34.2151
      vertex -23.0585 10.25 -34.4855
    endloop
  endfacet
  facet normal 0.0653379 0 0.997863
    outer loop
      vertex -21.2357 14.25 -38.8861
      vertex -20.8768 10.25 -38.9096
      vertex -20.8768 14.25 -38.9096
    endloop
  endfacet
  facet normal 0.0653379 0 0.997863
    outer loop
      vertex -20.8768 10.25 -38.9096
      vertex -21.2357 14.25 -38.8861
      vertex -21.2357 10.25 -38.8861
    endloop
  endfacet
  facet normal 0.0653379 0 0.997863
    outer loop
      vertex -21.2357 -10.25 -38.8861
      vertex -20.8768 -14.25 -38.9096
      vertex -20.8768 -10.25 -38.9096
    endloop
  endfacet
  facet normal 0.0653379 0 0.997863
    outer loop
      vertex -20.8768 -14.25 -38.9096
      vertex -21.2357 -10.25 -38.8861
      vertex -21.2357 -14.25 -38.8861
    endloop
  endfacet
  facet normal 0.997846 -0 0.0655966
    outer loop
      vertex -23.6268 10.25 -36.1596
      vertex -23.6032 14.25 -36.5186
      vertex -23.6268 14.25 -36.1596
    endloop
  endfacet
  facet normal 0.997846 0 0.0655966
    outer loop
      vertex -23.6032 14.25 -36.5186
      vertex -23.6268 10.25 -36.1596
      vertex -23.6032 10.25 -36.5186
    endloop
  endfacet
  facet normal 0.997846 -0 0.0655966
    outer loop
      vertex -23.6268 -14.25 -36.1596
      vertex -23.6032 -10.25 -36.5186
      vertex -23.6268 -10.25 -36.1596
    endloop
  endfacet
  facet normal 0.997846 0 0.0655966
    outer loop
      vertex -23.6032 -10.25 -36.5186
      vertex -23.6268 -14.25 -36.1596
      vertex -23.6032 -14.25 -36.5186
    endloop
  endfacet
  facet normal 0.555662 0 -0.831408
    outer loop
      vertex -22.5509 10.25 -33.9779
      vertex -22.2518 14.25 -33.778
      vertex -22.2518 10.25 -33.778
    endloop
  endfacet
  facet normal 0.555662 0 -0.831408
    outer loop
      vertex -22.2518 14.25 -33.778
      vertex -22.5509 10.25 -33.9779
      vertex -22.5509 14.25 -33.9779
    endloop
  endfacet
  facet normal 0.555662 0 -0.831408
    outer loop
      vertex -22.5509 -14.25 -33.9779
      vertex -22.2518 -10.25 -33.778
      vertex -22.2518 -14.25 -33.778
    endloop
  endfacet
  facet normal 0.555662 0 -0.831408
    outer loop
      vertex -22.2518 -10.25 -33.778
      vertex -22.5509 -14.25 -33.9779
      vertex -22.5509 -10.25 -33.9779
    endloop
  endfacet
  facet normal -0.997864 0 0.0653198
    outer loop
      vertex -18.1503 10.25 -36.5186
      vertex -18.1268 14.25 -36.1596
      vertex -18.1503 14.25 -36.5186
    endloop
  endfacet
  facet normal -0.997864 0 0.0653198
    outer loop
      vertex -18.1268 14.25 -36.1596
      vertex -18.1503 10.25 -36.5186
      vertex -18.1268 10.25 -36.1596
    endloop
  endfacet
  facet normal -0.997864 0 0.0653198
    outer loop
      vertex -18.1503 -14.25 -36.5186
      vertex -18.1268 -10.25 -36.1596
      vertex -18.1503 -10.25 -36.5186
    endloop
  endfacet
  facet normal -0.997864 0 0.0653198
    outer loop
      vertex -18.1268 -10.25 -36.1596
      vertex -18.1503 -14.25 -36.5186
      vertex -18.1268 -14.25 -36.1596
    endloop
  endfacet
  facet normal -0.555662 0 -0.831408
    outer loop
      vertex -19.5018 -14.25 -33.778
      vertex -19.2027 -10.25 -33.9779
      vertex -19.2027 -14.25 -33.9779
    endloop
  endfacet
  facet normal -0.555662 0 -0.831408
    outer loop
      vertex -19.2027 -10.25 -33.9779
      vertex -19.5018 -14.25 -33.778
      vertex -19.5018 -10.25 -33.778
    endloop
  endfacet
  facet normal -0.555662 0 -0.831408
    outer loop
      vertex -19.5018 10.25 -33.778
      vertex -19.2027 14.25 -33.9779
      vertex -19.2027 10.25 -33.9779
    endloop
  endfacet
  facet normal -0.555662 0 -0.831408
    outer loop
      vertex -19.2027 14.25 -33.9779
      vertex -19.5018 10.25 -33.778
      vertex -19.5018 14.25 -33.778
    endloop
  endfacet
  facet normal 0.0653379 0 -0.997863
    outer loop
      vertex -21.2357 -14.25 -33.4331
      vertex -20.8768 -10.25 -33.4096
      vertex -20.8768 -14.25 -33.4096
    endloop
  endfacet
  facet normal 0.0653379 0 -0.997863
    outer loop
      vertex -20.8768 -10.25 -33.4096
      vertex -21.2357 -14.25 -33.4331
      vertex -21.2357 -10.25 -33.4331
    endloop
  endfacet
  facet normal 0.0653379 0 -0.997863
    outer loop
      vertex -21.2357 10.25 -33.4331
      vertex -20.8768 14.25 -33.4096
      vertex -20.8768 10.25 -33.4096
    endloop
  endfacet
  facet normal 0.0653379 0 -0.997863
    outer loop
      vertex -20.8768 14.25 -33.4096
      vertex -21.2357 10.25 -33.4331
      vertex -21.2357 14.25 -33.4331
    endloop
  endfacet
  facet normal 0.321394 0 0.946945
    outer loop
      vertex -21.9291 -10.25 -38.7003
      vertex -21.5885 -14.25 -38.8159
      vertex -21.5885 -10.25 -38.8159
    endloop
  endfacet
  facet normal 0.321394 0 0.946945
    outer loop
      vertex -21.5885 -14.25 -38.8159
      vertex -21.9291 -10.25 -38.7003
      vertex -21.9291 -14.25 -38.7003
    endloop
  endfacet
  facet normal 0.321394 0 0.946945
    outer loop
      vertex -21.9291 14.25 -38.7003
      vertex -21.5885 10.25 -38.8159
      vertex -21.5885 14.25 -38.8159
    endloop
  endfacet
  facet normal 0.321394 0 0.946945
    outer loop
      vertex -21.5885 10.25 -38.8159
      vertex -21.9291 14.25 -38.7003
      vertex -21.9291 10.25 -38.7003
    endloop
  endfacet
  facet normal -0.321394 0 0.946945
    outer loop
      vertex -20.165 14.25 -38.8159
      vertex -19.8244 10.25 -38.7003
      vertex -19.8244 14.25 -38.7003
    endloop
  endfacet
  facet normal -0.321394 0 0.946945
    outer loop
      vertex -19.8244 10.25 -38.7003
      vertex -20.165 14.25 -38.8159
      vertex -20.165 10.25 -38.8159
    endloop
  endfacet
  facet normal -0.321394 0 0.946945
    outer loop
      vertex -20.165 -10.25 -38.8159
      vertex -19.8244 -14.25 -38.7003
      vertex -19.8244 -10.25 -38.7003
    endloop
  endfacet
  facet normal -0.321394 0 0.946945
    outer loop
      vertex -19.8244 -14.25 -38.7003
      vertex -20.165 -10.25 -38.8159
      vertex -20.165 -14.25 -38.8159
    endloop
  endfacet
  facet normal 0.831537 -0 0.55547
    outer loop
      vertex -23.2583 10.25 -37.5346
      vertex -23.0585 14.25 -37.8337
      vertex -23.2583 14.25 -37.5346
    endloop
  endfacet
  facet normal 0.831537 0 0.55547
    outer loop
      vertex -23.0585 14.25 -37.8337
      vertex -23.2583 10.25 -37.5346
      vertex -23.0585 10.25 -37.8337
    endloop
  endfacet
  facet normal 0.831537 -0 0.55547
    outer loop
      vertex -23.2583 -14.25 -37.5346
      vertex -23.0585 -10.25 -37.8337
      vertex -23.2583 -10.25 -37.5346
    endloop
  endfacet
  facet normal 0.831537 0 0.55547
    outer loop
      vertex -23.0585 -10.25 -37.8337
      vertex -23.2583 -14.25 -37.5346
      vertex -23.0585 -14.25 -37.8337
    endloop
  endfacet
  facet normal -0.75187 0 0.659311
    outer loop
      vertex -18.9322 10.25 -38.1042
      vertex -18.695 14.25 -37.8337
      vertex -18.9322 14.25 -38.1042
    endloop
  endfacet
  facet normal -0.75187 0 0.659311
    outer loop
      vertex -18.695 14.25 -37.8337
      vertex -18.9322 10.25 -38.1042
      vertex -18.695 10.25 -37.8337
    endloop
  endfacet
  facet normal -0.75187 0 0.659311
    outer loop
      vertex -18.9322 -14.25 -38.1042
      vertex -18.695 -10.25 -37.8337
      vertex -18.9322 -10.25 -38.1042
    endloop
  endfacet
  facet normal -0.75187 0 0.659311
    outer loop
      vertex -18.695 -10.25 -37.8337
      vertex -18.9322 -14.25 -38.1042
      vertex -18.695 -14.25 -37.8337
    endloop
  endfacet
  facet normal -0.946974 0 -0.32131
    outer loop
      vertex -18.2205 10.25 -35.4479
      vertex -18.3361 14.25 -35.1072
      vertex -18.2205 14.25 -35.4479
    endloop
  endfacet
  facet normal -0.946974 -0 -0.32131
    outer loop
      vertex -18.3361 14.25 -35.1072
      vertex -18.2205 10.25 -35.4479
      vertex -18.3361 10.25 -35.1072
    endloop
  endfacet
  facet normal -0.946974 0 -0.32131
    outer loop
      vertex -18.2205 -14.25 -35.4479
      vertex -18.3361 -10.25 -35.1072
      vertex -18.2205 -10.25 -35.4479
    endloop
  endfacet
  facet normal -0.946974 -0 -0.32131
    outer loop
      vertex -18.3361 -10.25 -35.1072
      vertex -18.2205 -14.25 -35.4479
      vertex -18.3361 -14.25 -35.1072
    endloop
  endfacet
  facet normal -0.831537 0 0.55547
    outer loop
      vertex -18.695 -14.25 -37.8337
      vertex -18.4952 -10.25 -37.5346
      vertex -18.695 -10.25 -37.8337
    endloop
  endfacet
  facet normal -0.831537 0 0.55547
    outer loop
      vertex -18.4952 -10.25 -37.5346
      vertex -18.695 -14.25 -37.8337
      vertex -18.4952 -14.25 -37.5346
    endloop
  endfacet
  facet normal -0.831537 0 0.55547
    outer loop
      vertex -18.695 10.25 -37.8337
      vertex -18.4952 14.25 -37.5346
      vertex -18.695 14.25 -37.8337
    endloop
  endfacet
  facet normal -0.831537 0 0.55547
    outer loop
      vertex -18.4952 14.25 -37.5346
      vertex -18.695 10.25 -37.8337
      vertex -18.4952 10.25 -37.5346
    endloop
  endfacet
  facet normal -0.659311 0 -0.75187
    outer loop
      vertex -19.2027 10.25 -33.9779
      vertex -18.9322 14.25 -34.2151
      vertex -18.9322 10.25 -34.2151
    endloop
  endfacet
  facet normal -0.659311 0 -0.75187
    outer loop
      vertex -18.9322 14.25 -34.2151
      vertex -19.2027 10.25 -33.9779
      vertex -19.2027 14.25 -33.9779
    endloop
  endfacet
  facet normal -0.659311 0 -0.75187
    outer loop
      vertex -19.2027 -14.25 -33.9779
      vertex -18.9322 -10.25 -34.2151
      vertex -18.9322 -14.25 -34.2151
    endloop
  endfacet
  facet normal -0.659311 0 -0.75187
    outer loop
      vertex -18.9322 -10.25 -34.2151
      vertex -19.2027 -14.25 -33.9779
      vertex -19.2027 -10.25 -33.9779
    endloop
  endfacet
  facet normal 0.659292 0 0.751887
    outer loop
      vertex -22.8213 14.25 -38.1042
      vertex -22.5509 10.25 -38.3413
      vertex -22.5509 14.25 -38.3413
    endloop
  endfacet
  facet normal 0.659292 0 0.751887
    outer loop
      vertex -22.5509 10.25 -38.3413
      vertex -22.8213 14.25 -38.1042
      vertex -22.8213 10.25 -38.1042
    endloop
  endfacet
  facet normal 0.659292 0 0.751887
    outer loop
      vertex -22.8213 -10.25 -38.1042
      vertex -22.5509 -14.25 -38.3413
      vertex -22.5509 -10.25 -38.3413
    endloop
  endfacet
  facet normal 0.659292 0 0.751887
    outer loop
      vertex -22.5509 -14.25 -38.3413
      vertex -22.8213 -10.25 -38.1042
      vertex -22.8213 -14.25 -38.1042
    endloop
  endfacet
  facet normal -0.195154 0 -0.980773
    outer loop
      vertex -20.5178 10.25 -33.4331
      vertex -20.165 14.25 -33.5033
      vertex -20.165 10.25 -33.5033
    endloop
  endfacet
  facet normal -0.195154 0 -0.980773
    outer loop
      vertex -20.165 14.25 -33.5033
      vertex -20.5178 10.25 -33.4331
      vertex -20.5178 14.25 -33.4331
    endloop
  endfacet
  facet normal -0.195154 0 -0.980773
    outer loop
      vertex -20.5178 -14.25 -33.4331
      vertex -20.165 -10.25 -33.5033
      vertex -20.165 -14.25 -33.5033
    endloop
  endfacet
  facet normal -0.195154 0 -0.980773
    outer loop
      vertex -20.165 -10.25 -33.5033
      vertex -20.5178 -14.25 -33.4331
      vertex -20.5178 -10.25 -33.4331
    endloop
  endfacet
  facet normal -0.89686 0 -0.442314
    outer loop
      vertex -18.3361 10.25 -35.1072
      vertex -18.4952 14.25 -34.7846
      vertex -18.3361 14.25 -35.1072
    endloop
  endfacet
  facet normal -0.89686 -0 -0.442314
    outer loop
      vertex -18.4952 14.25 -34.7846
      vertex -18.3361 10.25 -35.1072
      vertex -18.4952 10.25 -34.7846
    endloop
  endfacet
  facet normal -0.89686 0 -0.442314
    outer loop
      vertex -18.3361 -14.25 -35.1072
      vertex -18.4952 -10.25 -34.7846
      vertex -18.3361 -10.25 -35.1072
    endloop
  endfacet
  facet normal -0.89686 -0 -0.442314
    outer loop
      vertex -18.4952 -10.25 -34.7846
      vertex -18.3361 -14.25 -35.1072
      vertex -18.4952 -14.25 -34.7846
    endloop
  endfacet
  facet normal 0.997845 0 -0.0656148
    outer loop
      vertex -23.6032 10.25 -35.8007
      vertex -23.6268 14.25 -36.1596
      vertex -23.6032 14.25 -35.8007
    endloop
  endfacet
  facet normal 0.997845 0 -0.0656148
    outer loop
      vertex -23.6268 14.25 -36.1596
      vertex -23.6032 10.25 -35.8007
      vertex -23.6268 10.25 -36.1596
    endloop
  endfacet
  facet normal 0.997845 0 -0.0656148
    outer loop
      vertex -23.6032 -14.25 -35.8007
      vertex -23.6268 -10.25 -36.1596
      vertex -23.6032 -10.25 -35.8007
    endloop
  endfacet
  facet normal 0.997845 0 -0.0656148
    outer loop
      vertex -23.6268 -10.25 -36.1596
      vertex -23.6032 -14.25 -35.8007
      vertex -23.6268 -14.25 -36.1596
    endloop
  endfacet
  facet normal 0.946861 -0 0.321644
    outer loop
      vertex -23.5331 -14.25 -36.8714
      vertex -23.4174 -10.25 -37.212
      vertex -23.5331 -10.25 -36.8714
    endloop
  endfacet
  facet normal 0.946861 0 0.321644
    outer loop
      vertex -23.4174 -10.25 -37.212
      vertex -23.5331 -14.25 -36.8714
      vertex -23.4174 -14.25 -37.212
    endloop
  endfacet
  facet normal 0.946861 -0 0.321644
    outer loop
      vertex -23.5331 10.25 -36.8714
      vertex -23.4174 14.25 -37.212
      vertex -23.5331 14.25 -36.8714
    endloop
  endfacet
  facet normal 0.946861 0 0.321644
    outer loop
      vertex -23.4174 14.25 -37.212
      vertex -23.5331 10.25 -36.8714
      vertex -23.4174 10.25 -37.212
    endloop
  endfacet
  facet normal -0.0653198 0 0.997864
    outer loop
      vertex -20.8768 -10.25 -38.9096
      vertex -20.5178 -14.25 -38.8861
      vertex -20.5178 -10.25 -38.8861
    endloop
  endfacet
  facet normal -0.0653198 0 0.997864
    outer loop
      vertex -20.5178 -14.25 -38.8861
      vertex -20.8768 -10.25 -38.9096
      vertex -20.8768 -14.25 -38.9096
    endloop
  endfacet
  facet normal -0.0653198 0 0.997864
    outer loop
      vertex -20.8768 14.25 -38.9096
      vertex -20.5178 10.25 -38.8861
      vertex -20.5178 14.25 -38.8861
    endloop
  endfacet
  facet normal -0.0653198 0 0.997864
    outer loop
      vertex -20.5178 10.25 -38.8861
      vertex -20.8768 14.25 -38.9096
      vertex -20.8768 10.25 -38.9096
    endloop
  endfacet
  facet normal 0.442204 0 -0.896915
    outer loop
      vertex -22.2518 10.25 -33.778
      vertex -21.9291 14.25 -33.6189
      vertex -21.9291 10.25 -33.6189
    endloop
  endfacet
  facet normal 0.442204 0 -0.896915
    outer loop
      vertex -21.9291 14.25 -33.6189
      vertex -22.2518 10.25 -33.778
      vertex -22.2518 14.25 -33.778
    endloop
  endfacet
  facet normal 0.442204 0 -0.896915
    outer loop
      vertex -22.2518 -14.25 -33.778
      vertex -21.9291 -10.25 -33.6189
      vertex -21.9291 -14.25 -33.6189
    endloop
  endfacet
  facet normal 0.442204 0 -0.896915
    outer loop
      vertex -21.9291 -10.25 -33.6189
      vertex -22.2518 -14.25 -33.778
      vertex -22.2518 -10.25 -33.778
    endloop
  endfacet
  facet normal 0.980826 0 -0.194886
    outer loop
      vertex -23.5331 -14.25 -35.4479
      vertex -23.6032 -10.25 -35.8007
      vertex -23.5331 -10.25 -35.4479
    endloop
  endfacet
  facet normal 0.980826 0 -0.194886
    outer loop
      vertex -23.6032 -10.25 -35.8007
      vertex -23.5331 -14.25 -35.4479
      vertex -23.6032 -14.25 -35.8007
    endloop
  endfacet
  facet normal 0.980826 0 -0.194886
    outer loop
      vertex -23.5331 10.25 -35.4479
      vertex -23.6032 14.25 -35.8007
      vertex -23.5331 14.25 -35.4479
    endloop
  endfacet
  facet normal 0.980826 0 -0.194886
    outer loop
      vertex -23.6032 14.25 -35.8007
      vertex -23.5331 10.25 -35.4479
      vertex -23.6032 10.25 -35.8007
    endloop
  endfacet
  facet normal 0.980826 -0 0.194886
    outer loop
      vertex -23.6032 10.25 -36.5186
      vertex -23.5331 14.25 -36.8714
      vertex -23.6032 14.25 -36.5186
    endloop
  endfacet
  facet normal 0.980826 0 0.194886
    outer loop
      vertex -23.5331 14.25 -36.8714
      vertex -23.6032 10.25 -36.5186
      vertex -23.5331 10.25 -36.8714
    endloop
  endfacet
  facet normal 0.980826 -0 0.194886
    outer loop
      vertex -23.6032 -14.25 -36.5186
      vertex -23.5331 -10.25 -36.8714
      vertex -23.6032 -10.25 -36.5186
    endloop
  endfacet
  facet normal 0.980826 0 0.194886
    outer loop
      vertex -23.5331 -10.25 -36.8714
      vertex -23.6032 -14.25 -36.5186
      vertex -23.5331 -14.25 -36.8714
    endloop
  endfacet
  facet normal -0.442314 0 0.89686
    outer loop
      vertex -19.8244 -10.25 -38.7003
      vertex -19.5018 -14.25 -38.5412
      vertex -19.5018 -10.25 -38.5412
    endloop
  endfacet
  facet normal -0.442314 0 0.89686
    outer loop
      vertex -19.5018 -14.25 -38.5412
      vertex -19.8244 -10.25 -38.7003
      vertex -19.8244 -14.25 -38.7003
    endloop
  endfacet
  facet normal -0.442314 0 0.89686
    outer loop
      vertex -19.8244 14.25 -38.7003
      vertex -19.5018 10.25 -38.5412
      vertex -19.5018 14.25 -38.5412
    endloop
  endfacet
  facet normal -0.442314 0 0.89686
    outer loop
      vertex -19.5018 10.25 -38.5412
      vertex -19.8244 14.25 -38.7003
      vertex -19.8244 10.25 -38.7003
    endloop
  endfacet
  facet normal -0.442314 0 -0.89686
    outer loop
      vertex -19.8244 -14.25 -33.6189
      vertex -19.5018 -10.25 -33.778
      vertex -19.5018 -14.25 -33.778
    endloop
  endfacet
  facet normal -0.442314 0 -0.89686
    outer loop
      vertex -19.5018 -10.25 -33.778
      vertex -19.8244 -14.25 -33.6189
      vertex -19.8244 -10.25 -33.6189
    endloop
  endfacet
  facet normal -0.442314 0 -0.89686
    outer loop
      vertex -19.8244 10.25 -33.6189
      vertex -19.5018 14.25 -33.778
      vertex -19.5018 10.25 -33.778
    endloop
  endfacet
  facet normal -0.442314 0 -0.89686
    outer loop
      vertex -19.5018 14.25 -33.778
      vertex -19.8244 10.25 -33.6189
      vertex -19.8244 14.25 -33.6189
    endloop
  endfacet
  facet normal -0.831537 0 -0.55547
    outer loop
      vertex -18.4952 10.25 -34.7846
      vertex -18.695 14.25 -34.4855
      vertex -18.4952 14.25 -34.7846
    endloop
  endfacet
  facet normal -0.831537 -0 -0.55547
    outer loop
      vertex -18.695 14.25 -34.4855
      vertex -18.4952 10.25 -34.7846
      vertex -18.695 10.25 -34.4855
    endloop
  endfacet
  facet normal -0.831537 0 -0.55547
    outer loop
      vertex -18.4952 -14.25 -34.7846
      vertex -18.695 -10.25 -34.4855
      vertex -18.4952 -10.25 -34.7846
    endloop
  endfacet
  facet normal -0.831537 -0 -0.55547
    outer loop
      vertex -18.695 -10.25 -34.4855
      vertex -18.4952 -14.25 -34.7846
      vertex -18.695 -14.25 -34.4855
    endloop
  endfacet
  facet normal -0.195154 0 0.980773
    outer loop
      vertex -20.5178 -10.25 -38.8861
      vertex -20.165 -14.25 -38.8159
      vertex -20.165 -10.25 -38.8159
    endloop
  endfacet
  facet normal -0.195154 0 0.980773
    outer loop
      vertex -20.165 -14.25 -38.8159
      vertex -20.5178 -10.25 -38.8861
      vertex -20.5178 -14.25 -38.8861
    endloop
  endfacet
  facet normal -0.195154 0 0.980773
    outer loop
      vertex -20.5178 14.25 -38.8861
      vertex -20.165 10.25 -38.8159
      vertex -20.165 14.25 -38.8159
    endloop
  endfacet
  facet normal -0.195154 0 0.980773
    outer loop
      vertex -20.165 10.25 -38.8159
      vertex -20.5178 14.25 -38.8861
      vertex -20.5178 10.25 -38.8861
    endloop
  endfacet
  facet normal -0.980773 0 -0.195154
    outer loop
      vertex -18.1503 -14.25 -35.8007
      vertex -18.2205 -10.25 -35.4479
      vertex -18.1503 -10.25 -35.8007
    endloop
  endfacet
  facet normal -0.980773 -0 -0.195154
    outer loop
      vertex -18.2205 -10.25 -35.4479
      vertex -18.1503 -14.25 -35.8007
      vertex -18.2205 -14.25 -35.4479
    endloop
  endfacet
  facet normal -0.980773 0 -0.195154
    outer loop
      vertex -18.1503 10.25 -35.8007
      vertex -18.2205 14.25 -35.4479
      vertex -18.1503 14.25 -35.8007
    endloop
  endfacet
  facet normal -0.980773 -0 -0.195154
    outer loop
      vertex -18.2205 14.25 -35.4479
      vertex -18.1503 10.25 -35.8007
      vertex -18.2205 10.25 -35.4479
    endloop
  endfacet
  facet normal -0.997863 0 -0.0653379
    outer loop
      vertex -18.1268 -14.25 -36.1596
      vertex -18.1503 -10.25 -35.8007
      vertex -18.1268 -10.25 -36.1596
    endloop
  endfacet
  facet normal -0.997863 -0 -0.0653379
    outer loop
      vertex -18.1503 -10.25 -35.8007
      vertex -18.1268 -14.25 -36.1596
      vertex -18.1503 -14.25 -35.8007
    endloop
  endfacet
  facet normal -0.997863 0 -0.0653379
    outer loop
      vertex -18.1268 10.25 -36.1596
      vertex -18.1503 14.25 -35.8007
      vertex -18.1268 14.25 -36.1596
    endloop
  endfacet
  facet normal -0.997863 -0 -0.0653379
    outer loop
      vertex -18.1503 14.25 -35.8007
      vertex -18.1268 10.25 -36.1596
      vertex -18.1503 10.25 -35.8007
    endloop
  endfacet
  facet normal 0.94689 0 -0.321559
    outer loop
      vertex -23.4174 -14.25 -35.1072
      vertex -23.5331 -10.25 -35.4479
      vertex -23.4174 -10.25 -35.1072
    endloop
  endfacet
  facet normal 0.94689 0 -0.321559
    outer loop
      vertex -23.5331 -10.25 -35.4479
      vertex -23.4174 -14.25 -35.1072
      vertex -23.5331 -14.25 -35.4479
    endloop
  endfacet
  facet normal 0.94689 0 -0.321559
    outer loop
      vertex -23.4174 10.25 -35.1072
      vertex -23.5331 14.25 -35.4479
      vertex -23.4174 14.25 -35.1072
    endloop
  endfacet
  facet normal 0.94689 0 -0.321559
    outer loop
      vertex -23.5331 14.25 -35.4479
      vertex -23.4174 10.25 -35.1072
      vertex -23.5331 10.25 -35.4479
    endloop
  endfacet
  facet normal 0.75187 -0 0.659311
    outer loop
      vertex -23.0585 10.25 -37.8337
      vertex -22.8213 14.25 -38.1042
      vertex -23.0585 14.25 -37.8337
    endloop
  endfacet
  facet normal 0.75187 0 0.659311
    outer loop
      vertex -22.8213 14.25 -38.1042
      vertex -23.0585 10.25 -37.8337
      vertex -22.8213 10.25 -38.1042
    endloop
  endfacet
  facet normal 0.75187 -0 0.659311
    outer loop
      vertex -23.0585 -14.25 -37.8337
      vertex -22.8213 -10.25 -38.1042
      vertex -23.0585 -10.25 -37.8337
    endloop
  endfacet
  facet normal 0.75187 0 0.659311
    outer loop
      vertex -22.8213 -10.25 -38.1042
      vertex -23.0585 -14.25 -37.8337
      vertex -22.8213 -14.25 -38.1042
    endloop
  endfacet
  facet normal -0.866026 0 0.499999
    outer loop
      vertex -16 -10.25 -48.2128
      vertex -1 10.25 -22.232
      vertex -16 10.25 -48.2128
    endloop
  endfacet
  facet normal -0.866026 0 0.499999
    outer loop
      vertex -1 10.25 -22.232
      vertex -16 -10.25 -48.2128
      vertex -1 -10.25 -22.232
    endloop
  endfacet
  facet normal -0.499997 0 -0.866027
    outer loop
      vertex -18.7535 -10.25 -11.9821
      vertex -1 10.25 -22.232
      vertex -1 -10.25 -22.232
    endloop
  endfacet
  facet normal -0.499997 0 -0.866027
    outer loop
      vertex -1 10.25 -22.232
      vertex -18.7535 -10.25 -11.9821
      vertex -18.7535 10.25 -11.9821
    endloop
  endfacet
  facet normal 0.866025 0 -0.500001
    outer loop
      vertex -18.7535 -10.25 -11.9821
      vertex -33.7535 10.25 -37.9628
      vertex -18.7535 10.25 -11.9821
    endloop
  endfacet
  facet normal 0.866025 0 -0.500001
    outer loop
      vertex -33.7535 10.25 -37.9628
      vertex -18.7535 -10.25 -11.9821
      vertex -33.7535 -10.25 -37.9628
    endloop
  endfacet
  facet normal 0 -1 0
    outer loop
      vertex -18.7535 10.25 -11.9821
      vertex -14.7357 10.25 -22.1748
      vertex -14.3768 10.25 -22.1513
    endloop
  endfacet
  facet normal 0 -1 0
    outer loop
      vertex -18.7535 10.25 -11.9821
      vertex -15.0885 10.25 -22.245
      vertex -14.7357 10.25 -22.1748
    endloop
  endfacet
  facet normal 0 -1 0
    outer loop
      vertex -18.7535 10.25 -11.9821
      vertex -15.4291 10.25 -22.3606
      vertex -15.0885 10.25 -22.245
    endloop
  endfacet
  facet normal 0 -1 0
    outer loop
      vertex -18.7535 10.25 -11.9821
      vertex -15.7518 10.25 -22.5197
      vertex -15.4291 10.25 -22.3606
    endloop
  endfacet
  facet normal 0 -1 0
    outer loop
      vertex -18.7535 10.25 -11.9821
      vertex -16.0509 10.25 -22.7196
      vertex -15.7518 10.25 -22.5197
    endloop
  endfacet
  facet normal 0 -1 0
    outer loop
      vertex -18.7535 10.25 -11.9821
      vertex -16.3213 10.25 -22.9567
      vertex -16.0509 10.25 -22.7196
    endloop
  endfacet
  facet normal 0 -1 0
    outer loop
      vertex -18.7535 10.25 -11.9821
      vertex -16.5585 10.25 -23.2272
      vertex -16.3213 10.25 -22.9567
    endloop
  endfacet
  facet normal 0 -1 0
    outer loop
      vertex -18.7535 10.25 -11.9821
      vertex -16.7583 10.25 -23.5263
      vertex -16.5585 10.25 -23.2272
    endloop
  endfacet
  facet normal 0 -1 0
    outer loop
      vertex -18.7535 10.25 -11.9821
      vertex -16.9174 10.25 -23.8489
      vertex -16.7583 10.25 -23.5263
    endloop
  endfacet
  facet normal 0 -1 0
    outer loop
      vertex -18.7535 10.25 -11.9821
      vertex -17.0331 10.25 -24.1895
      vertex -16.9174 10.25 -23.8489
    endloop
  endfacet
  facet normal 0 -1 0
    outer loop
      vertex -33.7535 10.25 -37.9628
      vertex -17.0331 10.25 -24.1895
      vertex -18.7535 10.25 -11.9821
    endloop
  endfacet
  facet normal 0 -1 0
    outer loop
      vertex -17.0331 10.25 -24.1895
      vertex -33.7535 10.25 -37.9628
      vertex -17.1032 10.25 -24.5423
    endloop
  endfacet
  facet normal -0 -1 0
    outer loop
      vertex -22.5509 10.25 -33.9779
      vertex -17.1032 10.25 -24.5423
      vertex -33.7535 10.25 -37.9628
    endloop
  endfacet
  facet normal 0 -1 0
    outer loop
      vertex -19.5018 10.25 -33.778
      vertex -15.7518 10.25 -27.2828
      vertex -19.8244 10.25 -33.6189
    endloop
  endfacet
  facet normal 0 -1 -0
    outer loop
      vertex -16.0509 10.25 -27.083
      vertex -19.8244 10.25 -33.6189
      vertex -15.7518 10.25 -27.2828
    endloop
  endfacet
  facet normal 0 -1 0
    outer loop
      vertex -19.8244 10.25 -33.6189
      vertex -16.0509 10.25 -27.083
      vertex -20.165 10.25 -33.5033
    endloop
  endfacet
  facet normal 0 -1 -0
    outer loop
      vertex -16.3213 10.25 -26.8458
      vertex -20.165 10.25 -33.5033
      vertex -16.0509 10.25 -27.083
    endloop
  endfacet
  facet normal 0 -1 0
    outer loop
      vertex -20.165 10.25 -33.5033
      vertex -16.3213 10.25 -26.8458
      vertex -20.5178 10.25 -33.4331
    endloop
  endfacet
  facet normal 0 -1 -0
    outer loop
      vertex -16.5585 10.25 -26.5754
      vertex -20.5178 10.25 -33.4331
      vertex -16.3213 10.25 -26.8458
    endloop
  endfacet
  facet normal 0 -1 0
    outer loop
      vertex -20.5178 10.25 -33.4331
      vertex -16.5585 10.25 -26.5754
      vertex -20.8768 10.25 -33.4096
    endloop
  endfacet
  facet normal 0 -1 -0
    outer loop
      vertex -16.7583 10.25 -26.2763
      vertex -20.8768 10.25 -33.4096
      vertex -16.5585 10.25 -26.5754
    endloop
  endfacet
  facet normal 0 -1 -0
    outer loop
      vertex -16.9174 10.25 -25.9537
      vertex -20.8768 10.25 -33.4096
      vertex -16.7583 10.25 -26.2763
    endloop
  endfacet
  facet normal 0 -1 0
    outer loop
      vertex -21.2357 10.25 -33.4331
      vertex -16.9174 10.25 -25.9537
      vertex -17.0331 10.25 -25.613
    endloop
  endfacet
  facet normal 0 -1 0
    outer loop
      vertex -21.5885 10.25 -33.5033
      vertex -17.0331 10.25 -25.613
      vertex -17.1032 10.25 -25.2602
    endloop
  endfacet
  facet normal 0 -1 0
    outer loop
      vertex -17.1032 10.25 -24.5423
      vertex -22.5509 10.25 -33.9779
      vertex -17.1268 10.25 -24.9013
    endloop
  endfacet
  facet normal 0 -1 0
    outer loop
      vertex -16.9174 10.25 -25.9537
      vertex -21.2357 10.25 -33.4331
      vertex -20.8768 10.25 -33.4096
    endloop
  endfacet
  facet normal 0 -1 0
    outer loop
      vertex -17.0331 10.25 -25.613
      vertex -21.5885 10.25 -33.5033
      vertex -21.2357 10.25 -33.4331
    endloop
  endfacet
  facet normal 0 -1 0
    outer loop
      vertex -17.1032 10.25 -25.2602
      vertex -21.9291 10.25 -33.6189
      vertex -21.5885 10.25 -33.5033
    endloop
  endfacet
  facet normal 0 -1 0
    outer loop
      vertex -17.1032 10.25 -25.2602
      vertex -22.2518 10.25 -33.778
      vertex -21.9291 10.25 -33.6189
    endloop
  endfacet
  facet normal 0 -1 -0
    outer loop
      vertex -17.1268 10.25 -24.9013
      vertex -22.2518 10.25 -33.778
      vertex -17.1032 10.25 -25.2602
    endloop
  endfacet
  facet normal -0 -1 0
    outer loop
      vertex -22.2518 10.25 -33.778
      vertex -17.1268 10.25 -24.9013
      vertex -22.5509 10.25 -33.9779
    endloop
  endfacet
  facet normal 0 -1 0
    outer loop
      vertex -22.5509 10.25 -33.9779
      vertex -33.7535 10.25 -37.9628
      vertex -22.8213 10.25 -34.2151
    endloop
  endfacet
  facet normal 0 -1 0
    outer loop
      vertex -22.8213 10.25 -34.2151
      vertex -33.7535 10.25 -37.9628
      vertex -23.0585 10.25 -34.4855
    endloop
  endfacet
  facet normal 0 -1 0
    outer loop
      vertex -23.0585 10.25 -34.4855
      vertex -33.7535 10.25 -37.9628
      vertex -23.2583 10.25 -34.7846
    endloop
  endfacet
  facet normal 0 -1 0
    outer loop
      vertex -23.2583 10.25 -34.7846
      vertex -33.7535 10.25 -37.9628
      vertex -23.4174 10.25 -35.1072
    endloop
  endfacet
  facet normal 0 -1 0
    outer loop
      vertex -23.4174 10.25 -35.1072
      vertex -33.7535 10.25 -37.9628
      vertex -23.5331 10.25 -35.4479
    endloop
  endfacet
  facet normal 0 -1 0
    outer loop
      vertex -33.7535 10.25 -37.9628
      vertex -23.6032 10.25 -35.8007
      vertex -23.5331 10.25 -35.4479
    endloop
  endfacet
  facet normal 0 -1 0
    outer loop
      vertex -33.7535 10.25 -37.9628
      vertex -23.6268 10.25 -36.1596
      vertex -23.6032 10.25 -35.8007
    endloop
  endfacet
  facet normal 0 -1 0
    outer loop
      vertex -33.7535 10.25 -37.9628
      vertex -23.6032 10.25 -36.5186
      vertex -23.6268 10.25 -36.1596
    endloop
  endfacet
  facet normal 0 -1 0
    outer loop
      vertex -33.7535 10.25 -37.9628
      vertex -23.5331 10.25 -36.8714
      vertex -23.6032 10.25 -36.5186
    endloop
  endfacet
  facet normal 0 -1 0
    outer loop
      vertex -33.7535 10.25 -37.9628
      vertex -23.4174 10.25 -37.212
      vertex -23.5331 10.25 -36.8714
    endloop
  endfacet
  facet normal 0 -1 0
    outer loop
      vertex -33.7535 10.25 -37.9628
      vertex -23.2583 10.25 -37.5346
      vertex -23.4174 10.25 -37.212
    endloop
  endfacet
  facet normal 0 -1 0
    outer loop
      vertex -33.7535 10.25 -37.9628
      vertex -23.0585 10.25 -37.8337
      vertex -23.2583 10.25 -37.5346
    endloop
  endfacet
  facet normal 0 -1 0
    outer loop
      vertex -33.7535 10.25 -37.9628
      vertex -22.8213 10.25 -38.1042
      vertex -23.0585 10.25 -37.8337
    endloop
  endfacet
  facet normal 0 -1 0
    outer loop
      vertex -33.7535 10.25 -37.9628
      vertex -22.5509 10.25 -38.3413
      vertex -22.8213 10.25 -38.1042
    endloop
  endfacet
  facet normal 0 -1 0
    outer loop
      vertex -33.7535 10.25 -37.9628
      vertex -22.2518 10.25 -38.5412
      vertex -22.5509 10.25 -38.3413
    endloop
  endfacet
  facet normal 0 -1 0
    outer loop
      vertex -16 10.25 -48.2128
      vertex -22.2518 10.25 -38.5412
      vertex -33.7535 10.25 -37.9628
    endloop
  endfacet
  facet normal 0 -1 0
    outer loop
      vertex -22.2518 10.25 -38.5412
      vertex -16 10.25 -48.2128
      vertex -21.9291 10.25 -38.7003
    endloop
  endfacet
  facet normal 0 -1 0
    outer loop
      vertex -21.9291 10.25 -38.7003
      vertex -16 10.25 -48.2128
      vertex -21.5885 10.25 -38.8159
    endloop
  endfacet
  facet normal 0 -1 0
    outer loop
      vertex -21.2357 10.25 -38.8861
      vertex -16 10.25 -48.2128
      vertex -20.8768 10.25 -38.9096
    endloop
  endfacet
  facet normal 0 -1 0
    outer loop
      vertex -21.5885 10.25 -38.8159
      vertex -16 10.25 -48.2128
      vertex -21.2357 10.25 -38.8861
    endloop
  endfacet
  facet normal 0 -1 0
    outer loop
      vertex -14.0178 10.25 -22.1748
      vertex -18.7535 10.25 -11.9821
      vertex -14.3768 10.25 -22.1513
    endloop
  endfacet
  facet normal 0 -1 0
    outer loop
      vertex -13.665 10.25 -22.245
      vertex -18.7535 10.25 -11.9821
      vertex -14.0178 10.25 -22.1748
    endloop
  endfacet
  facet normal 0 -1 0
    outer loop
      vertex -13.3244 10.25 -22.3606
      vertex -18.7535 10.25 -11.9821
      vertex -13.665 10.25 -22.245
    endloop
  endfacet
  facet normal 0 -1 0
    outer loop
      vertex -13.0018 10.25 -22.5197
      vertex -18.7535 10.25 -11.9821
      vertex -13.3244 10.25 -22.3606
    endloop
  endfacet
  facet normal 0 -1 0
    outer loop
      vertex -18.7535 10.25 -11.9821
      vertex -13.0018 10.25 -22.5197
      vertex -1 10.25 -22.232
    endloop
  endfacet
  facet normal 0 -1 0
    outer loop
      vertex -12.7027 10.25 -22.7196
      vertex -1 10.25 -22.232
      vertex -13.0018 10.25 -22.5197
    endloop
  endfacet
  facet normal 0 -1 0
    outer loop
      vertex -12.4322 10.25 -22.9567
      vertex -1 10.25 -22.232
      vertex -12.7027 10.25 -22.7196
    endloop
  endfacet
  facet normal 0 -1 0
    outer loop
      vertex -12.195 10.25 -23.2272
      vertex -1 10.25 -22.232
      vertex -12.4322 10.25 -22.9567
    endloop
  endfacet
  facet normal 0 -1 0
    outer loop
      vertex -11.9952 10.25 -23.5263
      vertex -1 10.25 -22.232
      vertex -12.195 10.25 -23.2272
    endloop
  endfacet
  facet normal 0 -1 0
    outer loop
      vertex -11.8361 10.25 -23.8489
      vertex -1 10.25 -22.232
      vertex -11.9952 10.25 -23.5263
    endloop
  endfacet
  facet normal 0 -1 0
    outer loop
      vertex -11.7205 10.25 -24.1895
      vertex -1 10.25 -22.232
      vertex -11.8361 10.25 -23.8489
    endloop
  endfacet
  facet normal 0 -1 0
    outer loop
      vertex -11.6503 10.25 -24.5423
      vertex -1 10.25 -22.232
      vertex -11.7205 10.25 -24.1895
    endloop
  endfacet
  facet normal 0 -1 0
    outer loop
      vertex -11.6268 10.25 -24.9013
      vertex -1 10.25 -22.232
      vertex -11.6503 10.25 -24.5423
    endloop
  endfacet
  facet normal 0 -1 0
    outer loop
      vertex -11.6503 10.25 -25.2602
      vertex -1 10.25 -22.232
      vertex -11.6268 10.25 -24.9013
    endloop
  endfacet
  facet normal 0 -1 0
    outer loop
      vertex -11.7205 10.25 -25.613
      vertex -1 10.25 -22.232
      vertex -11.6503 10.25 -25.2602
    endloop
  endfacet
  facet normal 0 -1 0
    outer loop
      vertex -11.8361 10.25 -25.9537
      vertex -1 10.25 -22.232
      vertex -11.7205 10.25 -25.613
    endloop
  endfacet
  facet normal 0 -1 0
    outer loop
      vertex -11.9952 10.25 -26.2763
      vertex -1 10.25 -22.232
      vertex -11.8361 10.25 -25.9537
    endloop
  endfacet
  facet normal 0 -1 0
    outer loop
      vertex -12.195 10.25 -26.5754
      vertex -1 10.25 -22.232
      vertex -11.9952 10.25 -26.2763
    endloop
  endfacet
  facet normal 0 -1 0
    outer loop
      vertex -12.4322 10.25 -26.8458
      vertex -1 10.25 -22.232
      vertex -12.195 10.25 -26.5754
    endloop
  endfacet
  facet normal 0 -1 0
    outer loop
      vertex -16 10.25 -48.2128
      vertex -12.4322 10.25 -26.8458
      vertex -12.7027 10.25 -27.083
    endloop
  endfacet
  facet normal 0 -1 0
    outer loop
      vertex -18.1503 10.25 -36.5186
      vertex -12.7027 10.25 -27.083
      vertex -13.0018 10.25 -27.2828
    endloop
  endfacet
  facet normal 0 -1 0
    outer loop
      vertex -18.1268 10.25 -36.1596
      vertex -13.0018 10.25 -27.2828
      vertex -13.3244 10.25 -27.4419
    endloop
  endfacet
  facet normal 0 -1 -0
    outer loop
      vertex -15.7518 10.25 -27.2828
      vertex -19.5018 10.25 -33.778
      vertex -15.4291 10.25 -27.4419
    endloop
  endfacet
  facet normal 0 -1 0
    outer loop
      vertex -19.2027 10.25 -33.9779
      vertex -15.4291 10.25 -27.4419
      vertex -19.5018 10.25 -33.778
    endloop
  endfacet
  facet normal 0 -1 -0
    outer loop
      vertex -15.4291 10.25 -27.4419
      vertex -19.2027 10.25 -33.9779
      vertex -15.0885 10.25 -27.5576
    endloop
  endfacet
  facet normal 0 -1 0
    outer loop
      vertex -18.9322 10.25 -34.2151
      vertex -15.0885 10.25 -27.5576
      vertex -19.2027 10.25 -33.9779
    endloop
  endfacet
  facet normal 0 -1 -0
    outer loop
      vertex -15.0885 10.25 -27.5576
      vertex -18.9322 10.25 -34.2151
      vertex -14.7357 10.25 -27.6278
    endloop
  endfacet
  facet normal 0 -1 0
    outer loop
      vertex -18.695 10.25 -34.4855
      vertex -14.7357 10.25 -27.6278
      vertex -18.9322 10.25 -34.2151
    endloop
  endfacet
  facet normal 0 -1 -0
    outer loop
      vertex -14.7357 10.25 -27.6278
      vertex -18.695 10.25 -34.4855
      vertex -14.3768 10.25 -27.6513
    endloop
  endfacet
  facet normal 0 -1 0
    outer loop
      vertex -18.4952 10.25 -34.7846
      vertex -14.3768 10.25 -27.6513
      vertex -18.695 10.25 -34.4855
    endloop
  endfacet
  facet normal 0 -1 -0
    outer loop
      vertex -14.3768 10.25 -27.6513
      vertex -18.4952 10.25 -34.7846
      vertex -14.0178 10.25 -27.6278
    endloop
  endfacet
  facet normal 0 -1 0
    outer loop
      vertex -18.3361 10.25 -35.1072
      vertex -14.0178 10.25 -27.6278
      vertex -18.4952 10.25 -34.7846
    endloop
  endfacet
  facet normal 0 -1 -0
    outer loop
      vertex -14.0178 10.25 -27.6278
      vertex -18.3361 10.25 -35.1072
      vertex -13.665 10.25 -27.5576
    endloop
  endfacet
  facet normal 0 -1 0
    outer loop
      vertex -18.2205 10.25 -35.4479
      vertex -13.665 10.25 -27.5576
      vertex -18.3361 10.25 -35.1072
    endloop
  endfacet
  facet normal 0 -1 -0
    outer loop
      vertex -13.665 10.25 -27.5576
      vertex -18.2205 10.25 -35.4479
      vertex -13.3244 10.25 -27.4419
    endloop
  endfacet
  facet normal 0 -1 0
    outer loop
      vertex -18.1503 10.25 -35.8007
      vertex -13.3244 10.25 -27.4419
      vertex -18.2205 10.25 -35.4479
    endloop
  endfacet
  facet normal 0 -1 0
    outer loop
      vertex -18.1268 10.25 -36.1596
      vertex -13.3244 10.25 -27.4419
      vertex -18.1503 10.25 -35.8007
    endloop
  endfacet
  facet normal 0 -1 0
    outer loop
      vertex -13.0018 10.25 -27.2828
      vertex -18.1268 10.25 -36.1596
      vertex -18.1503 10.25 -36.5186
    endloop
  endfacet
  facet normal 0 -1 0
    outer loop
      vertex -12.7027 10.25 -27.083
      vertex -18.1503 10.25 -36.5186
      vertex -16 10.25 -48.2128
    endloop
  endfacet
  facet normal 0 -1 0
    outer loop
      vertex -16 10.25 -48.2128
      vertex -18.1503 10.25 -36.5186
      vertex -18.2205 10.25 -36.8714
    endloop
  endfacet
  facet normal 0 -1 0
    outer loop
      vertex -16 10.25 -48.2128
      vertex -18.2205 10.25 -36.8714
      vertex -18.3361 10.25 -37.212
    endloop
  endfacet
  facet normal 0 -1 0
    outer loop
      vertex -16 10.25 -48.2128
      vertex -18.3361 10.25 -37.212
      vertex -18.4952 10.25 -37.5346
    endloop
  endfacet
  facet normal 0 -1 0
    outer loop
      vertex -16 10.25 -48.2128
      vertex -18.4952 10.25 -37.5346
      vertex -18.695 10.25 -37.8337
    endloop
  endfacet
  facet normal 0 -1 0
    outer loop
      vertex -16 10.25 -48.2128
      vertex -18.695 10.25 -37.8337
      vertex -18.9322 10.25 -38.1042
    endloop
  endfacet
  facet normal 0 -1 -0
    outer loop
      vertex -12.4322 10.25 -26.8458
      vertex -16 10.25 -48.2128
      vertex -1 10.25 -22.232
    endloop
  endfacet
  facet normal 0 -1 0
    outer loop
      vertex -19.2027 10.25 -38.3413
      vertex -16 10.25 -48.2128
      vertex -18.9322 10.25 -38.1042
    endloop
  endfacet
  facet normal 0 -1 0
    outer loop
      vertex -19.5018 10.25 -38.5412
      vertex -16 10.25 -48.2128
      vertex -19.2027 10.25 -38.3413
    endloop
  endfacet
  facet normal 0 -1 0
    outer loop
      vertex -19.8244 10.25 -38.7003
      vertex -16 10.25 -48.2128
      vertex -19.5018 10.25 -38.5412
    endloop
  endfacet
  facet normal 0 -1 0
    outer loop
      vertex -20.165 10.25 -38.8159
      vertex -16 10.25 -48.2128
      vertex -19.8244 10.25 -38.7003
    endloop
  endfacet
  facet normal 0 -1 0
    outer loop
      vertex -20.5178 10.25 -38.8861
      vertex -16 10.25 -48.2128
      vertex -20.165 10.25 -38.8159
    endloop
  endfacet
  facet normal 0 -1 0
    outer loop
      vertex -16 10.25 -48.2128
      vertex -20.5178 10.25 -38.8861
      vertex -20.8768 10.25 -38.9096
    endloop
  endfacet
  facet normal 0 1 0
    outer loop
      vertex -18.7535 -10.25 -11.9821
      vertex -14.0178 -10.25 -22.1748
      vertex -14.3768 -10.25 -22.1513
    endloop
  endfacet
  facet normal 0 1 -0
    outer loop
      vertex -13.0018 -10.25 -22.5197
      vertex -18.7535 -10.25 -11.9821
      vertex -1 -10.25 -22.232
    endloop
  endfacet
  facet normal 0 1 0
    outer loop
      vertex -18.7535 -10.25 -11.9821
      vertex -13.665 -10.25 -22.245
      vertex -14.0178 -10.25 -22.1748
    endloop
  endfacet
  facet normal 0 1 0
    outer loop
      vertex -18.7535 -10.25 -11.9821
      vertex -13.3244 -10.25 -22.3606
      vertex -13.665 -10.25 -22.245
    endloop
  endfacet
  facet normal 0 1 0
    outer loop
      vertex -18.7535 -10.25 -11.9821
      vertex -13.0018 -10.25 -22.5197
      vertex -13.3244 -10.25 -22.3606
    endloop
  endfacet
  facet normal 0 1 0
    outer loop
      vertex -1 -10.25 -22.232
      vertex -12.7027 -10.25 -22.7196
      vertex -13.0018 -10.25 -22.5197
    endloop
  endfacet
  facet normal 0 1 0
    outer loop
      vertex -1 -10.25 -22.232
      vertex -12.4322 -10.25 -22.9567
      vertex -12.7027 -10.25 -22.7196
    endloop
  endfacet
  facet normal 0 1 0
    outer loop
      vertex -1 -10.25 -22.232
      vertex -12.195 -10.25 -23.2272
      vertex -12.4322 -10.25 -22.9567
    endloop
  endfacet
  facet normal 0 1 0
    outer loop
      vertex -1 -10.25 -22.232
      vertex -11.9952 -10.25 -23.5263
      vertex -12.195 -10.25 -23.2272
    endloop
  endfacet
  facet normal 0 1 0
    outer loop
      vertex -1 -10.25 -22.232
      vertex -11.8361 -10.25 -23.8489
      vertex -11.9952 -10.25 -23.5263
    endloop
  endfacet
  facet normal 0 1 0
    outer loop
      vertex -1 -10.25 -22.232
      vertex -11.7205 -10.25 -24.1895
      vertex -11.8361 -10.25 -23.8489
    endloop
  endfacet
  facet normal 0 1 0
    outer loop
      vertex -1 -10.25 -22.232
      vertex -11.6503 -10.25 -24.5423
      vertex -11.7205 -10.25 -24.1895
    endloop
  endfacet
  facet normal 0 1 0
    outer loop
      vertex -1 -10.25 -22.232
      vertex -11.6268 -10.25 -24.9013
      vertex -11.6503 -10.25 -24.5423
    endloop
  endfacet
  facet normal 0 1 0
    outer loop
      vertex -1 -10.25 -22.232
      vertex -11.6503 -10.25 -25.2602
      vertex -11.6268 -10.25 -24.9013
    endloop
  endfacet
  facet normal 0 1 0
    outer loop
      vertex -1 -10.25 -22.232
      vertex -11.7205 -10.25 -25.613
      vertex -11.6503 -10.25 -25.2602
    endloop
  endfacet
  facet normal 0 1 0
    outer loop
      vertex -1 -10.25 -22.232
      vertex -11.8361 -10.25 -25.9537
      vertex -11.7205 -10.25 -25.613
    endloop
  endfacet
  facet normal 0 1 0
    outer loop
      vertex -1 -10.25 -22.232
      vertex -11.9952 -10.25 -26.2763
      vertex -11.8361 -10.25 -25.9537
    endloop
  endfacet
  facet normal 0 1 0
    outer loop
      vertex -1 -10.25 -22.232
      vertex -12.195 -10.25 -26.5754
      vertex -11.9952 -10.25 -26.2763
    endloop
  endfacet
  facet normal 0 1 0
    outer loop
      vertex -1 -10.25 -22.232
      vertex -12.4322 -10.25 -26.8458
      vertex -12.195 -10.25 -26.5754
    endloop
  endfacet
  facet normal 0 1 0
    outer loop
      vertex -16 -10.25 -48.2128
      vertex -12.4322 -10.25 -26.8458
      vertex -1 -10.25 -22.232
    endloop
  endfacet
  facet normal 0 1 0
    outer loop
      vertex -12.4322 -10.25 -26.8458
      vertex -16 -10.25 -48.2128
      vertex -12.7027 -10.25 -27.083
    endloop
  endfacet
  facet normal -0 1 0
    outer loop
      vertex -18.1503 -10.25 -36.5186
      vertex -12.7027 -10.25 -27.083
      vertex -16 -10.25 -48.2128
    endloop
  endfacet
  facet normal 0 1 0
    outer loop
      vertex -18.4952 -10.25 -34.7846
      vertex -14.3768 -10.25 -27.6513
      vertex -14.0178 -10.25 -27.6278
    endloop
  endfacet
  facet normal 0 1 0
    outer loop
      vertex -18.3361 -10.25 -35.1072
      vertex -14.0178 -10.25 -27.6278
      vertex -13.665 -10.25 -27.5576
    endloop
  endfacet
  facet normal 0 1 0
    outer loop
      vertex -18.2205 -10.25 -35.4479
      vertex -13.665 -10.25 -27.5576
      vertex -13.3244 -10.25 -27.4419
    endloop
  endfacet
  facet normal 0 1 0
    outer loop
      vertex -12.7027 -10.25 -27.083
      vertex -18.1503 -10.25 -36.5186
      vertex -13.0018 -10.25 -27.2828
    endloop
  endfacet
  facet normal 0 1 0
    outer loop
      vertex -14.3768 -10.25 -27.6513
      vertex -20.5178 -10.25 -33.4331
      vertex -20.8768 -10.25 -33.4096
    endloop
  endfacet
  facet normal 0 1 0
    outer loop
      vertex -14.3768 -10.25 -27.6513
      vertex -20.165 -10.25 -33.5033
      vertex -20.5178 -10.25 -33.4331
    endloop
  endfacet
  facet normal 0 1 0
    outer loop
      vertex -14.3768 -10.25 -27.6513
      vertex -19.8244 -10.25 -33.6189
      vertex -20.165 -10.25 -33.5033
    endloop
  endfacet
  facet normal 0 1 0
    outer loop
      vertex -14.3768 -10.25 -27.6513
      vertex -19.5018 -10.25 -33.778
      vertex -19.8244 -10.25 -33.6189
    endloop
  endfacet
  facet normal 0 1 0
    outer loop
      vertex -14.3768 -10.25 -27.6513
      vertex -19.2027 -10.25 -33.9779
      vertex -19.5018 -10.25 -33.778
    endloop
  endfacet
  facet normal 0 1 0
    outer loop
      vertex -14.3768 -10.25 -27.6513
      vertex -18.9322 -10.25 -34.2151
      vertex -19.2027 -10.25 -33.9779
    endloop
  endfacet
  facet normal 0 1 0
    outer loop
      vertex -14.3768 -10.25 -27.6513
      vertex -18.695 -10.25 -34.4855
      vertex -18.9322 -10.25 -34.2151
    endloop
  endfacet
  facet normal 0 1 0
    outer loop
      vertex -14.3768 -10.25 -27.6513
      vertex -18.4952 -10.25 -34.7846
      vertex -18.695 -10.25 -34.4855
    endloop
  endfacet
  facet normal 0 1 0
    outer loop
      vertex -14.0178 -10.25 -27.6278
      vertex -18.3361 -10.25 -35.1072
      vertex -18.4952 -10.25 -34.7846
    endloop
  endfacet
  facet normal 0 1 0
    outer loop
      vertex -13.665 -10.25 -27.5576
      vertex -18.2205 -10.25 -35.4479
      vertex -18.3361 -10.25 -35.1072
    endloop
  endfacet
  facet normal 0 1 0
    outer loop
      vertex -13.3244 -10.25 -27.4419
      vertex -18.1503 -10.25 -35.8007
      vertex -18.2205 -10.25 -35.4479
    endloop
  endfacet
  facet normal 0 1 0
    outer loop
      vertex -13.3244 -10.25 -27.4419
      vertex -18.1268 -10.25 -36.1596
      vertex -18.1503 -10.25 -35.8007
    endloop
  endfacet
  facet normal 0 1 0
    outer loop
      vertex -13.0018 -10.25 -27.2828
      vertex -18.1268 -10.25 -36.1596
      vertex -13.3244 -10.25 -27.4419
    endloop
  endfacet
  facet normal -0 1 0
    outer loop
      vertex -18.1268 -10.25 -36.1596
      vertex -13.0018 -10.25 -27.2828
      vertex -18.1503 -10.25 -36.5186
    endloop
  endfacet
  facet normal 0 1 0
    outer loop
      vertex -18.1503 -10.25 -36.5186
      vertex -16 -10.25 -48.2128
      vertex -18.2205 -10.25 -36.8714
    endloop
  endfacet
  facet normal 0 1 0
    outer loop
      vertex -18.2205 -10.25 -36.8714
      vertex -16 -10.25 -48.2128
      vertex -18.3361 -10.25 -37.212
    endloop
  endfacet
  facet normal 0 1 0
    outer loop
      vertex -18.3361 -10.25 -37.212
      vertex -16 -10.25 -48.2128
      vertex -18.4952 -10.25 -37.5346
    endloop
  endfacet
  facet normal 0 1 0
    outer loop
      vertex -18.4952 -10.25 -37.5346
      vertex -16 -10.25 -48.2128
      vertex -18.695 -10.25 -37.8337
    endloop
  endfacet
  facet normal 0 1 0
    outer loop
      vertex -20.5178 -10.25 -38.8861
      vertex -16 -10.25 -48.2128
      vertex -20.8768 -10.25 -38.9096
    endloop
  endfacet
  facet normal 0 1 0
    outer loop
      vertex -20.165 -10.25 -38.8159
      vertex -16 -10.25 -48.2128
      vertex -20.5178 -10.25 -38.8861
    endloop
  endfacet
  facet normal 0 1 0
    outer loop
      vertex -19.8244 -10.25 -38.7003
      vertex -16 -10.25 -48.2128
      vertex -20.165 -10.25 -38.8159
    endloop
  endfacet
  facet normal 0 1 0
    outer loop
      vertex -19.5018 -10.25 -38.5412
      vertex -16 -10.25 -48.2128
      vertex -19.8244 -10.25 -38.7003
    endloop
  endfacet
  facet normal 0 1 0
    outer loop
      vertex -19.2027 -10.25 -38.3413
      vertex -16 -10.25 -48.2128
      vertex -19.5018 -10.25 -38.5412
    endloop
  endfacet
  facet normal 0 1 0
    outer loop
      vertex -18.9322 -10.25 -38.1042
      vertex -16 -10.25 -48.2128
      vertex -19.2027 -10.25 -38.3413
    endloop
  endfacet
  facet normal 0 1 0
    outer loop
      vertex -18.695 -10.25 -37.8337
      vertex -16 -10.25 -48.2128
      vertex -18.9322 -10.25 -38.1042
    endloop
  endfacet
  facet normal 0 1 -0
    outer loop
      vertex -14.7357 -10.25 -22.1748
      vertex -18.7535 -10.25 -11.9821
      vertex -14.3768 -10.25 -22.1513
    endloop
  endfacet
  facet normal 0 1 -0
    outer loop
      vertex -15.0885 -10.25 -22.245
      vertex -18.7535 -10.25 -11.9821
      vertex -14.7357 -10.25 -22.1748
    endloop
  endfacet
  facet normal 0 1 -0
    outer loop
      vertex -15.4291 -10.25 -22.3606
      vertex -18.7535 -10.25 -11.9821
      vertex -15.0885 -10.25 -22.245
    endloop
  endfacet
  facet normal 0 1 -0
    outer loop
      vertex -15.7518 -10.25 -22.5197
      vertex -18.7535 -10.25 -11.9821
      vertex -15.4291 -10.25 -22.3606
    endloop
  endfacet
  facet normal 0 1 -0
    outer loop
      vertex -16.0509 -10.25 -22.7196
      vertex -18.7535 -10.25 -11.9821
      vertex -15.7518 -10.25 -22.5197
    endloop
  endfacet
  facet normal 0 1 -0
    outer loop
      vertex -16.3213 -10.25 -22.9567
      vertex -18.7535 -10.25 -11.9821
      vertex -16.0509 -10.25 -22.7196
    endloop
  endfacet
  facet normal 0 1 -0
    outer loop
      vertex -16.5585 -10.25 -23.2272
      vertex -18.7535 -10.25 -11.9821
      vertex -16.3213 -10.25 -22.9567
    endloop
  endfacet
  facet normal 0 1 -0
    outer loop
      vertex -16.7583 -10.25 -23.5263
      vertex -18.7535 -10.25 -11.9821
      vertex -16.5585 -10.25 -23.2272
    endloop
  endfacet
  facet normal 0 1 -0
    outer loop
      vertex -16.9174 -10.25 -23.8489
      vertex -18.7535 -10.25 -11.9821
      vertex -16.7583 -10.25 -23.5263
    endloop
  endfacet
  facet normal 0 1 -0
    outer loop
      vertex -17.0331 -10.25 -24.1895
      vertex -18.7535 -10.25 -11.9821
      vertex -16.9174 -10.25 -23.8489
    endloop
  endfacet
  facet normal 0 1 0
    outer loop
      vertex -33.7535 -10.25 -37.9628
      vertex -17.0331 -10.25 -24.1895
      vertex -17.1032 -10.25 -24.5423
    endloop
  endfacet
  facet normal 0 1 0
    outer loop
      vertex -22.5509 -10.25 -33.9779
      vertex -17.1032 -10.25 -24.5423
      vertex -17.1268 -10.25 -24.9013
    endloop
  endfacet
  facet normal 0 1 0
    outer loop
      vertex -22.2518 -10.25 -33.778
      vertex -17.1268 -10.25 -24.9013
      vertex -17.1032 -10.25 -25.2602
    endloop
  endfacet
  facet normal 0 1 0
    outer loop
      vertex -20.8768 -10.25 -33.4096
      vertex -14.7357 -10.25 -27.6278
      vertex -14.3768 -10.25 -27.6513
    endloop
  endfacet
  facet normal 0 1 0
    outer loop
      vertex -20.8768 -10.25 -33.4096
      vertex -15.0885 -10.25 -27.5576
      vertex -14.7357 -10.25 -27.6278
    endloop
  endfacet
  facet normal 0 1 0
    outer loop
      vertex -20.8768 -10.25 -33.4096
      vertex -15.4291 -10.25 -27.4419
      vertex -15.0885 -10.25 -27.5576
    endloop
  endfacet
  facet normal 0 1 0
    outer loop
      vertex -20.8768 -10.25 -33.4096
      vertex -15.7518 -10.25 -27.2828
      vertex -15.4291 -10.25 -27.4419
    endloop
  endfacet
  facet normal 0 1 0
    outer loop
      vertex -20.8768 -10.25 -33.4096
      vertex -16.0509 -10.25 -27.083
      vertex -15.7518 -10.25 -27.2828
    endloop
  endfacet
  facet normal 0 1 0
    outer loop
      vertex -20.8768 -10.25 -33.4096
      vertex -16.3213 -10.25 -26.8458
      vertex -16.0509 -10.25 -27.083
    endloop
  endfacet
  facet normal 0 1 0
    outer loop
      vertex -20.8768 -10.25 -33.4096
      vertex -16.5585 -10.25 -26.5754
      vertex -16.3213 -10.25 -26.8458
    endloop
  endfacet
  facet normal 0 1 0
    outer loop
      vertex -20.8768 -10.25 -33.4096
      vertex -16.7583 -10.25 -26.2763
      vertex -16.5585 -10.25 -26.5754
    endloop
  endfacet
  facet normal 0 1 0
    outer loop
      vertex -20.8768 -10.25 -33.4096
      vertex -16.9174 -10.25 -25.9537
      vertex -16.7583 -10.25 -26.2763
    endloop
  endfacet
  facet normal 0 1 0
    outer loop
      vertex -21.2357 -10.25 -33.4331
      vertex -16.9174 -10.25 -25.9537
      vertex -20.8768 -10.25 -33.4096
    endloop
  endfacet
  facet normal 0 1 0
    outer loop
      vertex -16.9174 -10.25 -25.9537
      vertex -21.2357 -10.25 -33.4331
      vertex -17.0331 -10.25 -25.613
    endloop
  endfacet
  facet normal 0 1 0
    outer loop
      vertex -21.5885 -10.25 -33.5033
      vertex -17.0331 -10.25 -25.613
      vertex -21.2357 -10.25 -33.4331
    endloop
  endfacet
  facet normal 0 1 0
    outer loop
      vertex -17.0331 -10.25 -25.613
      vertex -21.5885 -10.25 -33.5033
      vertex -17.1032 -10.25 -25.2602
    endloop
  endfacet
  facet normal 0 1 0
    outer loop
      vertex -21.9291 -10.25 -33.6189
      vertex -17.1032 -10.25 -25.2602
      vertex -21.5885 -10.25 -33.5033
    endloop
  endfacet
  facet normal 0 1 0
    outer loop
      vertex -22.2518 -10.25 -33.778
      vertex -17.1032 -10.25 -25.2602
      vertex -21.9291 -10.25 -33.6189
    endloop
  endfacet
  facet normal 0 1 0
    outer loop
      vertex -17.1268 -10.25 -24.9013
      vertex -22.2518 -10.25 -33.778
      vertex -22.5509 -10.25 -33.9779
    endloop
  endfacet
  facet normal 0 1 0
    outer loop
      vertex -17.1032 -10.25 -24.5423
      vertex -22.5509 -10.25 -33.9779
      vertex -33.7535 -10.25 -37.9628
    endloop
  endfacet
  facet normal 0 1 0
    outer loop
      vertex -33.7535 -10.25 -37.9628
      vertex -22.5509 -10.25 -33.9779
      vertex -22.8213 -10.25 -34.2151
    endloop
  endfacet
  facet normal 0 1 0
    outer loop
      vertex -33.7535 -10.25 -37.9628
      vertex -22.8213 -10.25 -34.2151
      vertex -23.0585 -10.25 -34.4855
    endloop
  endfacet
  facet normal 0 1 0
    outer loop
      vertex -33.7535 -10.25 -37.9628
      vertex -23.0585 -10.25 -34.4855
      vertex -23.2583 -10.25 -34.7846
    endloop
  endfacet
  facet normal 0 1 0
    outer loop
      vertex -33.7535 -10.25 -37.9628
      vertex -23.2583 -10.25 -34.7846
      vertex -23.4174 -10.25 -35.1072
    endloop
  endfacet
  facet normal 0 1 0
    outer loop
      vertex -33.7535 -10.25 -37.9628
      vertex -23.4174 -10.25 -35.1072
      vertex -23.5331 -10.25 -35.4479
    endloop
  endfacet
  facet normal 0 1 0
    outer loop
      vertex -17.0331 -10.25 -24.1895
      vertex -33.7535 -10.25 -37.9628
      vertex -18.7535 -10.25 -11.9821
    endloop
  endfacet
  facet normal 0 1 -0
    outer loop
      vertex -23.6032 -10.25 -35.8007
      vertex -33.7535 -10.25 -37.9628
      vertex -23.5331 -10.25 -35.4479
    endloop
  endfacet
  facet normal 0 1 -0
    outer loop
      vertex -23.6268 -10.25 -36.1596
      vertex -33.7535 -10.25 -37.9628
      vertex -23.6032 -10.25 -35.8007
    endloop
  endfacet
  facet normal 0 1 0
    outer loop
      vertex -23.6032 -10.25 -36.5186
      vertex -33.7535 -10.25 -37.9628
      vertex -23.6268 -10.25 -36.1596
    endloop
  endfacet
  facet normal 0 1 0
    outer loop
      vertex -23.5331 -10.25 -36.8714
      vertex -33.7535 -10.25 -37.9628
      vertex -23.6032 -10.25 -36.5186
    endloop
  endfacet
  facet normal 0 1 0
    outer loop
      vertex -23.4174 -10.25 -37.212
      vertex -33.7535 -10.25 -37.9628
      vertex -23.5331 -10.25 -36.8714
    endloop
  endfacet
  facet normal 0 1 0
    outer loop
      vertex -23.2583 -10.25 -37.5346
      vertex -33.7535 -10.25 -37.9628
      vertex -23.4174 -10.25 -37.212
    endloop
  endfacet
  facet normal 0 1 0
    outer loop
      vertex -23.0585 -10.25 -37.8337
      vertex -33.7535 -10.25 -37.9628
      vertex -23.2583 -10.25 -37.5346
    endloop
  endfacet
  facet normal 0 1 0
    outer loop
      vertex -22.8213 -10.25 -38.1042
      vertex -33.7535 -10.25 -37.9628
      vertex -23.0585 -10.25 -37.8337
    endloop
  endfacet
  facet normal 0 1 0
    outer loop
      vertex -22.5509 -10.25 -38.3413
      vertex -33.7535 -10.25 -37.9628
      vertex -22.8213 -10.25 -38.1042
    endloop
  endfacet
  facet normal 0 1 0
    outer loop
      vertex -22.2518 -10.25 -38.5412
      vertex -33.7535 -10.25 -37.9628
      vertex -22.5509 -10.25 -38.3413
    endloop
  endfacet
  facet normal 0 1 0
    outer loop
      vertex -16 -10.25 -48.2128
      vertex -22.2518 -10.25 -38.5412
      vertex -21.9291 -10.25 -38.7003
    endloop
  endfacet
  facet normal 0 1 0
    outer loop
      vertex -16 -10.25 -48.2128
      vertex -21.9291 -10.25 -38.7003
      vertex -21.5885 -10.25 -38.8159
    endloop
  endfacet
  facet normal 0 1 0
    outer loop
      vertex -16 -10.25 -48.2128
      vertex -21.5885 -10.25 -38.8159
      vertex -21.2357 -10.25 -38.8861
    endloop
  endfacet
  facet normal 0 1 0
    outer loop
      vertex -22.2518 -10.25 -38.5412
      vertex -16 -10.25 -48.2128
      vertex -33.7535 -10.25 -37.9628
    endloop
  endfacet
  facet normal 0 1 0
    outer loop
      vertex -16 -10.25 -48.2128
      vertex -21.2357 -10.25 -38.8861
      vertex -20.8768 -10.25 -38.9096
    endloop
  endfacet
  facet normal -0.947373 0 0.320131
    outer loop
      vertex -37.2176 -14.25 -35.9628
      vertex -20.25 14.25 14.25
      vertex -37.2176 14.25 -35.9628
    endloop
  endfacet
  facet normal -0.947373 0 0.320131
    outer loop
      vertex -20.25 14.25 14.25
      vertex -37.2176 -14.25 -35.9628
      vertex -20.25 -14.25 14.25
    endloop
  endfacet
  facet normal 0 0 -1
    outer loop
      vertex -12.5359 -14.25 -50.2128
      vertex 12.5359 14.25 -50.2128
      vertex 12.5359 -14.25 -50.2128
    endloop
  endfacet
  facet normal -0 0 -1
    outer loop
      vertex 12.5359 14.25 -50.2128
      vertex -12.5359 -14.25 -50.2128
      vertex -12.5359 14.25 -50.2128
    endloop
  endfacet
  facet normal 0 -1 -0
    outer loop
      vertex -14.7357 -14.25 -27.6278
      vertex -18.695 -14.25 -34.4855
      vertex -14.3768 -14.25 -27.6513
    endloop
  endfacet
  facet normal 0 -1 0
    outer loop
      vertex 13.0018 -14.25 -27.2828
      vertex 20.5178 -14.25 -33.4331
      vertex 20.8768 -14.25 -33.4096
    endloop
  endfacet
  facet normal 0 -1 0
    outer loop
      vertex -18.4952 -14.25 -34.7846
      vertex -14.3768 -14.25 -27.6513
      vertex -18.695 -14.25 -34.4855
    endloop
  endfacet
  facet normal 0 -1 0
    outer loop
      vertex 13.0018 -14.25 -27.2828
      vertex 20.165 -14.25 -33.5033
      vertex 20.5178 -14.25 -33.4331
    endloop
  endfacet
  facet normal 0 -1 -0
    outer loop
      vertex -14.3768 -14.25 -27.6513
      vertex -18.4952 -14.25 -34.7846
      vertex -14.0178 -14.25 -27.6278
    endloop
  endfacet
  facet normal 0 -1 0
    outer loop
      vertex 13.0018 -14.25 -27.2828
      vertex 19.8244 -14.25 -33.6189
      vertex 20.165 -14.25 -33.5033
    endloop
  endfacet
  facet normal 0 -1 0
    outer loop
      vertex -18.3361 -14.25 -35.1072
      vertex -14.0178 -14.25 -27.6278
      vertex -18.4952 -14.25 -34.7846
    endloop
  endfacet
  facet normal 0 -1 0
    outer loop
      vertex 13.0018 -14.25 -27.2828
      vertex 19.5018 -14.25 -33.778
      vertex 19.8244 -14.25 -33.6189
    endloop
  endfacet
  facet normal 0 -1 -0
    outer loop
      vertex -14.0178 -14.25 -27.6278
      vertex -18.3361 -14.25 -35.1072
      vertex -13.665 -14.25 -27.5576
    endloop
  endfacet
  facet normal 0 -1 0
    outer loop
      vertex 13.0018 -14.25 -27.2828
      vertex 19.2027 -14.25 -33.9779
      vertex 19.5018 -14.25 -33.778
    endloop
  endfacet
  facet normal 0 -1 0
    outer loop
      vertex -18.2205 -14.25 -35.4479
      vertex -13.665 -14.25 -27.5576
      vertex -18.3361 -14.25 -35.1072
    endloop
  endfacet
  facet normal 0 -1 0
    outer loop
      vertex 13.0018 -14.25 -27.2828
      vertex 18.9322 -14.25 -34.2151
      vertex 19.2027 -14.25 -33.9779
    endloop
  endfacet
  facet normal 0 -1 -0
    outer loop
      vertex -13.665 -14.25 -27.5576
      vertex -18.2205 -14.25 -35.4479
      vertex -13.3244 -14.25 -27.4419
    endloop
  endfacet
  facet normal 0 -1 0
    outer loop
      vertex 13.0018 -14.25 -27.2828
      vertex 18.695 -14.25 -34.4855
      vertex 18.9322 -14.25 -34.2151
    endloop
  endfacet
  facet normal 0 -1 0
    outer loop
      vertex -18.1503 -14.25 -35.8007
      vertex -13.3244 -14.25 -27.4419
      vertex -18.2205 -14.25 -35.4479
    endloop
  endfacet
  facet normal 0 -1 0
    outer loop
      vertex 13.0018 -14.25 -27.2828
      vertex 18.4952 -14.25 -34.7846
      vertex 18.695 -14.25 -34.4855
    endloop
  endfacet
  facet normal 0 -1 -0
    outer loop
      vertex -13.3244 -14.25 -27.4419
      vertex -18.1503 -14.25 -35.8007
      vertex -13.0018 -14.25 -27.2828
    endloop
  endfacet
  facet normal 0 -1 0
    outer loop
      vertex 13.0018 -14.25 -27.2828
      vertex 18.3361 -14.25 -35.1072
      vertex 18.4952 -14.25 -34.7846
    endloop
  endfacet
  facet normal 0 -1 0
    outer loop
      vertex -18.1268 -14.25 -36.1596
      vertex -13.0018 -14.25 -27.2828
      vertex -18.1503 -14.25 -35.8007
    endloop
  endfacet
  facet normal 0 -1 0
    outer loop
      vertex 13.0018 -14.25 -27.2828
      vertex 18.2205 -14.25 -35.4479
      vertex 18.3361 -14.25 -35.1072
    endloop
  endfacet
  facet normal 0 -1 0
    outer loop
      vertex -18.1503 -14.25 -36.5186
      vertex -13.0018 -14.25 -27.2828
      vertex -18.1268 -14.25 -36.1596
    endloop
  endfacet
  facet normal 0 -1 0
    outer loop
      vertex 13.0018 -14.25 -27.2828
      vertex 18.1503 -14.25 -35.8007
      vertex 18.2205 -14.25 -35.4479
    endloop
  endfacet
  facet normal 0 -1 0
    outer loop
      vertex -13.0018 -14.25 -27.2828
      vertex -12.5359 -14.25 -50.2128
      vertex 13.0018 -14.25 -27.2828
    endloop
  endfacet
  facet normal 0 -1 0
    outer loop
      vertex 13.0018 -14.25 -27.2828
      vertex 18.1268 -14.25 -36.1596
      vertex 18.1503 -14.25 -35.8007
    endloop
  endfacet
  facet normal 0 -1 -0
    outer loop
      vertex -13.0018 -14.25 -27.2828
      vertex -18.1503 -14.25 -36.5186
      vertex -12.5359 -14.25 -50.2128
    endloop
  endfacet
  facet normal 0 -1 0
    outer loop
      vertex 12.5359 -14.25 -50.2128
      vertex 13.0018 -14.25 -27.2828
      vertex -12.5359 -14.25 -50.2128
    endloop
  endfacet
  facet normal 0 -1 0
    outer loop
      vertex -12.5359 -14.25 -50.2128
      vertex -18.1503 -14.25 -36.5186
      vertex -18.2205 -14.25 -36.8714
    endloop
  endfacet
  facet normal -0 -1 0
    outer loop
      vertex 18.1503 -14.25 -36.5186
      vertex 13.0018 -14.25 -27.2828
      vertex 12.5359 -14.25 -50.2128
    endloop
  endfacet
  facet normal 0 -1 0
    outer loop
      vertex -12.5359 -14.25 -50.2128
      vertex -18.2205 -14.25 -36.8714
      vertex -18.3361 -14.25 -37.212
    endloop
  endfacet
  facet normal 0 -1 0
    outer loop
      vertex 13.0018 -14.25 -27.2828
      vertex 18.1503 -14.25 -36.5186
      vertex 18.1268 -14.25 -36.1596
    endloop
  endfacet
  facet normal 0 -1 0
    outer loop
      vertex -12.5359 -14.25 -50.2128
      vertex -18.3361 -14.25 -37.212
      vertex -18.4952 -14.25 -37.5346
    endloop
  endfacet
  facet normal 0 -1 -0
    outer loop
      vertex 18.1503 -14.25 -36.5186
      vertex 12.5359 -14.25 -50.2128
      vertex 18.2205 -14.25 -36.8714
    endloop
  endfacet
  facet normal 0 -1 0
    outer loop
      vertex -12.5359 -14.25 -50.2128
      vertex -18.4952 -14.25 -37.5346
      vertex -18.695 -14.25 -37.8337
    endloop
  endfacet
  facet normal 0 -1 -0
    outer loop
      vertex 18.2205 -14.25 -36.8714
      vertex 12.5359 -14.25 -50.2128
      vertex 18.3361 -14.25 -37.212
    endloop
  endfacet
  facet normal 0 -1 0
    outer loop
      vertex -12.5359 -14.25 -50.2128
      vertex -18.695 -14.25 -37.8337
      vertex -18.9322 -14.25 -38.1042
    endloop
  endfacet
  facet normal 0 -1 -0
    outer loop
      vertex 18.3361 -14.25 -37.212
      vertex 12.5359 -14.25 -50.2128
      vertex 18.4952 -14.25 -37.5346
    endloop
  endfacet
  facet normal 0 -1 0
    outer loop
      vertex -12.5359 -14.25 -50.2128
      vertex -18.9322 -14.25 -38.1042
      vertex -19.2027 -14.25 -38.3413
    endloop
  endfacet
  facet normal 0 -1 -0
    outer loop
      vertex 18.4952 -14.25 -37.5346
      vertex 12.5359 -14.25 -50.2128
      vertex 18.695 -14.25 -37.8337
    endloop
  endfacet
  facet normal 0 -1 0
    outer loop
      vertex -12.5359 -14.25 -50.2128
      vertex -19.2027 -14.25 -38.3413
      vertex -19.5018 -14.25 -38.5412
    endloop
  endfacet
  facet normal 0 -1 -0
    outer loop
      vertex 18.695 -14.25 -37.8337
      vertex 12.5359 -14.25 -50.2128
      vertex 18.9322 -14.25 -38.1042
    endloop
  endfacet
  facet normal 0 -1 0
    outer loop
      vertex -12.5359 -14.25 -50.2128
      vertex -19.5018 -14.25 -38.5412
      vertex -19.8244 -14.25 -38.7003
    endloop
  endfacet
  facet normal 0 -1 -0
    outer loop
      vertex 18.9322 -14.25 -38.1042
      vertex 12.5359 -14.25 -50.2128
      vertex 19.2027 -14.25 -38.3413
    endloop
  endfacet
  facet normal 0 -1 0
    outer loop
      vertex -12.5359 -14.25 -50.2128
      vertex -19.8244 -14.25 -38.7003
      vertex -20.165 -14.25 -38.8159
    endloop
  endfacet
  facet normal 0 -1 -0
    outer loop
      vertex 19.2027 -14.25 -38.3413
      vertex 12.5359 -14.25 -50.2128
      vertex 19.5018 -14.25 -38.5412
    endloop
  endfacet
  facet normal 0 -1 0
    outer loop
      vertex -12.5359 -14.25 -50.2128
      vertex -20.165 -14.25 -38.8159
      vertex -20.5178 -14.25 -38.8861
    endloop
  endfacet
  facet normal 0 -1 -0
    outer loop
      vertex 19.5018 -14.25 -38.5412
      vertex 12.5359 -14.25 -50.2128
      vertex 19.8244 -14.25 -38.7003
    endloop
  endfacet
  facet normal 0 -1 0
    outer loop
      vertex -12.5359 -14.25 -50.2128
      vertex -20.5178 -14.25 -38.8861
      vertex -20.8768 -14.25 -38.9096
    endloop
  endfacet
  facet normal 0 -1 -0
    outer loop
      vertex 19.8244 -14.25 -38.7003
      vertex 12.5359 -14.25 -50.2128
      vertex 20.165 -14.25 -38.8159
    endloop
  endfacet
  facet normal 0 -1 0
    outer loop
      vertex -13.3244 -14.25 -22.3606
      vertex -20.25 -14.25 14.25
      vertex -13.665 -14.25 -22.245
    endloop
  endfacet
  facet normal 0 -1 0
    outer loop
      vertex 20.25 -14.25 14.25
      vertex 14.0178 -14.25 -22.1748
      vertex 14.3768 -14.25 -22.1513
    endloop
  endfacet
  facet normal 0 -1 0
    outer loop
      vertex -13.0018 -14.25 -22.5197
      vertex -20.25 -14.25 14.25
      vertex -13.3244 -14.25 -22.3606
    endloop
  endfacet
  facet normal 0 -1 0
    outer loop
      vertex 20.25 -14.25 14.25
      vertex 13.665 -14.25 -22.245
      vertex 14.0178 -14.25 -22.1748
    endloop
  endfacet
  facet normal 0 -1 0
    outer loop
      vertex -20.25 -14.25 14.25
      vertex -13.0018 -14.25 -22.5197
      vertex 20.25 -14.25 14.25
    endloop
  endfacet
  facet normal 0 -1 0
    outer loop
      vertex 20.25 -14.25 14.25
      vertex 13.3244 -14.25 -22.3606
      vertex 13.665 -14.25 -22.245
    endloop
  endfacet
  facet normal 0 -1 0
    outer loop
      vertex 13.0018 -14.25 -22.5197
      vertex 20.25 -14.25 14.25
      vertex -13.0018 -14.25 -22.5197
    endloop
  endfacet
  facet normal 0 -1 0
    outer loop
      vertex 20.25 -14.25 14.25
      vertex 13.0018 -14.25 -22.5197
      vertex 13.3244 -14.25 -22.3606
    endloop
  endfacet
  facet normal 0 -1 0
    outer loop
      vertex -12.7027 -14.25 -22.7196
      vertex 13.0018 -14.25 -22.5197
      vertex -13.0018 -14.25 -22.5197
    endloop
  endfacet
  facet normal 0 -1 0
    outer loop
      vertex -12.7027 -14.25 -22.7196
      vertex 12.7027 -14.25 -22.7196
      vertex 13.0018 -14.25 -22.5197
    endloop
  endfacet
  facet normal 0 -1 0
    outer loop
      vertex -12.4322 -14.25 -22.9567
      vertex 12.7027 -14.25 -22.7196
      vertex -12.7027 -14.25 -22.7196
    endloop
  endfacet
  facet normal 0 -1 0
    outer loop
      vertex -12.4322 -14.25 -22.9567
      vertex 12.4322 -14.25 -22.9567
      vertex 12.7027 -14.25 -22.7196
    endloop
  endfacet
  facet normal 0 -1 0
    outer loop
      vertex -12.195 -14.25 -23.2272
      vertex 12.4322 -14.25 -22.9567
      vertex -12.4322 -14.25 -22.9567
    endloop
  endfacet
  facet normal 0 -1 0
    outer loop
      vertex -12.195 -14.25 -23.2272
      vertex 12.195 -14.25 -23.2272
      vertex 12.4322 -14.25 -22.9567
    endloop
  endfacet
  facet normal 0 -1 0
    outer loop
      vertex -11.9952 -14.25 -23.5263
      vertex 12.195 -14.25 -23.2272
      vertex -12.195 -14.25 -23.2272
    endloop
  endfacet
  facet normal 0 -1 0
    outer loop
      vertex -11.9952 -14.25 -23.5263
      vertex 11.9952 -14.25 -23.5263
      vertex 12.195 -14.25 -23.2272
    endloop
  endfacet
  facet normal 0 -1 0
    outer loop
      vertex -11.8361 -14.25 -23.8489
      vertex 11.9952 -14.25 -23.5263
      vertex -11.9952 -14.25 -23.5263
    endloop
  endfacet
  facet normal 0 -1 0
    outer loop
      vertex -11.8361 -14.25 -23.8489
      vertex 11.8361 -14.25 -23.8489
      vertex 11.9952 -14.25 -23.5263
    endloop
  endfacet
  facet normal 0 -1 0
    outer loop
      vertex -11.7205 -14.25 -24.1895
      vertex 11.8361 -14.25 -23.8489
      vertex -11.8361 -14.25 -23.8489
    endloop
  endfacet
  facet normal 0 -1 0
    outer loop
      vertex -11.7205 -14.25 -24.1895
      vertex 11.7205 -14.25 -24.1895
      vertex 11.8361 -14.25 -23.8489
    endloop
  endfacet
  facet normal 0 -1 0
    outer loop
      vertex -11.6503 -14.25 -24.5423
      vertex 11.7205 -14.25 -24.1895
      vertex -11.7205 -14.25 -24.1895
    endloop
  endfacet
  facet normal 0 -1 0
    outer loop
      vertex -11.6503 -14.25 -24.5423
      vertex 11.6503 -14.25 -24.5423
      vertex 11.7205 -14.25 -24.1895
    endloop
  endfacet
  facet normal 0 -1 0
    outer loop
      vertex -11.6268 -14.25 -24.9013
      vertex 11.6503 -14.25 -24.5423
      vertex -11.6503 -14.25 -24.5423
    endloop
  endfacet
  facet normal 0 -1 0
    outer loop
      vertex -11.6268 -14.25 -24.9013
      vertex 11.6268 -14.25 -24.9013
      vertex 11.6503 -14.25 -24.5423
    endloop
  endfacet
  facet normal 0 -1 0
    outer loop
      vertex -11.6503 -14.25 -25.2602
      vertex 11.6268 -14.25 -24.9013
      vertex -11.6268 -14.25 -24.9013
    endloop
  endfacet
  facet normal 0 -1 0
    outer loop
      vertex -11.6503 -14.25 -25.2602
      vertex 11.6503 -14.25 -25.2602
      vertex 11.6268 -14.25 -24.9013
    endloop
  endfacet
  facet normal 0 -1 0
    outer loop
      vertex -11.7205 -14.25 -25.613
      vertex 11.6503 -14.25 -25.2602
      vertex -11.6503 -14.25 -25.2602
    endloop
  endfacet
  facet normal 0 -1 0
    outer loop
      vertex -11.7205 -14.25 -25.613
      vertex 11.7205 -14.25 -25.613
      vertex 11.6503 -14.25 -25.2602
    endloop
  endfacet
  facet normal 0 -1 0
    outer loop
      vertex -11.8361 -14.25 -25.9537
      vertex 11.7205 -14.25 -25.613
      vertex -11.7205 -14.25 -25.613
    endloop
  endfacet
  facet normal 0 -1 0
    outer loop
      vertex -11.8361 -14.25 -25.9537
      vertex 11.8361 -14.25 -25.9537
      vertex 11.7205 -14.25 -25.613
    endloop
  endfacet
  facet normal 0 -1 0
    outer loop
      vertex -11.9952 -14.25 -26.2763
      vertex 11.8361 -14.25 -25.9537
      vertex -11.8361 -14.25 -25.9537
    endloop
  endfacet
  facet normal 0 -1 0
    outer loop
      vertex -11.9952 -14.25 -26.2763
      vertex 11.9952 -14.25 -26.2763
      vertex 11.8361 -14.25 -25.9537
    endloop
  endfacet
  facet normal 0 -1 0
    outer loop
      vertex -12.195 -14.25 -26.5754
      vertex 11.9952 -14.25 -26.2763
      vertex -11.9952 -14.25 -26.2763
    endloop
  endfacet
  facet normal 0 -1 0
    outer loop
      vertex -12.195 -14.25 -26.5754
      vertex 12.195 -14.25 -26.5754
      vertex 11.9952 -14.25 -26.2763
    endloop
  endfacet
  facet normal 0 -1 0
    outer loop
      vertex -12.4322 -14.25 -26.8458
      vertex 12.195 -14.25 -26.5754
      vertex -12.195 -14.25 -26.5754
    endloop
  endfacet
  facet normal 0 -1 0
    outer loop
      vertex -12.4322 -14.25 -26.8458
      vertex 12.4322 -14.25 -26.8458
      vertex 12.195 -14.25 -26.5754
    endloop
  endfacet
  facet normal 0 -1 0
    outer loop
      vertex -12.7027 -14.25 -27.083
      vertex 12.4322 -14.25 -26.8458
      vertex -12.4322 -14.25 -26.8458
    endloop
  endfacet
  facet normal 0 -1 0
    outer loop
      vertex -12.7027 -14.25 -27.083
      vertex 12.7027 -14.25 -27.083
      vertex 12.4322 -14.25 -26.8458
    endloop
  endfacet
  facet normal 0 -1 0
    outer loop
      vertex -13.0018 -14.25 -27.2828
      vertex 12.7027 -14.25 -27.083
      vertex -12.7027 -14.25 -27.083
    endloop
  endfacet
  facet normal 0 -1 0
    outer loop
      vertex -13.0018 -14.25 -27.2828
      vertex 13.0018 -14.25 -27.2828
      vertex 12.7027 -14.25 -27.083
    endloop
  endfacet
  facet normal 0 -1 0
    outer loop
      vertex -18.9322 -14.25 -34.2151
      vertex -15.0885 -14.25 -27.5576
      vertex -19.2027 -14.25 -33.9779
    endloop
  endfacet
  facet normal 0 -1 -0
    outer loop
      vertex -15.0885 -14.25 -27.5576
      vertex -18.9322 -14.25 -34.2151
      vertex -14.7357 -14.25 -27.6278
    endloop
  endfacet
  facet normal 0 -1 -0
    outer loop
      vertex -15.4291 -14.25 -27.4419
      vertex -19.2027 -14.25 -33.9779
      vertex -15.0885 -14.25 -27.5576
    endloop
  endfacet
  facet normal 0 -1 0
    outer loop
      vertex -18.695 -14.25 -34.4855
      vertex -14.7357 -14.25 -27.6278
      vertex -18.9322 -14.25 -34.2151
    endloop
  endfacet
  facet normal 0 -1 0
    outer loop
      vertex -19.2027 -14.25 -33.9779
      vertex -15.4291 -14.25 -27.4419
      vertex -19.5018 -14.25 -33.778
    endloop
  endfacet
  facet normal 0 -1 0
    outer loop
      vertex 13.0018 -14.25 -27.2828
      vertex 20.8768 -14.25 -33.4096
      vertex 13.3244 -14.25 -27.4419
    endloop
  endfacet
  facet normal 0 -1 -0
    outer loop
      vertex -15.7518 -14.25 -27.2828
      vertex -19.5018 -14.25 -33.778
      vertex -15.4291 -14.25 -27.4419
    endloop
  endfacet
  facet normal 0 -1 0
    outer loop
      vertex 13.3244 -14.25 -27.4419
      vertex 20.8768 -14.25 -33.4096
      vertex 13.665 -14.25 -27.5576
    endloop
  endfacet
  facet normal 0 -1 0
    outer loop
      vertex -14.0178 -14.25 -22.1748
      vertex -20.25 -14.25 14.25
      vertex -14.3768 -14.25 -22.1513
    endloop
  endfacet
  facet normal 0 -1 0
    outer loop
      vertex -20.25 -14.25 14.25
      vertex -14.7357 -14.25 -22.1748
      vertex -14.3768 -14.25 -22.1513
    endloop
  endfacet
  facet normal 0 -1 0
    outer loop
      vertex -20.25 -14.25 14.25
      vertex -15.0885 -14.25 -22.245
      vertex -14.7357 -14.25 -22.1748
    endloop
  endfacet
  facet normal 0 -1 0
    outer loop
      vertex -20.25 -14.25 14.25
      vertex -15.4291 -14.25 -22.3606
      vertex -15.0885 -14.25 -22.245
    endloop
  endfacet
  facet normal 0 -1 0
    outer loop
      vertex -20.25 -14.25 14.25
      vertex -15.7518 -14.25 -22.5197
      vertex -15.4291 -14.25 -22.3606
    endloop
  endfacet
  facet normal 0 -1 0
    outer loop
      vertex -20.25 -14.25 14.25
      vertex -16.0509 -14.25 -22.7196
      vertex -15.7518 -14.25 -22.5197
    endloop
  endfacet
  facet normal 0 -1 0
    outer loop
      vertex -20.25 -14.25 14.25
      vertex -16.3213 -14.25 -22.9567
      vertex -16.0509 -14.25 -22.7196
    endloop
  endfacet
  facet normal 0 -1 0
    outer loop
      vertex -20.25 -14.25 14.25
      vertex -16.5585 -14.25 -23.2272
      vertex -16.3213 -14.25 -22.9567
    endloop
  endfacet
  facet normal 0 -1 0
    outer loop
      vertex -37.2176 -14.25 -35.9628
      vertex -16.5585 -14.25 -23.2272
      vertex -20.25 -14.25 14.25
    endloop
  endfacet
  facet normal 0 -1 0
    outer loop
      vertex -16.5585 -14.25 -23.2272
      vertex -37.2176 -14.25 -35.9628
      vertex -16.7583 -14.25 -23.5263
    endloop
  endfacet
  facet normal 0 -1 0
    outer loop
      vertex -16.7583 -14.25 -23.5263
      vertex -37.2176 -14.25 -35.9628
      vertex -16.9174 -14.25 -23.8489
    endloop
  endfacet
  facet normal 0 -1 0
    outer loop
      vertex -16.9174 -14.25 -23.8489
      vertex -37.2176 -14.25 -35.9628
      vertex -17.0331 -14.25 -24.1895
    endloop
  endfacet
  facet normal 0 -1 0
    outer loop
      vertex -17.0331 -14.25 -24.1895
      vertex -37.2176 -14.25 -35.9628
      vertex -17.1032 -14.25 -24.5423
    endloop
  endfacet
  facet normal -0 -1 0
    outer loop
      vertex -22.5509 -14.25 -33.9779
      vertex -17.1032 -14.25 -24.5423
      vertex -37.2176 -14.25 -35.9628
    endloop
  endfacet
  facet normal 0 -1 0
    outer loop
      vertex 13.665 -14.25 -27.5576
      vertex 20.8768 -14.25 -33.4096
      vertex 14.0178 -14.25 -27.6278
    endloop
  endfacet
  facet normal 0 -1 0
    outer loop
      vertex -19.5018 -14.25 -33.778
      vertex -15.7518 -14.25 -27.2828
      vertex -19.8244 -14.25 -33.6189
    endloop
  endfacet
  facet normal 0 -1 -0
    outer loop
      vertex -16.0509 -14.25 -27.083
      vertex -19.8244 -14.25 -33.6189
      vertex -15.7518 -14.25 -27.2828
    endloop
  endfacet
  facet normal 0 -1 0
    outer loop
      vertex -19.8244 -14.25 -33.6189
      vertex -16.0509 -14.25 -27.083
      vertex -20.165 -14.25 -33.5033
    endloop
  endfacet
  facet normal 0 -1 -0
    outer loop
      vertex -16.3213 -14.25 -26.8458
      vertex -20.165 -14.25 -33.5033
      vertex -16.0509 -14.25 -27.083
    endloop
  endfacet
  facet normal 0 -1 0
    outer loop
      vertex -20.165 -14.25 -33.5033
      vertex -16.3213 -14.25 -26.8458
      vertex -20.5178 -14.25 -33.4331
    endloop
  endfacet
  facet normal 0 -1 -0
    outer loop
      vertex -16.5585 -14.25 -26.5754
      vertex -20.5178 -14.25 -33.4331
      vertex -16.3213 -14.25 -26.8458
    endloop
  endfacet
  facet normal 0 -1 0
    outer loop
      vertex -20.5178 -14.25 -33.4331
      vertex -16.5585 -14.25 -26.5754
      vertex -20.8768 -14.25 -33.4096
    endloop
  endfacet
  facet normal 0 -1 -0
    outer loop
      vertex -16.7583 -14.25 -26.2763
      vertex -20.8768 -14.25 -33.4096
      vertex -16.5585 -14.25 -26.5754
    endloop
  endfacet
  facet normal 0 -1 -0
    outer loop
      vertex -16.9174 -14.25 -25.9537
      vertex -20.8768 -14.25 -33.4096
      vertex -16.7583 -14.25 -26.2763
    endloop
  endfacet
  facet normal 0 -1 0
    outer loop
      vertex -21.2357 -14.25 -33.4331
      vertex -16.9174 -14.25 -25.9537
      vertex -17.0331 -14.25 -25.613
    endloop
  endfacet
  facet normal 0 -1 0
    outer loop
      vertex -21.5885 -14.25 -33.5033
      vertex -17.0331 -14.25 -25.613
      vertex -17.1032 -14.25 -25.2602
    endloop
  endfacet
  facet normal 0 -1 0
    outer loop
      vertex -17.1032 -14.25 -24.5423
      vertex -22.5509 -14.25 -33.9779
      vertex -17.1268 -14.25 -24.9013
    endloop
  endfacet
  facet normal 0 -1 0
    outer loop
      vertex -16.9174 -14.25 -25.9537
      vertex -21.2357 -14.25 -33.4331
      vertex -20.8768 -14.25 -33.4096
    endloop
  endfacet
  facet normal 0 -1 0
    outer loop
      vertex -17.0331 -14.25 -25.613
      vertex -21.5885 -14.25 -33.5033
      vertex -21.2357 -14.25 -33.4331
    endloop
  endfacet
  facet normal 0 -1 0
    outer loop
      vertex -17.1032 -14.25 -25.2602
      vertex -21.9291 -14.25 -33.6189
      vertex -21.5885 -14.25 -33.5033
    endloop
  endfacet
  facet normal -0 -1 0
    outer loop
      vertex -22.2518 -14.25 -33.778
      vertex -17.1268 -14.25 -24.9013
      vertex -22.5509 -14.25 -33.9779
    endloop
  endfacet
  facet normal 0 -1 0
    outer loop
      vertex -17.1032 -14.25 -25.2602
      vertex -22.2518 -14.25 -33.778
      vertex -21.9291 -14.25 -33.6189
    endloop
  endfacet
  facet normal 0 -1 -0
    outer loop
      vertex -17.1268 -14.25 -24.9013
      vertex -22.2518 -14.25 -33.778
      vertex -17.1032 -14.25 -25.2602
    endloop
  endfacet
  facet normal 0 -1 0
    outer loop
      vertex -22.5509 -14.25 -33.9779
      vertex -37.2176 -14.25 -35.9628
      vertex -22.8213 -14.25 -34.2151
    endloop
  endfacet
  facet normal 0 -1 0
    outer loop
      vertex -22.8213 -14.25 -34.2151
      vertex -37.2176 -14.25 -35.9628
      vertex -23.0585 -14.25 -34.4855
    endloop
  endfacet
  facet normal 0 -1 0
    outer loop
      vertex -23.0585 -14.25 -34.4855
      vertex -37.2176 -14.25 -35.9628
      vertex -23.2583 -14.25 -34.7846
    endloop
  endfacet
  facet normal 0 -1 0
    outer loop
      vertex -23.2583 -14.25 -34.7846
      vertex -37.2176 -14.25 -35.9628
      vertex -23.4174 -14.25 -35.1072
    endloop
  endfacet
  facet normal 0 -1 0
    outer loop
      vertex -23.4174 -14.25 -35.1072
      vertex -37.2176 -14.25 -35.9628
      vertex -23.5331 -14.25 -35.4479
    endloop
  endfacet
  facet normal 0 -1 0
    outer loop
      vertex -23.5331 -14.25 -35.4479
      vertex -37.2176 -14.25 -35.9628
      vertex -23.6032 -14.25 -35.8007
    endloop
  endfacet
  facet normal 0 -1 0
    outer loop
      vertex -37.2176 -14.25 -35.9628
      vertex -23.6268 -14.25 -36.1596
      vertex -23.6032 -14.25 -35.8007
    endloop
  endfacet
  facet normal 0 -1 0
    outer loop
      vertex -37.2176 -14.25 -35.9628
      vertex -23.6032 -14.25 -36.5186
      vertex -23.6268 -14.25 -36.1596
    endloop
  endfacet
  facet normal 0 -1 0
    outer loop
      vertex -37.2176 -14.25 -35.9628
      vertex -23.5331 -14.25 -36.8714
      vertex -23.6032 -14.25 -36.5186
    endloop
  endfacet
  facet normal 0 -1 0
    outer loop
      vertex -37.2176 -14.25 -35.9628
      vertex -23.4174 -14.25 -37.212
      vertex -23.5331 -14.25 -36.8714
    endloop
  endfacet
  facet normal 0 -1 0
    outer loop
      vertex -37.2176 -14.25 -35.9628
      vertex -23.2583 -14.25 -37.5346
      vertex -23.4174 -14.25 -37.212
    endloop
  endfacet
  facet normal 0 -1 0
    outer loop
      vertex -37.2176 -14.25 -35.9628
      vertex -23.0585 -14.25 -37.8337
      vertex -23.2583 -14.25 -37.5346
    endloop
  endfacet
  facet normal 0 -1 0
    outer loop
      vertex -37.2176 -14.25 -35.9628
      vertex -22.8213 -14.25 -38.1042
      vertex -23.0585 -14.25 -37.8337
    endloop
  endfacet
  facet normal 0 -1 0
    outer loop
      vertex -37.2176 -14.25 -35.9628
      vertex -22.5509 -14.25 -38.3413
      vertex -22.8213 -14.25 -38.1042
    endloop
  endfacet
  facet normal 0 -1 0
    outer loop
      vertex -37.2176 -14.25 -35.9628
      vertex -22.2518 -14.25 -38.5412
      vertex -22.5509 -14.25 -38.3413
    endloop
  endfacet
  facet normal 0 -1 0
    outer loop
      vertex -12.5359 -14.25 -50.2128
      vertex -22.2518 -14.25 -38.5412
      vertex -37.2176 -14.25 -35.9628
    endloop
  endfacet
  facet normal 0 -1 0
    outer loop
      vertex -22.2518 -14.25 -38.5412
      vertex -12.5359 -14.25 -50.2128
      vertex -21.9291 -14.25 -38.7003
    endloop
  endfacet
  facet normal 0 -1 0
    outer loop
      vertex -21.9291 -14.25 -38.7003
      vertex -12.5359 -14.25 -50.2128
      vertex -21.5885 -14.25 -38.8159
    endloop
  endfacet
  facet normal 0 -1 -0
    outer loop
      vertex 20.165 -14.25 -38.8159
      vertex 12.5359 -14.25 -50.2128
      vertex 20.5178 -14.25 -38.8861
    endloop
  endfacet
  facet normal 0 -1 0
    outer loop
      vertex -21.2357 -14.25 -38.8861
      vertex -12.5359 -14.25 -50.2128
      vertex -20.8768 -14.25 -38.9096
    endloop
  endfacet
  facet normal 0 -1 0
    outer loop
      vertex -21.5885 -14.25 -38.8159
      vertex -12.5359 -14.25 -50.2128
      vertex -21.2357 -14.25 -38.8861
    endloop
  endfacet
  facet normal 0 -1 0
    outer loop
      vertex -13.665 -14.25 -22.245
      vertex -20.25 -14.25 14.25
      vertex -14.0178 -14.25 -22.1748
    endloop
  endfacet
  facet normal 0 -1 0
    outer loop
      vertex 14.7357 -14.25 -22.1748
      vertex 20.25 -14.25 14.25
      vertex 14.3768 -14.25 -22.1513
    endloop
  endfacet
  facet normal 0 -1 0
    outer loop
      vertex 15.0885 -14.25 -22.245
      vertex 20.25 -14.25 14.25
      vertex 14.7357 -14.25 -22.1748
    endloop
  endfacet
  facet normal 0 -1 0
    outer loop
      vertex 15.4291 -14.25 -22.3606
      vertex 20.25 -14.25 14.25
      vertex 15.0885 -14.25 -22.245
    endloop
  endfacet
  facet normal 0 -1 0
    outer loop
      vertex 15.7518 -14.25 -22.5197
      vertex 20.25 -14.25 14.25
      vertex 15.4291 -14.25 -22.3606
    endloop
  endfacet
  facet normal 0 -1 0
    outer loop
      vertex 16.0509 -14.25 -22.7196
      vertex 20.25 -14.25 14.25
      vertex 15.7518 -14.25 -22.5197
    endloop
  endfacet
  facet normal 0 -1 0
    outer loop
      vertex 16.3213 -14.25 -22.9567
      vertex 20.25 -14.25 14.25
      vertex 16.0509 -14.25 -22.7196
    endloop
  endfacet
  facet normal 0 -1 0
    outer loop
      vertex 16.5585 -14.25 -23.2272
      vertex 20.25 -14.25 14.25
      vertex 16.3213 -14.25 -22.9567
    endloop
  endfacet
  facet normal 0 -1 0
    outer loop
      vertex 37.2176 -14.25 -35.9628
      vertex 16.5585 -14.25 -23.2272
      vertex 16.7583 -14.25 -23.5263
    endloop
  endfacet
  facet normal 0 -1 0
    outer loop
      vertex 37.2176 -14.25 -35.9628
      vertex 16.7583 -14.25 -23.5263
      vertex 16.9174 -14.25 -23.8489
    endloop
  endfacet
  facet normal 0 -1 0
    outer loop
      vertex 37.2176 -14.25 -35.9628
      vertex 16.9174 -14.25 -23.8489
      vertex 17.0331 -14.25 -24.1895
    endloop
  endfacet
  facet normal 0 -1 0
    outer loop
      vertex 37.2176 -14.25 -35.9628
      vertex 17.0331 -14.25 -24.1895
      vertex 17.1032 -14.25 -24.5423
    endloop
  endfacet
  facet normal 0 -1 0
    outer loop
      vertex 22.5509 -14.25 -33.9779
      vertex 17.1032 -14.25 -24.5423
      vertex 17.1268 -14.25 -24.9013
    endloop
  endfacet
  facet normal 0 -1 0
    outer loop
      vertex 22.2518 -14.25 -33.778
      vertex 17.1268 -14.25 -24.9013
      vertex 17.1032 -14.25 -25.2602
    endloop
  endfacet
  facet normal 0 -1 0
    outer loop
      vertex 14.0178 -14.25 -27.6278
      vertex 20.8768 -14.25 -33.4096
      vertex 14.3768 -14.25 -27.6513
    endloop
  endfacet
  facet normal 0 -1 0
    outer loop
      vertex 14.3768 -14.25 -27.6513
      vertex 20.8768 -14.25 -33.4096
      vertex 14.7357 -14.25 -27.6278
    endloop
  endfacet
  facet normal 0 -1 0
    outer loop
      vertex 20.8768 -14.25 -33.4096
      vertex 15.0885 -14.25 -27.5576
      vertex 14.7357 -14.25 -27.6278
    endloop
  endfacet
  facet normal 0 -1 0
    outer loop
      vertex 20.8768 -14.25 -33.4096
      vertex 15.4291 -14.25 -27.4419
      vertex 15.0885 -14.25 -27.5576
    endloop
  endfacet
  facet normal 0 -1 0
    outer loop
      vertex 20.8768 -14.25 -33.4096
      vertex 15.7518 -14.25 -27.2828
      vertex 15.4291 -14.25 -27.4419
    endloop
  endfacet
  facet normal 0 -1 0
    outer loop
      vertex 20.8768 -14.25 -33.4096
      vertex 16.0509 -14.25 -27.083
      vertex 15.7518 -14.25 -27.2828
    endloop
  endfacet
  facet normal 0 -1 0
    outer loop
      vertex 20.8768 -14.25 -33.4096
      vertex 16.3213 -14.25 -26.8458
      vertex 16.0509 -14.25 -27.083
    endloop
  endfacet
  facet normal 0 -1 0
    outer loop
      vertex 20.8768 -14.25 -33.4096
      vertex 16.5585 -14.25 -26.5754
      vertex 16.3213 -14.25 -26.8458
    endloop
  endfacet
  facet normal 0 -1 0
    outer loop
      vertex 20.8768 -14.25 -33.4096
      vertex 16.7583 -14.25 -26.2763
      vertex 16.5585 -14.25 -26.5754
    endloop
  endfacet
  facet normal 0 -1 0
    outer loop
      vertex 20.8768 -14.25 -33.4096
      vertex 16.9174 -14.25 -25.9537
      vertex 16.7583 -14.25 -26.2763
    endloop
  endfacet
  facet normal 0 -1 0
    outer loop
      vertex 21.2357 -14.25 -33.4331
      vertex 16.9174 -14.25 -25.9537
      vertex 20.8768 -14.25 -33.4096
    endloop
  endfacet
  facet normal 0 -1 0
    outer loop
      vertex 16.9174 -14.25 -25.9537
      vertex 21.2357 -14.25 -33.4331
      vertex 17.0331 -14.25 -25.613
    endloop
  endfacet
  facet normal 0 -1 0
    outer loop
      vertex 21.5885 -14.25 -33.5033
      vertex 17.0331 -14.25 -25.613
      vertex 21.2357 -14.25 -33.4331
    endloop
  endfacet
  facet normal 0 -1 0
    outer loop
      vertex 17.0331 -14.25 -25.613
      vertex 21.5885 -14.25 -33.5033
      vertex 17.1032 -14.25 -25.2602
    endloop
  endfacet
  facet normal 0 -1 0
    outer loop
      vertex 21.9291 -14.25 -33.6189
      vertex 17.1032 -14.25 -25.2602
      vertex 21.5885 -14.25 -33.5033
    endloop
  endfacet
  facet normal 0 -1 0
    outer loop
      vertex 22.2518 -14.25 -33.778
      vertex 17.1032 -14.25 -25.2602
      vertex 21.9291 -14.25 -33.6189
    endloop
  endfacet
  facet normal 0 -1 0
    outer loop
      vertex 17.1268 -14.25 -24.9013
      vertex 22.2518 -14.25 -33.778
      vertex 22.5509 -14.25 -33.9779
    endloop
  endfacet
  facet normal 0 -1 0
    outer loop
      vertex 17.1032 -14.25 -24.5423
      vertex 22.5509 -14.25 -33.9779
      vertex 37.2176 -14.25 -35.9628
    endloop
  endfacet
  facet normal 0 -1 0
    outer loop
      vertex 37.2176 -14.25 -35.9628
      vertex 22.5509 -14.25 -33.9779
      vertex 22.8213 -14.25 -34.2151
    endloop
  endfacet
  facet normal 0 -1 0
    outer loop
      vertex 37.2176 -14.25 -35.9628
      vertex 22.8213 -14.25 -34.2151
      vertex 23.0585 -14.25 -34.4855
    endloop
  endfacet
  facet normal 0 -1 0
    outer loop
      vertex 37.2176 -14.25 -35.9628
      vertex 23.0585 -14.25 -34.4855
      vertex 23.2583 -14.25 -34.7846
    endloop
  endfacet
  facet normal 0 -1 0
    outer loop
      vertex 37.2176 -14.25 -35.9628
      vertex 23.2583 -14.25 -34.7846
      vertex 23.4174 -14.25 -35.1072
    endloop
  endfacet
  facet normal 0 -1 0
    outer loop
      vertex 37.2176 -14.25 -35.9628
      vertex 23.4174 -14.25 -35.1072
      vertex 23.5331 -14.25 -35.4479
    endloop
  endfacet
  facet normal 0 -1 0
    outer loop
      vertex 37.2176 -14.25 -35.9628
      vertex 23.5331 -14.25 -35.4479
      vertex 23.6032 -14.25 -35.8007
    endloop
  endfacet
  facet normal 0 -1 0
    outer loop
      vertex 16.5585 -14.25 -23.2272
      vertex 37.2176 -14.25 -35.9628
      vertex 20.25 -14.25 14.25
    endloop
  endfacet
  facet normal 0 -1 0
    outer loop
      vertex 23.6268 -14.25 -36.1596
      vertex 37.2176 -14.25 -35.9628
      vertex 23.6032 -14.25 -35.8007
    endloop
  endfacet
  facet normal 0 -1 0
    outer loop
      vertex 23.6032 -14.25 -36.5186
      vertex 37.2176 -14.25 -35.9628
      vertex 23.6268 -14.25 -36.1596
    endloop
  endfacet
  facet normal 0 -1 0
    outer loop
      vertex 23.5331 -14.25 -36.8714
      vertex 37.2176 -14.25 -35.9628
      vertex 23.6032 -14.25 -36.5186
    endloop
  endfacet
  facet normal 0 -1 0
    outer loop
      vertex 23.4174 -14.25 -37.212
      vertex 37.2176 -14.25 -35.9628
      vertex 23.5331 -14.25 -36.8714
    endloop
  endfacet
  facet normal 0 -1 0
    outer loop
      vertex 23.2583 -14.25 -37.5346
      vertex 37.2176 -14.25 -35.9628
      vertex 23.4174 -14.25 -37.212
    endloop
  endfacet
  facet normal 0 -1 0
    outer loop
      vertex 23.0585 -14.25 -37.8337
      vertex 37.2176 -14.25 -35.9628
      vertex 23.2583 -14.25 -37.5346
    endloop
  endfacet
  facet normal 0 -1 0
    outer loop
      vertex 22.8213 -14.25 -38.1042
      vertex 37.2176 -14.25 -35.9628
      vertex 23.0585 -14.25 -37.8337
    endloop
  endfacet
  facet normal 0 -1 0
    outer loop
      vertex 22.5509 -14.25 -38.3413
      vertex 37.2176 -14.25 -35.9628
      vertex 22.8213 -14.25 -38.1042
    endloop
  endfacet
  facet normal 0 -1 0
    outer loop
      vertex 22.2518 -14.25 -38.5412
      vertex 37.2176 -14.25 -35.9628
      vertex 22.5509 -14.25 -38.3413
    endloop
  endfacet
  facet normal 0 -1 0
    outer loop
      vertex 12.5359 -14.25 -50.2128
      vertex 22.2518 -14.25 -38.5412
      vertex 21.9291 -14.25 -38.7003
    endloop
  endfacet
  facet normal 0 -1 0
    outer loop
      vertex 12.5359 -14.25 -50.2128
      vertex 21.9291 -14.25 -38.7003
      vertex 21.5885 -14.25 -38.8159
    endloop
  endfacet
  facet normal 0 -1 0
    outer loop
      vertex 12.5359 -14.25 -50.2128
      vertex 21.5885 -14.25 -38.8159
      vertex 21.2357 -14.25 -38.8861
    endloop
  endfacet
  facet normal 0 -1 -0
    outer loop
      vertex 20.5178 -14.25 -38.8861
      vertex 12.5359 -14.25 -50.2128
      vertex 20.8768 -14.25 -38.9096
    endloop
  endfacet
  facet normal 0 -1 -0
    outer loop
      vertex 20.8768 -14.25 -38.9096
      vertex 12.5359 -14.25 -50.2128
      vertex 21.2357 -14.25 -38.8861
    endloop
  endfacet
  facet normal 0 -1 -0
    outer loop
      vertex 22.2518 -14.25 -38.5412
      vertex 12.5359 -14.25 -50.2128
      vertex 37.2176 -14.25 -35.9628
    endloop
  endfacet
  facet normal 0.5 0 -0.866025
    outer loop
      vertex 37.2176 -14.25 -35.9628
      vertex 33.7535 -10.25 -37.9628
      vertex 37.2176 14.25 -35.9628
    endloop
  endfacet
  facet normal 0.5 3.04878e-07 -0.866025
    outer loop
      vertex 37.2176 -14.25 -35.9628
      vertex 16 -10.25 -48.2128
      vertex 33.7535 -10.25 -37.9628
    endloop
  endfacet
  facet normal 0.5 0 -0.866025
    outer loop
      vertex 16 -10.25 -48.2128
      vertex 12.5359 -14.25 -50.2128
      vertex 16 10.25 -48.2128
    endloop
  endfacet
  facet normal 0.5 -2.19298e-07 -0.866025
    outer loop
      vertex 12.5359 -14.25 -50.2128
      vertex 16 -10.25 -48.2128
      vertex 37.2176 -14.25 -35.9628
    endloop
  endfacet
  facet normal 0.5 0 -0.866025
    outer loop
      vertex 33.7535 10.25 -37.9628
      vertex 37.2176 14.25 -35.9628
      vertex 33.7535 -10.25 -37.9628
    endloop
  endfacet
  facet normal 0.5 -3.04878e-07 -0.866025
    outer loop
      vertex 16 10.25 -48.2128
      vertex 37.2176 14.25 -35.9628
      vertex 33.7535 10.25 -37.9628
    endloop
  endfacet
  facet normal 0.5 2.19298e-07 -0.866025
    outer loop
      vertex 16 10.25 -48.2128
      vertex 12.5359 14.25 -50.2128
      vertex 37.2176 14.25 -35.9628
    endloop
  endfacet
  facet normal 0.5 0 -0.866025
    outer loop
      vertex 12.5359 14.25 -50.2128
      vertex 16 10.25 -48.2128
      vertex 12.5359 -14.25 -50.2128
    endloop
  endfacet
  facet normal 0.947373 -0 0.320131
    outer loop
      vertex 20.25 -14.25 14.25
      vertex 37.2176 14.25 -35.9628
      vertex 20.25 14.25 14.25
    endloop
  endfacet
  facet normal 0.947373 0 0.320131
    outer loop
      vertex 37.2176 14.25 -35.9628
      vertex 20.25 -14.25 14.25
      vertex 37.2176 -14.25 -35.9628
    endloop
  endfacet
  facet normal 0 0 1
    outer loop
      vertex 2.6563 35.5382 14.25
      vertex 14.25 44.25 14.25
      vertex 2.72647 35.8911 14.25
    endloop
  endfacet
  facet normal 0 0 1
    outer loop
      vertex 14.25 44.25 14.25
      vertex 2.72647 23.6089 14.25
      vertex 2.75 23.25 14.25
    endloop
  endfacet
  facet normal 0 0 1
    outer loop
      vertex 2.54067 35.1976 14.25
      vertex 14.25 44.25 14.25
      vertex 2.6563 35.5382 14.25
    endloop
  endfacet
  facet normal 0 0 1
    outer loop
      vertex 14.25 44.25 14.25
      vertex 2.6563 23.9618 14.25
      vertex 2.72647 23.6089 14.25
    endloop
  endfacet
  facet normal 0 0 1
    outer loop
      vertex 2.54067 24.3024 14.25
      vertex 14.25 44.25 14.25
      vertex 2.54067 35.1976 14.25
    endloop
  endfacet
  facet normal 0 0 1
    outer loop
      vertex 14.25 44.25 14.25
      vertex 2.54067 24.3024 14.25
      vertex 2.6563 23.9618 14.25
    endloop
  endfacet
  facet normal -0 0 1
    outer loop
      vertex 2.38157 34.875 14.25
      vertex 2.54067 24.3024 14.25
      vertex 2.54067 35.1976 14.25
    endloop
  endfacet
  facet normal 0 0 1
    outer loop
      vertex 2.38157 34.875 14.25
      vertex 2.38157 24.625 14.25
      vertex 2.54067 24.3024 14.25
    endloop
  endfacet
  facet normal -0 0 1
    outer loop
      vertex 2.18172 34.5759 14.25
      vertex 2.38157 24.625 14.25
      vertex 2.38157 34.875 14.25
    endloop
  endfacet
  facet normal 0 0 1
    outer loop
      vertex 2.18172 34.5759 14.25
      vertex 2.18172 24.9241 14.25
      vertex 2.38157 24.625 14.25
    endloop
  endfacet
  facet normal -0 0 1
    outer loop
      vertex 1.94454 34.3055 14.25
      vertex 2.18172 24.9241 14.25
      vertex 2.18172 34.5759 14.25
    endloop
  endfacet
  facet normal 0 0 1
    outer loop
      vertex 1.94454 34.3055 14.25
      vertex 1.94454 25.1945 14.25
      vertex 2.18172 24.9241 14.25
    endloop
  endfacet
  facet normal -0 0 1
    outer loop
      vertex 1.67409 34.0683 14.25
      vertex 1.94454 25.1945 14.25
      vertex 1.94454 34.3055 14.25
    endloop
  endfacet
  facet normal 0 0 1
    outer loop
      vertex 1.67409 34.0683 14.25
      vertex 1.67409 25.4317 14.25
      vertex 1.94454 25.1945 14.25
    endloop
  endfacet
  facet normal -0 0 1
    outer loop
      vertex 1.375 33.8684 14.25
      vertex 1.67409 25.4317 14.25
      vertex 1.67409 34.0683 14.25
    endloop
  endfacet
  facet normal 0 0 1
    outer loop
      vertex 1.375 33.8684 14.25
      vertex 1.375 25.6316 14.25
      vertex 1.67409 25.4317 14.25
    endloop
  endfacet
  facet normal -0 0 1
    outer loop
      vertex 1.05238 33.7093 14.25
      vertex 1.375 25.6316 14.25
      vertex 1.375 33.8684 14.25
    endloop
  endfacet
  facet normal 0 0 1
    outer loop
      vertex 1.05238 33.7093 14.25
      vertex 1.05238 25.7907 14.25
      vertex 1.375 25.6316 14.25
    endloop
  endfacet
  facet normal -0 0 1
    outer loop
      vertex 0.711752 33.5937 14.25
      vertex 1.05238 25.7907 14.25
      vertex 1.05238 33.7093 14.25
    endloop
  endfacet
  facet normal 0 0 1
    outer loop
      vertex 0.711752 33.5937 14.25
      vertex 0.711752 25.9063 14.25
      vertex 1.05238 25.7907 14.25
    endloop
  endfacet
  facet normal -0 0 1
    outer loop
      vertex 0.358947 33.5235 14.25
      vertex 0.711752 25.9063 14.25
      vertex 0.711752 33.5937 14.25
    endloop
  endfacet
  facet normal 0 0 1
    outer loop
      vertex 0.358947 33.5235 14.25
      vertex 0.358947 25.9765 14.25
      vertex 0.711752 25.9063 14.25
    endloop
  endfacet
  facet normal -0 0 1
    outer loop
      vertex 0 33.5 14.25
      vertex 0.358947 25.9765 14.25
      vertex 0.358947 33.5235 14.25
    endloop
  endfacet
  facet normal 0 0 1
    outer loop
      vertex 0 33.5 14.25
      vertex 0 26 14.25
      vertex 0.358947 25.9765 14.25
    endloop
  endfacet
  facet normal 0 0 1
    outer loop
      vertex -0.358947 33.5235 14.25
      vertex 0 26 14.25
      vertex 0 33.5 14.25
    endloop
  endfacet
  facet normal 0 0 1
    outer loop
      vertex -0.358947 33.5235 14.25
      vertex -0.358947 25.9765 14.25
      vertex 0 26 14.25
    endloop
  endfacet
  facet normal 0 0 1
    outer loop
      vertex -0.711752 33.5937 14.25
      vertex -0.358947 25.9765 14.25
      vertex -0.358947 33.5235 14.25
    endloop
  endfacet
  facet normal 0 0 1
    outer loop
      vertex -0.711752 33.5937 14.25
      vertex -0.711752 25.9063 14.25
      vertex -0.358947 25.9765 14.25
    endloop
  endfacet
  facet normal 0 0 1
    outer loop
      vertex -1.05238 33.7093 14.25
      vertex -0.711752 25.9063 14.25
      vertex -0.711752 33.5937 14.25
    endloop
  endfacet
  facet normal 0 0 1
    outer loop
      vertex -1.05238 33.7093 14.25
      vertex -1.05238 25.7907 14.25
      vertex -0.711752 25.9063 14.25
    endloop
  endfacet
  facet normal 0 0 1
    outer loop
      vertex -1.375 33.8684 14.25
      vertex -1.05238 25.7907 14.25
      vertex -1.05238 33.7093 14.25
    endloop
  endfacet
  facet normal 0 0 1
    outer loop
      vertex -1.375 33.8684 14.25
      vertex -1.375 25.6316 14.25
      vertex -1.05238 25.7907 14.25
    endloop
  endfacet
  facet normal 0 0 1
    outer loop
      vertex -1.67409 34.0683 14.25
      vertex -1.375 25.6316 14.25
      vertex -1.375 33.8684 14.25
    endloop
  endfacet
  facet normal 0 0 1
    outer loop
      vertex -1.67409 34.0683 14.25
      vertex -1.67409 25.4317 14.25
      vertex -1.375 25.6316 14.25
    endloop
  endfacet
  facet normal 0 0 1
    outer loop
      vertex -1.94454 34.3055 14.25
      vertex -1.67409 25.4317 14.25
      vertex -1.67409 34.0683 14.25
    endloop
  endfacet
  facet normal 0 0 1
    outer loop
      vertex -1.94454 34.3055 14.25
      vertex -1.94454 25.1945 14.25
      vertex -1.67409 25.4317 14.25
    endloop
  endfacet
  facet normal 0 0 1
    outer loop
      vertex -2.18172 34.5759 14.25
      vertex -1.94454 25.1945 14.25
      vertex -1.94454 34.3055 14.25
    endloop
  endfacet
  facet normal 0 0 1
    outer loop
      vertex -2.18172 34.5759 14.25
      vertex -2.18172 24.9241 14.25
      vertex -1.94454 25.1945 14.25
    endloop
  endfacet
  facet normal 0 0 1
    outer loop
      vertex -2.38157 34.875 14.25
      vertex -2.18172 24.9241 14.25
      vertex -2.18172 34.5759 14.25
    endloop
  endfacet
  facet normal 0 0 1
    outer loop
      vertex -2.38157 34.875 14.25
      vertex -2.38157 24.625 14.25
      vertex -2.18172 24.9241 14.25
    endloop
  endfacet
  facet normal 0 0 1
    outer loop
      vertex -2.54067 35.1976 14.25
      vertex -2.38157 24.625 14.25
      vertex -2.38157 34.875 14.25
    endloop
  endfacet
  facet normal 0 0 1
    outer loop
      vertex -2.54067 35.1976 14.25
      vertex -2.54067 24.3024 14.25
      vertex -2.38157 24.625 14.25
    endloop
  endfacet
  facet normal 0 0 1
    outer loop
      vertex -14.25 44.25 14.25
      vertex -2.54067 35.1976 14.25
      vertex -2.6563 35.5382 14.25
    endloop
  endfacet
  facet normal 0 0 1
    outer loop
      vertex -2.54067 35.1976 14.25
      vertex -14.25 44.25 14.25
      vertex -2.54067 24.3024 14.25
    endloop
  endfacet
  facet normal 0 0 1
    outer loop
      vertex -14.25 44.25 14.25
      vertex -2.6563 35.5382 14.25
      vertex -2.72647 35.8911 14.25
    endloop
  endfacet
  facet normal 0 0 1
    outer loop
      vertex -20.25 14.25 14.25
      vertex -2.54067 24.3024 14.25
      vertex -14.25 44.25 14.25
    endloop
  endfacet
  facet normal 0 0 1
    outer loop
      vertex -14.25 44.25 14.25
      vertex -2.72647 35.8911 14.25
      vertex -2.75 36.25 14.25
    endloop
  endfacet
  facet normal 0 0 1
    outer loop
      vertex -2.54067 24.3024 14.25
      vertex -20.25 14.25 14.25
      vertex -2.6563 23.9618 14.25
    endloop
  endfacet
  facet normal 0 0 1
    outer loop
      vertex 14.25 44.25 14.25
      vertex 2.72647 36.6089 14.25
      vertex 2.75 36.25 14.25
    endloop
  endfacet
  facet normal 0 0 1
    outer loop
      vertex 14.25 44.25 14.25
      vertex 2.6563 36.9618 14.25
      vertex 2.72647 36.6089 14.25
    endloop
  endfacet
  facet normal 0 0 1
    outer loop
      vertex 14.25 44.25 14.25
      vertex 2.54067 37.3024 14.25
      vertex 2.6563 36.9618 14.25
    endloop
  endfacet
  facet normal 0 0 1
    outer loop
      vertex 14.25 44.25 14.25
      vertex 2.38157 37.625 14.25
      vertex 2.54067 37.3024 14.25
    endloop
  endfacet
  facet normal 0 0 1
    outer loop
      vertex 14.25 44.25 14.25
      vertex 2.18172 37.9241 14.25
      vertex 2.38157 37.625 14.25
    endloop
  endfacet
  facet normal 0 0 1
    outer loop
      vertex 14.25 44.25 14.25
      vertex 1.94454 38.1945 14.25
      vertex 2.18172 37.9241 14.25
    endloop
  endfacet
  facet normal 0 0 1
    outer loop
      vertex 14.25 44.25 14.25
      vertex 1.67409 38.4317 14.25
      vertex 1.94454 38.1945 14.25
    endloop
  endfacet
  facet normal 0 0 1
    outer loop
      vertex 14.25 44.25 14.25
      vertex 1.375 38.6316 14.25
      vertex 1.67409 38.4317 14.25
    endloop
  endfacet
  facet normal 0 0 1
    outer loop
      vertex 14.25 44.25 14.25
      vertex 1.05238 38.7907 14.25
      vertex 1.375 38.6316 14.25
    endloop
  endfacet
  facet normal 0 0 1
    outer loop
      vertex 14.25 44.25 14.25
      vertex 0.711752 38.9063 14.25
      vertex 1.05238 38.7907 14.25
    endloop
  endfacet
  facet normal 0 0 1
    outer loop
      vertex 14.25 44.25 14.25
      vertex 0.358947 38.9765 14.25
      vertex 0.711752 38.9063 14.25
    endloop
  endfacet
  facet normal 0 0 1
    outer loop
      vertex 14.25 44.25 14.25
      vertex 0 39 14.25
      vertex 0.358947 38.9765 14.25
    endloop
  endfacet
  facet normal -0 0 1
    outer loop
      vertex -14.25 44.25 14.25
      vertex 0 39 14.25
      vertex 14.25 44.25 14.25
    endloop
  endfacet
  facet normal 0 0 1
    outer loop
      vertex 0 39 14.25
      vertex -14.25 44.25 14.25
      vertex -0.358947 38.9765 14.25
    endloop
  endfacet
  facet normal 0 0 1
    outer loop
      vertex -0.358947 38.9765 14.25
      vertex -14.25 44.25 14.25
      vertex -0.711752 38.9063 14.25
    endloop
  endfacet
  facet normal 0 0 1
    outer loop
      vertex -2.6563 23.9618 14.25
      vertex -20.25 14.25 14.25
      vertex -2.72647 23.6089 14.25
    endloop
  endfacet
  facet normal 0 0 1
    outer loop
      vertex -2.72647 36.6089 14.25
      vertex -14.25 44.25 14.25
      vertex -2.75 36.25 14.25
    endloop
  endfacet
  facet normal 0 0 1
    outer loop
      vertex -2.6563 36.9618 14.25
      vertex -14.25 44.25 14.25
      vertex -2.72647 36.6089 14.25
    endloop
  endfacet
  facet normal 0 0 1
    outer loop
      vertex -2.54067 37.3024 14.25
      vertex -14.25 44.25 14.25
      vertex -2.6563 36.9618 14.25
    endloop
  endfacet
  facet normal 0 0 1
    outer loop
      vertex -2.38157 37.625 14.25
      vertex -14.25 44.25 14.25
      vertex -2.54067 37.3024 14.25
    endloop
  endfacet
  facet normal 0 0 1
    outer loop
      vertex -2.18172 37.9241 14.25
      vertex -14.25 44.25 14.25
      vertex -2.38157 37.625 14.25
    endloop
  endfacet
  facet normal 0 0 1
    outer loop
      vertex -1.94454 38.1945 14.25
      vertex -14.25 44.25 14.25
      vertex -2.18172 37.9241 14.25
    endloop
  endfacet
  facet normal 0 0 1
    outer loop
      vertex -1.67409 38.4317 14.25
      vertex -14.25 44.25 14.25
      vertex -1.94454 38.1945 14.25
    endloop
  endfacet
  facet normal 0 0 1
    outer loop
      vertex -1.375 38.6316 14.25
      vertex -14.25 44.25 14.25
      vertex -1.67409 38.4317 14.25
    endloop
  endfacet
  facet normal 0 0 1
    outer loop
      vertex -1.05238 38.7907 14.25
      vertex -14.25 44.25 14.25
      vertex -1.375 38.6316 14.25
    endloop
  endfacet
  facet normal 0 0 1
    outer loop
      vertex -0.711752 38.9063 14.25
      vertex -14.25 44.25 14.25
      vertex -1.05238 38.7907 14.25
    endloop
  endfacet
  facet normal -0 0 1
    outer loop
      vertex 2.75 23.25 14.25
      vertex 20.25 14.25 14.25
      vertex 14.25 44.25 14.25
    endloop
  endfacet
  facet normal 0 0 1
    outer loop
      vertex 2.72647 35.8911 14.25
      vertex 14.25 44.25 14.25
      vertex 2.75 36.25 14.25
    endloop
  endfacet
  facet normal 0 0 1
    outer loop
      vertex 20.25 14.25 14.25
      vertex 2.75 23.25 14.25
      vertex 2.72647 22.8911 14.25
    endloop
  endfacet
  facet normal -0 0 1
    outer loop
      vertex 2.6563 22.5382 14.25
      vertex 20.25 14.25 14.25
      vertex 2.72647 22.8911 14.25
    endloop
  endfacet
  facet normal -0 0 1
    outer loop
      vertex 2.54067 22.1976 14.25
      vertex 20.25 14.25 14.25
      vertex 2.6563 22.5382 14.25
    endloop
  endfacet
  facet normal -0 0 1
    outer loop
      vertex 2.38157 21.875 14.25
      vertex 20.25 14.25 14.25
      vertex 2.54067 22.1976 14.25
    endloop
  endfacet
  facet normal -0 0 1
    outer loop
      vertex 2.18172 21.5759 14.25
      vertex 20.25 14.25 14.25
      vertex 2.38157 21.875 14.25
    endloop
  endfacet
  facet normal -0 0 1
    outer loop
      vertex 1.94454 21.3055 14.25
      vertex 20.25 14.25 14.25
      vertex 2.18172 21.5759 14.25
    endloop
  endfacet
  facet normal -0 0 1
    outer loop
      vertex 1.67409 21.0683 14.25
      vertex 20.25 14.25 14.25
      vertex 1.94454 21.3055 14.25
    endloop
  endfacet
  facet normal -0 0 1
    outer loop
      vertex 1.375 20.8684 14.25
      vertex 20.25 14.25 14.25
      vertex 1.67409 21.0683 14.25
    endloop
  endfacet
  facet normal -0 0 1
    outer loop
      vertex 1.05238 20.7093 14.25
      vertex 20.25 14.25 14.25
      vertex 1.375 20.8684 14.25
    endloop
  endfacet
  facet normal -0 0 1
    outer loop
      vertex 0.711752 20.5937 14.25
      vertex 20.25 14.25 14.25
      vertex 1.05238 20.7093 14.25
    endloop
  endfacet
  facet normal 0 0 1
    outer loop
      vertex 20.25 14.25 14.25
      vertex 0.711752 20.5937 14.25
      vertex 20.25 -14.25 14.25
    endloop
  endfacet
  facet normal -0 0 1
    outer loop
      vertex 0.358947 20.5235 14.25
      vertex 20.25 -14.25 14.25
      vertex 0.711752 20.5937 14.25
    endloop
  endfacet
  facet normal -0 0 1
    outer loop
      vertex 0 20.5 14.25
      vertex 20.25 -14.25 14.25
      vertex 0.358947 20.5235 14.25
    endloop
  endfacet
  facet normal 0 0 1
    outer loop
      vertex -20.25 -14.25 14.25
      vertex 0 20.5 14.25
      vertex -0.358947 20.5235 14.25
    endloop
  endfacet
  facet normal 0 0 1
    outer loop
      vertex -20.25 -14.25 14.25
      vertex -0.358947 20.5235 14.25
      vertex -0.711752 20.5937 14.25
    endloop
  endfacet
  facet normal 0 0 1
    outer loop
      vertex -20.25 14.25 14.25
      vertex -0.711752 20.5937 14.25
      vertex -1.05238 20.7093 14.25
    endloop
  endfacet
  facet normal 0 0 1
    outer loop
      vertex -20.25 14.25 14.25
      vertex -1.05238 20.7093 14.25
      vertex -1.375 20.8684 14.25
    endloop
  endfacet
  facet normal 0 0 1
    outer loop
      vertex -20.25 14.25 14.25
      vertex -1.375 20.8684 14.25
      vertex -1.67409 21.0683 14.25
    endloop
  endfacet
  facet normal 0 0 1
    outer loop
      vertex -20.25 14.25 14.25
      vertex -1.67409 21.0683 14.25
      vertex -1.94454 21.3055 14.25
    endloop
  endfacet
  facet normal 0 0 1
    outer loop
      vertex -20.25 14.25 14.25
      vertex -1.94454 21.3055 14.25
      vertex -2.18172 21.5759 14.25
    endloop
  endfacet
  facet normal 0 0 1
    outer loop
      vertex -20.25 14.25 14.25
      vertex -2.18172 21.5759 14.25
      vertex -2.38157 21.875 14.25
    endloop
  endfacet
  facet normal 0 0 1
    outer loop
      vertex -2.72647 23.6089 14.25
      vertex -20.25 14.25 14.25
      vertex -2.75 23.25 14.25
    endloop
  endfacet
  facet normal 0 0 1
    outer loop
      vertex -2.75 23.25 14.25
      vertex -20.25 14.25 14.25
      vertex -2.72647 22.8911 14.25
    endloop
  endfacet
  facet normal 0 0 1
    outer loop
      vertex -2.72647 22.8911 14.25
      vertex -20.25 14.25 14.25
      vertex -2.6563 22.5382 14.25
    endloop
  endfacet
  facet normal 0 0 1
    outer loop
      vertex -2.6563 22.5382 14.25
      vertex -20.25 14.25 14.25
      vertex -2.54067 22.1976 14.25
    endloop
  endfacet
  facet normal 0 0 1
    outer loop
      vertex -2.54067 22.1976 14.25
      vertex -20.25 14.25 14.25
      vertex -2.38157 21.875 14.25
    endloop
  endfacet
  facet normal 0 0 1
    outer loop
      vertex -0.711752 20.5937 14.25
      vertex -20.25 14.25 14.25
      vertex -20.25 -14.25 14.25
    endloop
  endfacet
  facet normal 0 0 1
    outer loop
      vertex 0 20.5 14.25
      vertex -20.25 -14.25 14.25
      vertex 20.25 -14.25 14.25
    endloop
  endfacet
  facet normal -0.5 0 -0.866025
    outer loop
      vertex -12.5359 -14.25 -50.2128
      vertex -16 -10.25 -48.2128
      vertex -12.5359 14.25 -50.2128
    endloop
  endfacet
  facet normal -0.5 -3.04878e-07 -0.866025
    outer loop
      vertex -12.5359 -14.25 -50.2128
      vertex -33.7535 -10.25 -37.9628
      vertex -16 -10.25 -48.2128
    endloop
  endfacet
  facet normal -0.5 0 -0.866025
    outer loop
      vertex -33.7535 -10.25 -37.9628
      vertex -37.2176 -14.25 -35.9628
      vertex -33.7535 10.25 -37.9628
    endloop
  endfacet
  facet normal -0.5 2.19298e-07 -0.866025
    outer loop
      vertex -37.2176 -14.25 -35.9628
      vertex -33.7535 -10.25 -37.9628
      vertex -12.5359 -14.25 -50.2128
    endloop
  endfacet
  facet normal -0.5 -0 -0.866025
    outer loop
      vertex -16 10.25 -48.2128
      vertex -12.5359 14.25 -50.2128
      vertex -16 -10.25 -48.2128
    endloop
  endfacet
  facet normal -0.5 3.04878e-07 -0.866025
    outer loop
      vertex -33.7535 10.25 -37.9628
      vertex -12.5359 14.25 -50.2128
      vertex -16 10.25 -48.2128
    endloop
  endfacet
  facet normal -0.5 -2.19298e-07 -0.866025
    outer loop
      vertex -33.7535 10.25 -37.9628
      vertex -37.2176 14.25 -35.9628
      vertex -12.5359 14.25 -50.2128
    endloop
  endfacet
  facet normal -0.5 -0 -0.866025
    outer loop
      vertex -37.2176 14.25 -35.9628
      vertex -33.7535 10.25 -37.9628
      vertex -37.2176 -14.25 -35.9628
    endloop
  endfacet
  facet normal 0 1 0
    outer loop
      vertex 14.7357 14.25 -27.6278
      vertex 18.695 14.25 -34.4855
      vertex 14.3768 14.25 -27.6513
    endloop
  endfacet
  facet normal 0 1 0
    outer loop
      vertex -13.0018 14.25 -27.2828
      vertex -20.5178 14.25 -33.4331
      vertex -20.8768 14.25 -33.4096
    endloop
  endfacet
  facet normal 0 1 -0
    outer loop
      vertex 18.4952 14.25 -34.7846
      vertex 14.3768 14.25 -27.6513
      vertex 18.695 14.25 -34.4855
    endloop
  endfacet
  facet normal 0 1 0
    outer loop
      vertex -13.0018 14.25 -27.2828
      vertex -20.165 14.25 -33.5033
      vertex -20.5178 14.25 -33.4331
    endloop
  endfacet
  facet normal 0 1 0
    outer loop
      vertex 14.3768 14.25 -27.6513
      vertex 18.4952 14.25 -34.7846
      vertex 14.0178 14.25 -27.6278
    endloop
  endfacet
  facet normal 0 1 0
    outer loop
      vertex -13.0018 14.25 -27.2828
      vertex -19.8244 14.25 -33.6189
      vertex -20.165 14.25 -33.5033
    endloop
  endfacet
  facet normal 0 1 -0
    outer loop
      vertex 18.3361 14.25 -35.1072
      vertex 14.0178 14.25 -27.6278
      vertex 18.4952 14.25 -34.7846
    endloop
  endfacet
  facet normal 0 1 0
    outer loop
      vertex -13.0018 14.25 -27.2828
      vertex -19.5018 14.25 -33.778
      vertex -19.8244 14.25 -33.6189
    endloop
  endfacet
  facet normal 0 1 0
    outer loop
      vertex 14.0178 14.25 -27.6278
      vertex 18.3361 14.25 -35.1072
      vertex 13.665 14.25 -27.5576
    endloop
  endfacet
  facet normal 0 1 0
    outer loop
      vertex -13.0018 14.25 -27.2828
      vertex -19.2027 14.25 -33.9779
      vertex -19.5018 14.25 -33.778
    endloop
  endfacet
  facet normal 0 1 -0
    outer loop
      vertex 18.2205 14.25 -35.4479
      vertex 13.665 14.25 -27.5576
      vertex 18.3361 14.25 -35.1072
    endloop
  endfacet
  facet normal 0 1 0
    outer loop
      vertex -13.0018 14.25 -27.2828
      vertex -18.9322 14.25 -34.2151
      vertex -19.2027 14.25 -33.9779
    endloop
  endfacet
  facet normal 0 1 0
    outer loop
      vertex 13.665 14.25 -27.5576
      vertex 18.2205 14.25 -35.4479
      vertex 13.3244 14.25 -27.4419
    endloop
  endfacet
  facet normal 0 1 0
    outer loop
      vertex -13.0018 14.25 -27.2828
      vertex -18.695 14.25 -34.4855
      vertex -18.9322 14.25 -34.2151
    endloop
  endfacet
  facet normal 0 1 -0
    outer loop
      vertex 18.1503 14.25 -35.8007
      vertex 13.3244 14.25 -27.4419
      vertex 18.2205 14.25 -35.4479
    endloop
  endfacet
  facet normal 0 1 0
    outer loop
      vertex -13.0018 14.25 -27.2828
      vertex -18.4952 14.25 -34.7846
      vertex -18.695 14.25 -34.4855
    endloop
  endfacet
  facet normal 0 1 0
    outer loop
      vertex 13.3244 14.25 -27.4419
      vertex 18.1503 14.25 -35.8007
      vertex 13.0018 14.25 -27.2828
    endloop
  endfacet
  facet normal 0 1 0
    outer loop
      vertex -13.0018 14.25 -27.2828
      vertex -18.3361 14.25 -35.1072
      vertex -18.4952 14.25 -34.7846
    endloop
  endfacet
  facet normal 0 1 -0
    outer loop
      vertex 18.1268 14.25 -36.1596
      vertex 13.0018 14.25 -27.2828
      vertex 18.1503 14.25 -35.8007
    endloop
  endfacet
  facet normal 0 1 0
    outer loop
      vertex -13.0018 14.25 -27.2828
      vertex -18.2205 14.25 -35.4479
      vertex -18.3361 14.25 -35.1072
    endloop
  endfacet
  facet normal 0 1 0
    outer loop
      vertex 18.1503 14.25 -36.5186
      vertex 13.0018 14.25 -27.2828
      vertex 18.1268 14.25 -36.1596
    endloop
  endfacet
  facet normal 0 1 0
    outer loop
      vertex -13.0018 14.25 -27.2828
      vertex -18.1503 14.25 -35.8007
      vertex -18.2205 14.25 -35.4479
    endloop
  endfacet
  facet normal 0 1 0
    outer loop
      vertex 13.0018 14.25 -27.2828
      vertex 12.5359 14.25 -50.2128
      vertex -13.0018 14.25 -27.2828
    endloop
  endfacet
  facet normal 0 1 0
    outer loop
      vertex -13.0018 14.25 -27.2828
      vertex -18.1268 14.25 -36.1596
      vertex -18.1503 14.25 -35.8007
    endloop
  endfacet
  facet normal 0 1 0
    outer loop
      vertex 13.0018 14.25 -27.2828
      vertex 18.1503 14.25 -36.5186
      vertex 12.5359 14.25 -50.2128
    endloop
  endfacet
  facet normal 0 1 -0
    outer loop
      vertex -12.5359 14.25 -50.2128
      vertex -13.0018 14.25 -27.2828
      vertex 12.5359 14.25 -50.2128
    endloop
  endfacet
  facet normal 0 1 0
    outer loop
      vertex 12.5359 14.25 -50.2128
      vertex 18.1503 14.25 -36.5186
      vertex 18.2205 14.25 -36.8714
    endloop
  endfacet
  facet normal -0 1 0
    outer loop
      vertex -18.1503 14.25 -36.5186
      vertex -13.0018 14.25 -27.2828
      vertex -12.5359 14.25 -50.2128
    endloop
  endfacet
  facet normal 0 1 0
    outer loop
      vertex 12.5359 14.25 -50.2128
      vertex 18.2205 14.25 -36.8714
      vertex 18.3361 14.25 -37.212
    endloop
  endfacet
  facet normal 0 1 0
    outer loop
      vertex -13.0018 14.25 -27.2828
      vertex -18.1503 14.25 -36.5186
      vertex -18.1268 14.25 -36.1596
    endloop
  endfacet
  facet normal 0 1 0
    outer loop
      vertex 12.5359 14.25 -50.2128
      vertex 18.3361 14.25 -37.212
      vertex 18.4952 14.25 -37.5346
    endloop
  endfacet
  facet normal 0 1 0
    outer loop
      vertex -18.1503 14.25 -36.5186
      vertex -12.5359 14.25 -50.2128
      vertex -18.2205 14.25 -36.8714
    endloop
  endfacet
  facet normal 0 1 0
    outer loop
      vertex 12.5359 14.25 -50.2128
      vertex 18.4952 14.25 -37.5346
      vertex 18.695 14.25 -37.8337
    endloop
  endfacet
  facet normal 0 1 0
    outer loop
      vertex -18.2205 14.25 -36.8714
      vertex -12.5359 14.25 -50.2128
      vertex -18.3361 14.25 -37.212
    endloop
  endfacet
  facet normal 0 1 0
    outer loop
      vertex 12.5359 14.25 -50.2128
      vertex 18.695 14.25 -37.8337
      vertex 18.9322 14.25 -38.1042
    endloop
  endfacet
  facet normal 0 1 0
    outer loop
      vertex -18.3361 14.25 -37.212
      vertex -12.5359 14.25 -50.2128
      vertex -18.4952 14.25 -37.5346
    endloop
  endfacet
  facet normal 0 1 0
    outer loop
      vertex 12.5359 14.25 -50.2128
      vertex 18.9322 14.25 -38.1042
      vertex 19.2027 14.25 -38.3413
    endloop
  endfacet
  facet normal 0 1 0
    outer loop
      vertex -18.4952 14.25 -37.5346
      vertex -12.5359 14.25 -50.2128
      vertex -18.695 14.25 -37.8337
    endloop
  endfacet
  facet normal 0 1 0
    outer loop
      vertex 12.5359 14.25 -50.2128
      vertex 19.2027 14.25 -38.3413
      vertex 19.5018 14.25 -38.5412
    endloop
  endfacet
  facet normal 0 1 0
    outer loop
      vertex -18.695 14.25 -37.8337
      vertex -12.5359 14.25 -50.2128
      vertex -18.9322 14.25 -38.1042
    endloop
  endfacet
  facet normal 0 1 0
    outer loop
      vertex 12.5359 14.25 -50.2128
      vertex 19.5018 14.25 -38.5412
      vertex 19.8244 14.25 -38.7003
    endloop
  endfacet
  facet normal 0 1 0
    outer loop
      vertex -18.9322 14.25 -38.1042
      vertex -12.5359 14.25 -50.2128
      vertex -19.2027 14.25 -38.3413
    endloop
  endfacet
  facet normal 0 1 0
    outer loop
      vertex 12.5359 14.25 -50.2128
      vertex 19.8244 14.25 -38.7003
      vertex 20.165 14.25 -38.8159
    endloop
  endfacet
  facet normal 0 1 0
    outer loop
      vertex -19.2027 14.25 -38.3413
      vertex -12.5359 14.25 -50.2128
      vertex -19.5018 14.25 -38.5412
    endloop
  endfacet
  facet normal 0 1 0
    outer loop
      vertex 12.5359 14.25 -50.2128
      vertex 20.165 14.25 -38.8159
      vertex 20.5178 14.25 -38.8861
    endloop
  endfacet
  facet normal 0 1 0
    outer loop
      vertex -19.5018 14.25 -38.5412
      vertex -12.5359 14.25 -50.2128
      vertex -19.8244 14.25 -38.7003
    endloop
  endfacet
  facet normal 0 1 0
    outer loop
      vertex 12.5359 14.25 -50.2128
      vertex 20.5178 14.25 -38.8861
      vertex 20.8768 14.25 -38.9096
    endloop
  endfacet
  facet normal 0 1 0
    outer loop
      vertex -19.8244 14.25 -38.7003
      vertex -12.5359 14.25 -50.2128
      vertex -20.165 14.25 -38.8159
    endloop
  endfacet
  facet normal 0 1 0
    outer loop
      vertex 13.3244 14.25 -22.3606
      vertex 20.25 14.25 -14.25
      vertex 13.665 14.25 -22.245
    endloop
  endfacet
  facet normal 0 1 0
    outer loop
      vertex -20.25 14.25 -14.25
      vertex -14.0178 14.25 -22.1748
      vertex -14.3768 14.25 -22.1513
    endloop
  endfacet
  facet normal 0 1 0
    outer loop
      vertex 13.0018 14.25 -22.5197
      vertex 20.25 14.25 -14.25
      vertex 13.3244 14.25 -22.3606
    endloop
  endfacet
  facet normal 0 1 0
    outer loop
      vertex -20.25 14.25 -14.25
      vertex -13.665 14.25 -22.245
      vertex -14.0178 14.25 -22.1748
    endloop
  endfacet
  facet normal 0 1 0
    outer loop
      vertex 12.7027 14.25 -22.7196
      vertex 20.25 14.25 -14.25
      vertex 13.0018 14.25 -22.5197
    endloop
  endfacet
  facet normal 0 1 0
    outer loop
      vertex -20.25 14.25 -14.25
      vertex -13.3244 14.25 -22.3606
      vertex -13.665 14.25 -22.245
    endloop
  endfacet
  facet normal 0 1 0
    outer loop
      vertex 20.25 14.25 -14.25
      vertex 12.7027 14.25 -22.7196
      vertex -20.25 14.25 -14.25
    endloop
  endfacet
  facet normal 0 1 0
    outer loop
      vertex -20.25 14.25 -14.25
      vertex -13.0018 14.25 -22.5197
      vertex -13.3244 14.25 -22.3606
    endloop
  endfacet
  facet normal 0 1 -0
    outer loop
      vertex -12.7027 14.25 -22.7196
      vertex -20.25 14.25 -14.25
      vertex 12.7027 14.25 -22.7196
    endloop
  endfacet
  facet normal 0 1 0
    outer loop
      vertex -20.25 14.25 -14.25
      vertex -12.7027 14.25 -22.7196
      vertex -13.0018 14.25 -22.5197
    endloop
  endfacet
  facet normal 0 1 -0
    outer loop
      vertex 12.4322 14.25 -22.9567
      vertex -12.7027 14.25 -22.7196
      vertex 12.7027 14.25 -22.7196
    endloop
  endfacet
  facet normal 0 1 0
    outer loop
      vertex 12.4322 14.25 -22.9567
      vertex -12.4322 14.25 -22.9567
      vertex -12.7027 14.25 -22.7196
    endloop
  endfacet
  facet normal 0 1 -0
    outer loop
      vertex 12.195 14.25 -23.2272
      vertex -12.4322 14.25 -22.9567
      vertex 12.4322 14.25 -22.9567
    endloop
  endfacet
  facet normal 0 1 0
    outer loop
      vertex 12.195 14.25 -23.2272
      vertex -12.195 14.25 -23.2272
      vertex -12.4322 14.25 -22.9567
    endloop
  endfacet
  facet normal 0 1 -0
    outer loop
      vertex 11.9952 14.25 -23.5263
      vertex -12.195 14.25 -23.2272
      vertex 12.195 14.25 -23.2272
    endloop
  endfacet
  facet normal 0 1 0
    outer loop
      vertex 11.9952 14.25 -23.5263
      vertex -11.9952 14.25 -23.5263
      vertex -12.195 14.25 -23.2272
    endloop
  endfacet
  facet normal 0 1 -0
    outer loop
      vertex 11.8361 14.25 -23.8489
      vertex -11.9952 14.25 -23.5263
      vertex 11.9952 14.25 -23.5263
    endloop
  endfacet
  facet normal 0 1 0
    outer loop
      vertex 11.8361 14.25 -23.8489
      vertex -11.8361 14.25 -23.8489
      vertex -11.9952 14.25 -23.5263
    endloop
  endfacet
  facet normal 0 1 -0
    outer loop
      vertex 11.7205 14.25 -24.1895
      vertex -11.8361 14.25 -23.8489
      vertex 11.8361 14.25 -23.8489
    endloop
  endfacet
  facet normal 0 1 0
    outer loop
      vertex 11.7205 14.25 -24.1895
      vertex -11.7205 14.25 -24.1895
      vertex -11.8361 14.25 -23.8489
    endloop
  endfacet
  facet normal 0 1 -0
    outer loop
      vertex 11.6503 14.25 -24.5423
      vertex -11.7205 14.25 -24.1895
      vertex 11.7205 14.25 -24.1895
    endloop
  endfacet
  facet normal 0 1 0
    outer loop
      vertex 11.6503 14.25 -24.5423
      vertex -11.6503 14.25 -24.5423
      vertex -11.7205 14.25 -24.1895
    endloop
  endfacet
  facet normal 0 1 -0
    outer loop
      vertex 11.6268 14.25 -24.9013
      vertex -11.6503 14.25 -24.5423
      vertex 11.6503 14.25 -24.5423
    endloop
  endfacet
  facet normal 0 1 0
    outer loop
      vertex 11.6268 14.25 -24.9013
      vertex -11.6268 14.25 -24.9013
      vertex -11.6503 14.25 -24.5423
    endloop
  endfacet
  facet normal 0 1 0
    outer loop
      vertex 11.6503 14.25 -25.2602
      vertex -11.6268 14.25 -24.9013
      vertex 11.6268 14.25 -24.9013
    endloop
  endfacet
  facet normal 0 1 0
    outer loop
      vertex 11.6503 14.25 -25.2602
      vertex -11.6503 14.25 -25.2602
      vertex -11.6268 14.25 -24.9013
    endloop
  endfacet
  facet normal 0 1 0
    outer loop
      vertex 11.7205 14.25 -25.613
      vertex -11.6503 14.25 -25.2602
      vertex 11.6503 14.25 -25.2602
    endloop
  endfacet
  facet normal 0 1 0
    outer loop
      vertex 11.7205 14.25 -25.613
      vertex -11.7205 14.25 -25.613
      vertex -11.6503 14.25 -25.2602
    endloop
  endfacet
  facet normal 0 1 0
    outer loop
      vertex 11.8361 14.25 -25.9537
      vertex -11.7205 14.25 -25.613
      vertex 11.7205 14.25 -25.613
    endloop
  endfacet
  facet normal 0 1 0
    outer loop
      vertex 11.8361 14.25 -25.9537
      vertex -11.8361 14.25 -25.9537
      vertex -11.7205 14.25 -25.613
    endloop
  endfacet
  facet normal 0 1 0
    outer loop
      vertex 11.9952 14.25 -26.2763
      vertex -11.8361 14.25 -25.9537
      vertex 11.8361 14.25 -25.9537
    endloop
  endfacet
  facet normal 0 1 0
    outer loop
      vertex 11.9952 14.25 -26.2763
      vertex -11.9952 14.25 -26.2763
      vertex -11.8361 14.25 -25.9537
    endloop
  endfacet
  facet normal 0 1 0
    outer loop
      vertex 12.195 14.25 -26.5754
      vertex -11.9952 14.25 -26.2763
      vertex 11.9952 14.25 -26.2763
    endloop
  endfacet
  facet normal 0 1 0
    outer loop
      vertex 12.195 14.25 -26.5754
      vertex -12.195 14.25 -26.5754
      vertex -11.9952 14.25 -26.2763
    endloop
  endfacet
  facet normal 0 1 0
    outer loop
      vertex 12.4322 14.25 -26.8458
      vertex -12.195 14.25 -26.5754
      vertex 12.195 14.25 -26.5754
    endloop
  endfacet
  facet normal 0 1 0
    outer loop
      vertex 12.4322 14.25 -26.8458
      vertex -12.4322 14.25 -26.8458
      vertex -12.195 14.25 -26.5754
    endloop
  endfacet
  facet normal 0 1 0
    outer loop
      vertex 12.7027 14.25 -27.083
      vertex -12.4322 14.25 -26.8458
      vertex 12.4322 14.25 -26.8458
    endloop
  endfacet
  facet normal 0 1 0
    outer loop
      vertex 12.7027 14.25 -27.083
      vertex -12.7027 14.25 -27.083
      vertex -12.4322 14.25 -26.8458
    endloop
  endfacet
  facet normal 0 1 0
    outer loop
      vertex 13.0018 14.25 -27.2828
      vertex -12.7027 14.25 -27.083
      vertex 12.7027 14.25 -27.083
    endloop
  endfacet
  facet normal 0 1 0
    outer loop
      vertex 13.0018 14.25 -27.2828
      vertex -13.0018 14.25 -27.2828
      vertex -12.7027 14.25 -27.083
    endloop
  endfacet
  facet normal 0 1 -0
    outer loop
      vertex 18.9322 14.25 -34.2151
      vertex 15.0885 14.25 -27.5576
      vertex 19.2027 14.25 -33.9779
    endloop
  endfacet
  facet normal 0 1 0
    outer loop
      vertex 15.0885 14.25 -27.5576
      vertex 18.9322 14.25 -34.2151
      vertex 14.7357 14.25 -27.6278
    endloop
  endfacet
  facet normal 0 1 0
    outer loop
      vertex 15.4291 14.25 -27.4419
      vertex 19.2027 14.25 -33.9779
      vertex 15.0885 14.25 -27.5576
    endloop
  endfacet
  facet normal 0 1 -0
    outer loop
      vertex 18.695 14.25 -34.4855
      vertex 14.7357 14.25 -27.6278
      vertex 18.9322 14.25 -34.2151
    endloop
  endfacet
  facet normal 0 1 -0
    outer loop
      vertex 19.2027 14.25 -33.9779
      vertex 15.4291 14.25 -27.4419
      vertex 19.5018 14.25 -33.778
    endloop
  endfacet
  facet normal 0 1 0
    outer loop
      vertex -13.0018 14.25 -27.2828
      vertex -20.8768 14.25 -33.4096
      vertex -13.3244 14.25 -27.4419
    endloop
  endfacet
  facet normal 0 1 0
    outer loop
      vertex 15.7518 14.25 -27.2828
      vertex 19.5018 14.25 -33.778
      vertex 15.4291 14.25 -27.4419
    endloop
  endfacet
  facet normal 0 1 0
    outer loop
      vertex -13.3244 14.25 -27.4419
      vertex -20.8768 14.25 -33.4096
      vertex -13.665 14.25 -27.5576
    endloop
  endfacet
  facet normal 0 1 0
    outer loop
      vertex 14.0178 14.25 -22.1748
      vertex 20.25 14.25 -14.25
      vertex 14.3768 14.25 -22.1513
    endloop
  endfacet
  facet normal 0 1 0
    outer loop
      vertex 20.25 14.25 -14.25
      vertex 14.7357 14.25 -22.1748
      vertex 14.3768 14.25 -22.1513
    endloop
  endfacet
  facet normal 0 1 0
    outer loop
      vertex 20.25 14.25 -14.25
      vertex 15.0885 14.25 -22.245
      vertex 14.7357 14.25 -22.1748
    endloop
  endfacet
  facet normal 0 1 0
    outer loop
      vertex 20.25 14.25 -14.25
      vertex 15.4291 14.25 -22.3606
      vertex 15.0885 14.25 -22.245
    endloop
  endfacet
  facet normal 0 1 0
    outer loop
      vertex 20.25 14.25 -14.25
      vertex 15.7518 14.25 -22.5197
      vertex 15.4291 14.25 -22.3606
    endloop
  endfacet
  facet normal 0 1 0
    outer loop
      vertex 20.25 14.25 -14.25
      vertex 16.0509 14.25 -22.7196
      vertex 15.7518 14.25 -22.5197
    endloop
  endfacet
  facet normal 0 1 0
    outer loop
      vertex 20.25 14.25 -14.25
      vertex 16.3213 14.25 -22.9567
      vertex 16.0509 14.25 -22.7196
    endloop
  endfacet
  facet normal 0 1 0
    outer loop
      vertex 20.25 14.25 -14.25
      vertex 16.5585 14.25 -23.2272
      vertex 16.3213 14.25 -22.9567
    endloop
  endfacet
  facet normal 0 1 0
    outer loop
      vertex 20.25 14.25 -14.25
      vertex 16.7583 14.25 -23.5263
      vertex 16.5585 14.25 -23.2272
    endloop
  endfacet
  facet normal 0 1 0
    outer loop
      vertex 20.25 14.25 -14.25
      vertex 16.9174 14.25 -23.8489
      vertex 16.7583 14.25 -23.5263
    endloop
  endfacet
  facet normal 0 1 0
    outer loop
      vertex 20.25 14.25 -14.25
      vertex 17.0331 14.25 -24.1895
      vertex 16.9174 14.25 -23.8489
    endloop
  endfacet
  facet normal 0 1 0
    outer loop
      vertex 20.25 14.25 -14.25
      vertex 17.1032 14.25 -24.5423
      vertex 17.0331 14.25 -24.1895
    endloop
  endfacet
  facet normal 0 1 0
    outer loop
      vertex 22.5509 14.25 -33.9779
      vertex 17.1032 14.25 -24.5423
      vertex 20.25 14.25 -14.25
    endloop
  endfacet
  facet normal 0 1 0
    outer loop
      vertex 17.1032 14.25 -24.5423
      vertex 22.5509 14.25 -33.9779
      vertex 17.1268 14.25 -24.9013
    endloop
  endfacet
  facet normal -0 1 -0
    outer loop
      vertex 22.2518 14.25 -33.778
      vertex 17.1268 14.25 -24.9013
      vertex 22.5509 14.25 -33.9779
    endloop
  endfacet
  facet normal 0 1 0
    outer loop
      vertex -13.665 14.25 -27.5576
      vertex -20.8768 14.25 -33.4096
      vertex -14.0178 14.25 -27.6278
    endloop
  endfacet
  facet normal 0 1 -0
    outer loop
      vertex 19.5018 14.25 -33.778
      vertex 15.7518 14.25 -27.2828
      vertex 19.8244 14.25 -33.6189
    endloop
  endfacet
  facet normal 0 1 0
    outer loop
      vertex 16.0509 14.25 -27.083
      vertex 19.8244 14.25 -33.6189
      vertex 15.7518 14.25 -27.2828
    endloop
  endfacet
  facet normal 0 1 -0
    outer loop
      vertex 19.8244 14.25 -33.6189
      vertex 16.0509 14.25 -27.083
      vertex 20.165 14.25 -33.5033
    endloop
  endfacet
  facet normal 0 1 0
    outer loop
      vertex 16.3213 14.25 -26.8458
      vertex 20.165 14.25 -33.5033
      vertex 16.0509 14.25 -27.083
    endloop
  endfacet
  facet normal 0 1 -0
    outer loop
      vertex 20.165 14.25 -33.5033
      vertex 16.3213 14.25 -26.8458
      vertex 20.5178 14.25 -33.4331
    endloop
  endfacet
  facet normal 0 1 0
    outer loop
      vertex 16.5585 14.25 -26.5754
      vertex 20.5178 14.25 -33.4331
      vertex 16.3213 14.25 -26.8458
    endloop
  endfacet
  facet normal 0 1 -0
    outer loop
      vertex 20.5178 14.25 -33.4331
      vertex 16.5585 14.25 -26.5754
      vertex 20.8768 14.25 -33.4096
    endloop
  endfacet
  facet normal 0 1 0
    outer loop
      vertex 16.7583 14.25 -26.2763
      vertex 20.8768 14.25 -33.4096
      vertex 16.5585 14.25 -26.5754
    endloop
  endfacet
  facet normal 0 1 0
    outer loop
      vertex 16.9174 14.25 -25.9537
      vertex 20.8768 14.25 -33.4096
      vertex 16.7583 14.25 -26.2763
    endloop
  endfacet
  facet normal 0 1 0
    outer loop
      vertex 21.2357 14.25 -33.4331
      vertex 16.9174 14.25 -25.9537
      vertex 17.0331 14.25 -25.613
    endloop
  endfacet
  facet normal 0 1 0
    outer loop
      vertex 17.1268 14.25 -24.9013
      vertex 22.2518 14.25 -33.778
      vertex 17.1032 14.25 -25.2602
    endloop
  endfacet
  facet normal 0 1 0
    outer loop
      vertex 37.2176 14.25 -35.9628
      vertex 20.25 14.25 -14.25
      vertex 20.25 14.25 14.25
    endloop
  endfacet
  facet normal 0 1 0
    outer loop
      vertex 16.9174 14.25 -25.9537
      vertex 21.2357 14.25 -33.4331
      vertex 20.8768 14.25 -33.4096
    endloop
  endfacet
  facet normal 0 1 0
    outer loop
      vertex 17.0331 14.25 -25.613
      vertex 21.5885 14.25 -33.5033
      vertex 21.2357 14.25 -33.4331
    endloop
  endfacet
  facet normal 0 1 0
    outer loop
      vertex 17.0331 14.25 -25.613
      vertex 21.9291 14.25 -33.6189
      vertex 21.5885 14.25 -33.5033
    endloop
  endfacet
  facet normal -0 1 -0
    outer loop
      vertex 22.5509 14.25 -33.9779
      vertex 20.25 14.25 -14.25
      vertex 37.2176 14.25 -35.9628
    endloop
  endfacet
  facet normal 0 1 0
    outer loop
      vertex 17.1032 14.25 -25.2602
      vertex 21.9291 14.25 -33.6189
      vertex 17.0331 14.25 -25.613
    endloop
  endfacet
  facet normal -0 1 -0
    outer loop
      vertex 21.9291 14.25 -33.6189
      vertex 17.1032 14.25 -25.2602
      vertex 22.2518 14.25 -33.778
    endloop
  endfacet
  facet normal 0 1 0
    outer loop
      vertex 22.5509 14.25 -33.9779
      vertex 37.2176 14.25 -35.9628
      vertex 22.8213 14.25 -34.2151
    endloop
  endfacet
  facet normal 0 1 0
    outer loop
      vertex 22.8213 14.25 -34.2151
      vertex 37.2176 14.25 -35.9628
      vertex 23.0585 14.25 -34.4855
    endloop
  endfacet
  facet normal 0 1 0
    outer loop
      vertex 23.0585 14.25 -34.4855
      vertex 37.2176 14.25 -35.9628
      vertex 23.2583 14.25 -34.7846
    endloop
  endfacet
  facet normal 0 1 0
    outer loop
      vertex 23.2583 14.25 -34.7846
      vertex 37.2176 14.25 -35.9628
      vertex 23.4174 14.25 -35.1072
    endloop
  endfacet
  facet normal 0 1 0
    outer loop
      vertex 23.4174 14.25 -35.1072
      vertex 37.2176 14.25 -35.9628
      vertex 23.5331 14.25 -35.4479
    endloop
  endfacet
  facet normal 0 1 0
    outer loop
      vertex 23.5331 14.25 -35.4479
      vertex 37.2176 14.25 -35.9628
      vertex 23.6032 14.25 -35.8007
    endloop
  endfacet
  facet normal 0 1 0
    outer loop
      vertex 37.2176 14.25 -35.9628
      vertex 23.6268 14.25 -36.1596
      vertex 23.6032 14.25 -35.8007
    endloop
  endfacet
  facet normal 0 1 0
    outer loop
      vertex 37.2176 14.25 -35.9628
      vertex 23.6032 14.25 -36.5186
      vertex 23.6268 14.25 -36.1596
    endloop
  endfacet
  facet normal 0 1 0
    outer loop
      vertex 37.2176 14.25 -35.9628
      vertex 23.5331 14.25 -36.8714
      vertex 23.6032 14.25 -36.5186
    endloop
  endfacet
  facet normal 0 1 0
    outer loop
      vertex 37.2176 14.25 -35.9628
      vertex 23.4174 14.25 -37.212
      vertex 23.5331 14.25 -36.8714
    endloop
  endfacet
  facet normal 0 1 0
    outer loop
      vertex 37.2176 14.25 -35.9628
      vertex 23.2583 14.25 -37.5346
      vertex 23.4174 14.25 -37.212
    endloop
  endfacet
  facet normal 0 1 0
    outer loop
      vertex 37.2176 14.25 -35.9628
      vertex 23.0585 14.25 -37.8337
      vertex 23.2583 14.25 -37.5346
    endloop
  endfacet
  facet normal 0 1 0
    outer loop
      vertex 37.2176 14.25 -35.9628
      vertex 22.8213 14.25 -38.1042
      vertex 23.0585 14.25 -37.8337
    endloop
  endfacet
  facet normal 0 1 0
    outer loop
      vertex 37.2176 14.25 -35.9628
      vertex 22.5509 14.25 -38.3413
      vertex 22.8213 14.25 -38.1042
    endloop
  endfacet
  facet normal 0 1 0
    outer loop
      vertex 37.2176 14.25 -35.9628
      vertex 22.2518 14.25 -38.5412
      vertex 22.5509 14.25 -38.3413
    endloop
  endfacet
  facet normal 0 1 0
    outer loop
      vertex 12.5359 14.25 -50.2128
      vertex 22.2518 14.25 -38.5412
      vertex 37.2176 14.25 -35.9628
    endloop
  endfacet
  facet normal 0 1 0
    outer loop
      vertex 22.2518 14.25 -38.5412
      vertex 12.5359 14.25 -50.2128
      vertex 21.9291 14.25 -38.7003
    endloop
  endfacet
  facet normal 0 1 0
    outer loop
      vertex 21.9291 14.25 -38.7003
      vertex 12.5359 14.25 -50.2128
      vertex 21.5885 14.25 -38.8159
    endloop
  endfacet
  facet normal 0 1 0
    outer loop
      vertex -20.165 14.25 -38.8159
      vertex -12.5359 14.25 -50.2128
      vertex -20.5178 14.25 -38.8861
    endloop
  endfacet
  facet normal 0 1 0
    outer loop
      vertex 21.2357 14.25 -38.8861
      vertex 12.5359 14.25 -50.2128
      vertex 20.8768 14.25 -38.9096
    endloop
  endfacet
  facet normal 0 1 0
    outer loop
      vertex 21.5885 14.25 -38.8159
      vertex 12.5359 14.25 -50.2128
      vertex 21.2357 14.25 -38.8861
    endloop
  endfacet
  facet normal 0 1 0
    outer loop
      vertex 13.665 14.25 -22.245
      vertex 20.25 14.25 -14.25
      vertex 14.0178 14.25 -22.1748
    endloop
  endfacet
  facet normal 0 1 -0
    outer loop
      vertex -14.7357 14.25 -22.1748
      vertex -20.25 14.25 -14.25
      vertex -14.3768 14.25 -22.1513
    endloop
  endfacet
  facet normal 0 1 -0
    outer loop
      vertex -15.0885 14.25 -22.245
      vertex -20.25 14.25 -14.25
      vertex -14.7357 14.25 -22.1748
    endloop
  endfacet
  facet normal 0 1 -0
    outer loop
      vertex -15.4291 14.25 -22.3606
      vertex -20.25 14.25 -14.25
      vertex -15.0885 14.25 -22.245
    endloop
  endfacet
  facet normal 0 1 -0
    outer loop
      vertex -15.7518 14.25 -22.5197
      vertex -20.25 14.25 -14.25
      vertex -15.4291 14.25 -22.3606
    endloop
  endfacet
  facet normal 0 1 -0
    outer loop
      vertex -16.0509 14.25 -22.7196
      vertex -20.25 14.25 -14.25
      vertex -15.7518 14.25 -22.5197
    endloop
  endfacet
  facet normal 0 1 -0
    outer loop
      vertex -16.3213 14.25 -22.9567
      vertex -20.25 14.25 -14.25
      vertex -16.0509 14.25 -22.7196
    endloop
  endfacet
  facet normal 0 1 -0
    outer loop
      vertex -16.5585 14.25 -23.2272
      vertex -20.25 14.25 -14.25
      vertex -16.3213 14.25 -22.9567
    endloop
  endfacet
  facet normal 0 1 -0
    outer loop
      vertex -16.7583 14.25 -23.5263
      vertex -20.25 14.25 -14.25
      vertex -16.5585 14.25 -23.2272
    endloop
  endfacet
  facet normal 0 1 -0
    outer loop
      vertex -16.9174 14.25 -23.8489
      vertex -20.25 14.25 -14.25
      vertex -16.7583 14.25 -23.5263
    endloop
  endfacet
  facet normal 0 1 -0
    outer loop
      vertex -17.0331 14.25 -24.1895
      vertex -20.25 14.25 -14.25
      vertex -16.9174 14.25 -23.8489
    endloop
  endfacet
  facet normal 0 1 -0
    outer loop
      vertex -17.1032 14.25 -24.5423
      vertex -20.25 14.25 -14.25
      vertex -17.0331 14.25 -24.1895
    endloop
  endfacet
  facet normal 0 1 0
    outer loop
      vertex -22.5509 14.25 -33.9779
      vertex -17.1032 14.25 -24.5423
      vertex -17.1268 14.25 -24.9013
    endloop
  endfacet
  facet normal 0 1 0
    outer loop
      vertex -22.2518 14.25 -33.778
      vertex -17.1268 14.25 -24.9013
      vertex -17.1032 14.25 -25.2602
    endloop
  endfacet
  facet normal 0 1 0
    outer loop
      vertex -21.9291 14.25 -33.6189
      vertex -17.1032 14.25 -25.2602
      vertex -17.0331 14.25 -25.613
    endloop
  endfacet
  facet normal 0 1 0
    outer loop
      vertex -14.0178 14.25 -27.6278
      vertex -20.8768 14.25 -33.4096
      vertex -14.3768 14.25 -27.6513
    endloop
  endfacet
  facet normal 0 1 0
    outer loop
      vertex -14.3768 14.25 -27.6513
      vertex -20.8768 14.25 -33.4096
      vertex -14.7357 14.25 -27.6278
    endloop
  endfacet
  facet normal 0 1 0
    outer loop
      vertex -20.8768 14.25 -33.4096
      vertex -15.0885 14.25 -27.5576
      vertex -14.7357 14.25 -27.6278
    endloop
  endfacet
  facet normal 0 1 0
    outer loop
      vertex -20.8768 14.25 -33.4096
      vertex -15.4291 14.25 -27.4419
      vertex -15.0885 14.25 -27.5576
    endloop
  endfacet
  facet normal 0 1 0
    outer loop
      vertex -20.8768 14.25 -33.4096
      vertex -15.7518 14.25 -27.2828
      vertex -15.4291 14.25 -27.4419
    endloop
  endfacet
  facet normal 0 1 0
    outer loop
      vertex -20.8768 14.25 -33.4096
      vertex -16.0509 14.25 -27.083
      vertex -15.7518 14.25 -27.2828
    endloop
  endfacet
  facet normal 0 1 0
    outer loop
      vertex -20.8768 14.25 -33.4096
      vertex -16.3213 14.25 -26.8458
      vertex -16.0509 14.25 -27.083
    endloop
  endfacet
  facet normal 0 1 0
    outer loop
      vertex -20.8768 14.25 -33.4096
      vertex -16.5585 14.25 -26.5754
      vertex -16.3213 14.25 -26.8458
    endloop
  endfacet
  facet normal 0 1 0
    outer loop
      vertex -20.8768 14.25 -33.4096
      vertex -16.7583 14.25 -26.2763
      vertex -16.5585 14.25 -26.5754
    endloop
  endfacet
  facet normal 0 1 0
    outer loop
      vertex -20.8768 14.25 -33.4096
      vertex -16.9174 14.25 -25.9537
      vertex -16.7583 14.25 -26.2763
    endloop
  endfacet
  facet normal 0 1 0
    outer loop
      vertex -21.2357 14.25 -33.4331
      vertex -16.9174 14.25 -25.9537
      vertex -20.8768 14.25 -33.4096
    endloop
  endfacet
  facet normal 0 1 0
    outer loop
      vertex -16.9174 14.25 -25.9537
      vertex -21.2357 14.25 -33.4331
      vertex -17.0331 14.25 -25.613
    endloop
  endfacet
  facet normal 0 1 0
    outer loop
      vertex -21.5885 14.25 -33.5033
      vertex -17.0331 14.25 -25.613
      vertex -21.2357 14.25 -33.4331
    endloop
  endfacet
  facet normal 0 1 0
    outer loop
      vertex -21.9291 14.25 -33.6189
      vertex -17.0331 14.25 -25.613
      vertex -21.5885 14.25 -33.5033
    endloop
  endfacet
  facet normal 0 1 0
    outer loop
      vertex -17.1032 14.25 -25.2602
      vertex -21.9291 14.25 -33.6189
      vertex -22.2518 14.25 -33.778
    endloop
  endfacet
  facet normal 0 1 0
    outer loop
      vertex -17.1268 14.25 -24.9013
      vertex -22.2518 14.25 -33.778
      vertex -22.5509 14.25 -33.9779
    endloop
  endfacet
  facet normal 0 1 0
    outer loop
      vertex -17.1032 14.25 -24.5423
      vertex -22.5509 14.25 -33.9779
      vertex -20.25 14.25 -14.25
    endloop
  endfacet
  facet normal 0 1 0
    outer loop
      vertex -20.25 14.25 -14.25
      vertex -22.5509 14.25 -33.9779
      vertex -37.2176 14.25 -35.9628
    endloop
  endfacet
  facet normal 0 1 0
    outer loop
      vertex -37.2176 14.25 -35.9628
      vertex -22.5509 14.25 -33.9779
      vertex -22.8213 14.25 -34.2151
    endloop
  endfacet
  facet normal 0 1 0
    outer loop
      vertex -37.2176 14.25 -35.9628
      vertex -22.8213 14.25 -34.2151
      vertex -23.0585 14.25 -34.4855
    endloop
  endfacet
  facet normal 0 1 0
    outer loop
      vertex -37.2176 14.25 -35.9628
      vertex -23.0585 14.25 -34.4855
      vertex -23.2583 14.25 -34.7846
    endloop
  endfacet
  facet normal 0 1 0
    outer loop
      vertex -37.2176 14.25 -35.9628
      vertex -23.2583 14.25 -34.7846
      vertex -23.4174 14.25 -35.1072
    endloop
  endfacet
  facet normal 0 1 0
    outer loop
      vertex -37.2176 14.25 -35.9628
      vertex -23.4174 14.25 -35.1072
      vertex -23.5331 14.25 -35.4479
    endloop
  endfacet
  facet normal 0 1 0
    outer loop
      vertex -37.2176 14.25 -35.9628
      vertex -23.5331 14.25 -35.4479
      vertex -23.6032 14.25 -35.8007
    endloop
  endfacet
  facet normal 0 1 -0
    outer loop
      vertex -20.25 14.25 -14.25
      vertex -37.2176 14.25 -35.9628
      vertex -20.25 14.25 14.25
    endloop
  endfacet
  facet normal 0 1 -0
    outer loop
      vertex -23.6268 14.25 -36.1596
      vertex -37.2176 14.25 -35.9628
      vertex -23.6032 14.25 -35.8007
    endloop
  endfacet
  facet normal 0 1 0
    outer loop
      vertex -23.6032 14.25 -36.5186
      vertex -37.2176 14.25 -35.9628
      vertex -23.6268 14.25 -36.1596
    endloop
  endfacet
  facet normal 0 1 0
    outer loop
      vertex -23.5331 14.25 -36.8714
      vertex -37.2176 14.25 -35.9628
      vertex -23.6032 14.25 -36.5186
    endloop
  endfacet
  facet normal 0 1 0
    outer loop
      vertex -23.4174 14.25 -37.212
      vertex -37.2176 14.25 -35.9628
      vertex -23.5331 14.25 -36.8714
    endloop
  endfacet
  facet normal 0 1 0
    outer loop
      vertex -23.2583 14.25 -37.5346
      vertex -37.2176 14.25 -35.9628
      vertex -23.4174 14.25 -37.212
    endloop
  endfacet
  facet normal 0 1 0
    outer loop
      vertex -23.0585 14.25 -37.8337
      vertex -37.2176 14.25 -35.9628
      vertex -23.2583 14.25 -37.5346
    endloop
  endfacet
  facet normal 0 1 0
    outer loop
      vertex -22.8213 14.25 -38.1042
      vertex -37.2176 14.25 -35.9628
      vertex -23.0585 14.25 -37.8337
    endloop
  endfacet
  facet normal 0 1 0
    outer loop
      vertex -22.5509 14.25 -38.3413
      vertex -37.2176 14.25 -35.9628
      vertex -22.8213 14.25 -38.1042
    endloop
  endfacet
  facet normal 0 1 0
    outer loop
      vertex -22.2518 14.25 -38.5412
      vertex -37.2176 14.25 -35.9628
      vertex -22.5509 14.25 -38.3413
    endloop
  endfacet
  facet normal 0 1 0
    outer loop
      vertex -12.5359 14.25 -50.2128
      vertex -22.2518 14.25 -38.5412
      vertex -21.9291 14.25 -38.7003
    endloop
  endfacet
  facet normal 0 1 0
    outer loop
      vertex -12.5359 14.25 -50.2128
      vertex -21.9291 14.25 -38.7003
      vertex -21.5885 14.25 -38.8159
    endloop
  endfacet
  facet normal 0 1 0
    outer loop
      vertex -12.5359 14.25 -50.2128
      vertex -21.5885 14.25 -38.8159
      vertex -21.2357 14.25 -38.8861
    endloop
  endfacet
  facet normal 0 1 0
    outer loop
      vertex -20.5178 14.25 -38.8861
      vertex -12.5359 14.25 -50.2128
      vertex -20.8768 14.25 -38.9096
    endloop
  endfacet
  facet normal 0 1 0
    outer loop
      vertex -20.8768 14.25 -38.9096
      vertex -12.5359 14.25 -50.2128
      vertex -21.2357 14.25 -38.8861
    endloop
  endfacet
  facet normal 0 1 0
    outer loop
      vertex -22.2518 14.25 -38.5412
      vertex -12.5359 14.25 -50.2128
      vertex -37.2176 14.25 -35.9628
    endloop
  endfacet
  facet normal 0 1 0
    outer loop
      vertex 14.25 44.25 14.25
      vertex 10.25 44.25 10.25
      vertex -14.25 44.25 14.25
    endloop
  endfacet
  facet normal 0 1 0
    outer loop
      vertex 14.25 44.25 14.25
      vertex 10.25 44.25 -10.25
      vertex 10.25 44.25 10.25
    endloop
  endfacet
  facet normal 0 1 0
    outer loop
      vertex 10.25 44.25 -10.25
      vertex 14.25 44.25 -14.25
      vertex -10.25 44.25 -10.25
    endloop
  endfacet
  facet normal 0 1 -0
    outer loop
      vertex 14.25 44.25 -14.25
      vertex 10.25 44.25 -10.25
      vertex 14.25 44.25 14.25
    endloop
  endfacet
  facet normal 0 1 -0
    outer loop
      vertex -10.25 44.25 10.25
      vertex -14.25 44.25 14.25
      vertex 10.25 44.25 10.25
    endloop
  endfacet
  facet normal 0 1 -0
    outer loop
      vertex -10.25 44.25 -10.25
      vertex -14.25 44.25 14.25
      vertex -10.25 44.25 10.25
    endloop
  endfacet
  facet normal 0 1 0
    outer loop
      vertex -10.25 44.25 -10.25
      vertex -14.25 44.25 -14.25
      vertex -14.25 44.25 14.25
    endloop
  endfacet
  facet normal 0 1 0
    outer loop
      vertex -14.25 44.25 -14.25
      vertex -10.25 44.25 -10.25
      vertex 14.25 44.25 -14.25
    endloop
  endfacet
  facet normal 0 0 -1
    outer loop
      vertex 2.54067 24.3024 -14.25
      vertex 20.25 14.25 -14.25
      vertex 2.6563 23.9618 -14.25
    endloop
  endfacet
  facet normal 0 0 -1
    outer loop
      vertex 14.25 44.25 -14.25
      vertex 2.72647 35.8911 -14.25
      vertex 2.75 36.25 -14.25
    endloop
  endfacet
  facet normal 0 0 -1
    outer loop
      vertex 20.25 14.25 -14.25
      vertex 2.54067 24.3024 -14.25
      vertex 14.25 44.25 -14.25
    endloop
  endfacet
  facet normal 0 0 -1
    outer loop
      vertex 14.25 44.25 -14.25
      vertex 2.6563 35.5382 -14.25
      vertex 2.72647 35.8911 -14.25
    endloop
  endfacet
  facet normal 0 0 -1
    outer loop
      vertex 2.54067 35.1976 -14.25
      vertex 14.25 44.25 -14.25
      vertex 2.54067 24.3024 -14.25
    endloop
  endfacet
  facet normal 0 0 -1
    outer loop
      vertex 14.25 44.25 -14.25
      vertex 2.54067 35.1976 -14.25
      vertex 2.6563 35.5382 -14.25
    endloop
  endfacet
  facet normal 0 0 -1
    outer loop
      vertex 2.38157 24.625 -14.25
      vertex 2.54067 35.1976 -14.25
      vertex 2.54067 24.3024 -14.25
    endloop
  endfacet
  facet normal 0 0 -1
    outer loop
      vertex 2.38157 24.625 -14.25
      vertex 2.38157 34.875 -14.25
      vertex 2.54067 35.1976 -14.25
    endloop
  endfacet
  facet normal 0 0 -1
    outer loop
      vertex 2.18172 24.9241 -14.25
      vertex 2.38157 34.875 -14.25
      vertex 2.38157 24.625 -14.25
    endloop
  endfacet
  facet normal 0 0 -1
    outer loop
      vertex 2.18172 24.9241 -14.25
      vertex 2.18172 34.5759 -14.25
      vertex 2.38157 34.875 -14.25
    endloop
  endfacet
  facet normal 0 0 -1
    outer loop
      vertex 1.94454 25.1945 -14.25
      vertex 2.18172 34.5759 -14.25
      vertex 2.18172 24.9241 -14.25
    endloop
  endfacet
  facet normal 0 0 -1
    outer loop
      vertex 1.94454 25.1945 -14.25
      vertex 1.94454 34.3055 -14.25
      vertex 2.18172 34.5759 -14.25
    endloop
  endfacet
  facet normal 0 0 -1
    outer loop
      vertex 1.67409 25.4317 -14.25
      vertex 1.94454 34.3055 -14.25
      vertex 1.94454 25.1945 -14.25
    endloop
  endfacet
  facet normal 0 0 -1
    outer loop
      vertex 1.67409 25.4317 -14.25
      vertex 1.67409 34.0683 -14.25
      vertex 1.94454 34.3055 -14.25
    endloop
  endfacet
  facet normal 0 0 -1
    outer loop
      vertex 1.375 25.6316 -14.25
      vertex 1.67409 34.0683 -14.25
      vertex 1.67409 25.4317 -14.25
    endloop
  endfacet
  facet normal 0 0 -1
    outer loop
      vertex 1.375 25.6316 -14.25
      vertex 1.375 33.8684 -14.25
      vertex 1.67409 34.0683 -14.25
    endloop
  endfacet
  facet normal 0 0 -1
    outer loop
      vertex 1.05238 25.7907 -14.25
      vertex 1.375 33.8684 -14.25
      vertex 1.375 25.6316 -14.25
    endloop
  endfacet
  facet normal 0 0 -1
    outer loop
      vertex 1.05238 25.7907 -14.25
      vertex 1.05238 33.7093 -14.25
      vertex 1.375 33.8684 -14.25
    endloop
  endfacet
  facet normal 0 0 -1
    outer loop
      vertex 0.711752 25.9063 -14.25
      vertex 1.05238 33.7093 -14.25
      vertex 1.05238 25.7907 -14.25
    endloop
  endfacet
  facet normal 0 0 -1
    outer loop
      vertex 0.711752 25.9063 -14.25
      vertex 0.711752 33.5937 -14.25
      vertex 1.05238 33.7093 -14.25
    endloop
  endfacet
  facet normal 0 0 -1
    outer loop
      vertex 0.358947 25.9765 -14.25
      vertex 0.711752 33.5937 -14.25
      vertex 0.711752 25.9063 -14.25
    endloop
  endfacet
  facet normal 0 0 -1
    outer loop
      vertex 0.358947 25.9765 -14.25
      vertex 0.358947 33.5235 -14.25
      vertex 0.711752 33.5937 -14.25
    endloop
  endfacet
  facet normal 0 0 -1
    outer loop
      vertex 0 26 -14.25
      vertex 0.358947 33.5235 -14.25
      vertex 0.358947 25.9765 -14.25
    endloop
  endfacet
  facet normal 0 0 -1
    outer loop
      vertex 0 26 -14.25
      vertex 0 33.5 -14.25
      vertex 0.358947 33.5235 -14.25
    endloop
  endfacet
  facet normal 0 0 -1
    outer loop
      vertex -0.358947 25.9765 -14.25
      vertex 0 33.5 -14.25
      vertex 0 26 -14.25
    endloop
  endfacet
  facet normal 0 0 -1
    outer loop
      vertex -0.358947 25.9765 -14.25
      vertex -0.358947 33.5235 -14.25
      vertex 0 33.5 -14.25
    endloop
  endfacet
  facet normal 0 0 -1
    outer loop
      vertex -0.711752 25.9063 -14.25
      vertex -0.358947 33.5235 -14.25
      vertex -0.358947 25.9765 -14.25
    endloop
  endfacet
  facet normal 0 0 -1
    outer loop
      vertex -0.711752 25.9063 -14.25
      vertex -0.711752 33.5937 -14.25
      vertex -0.358947 33.5235 -14.25
    endloop
  endfacet
  facet normal 0 0 -1
    outer loop
      vertex -1.05238 25.7907 -14.25
      vertex -0.711752 33.5937 -14.25
      vertex -0.711752 25.9063 -14.25
    endloop
  endfacet
  facet normal 0 0 -1
    outer loop
      vertex -1.05238 25.7907 -14.25
      vertex -1.05238 33.7093 -14.25
      vertex -0.711752 33.5937 -14.25
    endloop
  endfacet
  facet normal 0 0 -1
    outer loop
      vertex -1.375 25.6316 -14.25
      vertex -1.05238 33.7093 -14.25
      vertex -1.05238 25.7907 -14.25
    endloop
  endfacet
  facet normal 0 0 -1
    outer loop
      vertex -1.375 25.6316 -14.25
      vertex -1.375 33.8684 -14.25
      vertex -1.05238 33.7093 -14.25
    endloop
  endfacet
  facet normal 0 0 -1
    outer loop
      vertex -1.67409 25.4317 -14.25
      vertex -1.375 33.8684 -14.25
      vertex -1.375 25.6316 -14.25
    endloop
  endfacet
  facet normal 0 0 -1
    outer loop
      vertex -1.67409 25.4317 -14.25
      vertex -1.67409 34.0683 -14.25
      vertex -1.375 33.8684 -14.25
    endloop
  endfacet
  facet normal 0 0 -1
    outer loop
      vertex -1.94454 25.1945 -14.25
      vertex -1.67409 34.0683 -14.25
      vertex -1.67409 25.4317 -14.25
    endloop
  endfacet
  facet normal 0 0 -1
    outer loop
      vertex -1.94454 25.1945 -14.25
      vertex -1.94454 34.3055 -14.25
      vertex -1.67409 34.0683 -14.25
    endloop
  endfacet
  facet normal 0 0 -1
    outer loop
      vertex -2.18172 24.9241 -14.25
      vertex -1.94454 34.3055 -14.25
      vertex -1.94454 25.1945 -14.25
    endloop
  endfacet
  facet normal 0 0 -1
    outer loop
      vertex -2.18172 24.9241 -14.25
      vertex -2.18172 34.5759 -14.25
      vertex -1.94454 34.3055 -14.25
    endloop
  endfacet
  facet normal 0 0 -1
    outer loop
      vertex -2.38157 24.625 -14.25
      vertex -2.18172 34.5759 -14.25
      vertex -2.18172 24.9241 -14.25
    endloop
  endfacet
  facet normal 0 0 -1
    outer loop
      vertex -2.38157 24.625 -14.25
      vertex -2.38157 34.875 -14.25
      vertex -2.18172 34.5759 -14.25
    endloop
  endfacet
  facet normal 0 0 -1
    outer loop
      vertex -2.54067 24.3024 -14.25
      vertex -2.38157 34.875 -14.25
      vertex -2.38157 24.625 -14.25
    endloop
  endfacet
  facet normal 0 0 -1
    outer loop
      vertex -2.54067 24.3024 -14.25
      vertex -2.54067 35.1976 -14.25
      vertex -2.38157 34.875 -14.25
    endloop
  endfacet
  facet normal 0 0 -1
    outer loop
      vertex -20.25 14.25 -14.25
      vertex -2.54067 24.3024 -14.25
      vertex -2.6563 23.9618 -14.25
    endloop
  endfacet
  facet normal 0 0 -1
    outer loop
      vertex -2.54067 24.3024 -14.25
      vertex -14.25 44.25 -14.25
      vertex -2.54067 35.1976 -14.25
    endloop
  endfacet
  facet normal 0 0 -1
    outer loop
      vertex -20.25 14.25 -14.25
      vertex -2.6563 23.9618 -14.25
      vertex -2.72647 23.6089 -14.25
    endloop
  endfacet
  facet normal 0 0 -1
    outer loop
      vertex -2.54067 35.1976 -14.25
      vertex -14.25 44.25 -14.25
      vertex -2.6563 35.5382 -14.25
    endloop
  endfacet
  facet normal 0 0 -1
    outer loop
      vertex -20.25 14.25 -14.25
      vertex -2.72647 23.6089 -14.25
      vertex -2.75 23.25 -14.25
    endloop
  endfacet
  facet normal 0 0 -1
    outer loop
      vertex -2.6563 35.5382 -14.25
      vertex -14.25 44.25 -14.25
      vertex -2.72647 35.8911 -14.25
    endloop
  endfacet
  facet normal 0 0 -1
    outer loop
      vertex 2.72647 23.6089 -14.25
      vertex 20.25 14.25 -14.25
      vertex 2.75 23.25 -14.25
    endloop
  endfacet
  facet normal 0 0 -1
    outer loop
      vertex 20.25 14.25 -14.25
      vertex 2.72647 22.8911 -14.25
      vertex 2.75 23.25 -14.25
    endloop
  endfacet
  facet normal 0 0 -1
    outer loop
      vertex 20.25 14.25 -14.25
      vertex 2.6563 22.5382 -14.25
      vertex 2.72647 22.8911 -14.25
    endloop
  endfacet
  facet normal 0 0 -1
    outer loop
      vertex 20.25 14.25 -14.25
      vertex 2.54067 22.1976 -14.25
      vertex 2.6563 22.5382 -14.25
    endloop
  endfacet
  facet normal 0 0 -1
    outer loop
      vertex 20.25 14.25 -14.25
      vertex 2.38157 21.875 -14.25
      vertex 2.54067 22.1976 -14.25
    endloop
  endfacet
  facet normal 0 0 -1
    outer loop
      vertex 20.25 14.25 -14.25
      vertex 2.18172 21.5759 -14.25
      vertex 2.38157 21.875 -14.25
    endloop
  endfacet
  facet normal 0 0 -1
    outer loop
      vertex 20.25 14.25 -14.25
      vertex 1.94454 21.3055 -14.25
      vertex 2.18172 21.5759 -14.25
    endloop
  endfacet
  facet normal 0 0 -1
    outer loop
      vertex 20.25 14.25 -14.25
      vertex 1.67409 21.0683 -14.25
      vertex 1.94454 21.3055 -14.25
    endloop
  endfacet
  facet normal 0 0 -1
    outer loop
      vertex 20.25 14.25 -14.25
      vertex 1.375 20.8684 -14.25
      vertex 1.67409 21.0683 -14.25
    endloop
  endfacet
  facet normal 0 0 -1
    outer loop
      vertex 20.25 14.25 -14.25
      vertex 1.05238 20.7093 -14.25
      vertex 1.375 20.8684 -14.25
    endloop
  endfacet
  facet normal 0 0 -1
    outer loop
      vertex 20.25 14.25 -14.25
      vertex 0.711752 20.5937 -14.25
      vertex 1.05238 20.7093 -14.25
    endloop
  endfacet
  facet normal 0 0 -1
    outer loop
      vertex 20.25 14.25 -14.25
      vertex 0.358947 20.5235 -14.25
      vertex 0.711752 20.5937 -14.25
    endloop
  endfacet
  facet normal 0 0 -1
    outer loop
      vertex 20.25 14.25 -14.25
      vertex 0 20.5 -14.25
      vertex 0.358947 20.5235 -14.25
    endloop
  endfacet
  facet normal 0 0 -1
    outer loop
      vertex -20.25 14.25 -14.25
      vertex 0 20.5 -14.25
      vertex 20.25 14.25 -14.25
    endloop
  endfacet
  facet normal -0 0 -1
    outer loop
      vertex 0 20.5 -14.25
      vertex -20.25 14.25 -14.25
      vertex -0.358947 20.5235 -14.25
    endloop
  endfacet
  facet normal 0 0 -1
    outer loop
      vertex -2.72647 35.8911 -14.25
      vertex -14.25 44.25 -14.25
      vertex -2.75 36.25 -14.25
    endloop
  endfacet
  facet normal 0 0 -1
    outer loop
      vertex -20.25 14.25 -14.25
      vertex -2.75 23.25 -14.25
      vertex -2.72647 22.8911 -14.25
    endloop
  endfacet
  facet normal 0 0 -1
    outer loop
      vertex -20.25 14.25 -14.25
      vertex -2.72647 22.8911 -14.25
      vertex -2.6563 22.5382 -14.25
    endloop
  endfacet
  facet normal 0 0 -1
    outer loop
      vertex -20.25 14.25 -14.25
      vertex -2.6563 22.5382 -14.25
      vertex -2.54067 22.1976 -14.25
    endloop
  endfacet
  facet normal 0 0 -1
    outer loop
      vertex -20.25 14.25 -14.25
      vertex -2.54067 22.1976 -14.25
      vertex -2.38157 21.875 -14.25
    endloop
  endfacet
  facet normal -0 0 -1
    outer loop
      vertex -2.54067 24.3024 -14.25
      vertex -20.25 14.25 -14.25
      vertex -14.25 44.25 -14.25
    endloop
  endfacet
  facet normal -0 0 -1
    outer loop
      vertex -2.18172 21.5759 -14.25
      vertex -20.25 14.25 -14.25
      vertex -2.38157 21.875 -14.25
    endloop
  endfacet
  facet normal -0 0 -1
    outer loop
      vertex -1.94454 21.3055 -14.25
      vertex -20.25 14.25 -14.25
      vertex -2.18172 21.5759 -14.25
    endloop
  endfacet
  facet normal -0 0 -1
    outer loop
      vertex -1.67409 21.0683 -14.25
      vertex -20.25 14.25 -14.25
      vertex -1.94454 21.3055 -14.25
    endloop
  endfacet
  facet normal -0 0 -1
    outer loop
      vertex -1.375 20.8684 -14.25
      vertex -20.25 14.25 -14.25
      vertex -1.67409 21.0683 -14.25
    endloop
  endfacet
  facet normal -0 0 -1
    outer loop
      vertex -1.05238 20.7093 -14.25
      vertex -20.25 14.25 -14.25
      vertex -1.375 20.8684 -14.25
    endloop
  endfacet
  facet normal -0 0 -1
    outer loop
      vertex -0.711752 20.5937 -14.25
      vertex -20.25 14.25 -14.25
      vertex -1.05238 20.7093 -14.25
    endloop
  endfacet
  facet normal -0 0 -1
    outer loop
      vertex -0.358947 20.5235 -14.25
      vertex -20.25 14.25 -14.25
      vertex -0.711752 20.5937 -14.25
    endloop
  endfacet
  facet normal 0 0 -1
    outer loop
      vertex 2.6563 23.9618 -14.25
      vertex 20.25 14.25 -14.25
      vertex 2.72647 23.6089 -14.25
    endloop
  endfacet
  facet normal 0 0 -1
    outer loop
      vertex 2.72647 36.6089 -14.25
      vertex 14.25 44.25 -14.25
      vertex 2.75 36.25 -14.25
    endloop
  endfacet
  facet normal 0 0 -1
    outer loop
      vertex 2.6563 36.9618 -14.25
      vertex 14.25 44.25 -14.25
      vertex 2.72647 36.6089 -14.25
    endloop
  endfacet
  facet normal 0 0 -1
    outer loop
      vertex 2.54067 37.3024 -14.25
      vertex 14.25 44.25 -14.25
      vertex 2.6563 36.9618 -14.25
    endloop
  endfacet
  facet normal 0 0 -1
    outer loop
      vertex 2.38157 37.625 -14.25
      vertex 14.25 44.25 -14.25
      vertex 2.54067 37.3024 -14.25
    endloop
  endfacet
  facet normal 0 0 -1
    outer loop
      vertex 2.18172 37.9241 -14.25
      vertex 14.25 44.25 -14.25
      vertex 2.38157 37.625 -14.25
    endloop
  endfacet
  facet normal 0 0 -1
    outer loop
      vertex 1.94454 38.1945 -14.25
      vertex 14.25 44.25 -14.25
      vertex 2.18172 37.9241 -14.25
    endloop
  endfacet
  facet normal 0 0 -1
    outer loop
      vertex 1.67409 38.4317 -14.25
      vertex 14.25 44.25 -14.25
      vertex 1.94454 38.1945 -14.25
    endloop
  endfacet
  facet normal 0 0 -1
    outer loop
      vertex 1.375 38.6316 -14.25
      vertex 14.25 44.25 -14.25
      vertex 1.67409 38.4317 -14.25
    endloop
  endfacet
  facet normal 0 0 -1
    outer loop
      vertex 1.05238 38.7907 -14.25
      vertex 14.25 44.25 -14.25
      vertex 1.375 38.6316 -14.25
    endloop
  endfacet
  facet normal 0 0 -1
    outer loop
      vertex 0.711752 38.9063 -14.25
      vertex 14.25 44.25 -14.25
      vertex 1.05238 38.7907 -14.25
    endloop
  endfacet
  facet normal 0 0 -1
    outer loop
      vertex 0.358947 38.9765 -14.25
      vertex 14.25 44.25 -14.25
      vertex 0.711752 38.9063 -14.25
    endloop
  endfacet
  facet normal 0 0 -1
    outer loop
      vertex 0 39 -14.25
      vertex 14.25 44.25 -14.25
      vertex 0.358947 38.9765 -14.25
    endloop
  endfacet
  facet normal 0 0 -1
    outer loop
      vertex -14.25 44.25 -14.25
      vertex 0 39 -14.25
      vertex -0.358947 38.9765 -14.25
    endloop
  endfacet
  facet normal 0 0 -1
    outer loop
      vertex -14.25 44.25 -14.25
      vertex -0.358947 38.9765 -14.25
      vertex -0.711752 38.9063 -14.25
    endloop
  endfacet
  facet normal 0 0 -1
    outer loop
      vertex -14.25 44.25 -14.25
      vertex -0.711752 38.9063 -14.25
      vertex -1.05238 38.7907 -14.25
    endloop
  endfacet
  facet normal 0 0 -1
    outer loop
      vertex 0 39 -14.25
      vertex -14.25 44.25 -14.25
      vertex 14.25 44.25 -14.25
    endloop
  endfacet
  facet normal 0 0 -1
    outer loop
      vertex -1.375 38.6316 -14.25
      vertex -14.25 44.25 -14.25
      vertex -1.05238 38.7907 -14.25
    endloop
  endfacet
  facet normal 0 0 -1
    outer loop
      vertex -1.67409 38.4317 -14.25
      vertex -14.25 44.25 -14.25
      vertex -1.375 38.6316 -14.25
    endloop
  endfacet
  facet normal 0 0 -1
    outer loop
      vertex -1.94454 38.1945 -14.25
      vertex -14.25 44.25 -14.25
      vertex -1.67409 38.4317 -14.25
    endloop
  endfacet
  facet normal 0 0 -1
    outer loop
      vertex -2.18172 37.9241 -14.25
      vertex -14.25 44.25 -14.25
      vertex -1.94454 38.1945 -14.25
    endloop
  endfacet
  facet normal 0 0 -1
    outer loop
      vertex -2.38157 37.625 -14.25
      vertex -14.25 44.25 -14.25
      vertex -2.18172 37.9241 -14.25
    endloop
  endfacet
  facet normal 0 0 -1
    outer loop
      vertex -2.54067 37.3024 -14.25
      vertex -14.25 44.25 -14.25
      vertex -2.38157 37.625 -14.25
    endloop
  endfacet
  facet normal 0 0 -1
    outer loop
      vertex -2.6563 36.9618 -14.25
      vertex -14.25 44.25 -14.25
      vertex -2.54067 37.3024 -14.25
    endloop
  endfacet
  facet normal 0 0 -1
    outer loop
      vertex -2.72647 36.6089 -14.25
      vertex -14.25 44.25 -14.25
      vertex -2.6563 36.9618 -14.25
    endloop
  endfacet
  facet normal 0 0 -1
    outer loop
      vertex -14.25 44.25 -14.25
      vertex -2.72647 36.6089 -14.25
      vertex -2.75 36.25 -14.25
    endloop
  endfacet
  facet normal 0.980581 0.196116 0
    outer loop
      vertex 20.25 14.25 14.25
      vertex 14.25 44.25 -14.25
      vertex 14.25 44.25 14.25
    endloop
  endfacet
  facet normal 0.980581 0.196116 0
    outer loop
      vertex 14.25 44.25 -14.25
      vertex 20.25 14.25 14.25
      vertex 20.25 14.25 -14.25
    endloop
  endfacet
  facet normal -0.980581 0.196116 0
    outer loop
      vertex -20.25 14.25 -14.25
      vertex -14.25 44.25 14.25
      vertex -14.25 44.25 -14.25
    endloop
  endfacet
  facet normal -0.980581 0.196116 0
    outer loop
      vertex -14.25 44.25 14.25
      vertex -20.25 14.25 -14.25
      vertex -20.25 14.25 14.25
    endloop
  endfacet
  facet normal -0.980799 0.19502 0
    outer loop
      vertex 2.6563 22.5382 10.25
      vertex 2.72647 22.8911 14.25
      vertex 2.72647 22.8911 10.25
    endloop
  endfacet
  facet normal -0.980799 0.19502 0
    outer loop
      vertex 2.72647 22.8911 14.25
      vertex 2.6563 22.5382 10.25
      vertex 2.6563 22.5382 14.25
    endloop
  endfacet
  facet normal -0.980799 0.19502 0
    outer loop
      vertex 2.6563 22.5382 -14.25
      vertex 2.72647 22.8911 -10.25
      vertex 2.72647 22.8911 -14.25
    endloop
  endfacet
  facet normal -0.980799 0.19502 0
    outer loop
      vertex 2.72647 22.8911 -10.25
      vertex 2.6563 22.5382 -14.25
      vertex 2.6563 22.5382 -10.25
    endloop
  endfacet
  facet normal -0.997858 0.065421 0
    outer loop
      vertex 2.72647 22.8911 10.25
      vertex 2.75 23.25 14.25
      vertex 2.75 23.25 10.25
    endloop
  endfacet
  facet normal -0.997858 0.065421 0
    outer loop
      vertex 2.75 23.25 14.25
      vertex 2.72647 22.8911 10.25
      vertex 2.72647 22.8911 14.25
    endloop
  endfacet
  facet normal -0.997858 0.065421 0
    outer loop
      vertex 2.72647 22.8911 -14.25
      vertex 2.75 23.25 -10.25
      vertex 2.75 23.25 -14.25
    endloop
  endfacet
  facet normal -0.997858 0.065421 0
    outer loop
      vertex 2.75 23.25 -10.25
      vertex 2.72647 22.8911 -14.25
      vertex 2.72647 22.8911 -10.25
    endloop
  endfacet
  facet normal -0.94692 0.321469 0
    outer loop
      vertex 2.54067 22.1976 -14.25
      vertex 2.6563 22.5382 -10.25
      vertex 2.6563 22.5382 -14.25
    endloop
  endfacet
  facet normal -0.94692 0.321469 0
    outer loop
      vertex 2.6563 22.5382 -10.25
      vertex 2.54067 22.1976 -14.25
      vertex 2.54067 22.1976 -10.25
    endloop
  endfacet
  facet normal -0.94692 0.321469 0
    outer loop
      vertex 2.54067 22.1976 10.25
      vertex 2.6563 22.5382 14.25
      vertex 2.6563 22.5382 10.25
    endloop
  endfacet
  facet normal -0.94692 0.321469 0
    outer loop
      vertex 2.6563 22.5382 14.25
      vertex 2.54067 22.1976 10.25
      vertex 2.54067 22.1976 14.25
    endloop
  endfacet
  facet normal 0.997858 -0.065421 0
    outer loop
      vertex -2.75 23.25 14.25
      vertex -2.72647 23.6089 10.25
      vertex -2.72647 23.6089 14.25
    endloop
  endfacet
  facet normal 0.997858 -0.065421 0
    outer loop
      vertex -2.72647 23.6089 10.25
      vertex -2.75 23.25 14.25
      vertex -2.75 23.25 10.25
    endloop
  endfacet
  facet normal 0.997858 -0.065421 0
    outer loop
      vertex -2.75 23.25 -10.25
      vertex -2.72647 23.6089 -14.25
      vertex -2.72647 23.6089 -10.25
    endloop
  endfacet
  facet normal 0.997858 -0.065421 0
    outer loop
      vertex -2.72647 23.6089 -14.25
      vertex -2.75 23.25 -10.25
      vertex -2.75 23.25 -14.25
    endloop
  endfacet
  facet normal -0.89686 -0.442314 0
    outer loop
      vertex 2.54067 24.3024 -14.25
      vertex 2.38157 24.625 -10.25
      vertex 2.38157 24.625 -14.25
    endloop
  endfacet
  facet normal -0.89686 -0.442314 0
    outer loop
      vertex 2.38157 24.625 -10.25
      vertex 2.54067 24.3024 -14.25
      vertex 2.54067 24.3024 -10.25
    endloop
  endfacet
  facet normal -0.89686 -0.442314 0
    outer loop
      vertex 2.54067 24.3024 10.25
      vertex 2.38157 24.625 14.25
      vertex 2.38157 24.625 10.25
    endloop
  endfacet
  facet normal -0.89686 -0.442314 0
    outer loop
      vertex 2.38157 24.625 14.25
      vertex 2.54067 24.3024 10.25
      vertex 2.54067 24.3024 14.25
    endloop
  endfacet
  facet normal 0.555675 -0.8314 0
    outer loop
      vertex -1.67409 25.4317 -14.25
      vertex -1.375 25.6316 -10.25
      vertex -1.67409 25.4317 -10.25
    endloop
  endfacet
  facet normal 0.555675 -0.8314 0
    outer loop
      vertex -1.375 25.6316 -10.25
      vertex -1.67409 25.4317 -14.25
      vertex -1.375 25.6316 -14.25
    endloop
  endfacet
  facet normal 0.555675 -0.8314 0
    outer loop
      vertex -1.67409 25.4317 10.25
      vertex -1.375 25.6316 14.25
      vertex -1.67409 25.4317 14.25
    endloop
  endfacet
  facet normal 0.555675 -0.8314 0
    outer loop
      vertex -1.375 25.6316 14.25
      vertex -1.67409 25.4317 10.25
      vertex -1.375 25.6316 10.25
    endloop
  endfacet
  facet normal 0.997858 0.065421 0
    outer loop
      vertex -2.72647 22.8911 -10.25
      vertex -2.75 23.25 -14.25
      vertex -2.75 23.25 -10.25
    endloop
  endfacet
  facet normal 0.997858 0.065421 0
    outer loop
      vertex -2.75 23.25 -14.25
      vertex -2.72647 22.8911 -10.25
      vertex -2.72647 22.8911 -14.25
    endloop
  endfacet
  facet normal 0.997858 0.065421 0
    outer loop
      vertex -2.72647 22.8911 14.25
      vertex -2.75 23.25 10.25
      vertex -2.75 23.25 14.25
    endloop
  endfacet
  facet normal 0.997858 0.065421 0
    outer loop
      vertex -2.75 23.25 10.25
      vertex -2.72647 22.8911 14.25
      vertex -2.72647 22.8911 10.25
    endloop
  endfacet
  facet normal -0.0653294 -0.997864 0
    outer loop
      vertex 0 26 -14.25
      vertex 0.358947 25.9765 -10.25
      vertex 0 26 -10.25
    endloop
  endfacet
  facet normal -0.0653294 -0.997864 -0
    outer loop
      vertex 0.358947 25.9765 -10.25
      vertex 0 26 -14.25
      vertex 0.358947 25.9765 -14.25
    endloop
  endfacet
  facet normal -0.0653294 -0.997864 0
    outer loop
      vertex 0 26 10.25
      vertex 0.358947 25.9765 14.25
      vertex 0 26 14.25
    endloop
  endfacet
  facet normal -0.0653294 -0.997864 -0
    outer loop
      vertex 0.358947 25.9765 14.25
      vertex 0 26 10.25
      vertex 0.358947 25.9765 10.25
    endloop
  endfacet
  facet normal -0.94692 -0.321469 0
    outer loop
      vertex 2.6563 23.9618 -14.25
      vertex 2.54067 24.3024 -10.25
      vertex 2.54067 24.3024 -14.25
    endloop
  endfacet
  facet normal -0.94692 -0.321469 0
    outer loop
      vertex 2.54067 24.3024 -10.25
      vertex 2.6563 23.9618 -14.25
      vertex 2.6563 23.9618 -10.25
    endloop
  endfacet
  facet normal -0.94692 -0.321469 0
    outer loop
      vertex 2.6563 23.9618 10.25
      vertex 2.54067 24.3024 14.25
      vertex 2.54067 24.3024 10.25
    endloop
  endfacet
  facet normal -0.94692 -0.321469 0
    outer loop
      vertex 2.54067 24.3024 14.25
      vertex 2.6563 23.9618 10.25
      vertex 2.6563 23.9618 14.25
    endloop
  endfacet
  facet normal 0.751777 0.659417 0
    outer loop
      vertex -1.94454 21.3055 -10.25
      vertex -2.18172 21.5759 -14.25
      vertex -2.18172 21.5759 -10.25
    endloop
  endfacet
  facet normal 0.751777 0.659417 0
    outer loop
      vertex -2.18172 21.5759 -14.25
      vertex -1.94454 21.3055 -10.25
      vertex -1.94454 21.3055 -14.25
    endloop
  endfacet
  facet normal 0.751777 0.659417 0
    outer loop
      vertex -1.94454 21.3055 14.25
      vertex -2.18172 21.5759 10.25
      vertex -2.18172 21.5759 14.25
    endloop
  endfacet
  facet normal 0.751777 0.659417 0
    outer loop
      vertex -2.18172 21.5759 10.25
      vertex -1.94454 21.3055 14.25
      vertex -1.94454 21.3055 10.25
    endloop
  endfacet
  facet normal 0.195151 0.980773 -0
    outer loop
      vertex -0.358947 20.5235 -14.25
      vertex -0.711752 20.5937 -10.25
      vertex -0.358947 20.5235 -10.25
    endloop
  endfacet
  facet normal 0.195151 0.980773 0
    outer loop
      vertex -0.711752 20.5937 -10.25
      vertex -0.358947 20.5235 -14.25
      vertex -0.711752 20.5937 -14.25
    endloop
  endfacet
  facet normal 0.195151 0.980773 -0
    outer loop
      vertex -0.358947 20.5235 10.25
      vertex -0.711752 20.5937 14.25
      vertex -0.358947 20.5235 14.25
    endloop
  endfacet
  facet normal 0.195151 0.980773 0
    outer loop
      vertex -0.711752 20.5937 14.25
      vertex -0.358947 20.5235 10.25
      vertex -0.711752 20.5937 10.25
    endloop
  endfacet
  facet normal -0.321371 0.946954 0
    outer loop
      vertex 1.05238 20.7093 -14.25
      vertex 0.711752 20.5937 -10.25
      vertex 1.05238 20.7093 -10.25
    endloop
  endfacet
  facet normal -0.321371 0.946954 0
    outer loop
      vertex 0.711752 20.5937 -10.25
      vertex 1.05238 20.7093 -14.25
      vertex 0.711752 20.5937 -14.25
    endloop
  endfacet
  facet normal -0.321371 0.946954 0
    outer loop
      vertex 1.05238 20.7093 10.25
      vertex 0.711752 20.5937 14.25
      vertex 1.05238 20.7093 14.25
    endloop
  endfacet
  facet normal -0.321371 0.946954 0
    outer loop
      vertex 0.711752 20.5937 14.25
      vertex 1.05238 20.7093 10.25
      vertex 0.711752 20.5937 10.25
    endloop
  endfacet
  facet normal 0.94692 0.321469 0
    outer loop
      vertex -2.54067 22.1976 14.25
      vertex -2.6563 22.5382 10.25
      vertex -2.6563 22.5382 14.25
    endloop
  endfacet
  facet normal 0.94692 0.321469 0
    outer loop
      vertex -2.6563 22.5382 10.25
      vertex -2.54067 22.1976 14.25
      vertex -2.54067 22.1976 10.25
    endloop
  endfacet
  facet normal 0.94692 0.321469 0
    outer loop
      vertex -2.54067 22.1976 -10.25
      vertex -2.6563 22.5382 -14.25
      vertex -2.6563 22.5382 -10.25
    endloop
  endfacet
  facet normal 0.94692 0.321469 0
    outer loop
      vertex -2.6563 22.5382 -14.25
      vertex -2.54067 22.1976 -10.25
      vertex -2.54067 22.1976 -14.25
    endloop
  endfacet
  facet normal 0.0653294 -0.997864 0
    outer loop
      vertex -0.358947 25.9765 -14.25
      vertex 0 26 -10.25
      vertex -0.358947 25.9765 -10.25
    endloop
  endfacet
  facet normal 0.0653294 -0.997864 0
    outer loop
      vertex 0 26 -10.25
      vertex -0.358947 25.9765 -14.25
      vertex 0 26 -14.25
    endloop
  endfacet
  facet normal 0.0653294 -0.997864 0
    outer loop
      vertex -0.358947 25.9765 10.25
      vertex 0 26 14.25
      vertex -0.358947 25.9765 14.25
    endloop
  endfacet
  facet normal 0.0653294 -0.997864 0
    outer loop
      vertex 0 26 14.25
      vertex -0.358947 25.9765 10.25
      vertex 0 26 10.25
    endloop
  endfacet
  facet normal 0.65938 0.75181 -0
    outer loop
      vertex -1.67409 21.0683 -14.25
      vertex -1.94454 21.3055 -10.25
      vertex -1.67409 21.0683 -10.25
    endloop
  endfacet
  facet normal 0.65938 0.75181 0
    outer loop
      vertex -1.94454 21.3055 -10.25
      vertex -1.67409 21.0683 -14.25
      vertex -1.94454 21.3055 -14.25
    endloop
  endfacet
  facet normal 0.65938 0.75181 -0
    outer loop
      vertex -1.67409 21.0683 10.25
      vertex -1.94454 21.3055 14.25
      vertex -1.67409 21.0683 14.25
    endloop
  endfacet
  facet normal 0.65938 0.75181 0
    outer loop
      vertex -1.94454 21.3055 14.25
      vertex -1.67409 21.0683 10.25
      vertex -1.94454 21.3055 10.25
    endloop
  endfacet
  facet normal -0.321371 -0.946954 0
    outer loop
      vertex 0.711752 25.9063 -14.25
      vertex 1.05238 25.7907 -10.25
      vertex 0.711752 25.9063 -10.25
    endloop
  endfacet
  facet normal -0.321371 -0.946954 -0
    outer loop
      vertex 1.05238 25.7907 -10.25
      vertex 0.711752 25.9063 -14.25
      vertex 1.05238 25.7907 -14.25
    endloop
  endfacet
  facet normal -0.321371 -0.946954 0
    outer loop
      vertex 0.711752 25.9063 10.25
      vertex 1.05238 25.7907 14.25
      vertex 0.711752 25.9063 14.25
    endloop
  endfacet
  facet normal -0.321371 -0.946954 -0
    outer loop
      vertex 1.05238 25.7907 14.25
      vertex 0.711752 25.9063 10.25
      vertex 1.05238 25.7907 10.25
    endloop
  endfacet
  facet normal 0.442292 0.896871 -0
    outer loop
      vertex -1.05238 20.7093 10.25
      vertex -1.375 20.8684 14.25
      vertex -1.05238 20.7093 14.25
    endloop
  endfacet
  facet normal 0.442292 0.896871 0
    outer loop
      vertex -1.375 20.8684 14.25
      vertex -1.05238 20.7093 10.25
      vertex -1.375 20.8684 10.25
    endloop
  endfacet
  facet normal 0.442292 0.896871 -0
    outer loop
      vertex -1.05238 20.7093 -14.25
      vertex -1.375 20.8684 -10.25
      vertex -1.05238 20.7093 -10.25
    endloop
  endfacet
  facet normal 0.442292 0.896871 0
    outer loop
      vertex -1.375 20.8684 -10.25
      vertex -1.05238 20.7093 -14.25
      vertex -1.375 20.8684 -14.25
    endloop
  endfacet
  facet normal 0.980799 0.19502 0
    outer loop
      vertex -2.6563 22.5382 -10.25
      vertex -2.72647 22.8911 -14.25
      vertex -2.72647 22.8911 -10.25
    endloop
  endfacet
  facet normal 0.980799 0.19502 0
    outer loop
      vertex -2.72647 22.8911 -14.25
      vertex -2.6563 22.5382 -10.25
      vertex -2.6563 22.5382 -14.25
    endloop
  endfacet
  facet normal 0.980799 0.19502 0
    outer loop
      vertex -2.6563 22.5382 14.25
      vertex -2.72647 22.8911 10.25
      vertex -2.72647 22.8911 14.25
    endloop
  endfacet
  facet normal 0.980799 0.19502 0
    outer loop
      vertex -2.72647 22.8911 10.25
      vertex -2.6563 22.5382 14.25
      vertex -2.6563 22.5382 10.25
    endloop
  endfacet
  facet normal -0.442292 -0.896871 0
    outer loop
      vertex 1.05238 25.7907 -14.25
      vertex 1.375 25.6316 -10.25
      vertex 1.05238 25.7907 -10.25
    endloop
  endfacet
  facet normal -0.442292 -0.896871 -0
    outer loop
      vertex 1.375 25.6316 -10.25
      vertex 1.05238 25.7907 -14.25
      vertex 1.375 25.6316 -14.25
    endloop
  endfacet
  facet normal -0.442292 -0.896871 0
    outer loop
      vertex 1.05238 25.7907 10.25
      vertex 1.375 25.6316 14.25
      vertex 1.05238 25.7907 14.25
    endloop
  endfacet
  facet normal -0.442292 -0.896871 -0
    outer loop
      vertex 1.375 25.6316 14.25
      vertex 1.05238 25.7907 10.25
      vertex 1.375 25.6316 10.25
    endloop
  endfacet
  facet normal 0.831472 -0.555566 0
    outer loop
      vertex -2.38157 24.625 14.25
      vertex -2.18172 24.9241 10.25
      vertex -2.18172 24.9241 14.25
    endloop
  endfacet
  facet normal 0.831472 -0.555566 0
    outer loop
      vertex -2.18172 24.9241 10.25
      vertex -2.38157 24.625 14.25
      vertex -2.38157 24.625 10.25
    endloop
  endfacet
  facet normal 0.831472 -0.555566 0
    outer loop
      vertex -2.38157 24.625 -10.25
      vertex -2.18172 24.9241 -14.25
      vertex -2.18172 24.9241 -10.25
    endloop
  endfacet
  facet normal 0.831472 -0.555566 0
    outer loop
      vertex -2.18172 24.9241 -14.25
      vertex -2.38157 24.625 -10.25
      vertex -2.38157 24.625 -14.25
    endloop
  endfacet
  facet normal 0.89686 0.442314 0
    outer loop
      vertex -2.38157 21.875 14.25
      vertex -2.54067 22.1976 10.25
      vertex -2.54067 22.1976 14.25
    endloop
  endfacet
  facet normal 0.89686 0.442314 0
    outer loop
      vertex -2.54067 22.1976 10.25
      vertex -2.38157 21.875 14.25
      vertex -2.38157 21.875 10.25
    endloop
  endfacet
  facet normal 0.89686 0.442314 0
    outer loop
      vertex -2.38157 21.875 -10.25
      vertex -2.54067 22.1976 -14.25
      vertex -2.54067 22.1976 -10.25
    endloop
  endfacet
  facet normal 0.89686 0.442314 0
    outer loop
      vertex -2.54067 22.1976 -14.25
      vertex -2.38157 21.875 -10.25
      vertex -2.38157 21.875 -14.25
    endloop
  endfacet
  facet normal -0.89686 0.442314 0
    outer loop
      vertex 2.38157 21.875 10.25
      vertex 2.54067 22.1976 14.25
      vertex 2.54067 22.1976 10.25
    endloop
  endfacet
  facet normal -0.89686 0.442314 0
    outer loop
      vertex 2.54067 22.1976 14.25
      vertex 2.38157 21.875 10.25
      vertex 2.38157 21.875 14.25
    endloop
  endfacet
  facet normal -0.89686 0.442314 0
    outer loop
      vertex 2.38157 21.875 -14.25
      vertex 2.54067 22.1976 -10.25
      vertex 2.54067 22.1976 -14.25
    endloop
  endfacet
  facet normal -0.89686 0.442314 0
    outer loop
      vertex 2.54067 22.1976 -10.25
      vertex 2.38157 21.875 -14.25
      vertex 2.38157 21.875 -10.25
    endloop
  endfacet
  facet normal -0.0653294 0.997864 0
    outer loop
      vertex 0.358947 20.5235 -14.25
      vertex 0 20.5 -10.25
      vertex 0.358947 20.5235 -10.25
    endloop
  endfacet
  facet normal -0.0653294 0.997864 0
    outer loop
      vertex 0 20.5 -10.25
      vertex 0.358947 20.5235 -14.25
      vertex 0 20.5 -14.25
    endloop
  endfacet
  facet normal -0.0653294 0.997864 0
    outer loop
      vertex 0.358947 20.5235 10.25
      vertex 0 20.5 14.25
      vertex 0.358947 20.5235 14.25
    endloop
  endfacet
  facet normal -0.0653294 0.997864 0
    outer loop
      vertex 0 20.5 14.25
      vertex 0.358947 20.5235 10.25
      vertex 0 20.5 10.25
    endloop
  endfacet
  facet normal 0.555675 0.8314 -0
    outer loop
      vertex -1.375 20.8684 -14.25
      vertex -1.67409 21.0683 -10.25
      vertex -1.375 20.8684 -10.25
    endloop
  endfacet
  facet normal 0.555675 0.8314 0
    outer loop
      vertex -1.67409 21.0683 -10.25
      vertex -1.375 20.8684 -14.25
      vertex -1.67409 21.0683 -14.25
    endloop
  endfacet
  facet normal 0.555675 0.8314 -0
    outer loop
      vertex -1.375 20.8684 10.25
      vertex -1.67409 21.0683 14.25
      vertex -1.375 20.8684 14.25
    endloop
  endfacet
  facet normal 0.555675 0.8314 0
    outer loop
      vertex -1.67409 21.0683 14.25
      vertex -1.375 20.8684 10.25
      vertex -1.67409 21.0683 10.25
    endloop
  endfacet
  facet normal -0.195151 -0.980773 0
    outer loop
      vertex 0.358947 25.9765 -14.25
      vertex 0.711752 25.9063 -10.25
      vertex 0.358947 25.9765 -10.25
    endloop
  endfacet
  facet normal -0.195151 -0.980773 -0
    outer loop
      vertex 0.711752 25.9063 -10.25
      vertex 0.358947 25.9765 -14.25
      vertex 0.711752 25.9063 -14.25
    endloop
  endfacet
  facet normal -0.195151 -0.980773 0
    outer loop
      vertex 0.358947 25.9765 10.25
      vertex 0.711752 25.9063 14.25
      vertex 0.358947 25.9765 14.25
    endloop
  endfacet
  facet normal -0.195151 -0.980773 -0
    outer loop
      vertex 0.711752 25.9063 14.25
      vertex 0.358947 25.9765 10.25
      vertex 0.711752 25.9063 10.25
    endloop
  endfacet
  facet normal -0.751777 -0.659417 0
    outer loop
      vertex 2.18172 24.9241 -14.25
      vertex 1.94454 25.1945 -10.25
      vertex 1.94454 25.1945 -14.25
    endloop
  endfacet
  facet normal -0.751777 -0.659417 0
    outer loop
      vertex 1.94454 25.1945 -10.25
      vertex 2.18172 24.9241 -14.25
      vertex 2.18172 24.9241 -10.25
    endloop
  endfacet
  facet normal -0.751777 -0.659417 0
    outer loop
      vertex 2.18172 24.9241 10.25
      vertex 1.94454 25.1945 14.25
      vertex 1.94454 25.1945 10.25
    endloop
  endfacet
  facet normal -0.751777 -0.659417 0
    outer loop
      vertex 1.94454 25.1945 14.25
      vertex 2.18172 24.9241 10.25
      vertex 2.18172 24.9241 14.25
    endloop
  endfacet
  facet normal 0.442292 -0.896871 0
    outer loop
      vertex -1.375 25.6316 10.25
      vertex -1.05238 25.7907 14.25
      vertex -1.375 25.6316 14.25
    endloop
  endfacet
  facet normal 0.442292 -0.896871 0
    outer loop
      vertex -1.05238 25.7907 14.25
      vertex -1.375 25.6316 10.25
      vertex -1.05238 25.7907 10.25
    endloop
  endfacet
  facet normal 0.442292 -0.896871 0
    outer loop
      vertex -1.375 25.6316 -14.25
      vertex -1.05238 25.7907 -10.25
      vertex -1.375 25.6316 -10.25
    endloop
  endfacet
  facet normal 0.442292 -0.896871 0
    outer loop
      vertex -1.05238 25.7907 -10.25
      vertex -1.375 25.6316 -14.25
      vertex -1.05238 25.7907 -14.25
    endloop
  endfacet
  facet normal -0.980799 -0.19502 0
    outer loop
      vertex 2.72647 23.6089 10.25
      vertex 2.6563 23.9618 14.25
      vertex 2.6563 23.9618 10.25
    endloop
  endfacet
  facet normal -0.980799 -0.19502 0
    outer loop
      vertex 2.6563 23.9618 14.25
      vertex 2.72647 23.6089 10.25
      vertex 2.72647 23.6089 14.25
    endloop
  endfacet
  facet normal -0.980799 -0.19502 0
    outer loop
      vertex 2.72647 23.6089 -14.25
      vertex 2.6563 23.9618 -10.25
      vertex 2.6563 23.9618 -14.25
    endloop
  endfacet
  facet normal -0.980799 -0.19502 0
    outer loop
      vertex 2.6563 23.9618 -10.25
      vertex 2.72647 23.6089 -14.25
      vertex 2.72647 23.6089 -10.25
    endloop
  endfacet
  facet normal -0.65938 0.75181 0
    outer loop
      vertex 1.94454 21.3055 10.25
      vertex 1.67409 21.0683 14.25
      vertex 1.94454 21.3055 14.25
    endloop
  endfacet
  facet normal -0.65938 0.75181 0
    outer loop
      vertex 1.67409 21.0683 14.25
      vertex 1.94454 21.3055 10.25
      vertex 1.67409 21.0683 10.25
    endloop
  endfacet
  facet normal -0.65938 0.75181 0
    outer loop
      vertex 1.94454 21.3055 -14.25
      vertex 1.67409 21.0683 -10.25
      vertex 1.94454 21.3055 -10.25
    endloop
  endfacet
  facet normal -0.65938 0.75181 0
    outer loop
      vertex 1.67409 21.0683 -10.25
      vertex 1.94454 21.3055 -14.25
      vertex 1.67409 21.0683 -14.25
    endloop
  endfacet
  facet normal -0.997858 -0.065421 0
    outer loop
      vertex 2.75 23.25 10.25
      vertex 2.72647 23.6089 14.25
      vertex 2.72647 23.6089 10.25
    endloop
  endfacet
  facet normal -0.997858 -0.065421 0
    outer loop
      vertex 2.72647 23.6089 14.25
      vertex 2.75 23.25 10.25
      vertex 2.75 23.25 14.25
    endloop
  endfacet
  facet normal -0.997858 -0.065421 0
    outer loop
      vertex 2.75 23.25 -14.25
      vertex 2.72647 23.6089 -10.25
      vertex 2.72647 23.6089 -14.25
    endloop
  endfacet
  facet normal -0.997858 -0.065421 0
    outer loop
      vertex 2.72647 23.6089 -10.25
      vertex 2.75 23.25 -14.25
      vertex 2.75 23.25 -10.25
    endloop
  endfacet
  facet normal -0.195151 0.980773 0
    outer loop
      vertex 0.711752 20.5937 -14.25
      vertex 0.358947 20.5235 -10.25
      vertex 0.711752 20.5937 -10.25
    endloop
  endfacet
  facet normal -0.195151 0.980773 0
    outer loop
      vertex 0.358947 20.5235 -10.25
      vertex 0.711752 20.5937 -14.25
      vertex 0.358947 20.5235 -14.25
    endloop
  endfacet
  facet normal -0.195151 0.980773 0
    outer loop
      vertex 0.711752 20.5937 10.25
      vertex 0.358947 20.5235 14.25
      vertex 0.711752 20.5937 14.25
    endloop
  endfacet
  facet normal -0.195151 0.980773 0
    outer loop
      vertex 0.358947 20.5235 14.25
      vertex 0.711752 20.5937 10.25
      vertex 0.358947 20.5235 10.25
    endloop
  endfacet
  facet normal 0.195151 -0.980773 0
    outer loop
      vertex -0.711752 25.9063 -14.25
      vertex -0.358947 25.9765 -10.25
      vertex -0.711752 25.9063 -10.25
    endloop
  endfacet
  facet normal 0.195151 -0.980773 0
    outer loop
      vertex -0.358947 25.9765 -10.25
      vertex -0.711752 25.9063 -14.25
      vertex -0.358947 25.9765 -14.25
    endloop
  endfacet
  facet normal 0.195151 -0.980773 0
    outer loop
      vertex -0.711752 25.9063 10.25
      vertex -0.358947 25.9765 14.25
      vertex -0.711752 25.9063 14.25
    endloop
  endfacet
  facet normal 0.195151 -0.980773 0
    outer loop
      vertex -0.358947 25.9765 14.25
      vertex -0.711752 25.9063 10.25
      vertex -0.358947 25.9765 10.25
    endloop
  endfacet
  facet normal 0.321371 0.946954 -0
    outer loop
      vertex -0.711752 20.5937 -14.25
      vertex -1.05238 20.7093 -10.25
      vertex -0.711752 20.5937 -10.25
    endloop
  endfacet
  facet normal 0.321371 0.946954 0
    outer loop
      vertex -1.05238 20.7093 -10.25
      vertex -0.711752 20.5937 -14.25
      vertex -1.05238 20.7093 -14.25
    endloop
  endfacet
  facet normal 0.321371 0.946954 -0
    outer loop
      vertex -0.711752 20.5937 10.25
      vertex -1.05238 20.7093 14.25
      vertex -0.711752 20.5937 14.25
    endloop
  endfacet
  facet normal 0.321371 0.946954 0
    outer loop
      vertex -1.05238 20.7093 14.25
      vertex -0.711752 20.5937 10.25
      vertex -1.05238 20.7093 10.25
    endloop
  endfacet
  facet normal -0.555675 0.8314 0
    outer loop
      vertex 1.67409 21.0683 10.25
      vertex 1.375 20.8684 14.25
      vertex 1.67409 21.0683 14.25
    endloop
  endfacet
  facet normal -0.555675 0.8314 0
    outer loop
      vertex 1.375 20.8684 14.25
      vertex 1.67409 21.0683 10.25
      vertex 1.375 20.8684 10.25
    endloop
  endfacet
  facet normal -0.555675 0.8314 0
    outer loop
      vertex 1.67409 21.0683 -14.25
      vertex 1.375 20.8684 -10.25
      vertex 1.67409 21.0683 -10.25
    endloop
  endfacet
  facet normal -0.555675 0.8314 0
    outer loop
      vertex 1.375 20.8684 -10.25
      vertex 1.67409 21.0683 -14.25
      vertex 1.375 20.8684 -14.25
    endloop
  endfacet
  facet normal 0.89686 -0.442314 0
    outer loop
      vertex -2.54067 24.3024 14.25
      vertex -2.38157 24.625 10.25
      vertex -2.38157 24.625 14.25
    endloop
  endfacet
  facet normal 0.89686 -0.442314 0
    outer loop
      vertex -2.38157 24.625 10.25
      vertex -2.54067 24.3024 14.25
      vertex -2.54067 24.3024 10.25
    endloop
  endfacet
  facet normal 0.89686 -0.442314 0
    outer loop
      vertex -2.54067 24.3024 -10.25
      vertex -2.38157 24.625 -14.25
      vertex -2.38157 24.625 -10.25
    endloop
  endfacet
  facet normal 0.89686 -0.442314 0
    outer loop
      vertex -2.38157 24.625 -14.25
      vertex -2.54067 24.3024 -10.25
      vertex -2.54067 24.3024 -14.25
    endloop
  endfacet
  facet normal 0.65938 -0.75181 0
    outer loop
      vertex -1.94454 25.1945 -14.25
      vertex -1.67409 25.4317 -10.25
      vertex -1.94454 25.1945 -10.25
    endloop
  endfacet
  facet normal 0.65938 -0.75181 0
    outer loop
      vertex -1.67409 25.4317 -10.25
      vertex -1.94454 25.1945 -14.25
      vertex -1.67409 25.4317 -14.25
    endloop
  endfacet
  facet normal 0.65938 -0.75181 0
    outer loop
      vertex -1.94454 25.1945 10.25
      vertex -1.67409 25.4317 14.25
      vertex -1.94454 25.1945 14.25
    endloop
  endfacet
  facet normal 0.65938 -0.75181 0
    outer loop
      vertex -1.67409 25.4317 14.25
      vertex -1.94454 25.1945 10.25
      vertex -1.67409 25.4317 10.25
    endloop
  endfacet
  facet normal -0.555675 -0.8314 0
    outer loop
      vertex 1.375 25.6316 -14.25
      vertex 1.67409 25.4317 -10.25
      vertex 1.375 25.6316 -10.25
    endloop
  endfacet
  facet normal -0.555675 -0.8314 -0
    outer loop
      vertex 1.67409 25.4317 -10.25
      vertex 1.375 25.6316 -14.25
      vertex 1.67409 25.4317 -14.25
    endloop
  endfacet
  facet normal -0.555675 -0.8314 0
    outer loop
      vertex 1.375 25.6316 10.25
      vertex 1.67409 25.4317 14.25
      vertex 1.375 25.6316 14.25
    endloop
  endfacet
  facet normal -0.555675 -0.8314 -0
    outer loop
      vertex 1.67409 25.4317 14.25
      vertex 1.375 25.6316 10.25
      vertex 1.67409 25.4317 10.25
    endloop
  endfacet
  facet normal 0.831472 0.555566 0
    outer loop
      vertex -2.18172 21.5759 -10.25
      vertex -2.38157 21.875 -14.25
      vertex -2.38157 21.875 -10.25
    endloop
  endfacet
  facet normal 0.831472 0.555566 0
    outer loop
      vertex -2.38157 21.875 -14.25
      vertex -2.18172 21.5759 -10.25
      vertex -2.18172 21.5759 -14.25
    endloop
  endfacet
  facet normal 0.831472 0.555566 0
    outer loop
      vertex -2.18172 21.5759 14.25
      vertex -2.38157 21.875 10.25
      vertex -2.38157 21.875 14.25
    endloop
  endfacet
  facet normal 0.831472 0.555566 0
    outer loop
      vertex -2.38157 21.875 10.25
      vertex -2.18172 21.5759 14.25
      vertex -2.18172 21.5759 10.25
    endloop
  endfacet
  facet normal 0.94692 -0.321469 0
    outer loop
      vertex -2.6563 23.9618 14.25
      vertex -2.54067 24.3024 10.25
      vertex -2.54067 24.3024 14.25
    endloop
  endfacet
  facet normal 0.94692 -0.321469 0
    outer loop
      vertex -2.54067 24.3024 10.25
      vertex -2.6563 23.9618 14.25
      vertex -2.6563 23.9618 10.25
    endloop
  endfacet
  facet normal 0.94692 -0.321469 0
    outer loop
      vertex -2.6563 23.9618 -10.25
      vertex -2.54067 24.3024 -14.25
      vertex -2.54067 24.3024 -10.25
    endloop
  endfacet
  facet normal 0.94692 -0.321469 0
    outer loop
      vertex -2.54067 24.3024 -14.25
      vertex -2.6563 23.9618 -10.25
      vertex -2.6563 23.9618 -14.25
    endloop
  endfacet
  facet normal 0.751777 -0.659417 0
    outer loop
      vertex -2.18172 24.9241 14.25
      vertex -1.94454 25.1945 10.25
      vertex -1.94454 25.1945 14.25
    endloop
  endfacet
  facet normal 0.751777 -0.659417 0
    outer loop
      vertex -1.94454 25.1945 10.25
      vertex -2.18172 24.9241 14.25
      vertex -2.18172 24.9241 10.25
    endloop
  endfacet
  facet normal 0.751777 -0.659417 0
    outer loop
      vertex -2.18172 24.9241 -10.25
      vertex -1.94454 25.1945 -14.25
      vertex -1.94454 25.1945 -10.25
    endloop
  endfacet
  facet normal 0.751777 -0.659417 0
    outer loop
      vertex -1.94454 25.1945 -14.25
      vertex -2.18172 24.9241 -10.25
      vertex -2.18172 24.9241 -14.25
    endloop
  endfacet
  facet normal -0.831472 -0.555566 0
    outer loop
      vertex 2.38157 24.625 -14.25
      vertex 2.18172 24.9241 -10.25
      vertex 2.18172 24.9241 -14.25
    endloop
  endfacet
  facet normal -0.831472 -0.555566 0
    outer loop
      vertex 2.18172 24.9241 -10.25
      vertex 2.38157 24.625 -14.25
      vertex 2.38157 24.625 -10.25
    endloop
  endfacet
  facet normal -0.831472 -0.555566 0
    outer loop
      vertex 2.38157 24.625 10.25
      vertex 2.18172 24.9241 14.25
      vertex 2.18172 24.9241 10.25
    endloop
  endfacet
  facet normal -0.831472 -0.555566 0
    outer loop
      vertex 2.18172 24.9241 14.25
      vertex 2.38157 24.625 10.25
      vertex 2.38157 24.625 14.25
    endloop
  endfacet
  facet normal 0.0653294 0.997864 -0
    outer loop
      vertex 0 20.5 10.25
      vertex -0.358947 20.5235 14.25
      vertex 0 20.5 14.25
    endloop
  endfacet
  facet normal 0.0653294 0.997864 0
    outer loop
      vertex -0.358947 20.5235 14.25
      vertex 0 20.5 10.25
      vertex -0.358947 20.5235 10.25
    endloop
  endfacet
  facet normal 0.0653294 0.997864 -0
    outer loop
      vertex 0 20.5 -14.25
      vertex -0.358947 20.5235 -10.25
      vertex 0 20.5 -10.25
    endloop
  endfacet
  facet normal 0.0653294 0.997864 0
    outer loop
      vertex -0.358947 20.5235 -10.25
      vertex 0 20.5 -14.25
      vertex -0.358947 20.5235 -14.25
    endloop
  endfacet
  facet normal -0.442292 0.896871 0
    outer loop
      vertex 1.375 20.8684 -14.25
      vertex 1.05238 20.7093 -10.25
      vertex 1.375 20.8684 -10.25
    endloop
  endfacet
  facet normal -0.442292 0.896871 0
    outer loop
      vertex 1.05238 20.7093 -10.25
      vertex 1.375 20.8684 -14.25
      vertex 1.05238 20.7093 -14.25
    endloop
  endfacet
  facet normal -0.442292 0.896871 0
    outer loop
      vertex 1.375 20.8684 10.25
      vertex 1.05238 20.7093 14.25
      vertex 1.375 20.8684 14.25
    endloop
  endfacet
  facet normal -0.442292 0.896871 0
    outer loop
      vertex 1.05238 20.7093 14.25
      vertex 1.375 20.8684 10.25
      vertex 1.05238 20.7093 10.25
    endloop
  endfacet
  facet normal -0.65938 -0.75181 0
    outer loop
      vertex 1.67409 25.4317 -14.25
      vertex 1.94454 25.1945 -10.25
      vertex 1.67409 25.4317 -10.25
    endloop
  endfacet
  facet normal -0.65938 -0.75181 -0
    outer loop
      vertex 1.94454 25.1945 -10.25
      vertex 1.67409 25.4317 -14.25
      vertex 1.94454 25.1945 -14.25
    endloop
  endfacet
  facet normal -0.65938 -0.75181 0
    outer loop
      vertex 1.67409 25.4317 10.25
      vertex 1.94454 25.1945 14.25
      vertex 1.67409 25.4317 14.25
    endloop
  endfacet
  facet normal -0.65938 -0.75181 -0
    outer loop
      vertex 1.94454 25.1945 14.25
      vertex 1.67409 25.4317 10.25
      vertex 1.94454 25.1945 10.25
    endloop
  endfacet
  facet normal -0.751777 0.659417 0
    outer loop
      vertex 1.94454 21.3055 10.25
      vertex 2.18172 21.5759 14.25
      vertex 2.18172 21.5759 10.25
    endloop
  endfacet
  facet normal -0.751777 0.659417 0
    outer loop
      vertex 2.18172 21.5759 14.25
      vertex 1.94454 21.3055 10.25
      vertex 1.94454 21.3055 14.25
    endloop
  endfacet
  facet normal -0.751777 0.659417 0
    outer loop
      vertex 1.94454 21.3055 -14.25
      vertex 2.18172 21.5759 -10.25
      vertex 2.18172 21.5759 -14.25
    endloop
  endfacet
  facet normal -0.751777 0.659417 0
    outer loop
      vertex 2.18172 21.5759 -10.25
      vertex 1.94454 21.3055 -14.25
      vertex 1.94454 21.3055 -10.25
    endloop
  endfacet
  facet normal -0.831472 0.555566 0
    outer loop
      vertex 2.18172 21.5759 10.25
      vertex 2.38157 21.875 14.25
      vertex 2.38157 21.875 10.25
    endloop
  endfacet
  facet normal -0.831472 0.555566 0
    outer loop
      vertex 2.38157 21.875 14.25
      vertex 2.18172 21.5759 10.25
      vertex 2.18172 21.5759 14.25
    endloop
  endfacet
  facet normal -0.831472 0.555566 0
    outer loop
      vertex 2.18172 21.5759 -14.25
      vertex 2.38157 21.875 -10.25
      vertex 2.38157 21.875 -14.25
    endloop
  endfacet
  facet normal -0.831472 0.555566 0
    outer loop
      vertex 2.38157 21.875 -10.25
      vertex 2.18172 21.5759 -14.25
      vertex 2.18172 21.5759 -10.25
    endloop
  endfacet
  facet normal 0.980799 -0.19502 0
    outer loop
      vertex -2.72647 23.6089 14.25
      vertex -2.6563 23.9618 10.25
      vertex -2.6563 23.9618 14.25
    endloop
  endfacet
  facet normal 0.980799 -0.19502 0
    outer loop
      vertex -2.6563 23.9618 10.25
      vertex -2.72647 23.6089 14.25
      vertex -2.72647 23.6089 10.25
    endloop
  endfacet
  facet normal 0.980799 -0.19502 0
    outer loop
      vertex -2.72647 23.6089 -10.25
      vertex -2.6563 23.9618 -14.25
      vertex -2.6563 23.9618 -10.25
    endloop
  endfacet
  facet normal 0.980799 -0.19502 0
    outer loop
      vertex -2.6563 23.9618 -14.25
      vertex -2.72647 23.6089 -10.25
      vertex -2.72647 23.6089 -14.25
    endloop
  endfacet
  facet normal 0.321371 -0.946954 0
    outer loop
      vertex -1.05238 25.7907 -14.25
      vertex -0.711752 25.9063 -10.25
      vertex -1.05238 25.7907 -10.25
    endloop
  endfacet
  facet normal 0.321371 -0.946954 0
    outer loop
      vertex -0.711752 25.9063 -10.25
      vertex -1.05238 25.7907 -14.25
      vertex -0.711752 25.9063 -14.25
    endloop
  endfacet
  facet normal 0.321371 -0.946954 0
    outer loop
      vertex -1.05238 25.7907 10.25
      vertex -0.711752 25.9063 14.25
      vertex -1.05238 25.7907 14.25
    endloop
  endfacet
  facet normal 0.321371 -0.946954 0
    outer loop
      vertex -0.711752 25.9063 14.25
      vertex -1.05238 25.7907 10.25
      vertex -0.711752 25.9063 10.25
    endloop
  endfacet
  facet normal -0.980799 0.19502 0
    outer loop
      vertex 2.6563 35.5382 10.25
      vertex 2.72647 35.8911 14.25
      vertex 2.72647 35.8911 10.25
    endloop
  endfacet
  facet normal -0.980799 0.19502 0
    outer loop
      vertex 2.72647 35.8911 14.25
      vertex 2.6563 35.5382 10.25
      vertex 2.6563 35.5382 14.25
    endloop
  endfacet
  facet normal -0.980799 0.19502 0
    outer loop
      vertex 2.6563 35.5382 -14.25
      vertex 2.72647 35.8911 -10.25
      vertex 2.72647 35.8911 -14.25
    endloop
  endfacet
  facet normal -0.980799 0.19502 0
    outer loop
      vertex 2.72647 35.8911 -10.25
      vertex 2.6563 35.5382 -14.25
      vertex 2.6563 35.5382 -10.25
    endloop
  endfacet
  facet normal -0.997858 0.065421 0
    outer loop
      vertex 2.72647 35.8911 10.25
      vertex 2.75 36.25 14.25
      vertex 2.75 36.25 10.25
    endloop
  endfacet
  facet normal -0.997858 0.065421 0
    outer loop
      vertex 2.75 36.25 14.25
      vertex 2.72647 35.8911 10.25
      vertex 2.72647 35.8911 14.25
    endloop
  endfacet
  facet normal -0.997858 0.065421 0
    outer loop
      vertex 2.72647 35.8911 -14.25
      vertex 2.75 36.25 -10.25
      vertex 2.75 36.25 -14.25
    endloop
  endfacet
  facet normal -0.997858 0.065421 0
    outer loop
      vertex 2.75 36.25 -10.25
      vertex 2.72647 35.8911 -14.25
      vertex 2.72647 35.8911 -10.25
    endloop
  endfacet
  facet normal -0.94692 0.321469 0
    outer loop
      vertex 2.54067 35.1976 10.25
      vertex 2.6563 35.5382 14.25
      vertex 2.6563 35.5382 10.25
    endloop
  endfacet
  facet normal -0.94692 0.321469 0
    outer loop
      vertex 2.6563 35.5382 14.25
      vertex 2.54067 35.1976 10.25
      vertex 2.54067 35.1976 14.25
    endloop
  endfacet
  facet normal -0.94692 0.321469 0
    outer loop
      vertex 2.54067 35.1976 -14.25
      vertex 2.6563 35.5382 -10.25
      vertex 2.6563 35.5382 -14.25
    endloop
  endfacet
  facet normal -0.94692 0.321469 0
    outer loop
      vertex 2.6563 35.5382 -10.25
      vertex 2.54067 35.1976 -14.25
      vertex 2.54067 35.1976 -10.25
    endloop
  endfacet
  facet normal 0.997858 -0.065421 0
    outer loop
      vertex -2.75 36.25 -10.25
      vertex -2.72647 36.6089 -14.25
      vertex -2.72647 36.6089 -10.25
    endloop
  endfacet
  facet normal 0.997858 -0.065421 0
    outer loop
      vertex -2.72647 36.6089 -14.25
      vertex -2.75 36.25 -10.25
      vertex -2.75 36.25 -14.25
    endloop
  endfacet
  facet normal 0.997858 -0.065421 0
    outer loop
      vertex -2.75 36.25 14.25
      vertex -2.72647 36.6089 10.25
      vertex -2.72647 36.6089 14.25
    endloop
  endfacet
  facet normal 0.997858 -0.065421 0
    outer loop
      vertex -2.72647 36.6089 10.25
      vertex -2.75 36.25 14.25
      vertex -2.75 36.25 10.25
    endloop
  endfacet
  facet normal -0.89686 -0.442314 0
    outer loop
      vertex 2.54067 37.3024 -14.25
      vertex 2.38157 37.625 -10.25
      vertex 2.38157 37.625 -14.25
    endloop
  endfacet
  facet normal -0.89686 -0.442314 0
    outer loop
      vertex 2.38157 37.625 -10.25
      vertex 2.54067 37.3024 -14.25
      vertex 2.54067 37.3024 -10.25
    endloop
  endfacet
  facet normal -0.89686 -0.442314 0
    outer loop
      vertex 2.54067 37.3024 10.25
      vertex 2.38157 37.625 14.25
      vertex 2.38157 37.625 10.25
    endloop
  endfacet
  facet normal -0.89686 -0.442314 0
    outer loop
      vertex 2.38157 37.625 14.25
      vertex 2.54067 37.3024 10.25
      vertex 2.54067 37.3024 14.25
    endloop
  endfacet
  facet normal 0.555675 -0.8314 0
    outer loop
      vertex -1.67409 38.4317 -14.25
      vertex -1.375 38.6316 -10.25
      vertex -1.67409 38.4317 -10.25
    endloop
  endfacet
  facet normal 0.555675 -0.8314 0
    outer loop
      vertex -1.375 38.6316 -10.25
      vertex -1.67409 38.4317 -14.25
      vertex -1.375 38.6316 -14.25
    endloop
  endfacet
  facet normal 0.555675 -0.8314 0
    outer loop
      vertex -1.67409 38.4317 10.25
      vertex -1.375 38.6316 14.25
      vertex -1.67409 38.4317 14.25
    endloop
  endfacet
  facet normal 0.555675 -0.8314 0
    outer loop
      vertex -1.375 38.6316 14.25
      vertex -1.67409 38.4317 10.25
      vertex -1.375 38.6316 10.25
    endloop
  endfacet
  facet normal 0.997858 0.065421 0
    outer loop
      vertex -2.72647 35.8911 -10.25
      vertex -2.75 36.25 -14.25
      vertex -2.75 36.25 -10.25
    endloop
  endfacet
  facet normal 0.997858 0.065421 0
    outer loop
      vertex -2.75 36.25 -14.25
      vertex -2.72647 35.8911 -10.25
      vertex -2.72647 35.8911 -14.25
    endloop
  endfacet
  facet normal 0.997858 0.065421 0
    outer loop
      vertex -2.72647 35.8911 14.25
      vertex -2.75 36.25 10.25
      vertex -2.75 36.25 14.25
    endloop
  endfacet
  facet normal 0.997858 0.065421 0
    outer loop
      vertex -2.75 36.25 10.25
      vertex -2.72647 35.8911 14.25
      vertex -2.72647 35.8911 10.25
    endloop
  endfacet
  facet normal -0.0653294 -0.997864 0
    outer loop
      vertex 0 39 -14.25
      vertex 0.358947 38.9765 -10.25
      vertex 0 39 -10.25
    endloop
  endfacet
  facet normal -0.0653294 -0.997864 -0
    outer loop
      vertex 0.358947 38.9765 -10.25
      vertex 0 39 -14.25
      vertex 0.358947 38.9765 -14.25
    endloop
  endfacet
  facet normal -0.0653294 -0.997864 0
    outer loop
      vertex 0 39 10.25
      vertex 0.358947 38.9765 14.25
      vertex 0 39 14.25
    endloop
  endfacet
  facet normal -0.0653294 -0.997864 -0
    outer loop
      vertex 0.358947 38.9765 14.25
      vertex 0 39 10.25
      vertex 0.358947 38.9765 10.25
    endloop
  endfacet
  facet normal -0.94692 -0.321469 0
    outer loop
      vertex 2.6563 36.9618 -14.25
      vertex 2.54067 37.3024 -10.25
      vertex 2.54067 37.3024 -14.25
    endloop
  endfacet
  facet normal -0.94692 -0.321469 0
    outer loop
      vertex 2.54067 37.3024 -10.25
      vertex 2.6563 36.9618 -14.25
      vertex 2.6563 36.9618 -10.25
    endloop
  endfacet
  facet normal -0.94692 -0.321469 0
    outer loop
      vertex 2.6563 36.9618 10.25
      vertex 2.54067 37.3024 14.25
      vertex 2.54067 37.3024 10.25
    endloop
  endfacet
  facet normal -0.94692 -0.321469 0
    outer loop
      vertex 2.54067 37.3024 14.25
      vertex 2.6563 36.9618 10.25
      vertex 2.6563 36.9618 14.25
    endloop
  endfacet
  facet normal 0.751777 0.659417 0
    outer loop
      vertex -1.94454 34.3055 14.25
      vertex -2.18172 34.5759 10.25
      vertex -2.18172 34.5759 14.25
    endloop
  endfacet
  facet normal 0.751777 0.659417 0
    outer loop
      vertex -2.18172 34.5759 10.25
      vertex -1.94454 34.3055 14.25
      vertex -1.94454 34.3055 10.25
    endloop
  endfacet
  facet normal 0.751777 0.659417 0
    outer loop
      vertex -1.94454 34.3055 -10.25
      vertex -2.18172 34.5759 -14.25
      vertex -2.18172 34.5759 -10.25
    endloop
  endfacet
  facet normal 0.751777 0.659417 0
    outer loop
      vertex -2.18172 34.5759 -14.25
      vertex -1.94454 34.3055 -10.25
      vertex -1.94454 34.3055 -14.25
    endloop
  endfacet
  facet normal 0.195151 0.980773 -0
    outer loop
      vertex -0.358947 33.5235 -14.25
      vertex -0.711752 33.5937 -10.25
      vertex -0.358947 33.5235 -10.25
    endloop
  endfacet
  facet normal 0.195151 0.980773 0
    outer loop
      vertex -0.711752 33.5937 -10.25
      vertex -0.358947 33.5235 -14.25
      vertex -0.711752 33.5937 -14.25
    endloop
  endfacet
  facet normal 0.195151 0.980773 -0
    outer loop
      vertex -0.358947 33.5235 10.25
      vertex -0.711752 33.5937 14.25
      vertex -0.358947 33.5235 14.25
    endloop
  endfacet
  facet normal 0.195151 0.980773 0
    outer loop
      vertex -0.711752 33.5937 14.25
      vertex -0.358947 33.5235 10.25
      vertex -0.711752 33.5937 10.25
    endloop
  endfacet
  facet normal -0.321371 0.946954 0
    outer loop
      vertex 1.05238 33.7093 10.25
      vertex 0.711752 33.5937 14.25
      vertex 1.05238 33.7093 14.25
    endloop
  endfacet
  facet normal -0.321371 0.946954 0
    outer loop
      vertex 0.711752 33.5937 14.25
      vertex 1.05238 33.7093 10.25
      vertex 0.711752 33.5937 10.25
    endloop
  endfacet
  facet normal -0.321371 0.946954 0
    outer loop
      vertex 1.05238 33.7093 -14.25
      vertex 0.711752 33.5937 -10.25
      vertex 1.05238 33.7093 -10.25
    endloop
  endfacet
  facet normal -0.321371 0.946954 0
    outer loop
      vertex 0.711752 33.5937 -10.25
      vertex 1.05238 33.7093 -14.25
      vertex 0.711752 33.5937 -14.25
    endloop
  endfacet
  facet normal 0.94692 0.321469 0
    outer loop
      vertex -2.54067 35.1976 14.25
      vertex -2.6563 35.5382 10.25
      vertex -2.6563 35.5382 14.25
    endloop
  endfacet
  facet normal 0.94692 0.321469 0
    outer loop
      vertex -2.6563 35.5382 10.25
      vertex -2.54067 35.1976 14.25
      vertex -2.54067 35.1976 10.25
    endloop
  endfacet
  facet normal 0.94692 0.321469 0
    outer loop
      vertex -2.54067 35.1976 -10.25
      vertex -2.6563 35.5382 -14.25
      vertex -2.6563 35.5382 -10.25
    endloop
  endfacet
  facet normal 0.94692 0.321469 0
    outer loop
      vertex -2.6563 35.5382 -14.25
      vertex -2.54067 35.1976 -10.25
      vertex -2.54067 35.1976 -14.25
    endloop
  endfacet
  facet normal 0.0653294 -0.997864 0
    outer loop
      vertex -0.358947 38.9765 -14.25
      vertex 0 39 -10.25
      vertex -0.358947 38.9765 -10.25
    endloop
  endfacet
  facet normal 0.0653294 -0.997864 0
    outer loop
      vertex 0 39 -10.25
      vertex -0.358947 38.9765 -14.25
      vertex 0 39 -14.25
    endloop
  endfacet
  facet normal 0.0653294 -0.997864 0
    outer loop
      vertex -0.358947 38.9765 10.25
      vertex 0 39 14.25
      vertex -0.358947 38.9765 14.25
    endloop
  endfacet
  facet normal 0.0653294 -0.997864 0
    outer loop
      vertex 0 39 14.25
      vertex -0.358947 38.9765 10.25
      vertex 0 39 10.25
    endloop
  endfacet
  facet normal 0.65938 0.75181 -0
    outer loop
      vertex -1.67409 34.0683 10.25
      vertex -1.94454 34.3055 14.25
      vertex -1.67409 34.0683 14.25
    endloop
  endfacet
  facet normal 0.65938 0.75181 0
    outer loop
      vertex -1.94454 34.3055 14.25
      vertex -1.67409 34.0683 10.25
      vertex -1.94454 34.3055 10.25
    endloop
  endfacet
  facet normal 0.65938 0.75181 -0
    outer loop
      vertex -1.67409 34.0683 -14.25
      vertex -1.94454 34.3055 -10.25
      vertex -1.67409 34.0683 -10.25
    endloop
  endfacet
  facet normal 0.65938 0.75181 0
    outer loop
      vertex -1.94454 34.3055 -10.25
      vertex -1.67409 34.0683 -14.25
      vertex -1.94454 34.3055 -14.25
    endloop
  endfacet
  facet normal -0.321371 -0.946954 0
    outer loop
      vertex 0.711752 38.9063 10.25
      vertex 1.05238 38.7907 14.25
      vertex 0.711752 38.9063 14.25
    endloop
  endfacet
  facet normal -0.321371 -0.946954 -0
    outer loop
      vertex 1.05238 38.7907 14.25
      vertex 0.711752 38.9063 10.25
      vertex 1.05238 38.7907 10.25
    endloop
  endfacet
  facet normal -0.321371 -0.946954 0
    outer loop
      vertex 0.711752 38.9063 -14.25
      vertex 1.05238 38.7907 -10.25
      vertex 0.711752 38.9063 -10.25
    endloop
  endfacet
  facet normal -0.321371 -0.946954 -0
    outer loop
      vertex 1.05238 38.7907 -10.25
      vertex 0.711752 38.9063 -14.25
      vertex 1.05238 38.7907 -14.25
    endloop
  endfacet
  facet normal 0.442292 0.896871 -0
    outer loop
      vertex -1.05238 33.7093 10.25
      vertex -1.375 33.8684 14.25
      vertex -1.05238 33.7093 14.25
    endloop
  endfacet
  facet normal 0.442292 0.896871 0
    outer loop
      vertex -1.375 33.8684 14.25
      vertex -1.05238 33.7093 10.25
      vertex -1.375 33.8684 10.25
    endloop
  endfacet
  facet normal 0.442292 0.896871 -0
    outer loop
      vertex -1.05238 33.7093 -14.25
      vertex -1.375 33.8684 -10.25
      vertex -1.05238 33.7093 -10.25
    endloop
  endfacet
  facet normal 0.442292 0.896871 0
    outer loop
      vertex -1.375 33.8684 -10.25
      vertex -1.05238 33.7093 -14.25
      vertex -1.375 33.8684 -14.25
    endloop
  endfacet
  facet normal 0.980799 0.19502 0
    outer loop
      vertex -2.6563 35.5382 -10.25
      vertex -2.72647 35.8911 -14.25
      vertex -2.72647 35.8911 -10.25
    endloop
  endfacet
  facet normal 0.980799 0.19502 0
    outer loop
      vertex -2.72647 35.8911 -14.25
      vertex -2.6563 35.5382 -10.25
      vertex -2.6563 35.5382 -14.25
    endloop
  endfacet
  facet normal 0.980799 0.19502 0
    outer loop
      vertex -2.6563 35.5382 14.25
      vertex -2.72647 35.8911 10.25
      vertex -2.72647 35.8911 14.25
    endloop
  endfacet
  facet normal 0.980799 0.19502 0
    outer loop
      vertex -2.72647 35.8911 10.25
      vertex -2.6563 35.5382 14.25
      vertex -2.6563 35.5382 10.25
    endloop
  endfacet
  facet normal -0.442292 -0.896871 0
    outer loop
      vertex 1.05238 38.7907 10.25
      vertex 1.375 38.6316 14.25
      vertex 1.05238 38.7907 14.25
    endloop
  endfacet
  facet normal -0.442292 -0.896871 -0
    outer loop
      vertex 1.375 38.6316 14.25
      vertex 1.05238 38.7907 10.25
      vertex 1.375 38.6316 10.25
    endloop
  endfacet
  facet normal -0.442292 -0.896871 0
    outer loop
      vertex 1.05238 38.7907 -14.25
      vertex 1.375 38.6316 -10.25
      vertex 1.05238 38.7907 -10.25
    endloop
  endfacet
  facet normal -0.442292 -0.896871 -0
    outer loop
      vertex 1.375 38.6316 -10.25
      vertex 1.05238 38.7907 -14.25
      vertex 1.375 38.6316 -14.25
    endloop
  endfacet
  facet normal 0.831472 -0.555566 0
    outer loop
      vertex -2.38157 37.625 14.25
      vertex -2.18172 37.9241 10.25
      vertex -2.18172 37.9241 14.25
    endloop
  endfacet
  facet normal 0.831472 -0.555566 0
    outer loop
      vertex -2.18172 37.9241 10.25
      vertex -2.38157 37.625 14.25
      vertex -2.38157 37.625 10.25
    endloop
  endfacet
  facet normal 0.831472 -0.555566 0
    outer loop
      vertex -2.38157 37.625 -10.25
      vertex -2.18172 37.9241 -14.25
      vertex -2.18172 37.9241 -10.25
    endloop
  endfacet
  facet normal 0.831472 -0.555566 0
    outer loop
      vertex -2.18172 37.9241 -14.25
      vertex -2.38157 37.625 -10.25
      vertex -2.38157 37.625 -14.25
    endloop
  endfacet
  facet normal 0.89686 0.442314 0
    outer loop
      vertex -2.38157 34.875 14.25
      vertex -2.54067 35.1976 10.25
      vertex -2.54067 35.1976 14.25
    endloop
  endfacet
  facet normal 0.89686 0.442314 0
    outer loop
      vertex -2.54067 35.1976 10.25
      vertex -2.38157 34.875 14.25
      vertex -2.38157 34.875 10.25
    endloop
  endfacet
  facet normal 0.89686 0.442314 0
    outer loop
      vertex -2.38157 34.875 -10.25
      vertex -2.54067 35.1976 -14.25
      vertex -2.54067 35.1976 -10.25
    endloop
  endfacet
  facet normal 0.89686 0.442314 0
    outer loop
      vertex -2.54067 35.1976 -14.25
      vertex -2.38157 34.875 -10.25
      vertex -2.38157 34.875 -14.25
    endloop
  endfacet
  facet normal -0.89686 0.442314 0
    outer loop
      vertex 2.38157 34.875 10.25
      vertex 2.54067 35.1976 14.25
      vertex 2.54067 35.1976 10.25
    endloop
  endfacet
  facet normal -0.89686 0.442314 0
    outer loop
      vertex 2.54067 35.1976 14.25
      vertex 2.38157 34.875 10.25
      vertex 2.38157 34.875 14.25
    endloop
  endfacet
  facet normal -0.89686 0.442314 0
    outer loop
      vertex 2.38157 34.875 -14.25
      vertex 2.54067 35.1976 -10.25
      vertex 2.54067 35.1976 -14.25
    endloop
  endfacet
  facet normal -0.89686 0.442314 0
    outer loop
      vertex 2.54067 35.1976 -10.25
      vertex 2.38157 34.875 -14.25
      vertex 2.38157 34.875 -10.25
    endloop
  endfacet
  facet normal -0.0653294 0.997864 0
    outer loop
      vertex 0.358947 33.5235 -14.25
      vertex 0 33.5 -10.25
      vertex 0.358947 33.5235 -10.25
    endloop
  endfacet
  facet normal -0.0653294 0.997864 0
    outer loop
      vertex 0 33.5 -10.25
      vertex 0.358947 33.5235 -14.25
      vertex 0 33.5 -14.25
    endloop
  endfacet
  facet normal -0.0653294 0.997864 0
    outer loop
      vertex 0.358947 33.5235 10.25
      vertex 0 33.5 14.25
      vertex 0.358947 33.5235 14.25
    endloop
  endfacet
  facet normal -0.0653294 0.997864 0
    outer loop
      vertex 0 33.5 14.25
      vertex 0.358947 33.5235 10.25
      vertex 0 33.5 10.25
    endloop
  endfacet
  facet normal 0.555675 0.8314 -0
    outer loop
      vertex -1.375 33.8684 -14.25
      vertex -1.67409 34.0683 -10.25
      vertex -1.375 33.8684 -10.25
    endloop
  endfacet
  facet normal 0.555675 0.8314 0
    outer loop
      vertex -1.67409 34.0683 -10.25
      vertex -1.375 33.8684 -14.25
      vertex -1.67409 34.0683 -14.25
    endloop
  endfacet
  facet normal 0.555675 0.8314 -0
    outer loop
      vertex -1.375 33.8684 10.25
      vertex -1.67409 34.0683 14.25
      vertex -1.375 33.8684 14.25
    endloop
  endfacet
  facet normal 0.555675 0.8314 0
    outer loop
      vertex -1.67409 34.0683 14.25
      vertex -1.375 33.8684 10.25
      vertex -1.67409 34.0683 10.25
    endloop
  endfacet
  facet normal -0.195151 -0.980773 0
    outer loop
      vertex 0.358947 38.9765 -14.25
      vertex 0.711752 38.9063 -10.25
      vertex 0.358947 38.9765 -10.25
    endloop
  endfacet
  facet normal -0.195151 -0.980773 -0
    outer loop
      vertex 0.711752 38.9063 -10.25
      vertex 0.358947 38.9765 -14.25
      vertex 0.711752 38.9063 -14.25
    endloop
  endfacet
  facet normal -0.195151 -0.980773 0
    outer loop
      vertex 0.358947 38.9765 10.25
      vertex 0.711752 38.9063 14.25
      vertex 0.358947 38.9765 14.25
    endloop
  endfacet
  facet normal -0.195151 -0.980773 -0
    outer loop
      vertex 0.711752 38.9063 14.25
      vertex 0.358947 38.9765 10.25
      vertex 0.711752 38.9063 10.25
    endloop
  endfacet
  facet normal -0.751777 -0.659417 0
    outer loop
      vertex 2.18172 37.9241 10.25
      vertex 1.94454 38.1945 14.25
      vertex 1.94454 38.1945 10.25
    endloop
  endfacet
  facet normal -0.751777 -0.659417 0
    outer loop
      vertex 1.94454 38.1945 14.25
      vertex 2.18172 37.9241 10.25
      vertex 2.18172 37.9241 14.25
    endloop
  endfacet
  facet normal -0.751777 -0.659417 0
    outer loop
      vertex 2.18172 37.9241 -14.25
      vertex 1.94454 38.1945 -10.25
      vertex 1.94454 38.1945 -14.25
    endloop
  endfacet
  facet normal -0.751777 -0.659417 0
    outer loop
      vertex 1.94454 38.1945 -10.25
      vertex 2.18172 37.9241 -14.25
      vertex 2.18172 37.9241 -10.25
    endloop
  endfacet
  facet normal 0.442292 -0.896871 0
    outer loop
      vertex -1.375 38.6316 10.25
      vertex -1.05238 38.7907 14.25
      vertex -1.375 38.6316 14.25
    endloop
  endfacet
  facet normal 0.442292 -0.896871 0
    outer loop
      vertex -1.05238 38.7907 14.25
      vertex -1.375 38.6316 10.25
      vertex -1.05238 38.7907 10.25
    endloop
  endfacet
  facet normal 0.442292 -0.896871 0
    outer loop
      vertex -1.375 38.6316 -14.25
      vertex -1.05238 38.7907 -10.25
      vertex -1.375 38.6316 -10.25
    endloop
  endfacet
  facet normal 0.442292 -0.896871 0
    outer loop
      vertex -1.05238 38.7907 -10.25
      vertex -1.375 38.6316 -14.25
      vertex -1.05238 38.7907 -14.25
    endloop
  endfacet
  facet normal -0.980799 -0.19502 0
    outer loop
      vertex 2.72647 36.6089 10.25
      vertex 2.6563 36.9618 14.25
      vertex 2.6563 36.9618 10.25
    endloop
  endfacet
  facet normal -0.980799 -0.19502 0
    outer loop
      vertex 2.6563 36.9618 14.25
      vertex 2.72647 36.6089 10.25
      vertex 2.72647 36.6089 14.25
    endloop
  endfacet
  facet normal -0.980799 -0.19502 0
    outer loop
      vertex 2.72647 36.6089 -14.25
      vertex 2.6563 36.9618 -10.25
      vertex 2.6563 36.9618 -14.25
    endloop
  endfacet
  facet normal -0.980799 -0.19502 0
    outer loop
      vertex 2.6563 36.9618 -10.25
      vertex 2.72647 36.6089 -14.25
      vertex 2.72647 36.6089 -10.25
    endloop
  endfacet
  facet normal -0.65938 0.75181 0
    outer loop
      vertex 1.94454 34.3055 10.25
      vertex 1.67409 34.0683 14.25
      vertex 1.94454 34.3055 14.25
    endloop
  endfacet
  facet normal -0.65938 0.75181 0
    outer loop
      vertex 1.67409 34.0683 14.25
      vertex 1.94454 34.3055 10.25
      vertex 1.67409 34.0683 10.25
    endloop
  endfacet
  facet normal -0.65938 0.75181 0
    outer loop
      vertex 1.94454 34.3055 -14.25
      vertex 1.67409 34.0683 -10.25
      vertex 1.94454 34.3055 -10.25
    endloop
  endfacet
  facet normal -0.65938 0.75181 0
    outer loop
      vertex 1.67409 34.0683 -10.25
      vertex 1.94454 34.3055 -14.25
      vertex 1.67409 34.0683 -14.25
    endloop
  endfacet
  facet normal -0.997858 -0.065421 0
    outer loop
      vertex 2.75 36.25 -14.25
      vertex 2.72647 36.6089 -10.25
      vertex 2.72647 36.6089 -14.25
    endloop
  endfacet
  facet normal -0.997858 -0.065421 0
    outer loop
      vertex 2.72647 36.6089 -10.25
      vertex 2.75 36.25 -14.25
      vertex 2.75 36.25 -10.25
    endloop
  endfacet
  facet normal -0.997858 -0.065421 0
    outer loop
      vertex 2.75 36.25 10.25
      vertex 2.72647 36.6089 14.25
      vertex 2.72647 36.6089 10.25
    endloop
  endfacet
  facet normal -0.997858 -0.065421 0
    outer loop
      vertex 2.72647 36.6089 14.25
      vertex 2.75 36.25 10.25
      vertex 2.75 36.25 14.25
    endloop
  endfacet
  facet normal -0.195151 0.980773 0
    outer loop
      vertex 0.711752 33.5937 10.25
      vertex 0.358947 33.5235 14.25
      vertex 0.711752 33.5937 14.25
    endloop
  endfacet
  facet normal -0.195151 0.980773 0
    outer loop
      vertex 0.358947 33.5235 14.25
      vertex 0.711752 33.5937 10.25
      vertex 0.358947 33.5235 10.25
    endloop
  endfacet
  facet normal -0.195151 0.980773 0
    outer loop
      vertex 0.711752 33.5937 -14.25
      vertex 0.358947 33.5235 -10.25
      vertex 0.711752 33.5937 -10.25
    endloop
  endfacet
  facet normal -0.195151 0.980773 0
    outer loop
      vertex 0.358947 33.5235 -10.25
      vertex 0.711752 33.5937 -14.25
      vertex 0.358947 33.5235 -14.25
    endloop
  endfacet
  facet normal 0.195151 -0.980773 0
    outer loop
      vertex -0.711752 38.9063 10.25
      vertex -0.358947 38.9765 14.25
      vertex -0.711752 38.9063 14.25
    endloop
  endfacet
  facet normal 0.195151 -0.980773 0
    outer loop
      vertex -0.358947 38.9765 14.25
      vertex -0.711752 38.9063 10.25
      vertex -0.358947 38.9765 10.25
    endloop
  endfacet
  facet normal 0.195151 -0.980773 0
    outer loop
      vertex -0.711752 38.9063 -14.25
      vertex -0.358947 38.9765 -10.25
      vertex -0.711752 38.9063 -10.25
    endloop
  endfacet
  facet normal 0.195151 -0.980773 0
    outer loop
      vertex -0.358947 38.9765 -10.25
      vertex -0.711752 38.9063 -14.25
      vertex -0.358947 38.9765 -14.25
    endloop
  endfacet
  facet normal 0.321371 0.946954 -0
    outer loop
      vertex -0.711752 33.5937 10.25
      vertex -1.05238 33.7093 14.25
      vertex -0.711752 33.5937 14.25
    endloop
  endfacet
  facet normal 0.321371 0.946954 0
    outer loop
      vertex -1.05238 33.7093 14.25
      vertex -0.711752 33.5937 10.25
      vertex -1.05238 33.7093 10.25
    endloop
  endfacet
  facet normal 0.321371 0.946954 -0
    outer loop
      vertex -0.711752 33.5937 -14.25
      vertex -1.05238 33.7093 -10.25
      vertex -0.711752 33.5937 -10.25
    endloop
  endfacet
  facet normal 0.321371 0.946954 0
    outer loop
      vertex -1.05238 33.7093 -10.25
      vertex -0.711752 33.5937 -14.25
      vertex -1.05238 33.7093 -14.25
    endloop
  endfacet
  facet normal -0.555675 0.8314 0
    outer loop
      vertex 1.67409 34.0683 10.25
      vertex 1.375 33.8684 14.25
      vertex 1.67409 34.0683 14.25
    endloop
  endfacet
  facet normal -0.555675 0.8314 0
    outer loop
      vertex 1.375 33.8684 14.25
      vertex 1.67409 34.0683 10.25
      vertex 1.375 33.8684 10.25
    endloop
  endfacet
  facet normal -0.555675 0.8314 0
    outer loop
      vertex 1.67409 34.0683 -14.25
      vertex 1.375 33.8684 -10.25
      vertex 1.67409 34.0683 -10.25
    endloop
  endfacet
  facet normal -0.555675 0.8314 0
    outer loop
      vertex 1.375 33.8684 -10.25
      vertex 1.67409 34.0683 -14.25
      vertex 1.375 33.8684 -14.25
    endloop
  endfacet
  facet normal 0.89686 -0.442314 0
    outer loop
      vertex -2.54067 37.3024 14.25
      vertex -2.38157 37.625 10.25
      vertex -2.38157 37.625 14.25
    endloop
  endfacet
  facet normal 0.89686 -0.442314 0
    outer loop
      vertex -2.38157 37.625 10.25
      vertex -2.54067 37.3024 14.25
      vertex -2.54067 37.3024 10.25
    endloop
  endfacet
  facet normal 0.89686 -0.442314 0
    outer loop
      vertex -2.54067 37.3024 -10.25
      vertex -2.38157 37.625 -14.25
      vertex -2.38157 37.625 -10.25
    endloop
  endfacet
  facet normal 0.89686 -0.442314 0
    outer loop
      vertex -2.38157 37.625 -14.25
      vertex -2.54067 37.3024 -10.25
      vertex -2.54067 37.3024 -14.25
    endloop
  endfacet
  facet normal 0.65938 -0.75181 0
    outer loop
      vertex -1.94454 38.1945 -14.25
      vertex -1.67409 38.4317 -10.25
      vertex -1.94454 38.1945 -10.25
    endloop
  endfacet
  facet normal 0.65938 -0.75181 0
    outer loop
      vertex -1.67409 38.4317 -10.25
      vertex -1.94454 38.1945 -14.25
      vertex -1.67409 38.4317 -14.25
    endloop
  endfacet
  facet normal 0.65938 -0.75181 0
    outer loop
      vertex -1.94454 38.1945 10.25
      vertex -1.67409 38.4317 14.25
      vertex -1.94454 38.1945 14.25
    endloop
  endfacet
  facet normal 0.65938 -0.75181 0
    outer loop
      vertex -1.67409 38.4317 14.25
      vertex -1.94454 38.1945 10.25
      vertex -1.67409 38.4317 10.25
    endloop
  endfacet
  facet normal -0.555675 -0.8314 0
    outer loop
      vertex 1.375 38.6316 -14.25
      vertex 1.67409 38.4317 -10.25
      vertex 1.375 38.6316 -10.25
    endloop
  endfacet
  facet normal -0.555675 -0.8314 -0
    outer loop
      vertex 1.67409 38.4317 -10.25
      vertex 1.375 38.6316 -14.25
      vertex 1.67409 38.4317 -14.25
    endloop
  endfacet
  facet normal -0.555675 -0.8314 0
    outer loop
      vertex 1.375 38.6316 10.25
      vertex 1.67409 38.4317 14.25
      vertex 1.375 38.6316 14.25
    endloop
  endfacet
  facet normal -0.555675 -0.8314 -0
    outer loop
      vertex 1.67409 38.4317 14.25
      vertex 1.375 38.6316 10.25
      vertex 1.67409 38.4317 10.25
    endloop
  endfacet
  facet normal 0.831472 0.555566 0
    outer loop
      vertex -2.18172 34.5759 14.25
      vertex -2.38157 34.875 10.25
      vertex -2.38157 34.875 14.25
    endloop
  endfacet
  facet normal 0.831472 0.555566 0
    outer loop
      vertex -2.38157 34.875 10.25
      vertex -2.18172 34.5759 14.25
      vertex -2.18172 34.5759 10.25
    endloop
  endfacet
  facet normal 0.831472 0.555566 0
    outer loop
      vertex -2.18172 34.5759 -10.25
      vertex -2.38157 34.875 -14.25
      vertex -2.38157 34.875 -10.25
    endloop
  endfacet
  facet normal 0.831472 0.555566 0
    outer loop
      vertex -2.38157 34.875 -14.25
      vertex -2.18172 34.5759 -10.25
      vertex -2.18172 34.5759 -14.25
    endloop
  endfacet
  facet normal 0.94692 -0.321469 0
    outer loop
      vertex -2.6563 36.9618 -10.25
      vertex -2.54067 37.3024 -14.25
      vertex -2.54067 37.3024 -10.25
    endloop
  endfacet
  facet normal 0.94692 -0.321469 0
    outer loop
      vertex -2.54067 37.3024 -14.25
      vertex -2.6563 36.9618 -10.25
      vertex -2.6563 36.9618 -14.25
    endloop
  endfacet
  facet normal 0.94692 -0.321469 0
    outer loop
      vertex -2.6563 36.9618 14.25
      vertex -2.54067 37.3024 10.25
      vertex -2.54067 37.3024 14.25
    endloop
  endfacet
  facet normal 0.94692 -0.321469 0
    outer loop
      vertex -2.54067 37.3024 10.25
      vertex -2.6563 36.9618 14.25
      vertex -2.6563 36.9618 10.25
    endloop
  endfacet
  facet normal 0.751777 -0.659417 0
    outer loop
      vertex -2.18172 37.9241 14.25
      vertex -1.94454 38.1945 10.25
      vertex -1.94454 38.1945 14.25
    endloop
  endfacet
  facet normal 0.751777 -0.659417 0
    outer loop
      vertex -1.94454 38.1945 10.25
      vertex -2.18172 37.9241 14.25
      vertex -2.18172 37.9241 10.25
    endloop
  endfacet
  facet normal 0.751777 -0.659417 0
    outer loop
      vertex -2.18172 37.9241 -10.25
      vertex -1.94454 38.1945 -14.25
      vertex -1.94454 38.1945 -10.25
    endloop
  endfacet
  facet normal 0.751777 -0.659417 0
    outer loop
      vertex -1.94454 38.1945 -14.25
      vertex -2.18172 37.9241 -10.25
      vertex -2.18172 37.9241 -14.25
    endloop
  endfacet
  facet normal -0.831472 -0.555566 0
    outer loop
      vertex 2.38157 37.625 -14.25
      vertex 2.18172 37.9241 -10.25
      vertex 2.18172 37.9241 -14.25
    endloop
  endfacet
  facet normal -0.831472 -0.555566 0
    outer loop
      vertex 2.18172 37.9241 -10.25
      vertex 2.38157 37.625 -14.25
      vertex 2.38157 37.625 -10.25
    endloop
  endfacet
  facet normal -0.831472 -0.555566 0
    outer loop
      vertex 2.38157 37.625 10.25
      vertex 2.18172 37.9241 14.25
      vertex 2.18172 37.9241 10.25
    endloop
  endfacet
  facet normal -0.831472 -0.555566 0
    outer loop
      vertex 2.18172 37.9241 14.25
      vertex 2.38157 37.625 10.25
      vertex 2.38157 37.625 14.25
    endloop
  endfacet
  facet normal 0.0653294 0.997864 -0
    outer loop
      vertex 0 33.5 -14.25
      vertex -0.358947 33.5235 -10.25
      vertex 0 33.5 -10.25
    endloop
  endfacet
  facet normal 0.0653294 0.997864 0
    outer loop
      vertex -0.358947 33.5235 -10.25
      vertex 0 33.5 -14.25
      vertex -0.358947 33.5235 -14.25
    endloop
  endfacet
  facet normal 0.0653294 0.997864 -0
    outer loop
      vertex 0 33.5 10.25
      vertex -0.358947 33.5235 14.25
      vertex 0 33.5 14.25
    endloop
  endfacet
  facet normal 0.0653294 0.997864 0
    outer loop
      vertex -0.358947 33.5235 14.25
      vertex 0 33.5 10.25
      vertex -0.358947 33.5235 10.25
    endloop
  endfacet
  facet normal -0.442292 0.896871 0
    outer loop
      vertex 1.375 33.8684 10.25
      vertex 1.05238 33.7093 14.25
      vertex 1.375 33.8684 14.25
    endloop
  endfacet
  facet normal -0.442292 0.896871 0
    outer loop
      vertex 1.05238 33.7093 14.25
      vertex 1.375 33.8684 10.25
      vertex 1.05238 33.7093 10.25
    endloop
  endfacet
  facet normal -0.442292 0.896871 0
    outer loop
      vertex 1.375 33.8684 -14.25
      vertex 1.05238 33.7093 -10.25
      vertex 1.375 33.8684 -10.25
    endloop
  endfacet
  facet normal -0.442292 0.896871 0
    outer loop
      vertex 1.05238 33.7093 -10.25
      vertex 1.375 33.8684 -14.25
      vertex 1.05238 33.7093 -14.25
    endloop
  endfacet
  facet normal -0.65938 -0.75181 0
    outer loop
      vertex 1.67409 38.4317 -14.25
      vertex 1.94454 38.1945 -10.25
      vertex 1.67409 38.4317 -10.25
    endloop
  endfacet
  facet normal -0.65938 -0.75181 -0
    outer loop
      vertex 1.94454 38.1945 -10.25
      vertex 1.67409 38.4317 -14.25
      vertex 1.94454 38.1945 -14.25
    endloop
  endfacet
  facet normal -0.65938 -0.75181 0
    outer loop
      vertex 1.67409 38.4317 10.25
      vertex 1.94454 38.1945 14.25
      vertex 1.67409 38.4317 14.25
    endloop
  endfacet
  facet normal -0.65938 -0.75181 -0
    outer loop
      vertex 1.94454 38.1945 14.25
      vertex 1.67409 38.4317 10.25
      vertex 1.94454 38.1945 10.25
    endloop
  endfacet
  facet normal -0.751777 0.659417 0
    outer loop
      vertex 1.94454 34.3055 -14.25
      vertex 2.18172 34.5759 -10.25
      vertex 2.18172 34.5759 -14.25
    endloop
  endfacet
  facet normal -0.751777 0.659417 0
    outer loop
      vertex 2.18172 34.5759 -10.25
      vertex 1.94454 34.3055 -14.25
      vertex 1.94454 34.3055 -10.25
    endloop
  endfacet
  facet normal -0.751777 0.659417 0
    outer loop
      vertex 1.94454 34.3055 10.25
      vertex 2.18172 34.5759 14.25
      vertex 2.18172 34.5759 10.25
    endloop
  endfacet
  facet normal -0.751777 0.659417 0
    outer loop
      vertex 2.18172 34.5759 14.25
      vertex 1.94454 34.3055 10.25
      vertex 1.94454 34.3055 14.25
    endloop
  endfacet
  facet normal -0.831472 0.555566 0
    outer loop
      vertex 2.18172 34.5759 -14.25
      vertex 2.38157 34.875 -10.25
      vertex 2.38157 34.875 -14.25
    endloop
  endfacet
  facet normal -0.831472 0.555566 0
    outer loop
      vertex 2.38157 34.875 -10.25
      vertex 2.18172 34.5759 -14.25
      vertex 2.18172 34.5759 -10.25
    endloop
  endfacet
  facet normal -0.831472 0.555566 0
    outer loop
      vertex 2.18172 34.5759 10.25
      vertex 2.38157 34.875 14.25
      vertex 2.38157 34.875 10.25
    endloop
  endfacet
  facet normal -0.831472 0.555566 0
    outer loop
      vertex 2.38157 34.875 14.25
      vertex 2.18172 34.5759 10.25
      vertex 2.18172 34.5759 14.25
    endloop
  endfacet
  facet normal 0.980799 -0.19502 0
    outer loop
      vertex -2.72647 36.6089 -10.25
      vertex -2.6563 36.9618 -14.25
      vertex -2.6563 36.9618 -10.25
    endloop
  endfacet
  facet normal 0.980799 -0.19502 0
    outer loop
      vertex -2.6563 36.9618 -14.25
      vertex -2.72647 36.6089 -10.25
      vertex -2.72647 36.6089 -14.25
    endloop
  endfacet
  facet normal 0.980799 -0.19502 0
    outer loop
      vertex -2.72647 36.6089 14.25
      vertex -2.6563 36.9618 10.25
      vertex -2.6563 36.9618 14.25
    endloop
  endfacet
  facet normal 0.980799 -0.19502 0
    outer loop
      vertex -2.6563 36.9618 10.25
      vertex -2.72647 36.6089 14.25
      vertex -2.72647 36.6089 10.25
    endloop
  endfacet
  facet normal 0.321371 -0.946954 0
    outer loop
      vertex -1.05238 38.7907 10.25
      vertex -0.711752 38.9063 14.25
      vertex -1.05238 38.7907 14.25
    endloop
  endfacet
  facet normal 0.321371 -0.946954 0
    outer loop
      vertex -0.711752 38.9063 14.25
      vertex -1.05238 38.7907 10.25
      vertex -0.711752 38.9063 10.25
    endloop
  endfacet
  facet normal 0.321371 -0.946954 0
    outer loop
      vertex -1.05238 38.7907 -14.25
      vertex -0.711752 38.9063 -10.25
      vertex -1.05238 38.7907 -10.25
    endloop
  endfacet
  facet normal 0.321371 -0.946954 0
    outer loop
      vertex -0.711752 38.9063 -10.25
      vertex -1.05238 38.7907 -14.25
      vertex -0.711752 38.9063 -14.25
    endloop
  endfacet
  facet normal -1 0 0
    outer loop
      vertex 10.25 14.25 -10.25
      vertex 10.25 44.25 10.25
      vertex 10.25 44.25 -10.25
    endloop
  endfacet
  facet normal -1 -0 0
    outer loop
      vertex 10.25 44.25 10.25
      vertex 10.25 14.25 -10.25
      vertex 10.25 14.25 10.25
    endloop
  endfacet
  facet normal 0 1 -0
    outer loop
      vertex 10.25 14.25 -10.25
      vertex -10.25 14.25 10.25
      vertex 10.25 14.25 10.25
    endloop
  endfacet
  facet normal 0 1 0
    outer loop
      vertex -10.25 14.25 10.25
      vertex 10.25 14.25 -10.25
      vertex -10.25 14.25 -10.25
    endloop
  endfacet
  facet normal 1 -0 0
    outer loop
      vertex -10.25 14.25 10.25
      vertex -10.25 44.25 -10.25
      vertex -10.25 44.25 10.25
    endloop
  endfacet
  facet normal 1 0 0
    outer loop
      vertex -10.25 44.25 -10.25
      vertex -10.25 14.25 10.25
      vertex -10.25 14.25 -10.25
    endloop
  endfacet
  facet normal 0 0 -1
    outer loop
      vertex 10.25 14.25 10.25
      vertex 2.6563 23.9618 10.25
      vertex 10.25 44.25 10.25
    endloop
  endfacet
  facet normal 0 0 -1
    outer loop
      vertex 10.25 44.25 10.25
      vertex 2.72647 35.8911 10.25
      vertex 2.75 36.25 10.25
    endloop
  endfacet
  facet normal 0 0 -1
    outer loop
      vertex 2.54067 24.3024 10.25
      vertex 10.25 44.25 10.25
      vertex 2.6563 23.9618 10.25
    endloop
  endfacet
  facet normal 0 0 -1
    outer loop
      vertex 10.25 44.25 10.25
      vertex 2.6563 35.5382 10.25
      vertex 2.72647 35.8911 10.25
    endloop
  endfacet
  facet normal 0 0 -1
    outer loop
      vertex 2.54067 35.1976 10.25
      vertex 10.25 44.25 10.25
      vertex 2.54067 24.3024 10.25
    endloop
  endfacet
  facet normal 0 0 -1
    outer loop
      vertex 10.25 44.25 10.25
      vertex 2.54067 35.1976 10.25
      vertex 2.6563 35.5382 10.25
    endloop
  endfacet
  facet normal 0 0 -1
    outer loop
      vertex 2.38157 24.625 10.25
      vertex 2.54067 35.1976 10.25
      vertex 2.54067 24.3024 10.25
    endloop
  endfacet
  facet normal 0 0 -1
    outer loop
      vertex 2.38157 24.625 10.25
      vertex 2.38157 34.875 10.25
      vertex 2.54067 35.1976 10.25
    endloop
  endfacet
  facet normal 0 0 -1
    outer loop
      vertex 2.18172 24.9241 10.25
      vertex 2.38157 34.875 10.25
      vertex 2.38157 24.625 10.25
    endloop
  endfacet
  facet normal 0 0 -1
    outer loop
      vertex 2.18172 24.9241 10.25
      vertex 2.18172 34.5759 10.25
      vertex 2.38157 34.875 10.25
    endloop
  endfacet
  facet normal 0 0 -1
    outer loop
      vertex 1.94454 25.1945 10.25
      vertex 2.18172 34.5759 10.25
      vertex 2.18172 24.9241 10.25
    endloop
  endfacet
  facet normal 0 0 -1
    outer loop
      vertex 1.94454 25.1945 10.25
      vertex 1.94454 34.3055 10.25
      vertex 2.18172 34.5759 10.25
    endloop
  endfacet
  facet normal 0 0 -1
    outer loop
      vertex 1.67409 25.4317 10.25
      vertex 1.94454 34.3055 10.25
      vertex 1.94454 25.1945 10.25
    endloop
  endfacet
  facet normal 0 0 -1
    outer loop
      vertex 1.67409 25.4317 10.25
      vertex 1.67409 34.0683 10.25
      vertex 1.94454 34.3055 10.25
    endloop
  endfacet
  facet normal 0 0 -1
    outer loop
      vertex 1.375 25.6316 10.25
      vertex 1.67409 34.0683 10.25
      vertex 1.67409 25.4317 10.25
    endloop
  endfacet
  facet normal 0 0 -1
    outer loop
      vertex 1.375 25.6316 10.25
      vertex 1.375 33.8684 10.25
      vertex 1.67409 34.0683 10.25
    endloop
  endfacet
  facet normal 0 0 -1
    outer loop
      vertex 1.05238 25.7907 10.25
      vertex 1.375 33.8684 10.25
      vertex 1.375 25.6316 10.25
    endloop
  endfacet
  facet normal 0 0 -1
    outer loop
      vertex 1.05238 25.7907 10.25
      vertex 1.05238 33.7093 10.25
      vertex 1.375 33.8684 10.25
    endloop
  endfacet
  facet normal 0 0 -1
    outer loop
      vertex 0.711752 25.9063 10.25
      vertex 1.05238 33.7093 10.25
      vertex 1.05238 25.7907 10.25
    endloop
  endfacet
  facet normal 0 0 -1
    outer loop
      vertex 0.711752 25.9063 10.25
      vertex 0.711752 33.5937 10.25
      vertex 1.05238 33.7093 10.25
    endloop
  endfacet
  facet normal 0 0 -1
    outer loop
      vertex 0.358947 25.9765 10.25
      vertex 0.711752 33.5937 10.25
      vertex 0.711752 25.9063 10.25
    endloop
  endfacet
  facet normal 0 0 -1
    outer loop
      vertex 0.358947 25.9765 10.25
      vertex 0.358947 33.5235 10.25
      vertex 0.711752 33.5937 10.25
    endloop
  endfacet
  facet normal 0 0 -1
    outer loop
      vertex 0 26 10.25
      vertex 0.358947 33.5235 10.25
      vertex 0.358947 25.9765 10.25
    endloop
  endfacet
  facet normal 0 0 -1
    outer loop
      vertex 0 26 10.25
      vertex 0 33.5 10.25
      vertex 0.358947 33.5235 10.25
    endloop
  endfacet
  facet normal 0 0 -1
    outer loop
      vertex -0.358947 25.9765 10.25
      vertex 0 33.5 10.25
      vertex 0 26 10.25
    endloop
  endfacet
  facet normal 0 0 -1
    outer loop
      vertex -0.358947 25.9765 10.25
      vertex -0.358947 33.5235 10.25
      vertex 0 33.5 10.25
    endloop
  endfacet
  facet normal 0 0 -1
    outer loop
      vertex -0.711752 25.9063 10.25
      vertex -0.358947 33.5235 10.25
      vertex -0.358947 25.9765 10.25
    endloop
  endfacet
  facet normal 0 0 -1
    outer loop
      vertex -0.711752 25.9063 10.25
      vertex -0.711752 33.5937 10.25
      vertex -0.358947 33.5235 10.25
    endloop
  endfacet
  facet normal 0 0 -1
    outer loop
      vertex -1.05238 25.7907 10.25
      vertex -0.711752 33.5937 10.25
      vertex -0.711752 25.9063 10.25
    endloop
  endfacet
  facet normal 0 0 -1
    outer loop
      vertex -1.05238 25.7907 10.25
      vertex -1.05238 33.7093 10.25
      vertex -0.711752 33.5937 10.25
    endloop
  endfacet
  facet normal 0 0 -1
    outer loop
      vertex -1.375 25.6316 10.25
      vertex -1.05238 33.7093 10.25
      vertex -1.05238 25.7907 10.25
    endloop
  endfacet
  facet normal 0 0 -1
    outer loop
      vertex -1.375 25.6316 10.25
      vertex -1.375 33.8684 10.25
      vertex -1.05238 33.7093 10.25
    endloop
  endfacet
  facet normal 0 0 -1
    outer loop
      vertex -1.67409 25.4317 10.25
      vertex -1.375 33.8684 10.25
      vertex -1.375 25.6316 10.25
    endloop
  endfacet
  facet normal 0 0 -1
    outer loop
      vertex -1.67409 25.4317 10.25
      vertex -1.67409 34.0683 10.25
      vertex -1.375 33.8684 10.25
    endloop
  endfacet
  facet normal 0 0 -1
    outer loop
      vertex -1.94454 25.1945 10.25
      vertex -1.67409 34.0683 10.25
      vertex -1.67409 25.4317 10.25
    endloop
  endfacet
  facet normal 0 0 -1
    outer loop
      vertex -1.94454 25.1945 10.25
      vertex -1.94454 34.3055 10.25
      vertex -1.67409 34.0683 10.25
    endloop
  endfacet
  facet normal 0 0 -1
    outer loop
      vertex -2.18172 24.9241 10.25
      vertex -1.94454 34.3055 10.25
      vertex -1.94454 25.1945 10.25
    endloop
  endfacet
  facet normal 0 0 -1
    outer loop
      vertex -2.18172 24.9241 10.25
      vertex -2.18172 34.5759 10.25
      vertex -1.94454 34.3055 10.25
    endloop
  endfacet
  facet normal 0 0 -1
    outer loop
      vertex -2.38157 24.625 10.25
      vertex -2.18172 34.5759 10.25
      vertex -2.18172 24.9241 10.25
    endloop
  endfacet
  facet normal 0 0 -1
    outer loop
      vertex -2.38157 24.625 10.25
      vertex -2.38157 34.875 10.25
      vertex -2.18172 34.5759 10.25
    endloop
  endfacet
  facet normal 0 0 -1
    outer loop
      vertex -2.54067 24.3024 10.25
      vertex -2.38157 34.875 10.25
      vertex -2.38157 24.625 10.25
    endloop
  endfacet
  facet normal 0 0 -1
    outer loop
      vertex -2.54067 24.3024 10.25
      vertex -2.54067 35.1976 10.25
      vertex -2.38157 34.875 10.25
    endloop
  endfacet
  facet normal 0 0 -1
    outer loop
      vertex -10.25 44.25 10.25
      vertex -2.54067 24.3024 10.25
      vertex -2.6563 23.9618 10.25
    endloop
  endfacet
  facet normal 0 0 -1
    outer loop
      vertex -2.54067 24.3024 10.25
      vertex -10.25 44.25 10.25
      vertex -2.54067 35.1976 10.25
    endloop
  endfacet
  facet normal 0 0 -1
    outer loop
      vertex -10.25 14.25 10.25
      vertex -2.6563 23.9618 10.25
      vertex -2.72647 23.6089 10.25
    endloop
  endfacet
  facet normal 0 0 -1
    outer loop
      vertex -2.54067 35.1976 10.25
      vertex -10.25 44.25 10.25
      vertex -2.6563 35.5382 10.25
    endloop
  endfacet
  facet normal 0 0 -1
    outer loop
      vertex -10.25 14.25 10.25
      vertex -2.72647 23.6089 10.25
      vertex -2.75 23.25 10.25
    endloop
  endfacet
  facet normal 0 0 -1
    outer loop
      vertex -2.6563 35.5382 10.25
      vertex -10.25 44.25 10.25
      vertex -2.72647 35.8911 10.25
    endloop
  endfacet
  facet normal 0 0 -1
    outer loop
      vertex 2.72647 23.6089 10.25
      vertex 10.25 14.25 10.25
      vertex 2.75 23.25 10.25
    endloop
  endfacet
  facet normal 0 0 -1
    outer loop
      vertex 10.25 14.25 10.25
      vertex 2.72647 22.8911 10.25
      vertex 2.75 23.25 10.25
    endloop
  endfacet
  facet normal 0 0 -1
    outer loop
      vertex 10.25 14.25 10.25
      vertex 2.6563 22.5382 10.25
      vertex 2.72647 22.8911 10.25
    endloop
  endfacet
  facet normal 0 0 -1
    outer loop
      vertex 10.25 14.25 10.25
      vertex 2.54067 22.1976 10.25
      vertex 2.6563 22.5382 10.25
    endloop
  endfacet
  facet normal 0 0 -1
    outer loop
      vertex 10.25 14.25 10.25
      vertex 2.38157 21.875 10.25
      vertex 2.54067 22.1976 10.25
    endloop
  endfacet
  facet normal 0 0 -1
    outer loop
      vertex 10.25 14.25 10.25
      vertex 2.18172 21.5759 10.25
      vertex 2.38157 21.875 10.25
    endloop
  endfacet
  facet normal 0 0 -1
    outer loop
      vertex 10.25 14.25 10.25
      vertex 1.94454 21.3055 10.25
      vertex 2.18172 21.5759 10.25
    endloop
  endfacet
  facet normal 0 0 -1
    outer loop
      vertex 10.25 14.25 10.25
      vertex 1.67409 21.0683 10.25
      vertex 1.94454 21.3055 10.25
    endloop
  endfacet
  facet normal 0 0 -1
    outer loop
      vertex 10.25 14.25 10.25
      vertex 1.375 20.8684 10.25
      vertex 1.67409 21.0683 10.25
    endloop
  endfacet
  facet normal 0 0 -1
    outer loop
      vertex 10.25 14.25 10.25
      vertex 1.05238 20.7093 10.25
      vertex 1.375 20.8684 10.25
    endloop
  endfacet
  facet normal 0 0 -1
    outer loop
      vertex 10.25 14.25 10.25
      vertex 0.711752 20.5937 10.25
      vertex 1.05238 20.7093 10.25
    endloop
  endfacet
  facet normal 0 0 -1
    outer loop
      vertex 10.25 14.25 10.25
      vertex 0.358947 20.5235 10.25
      vertex 0.711752 20.5937 10.25
    endloop
  endfacet
  facet normal 0 0 -1
    outer loop
      vertex 10.25 14.25 10.25
      vertex 0 20.5 10.25
      vertex 0.358947 20.5235 10.25
    endloop
  endfacet
  facet normal 0 0 -1
    outer loop
      vertex -10.25 14.25 10.25
      vertex 0 20.5 10.25
      vertex 10.25 14.25 10.25
    endloop
  endfacet
  facet normal -0 0 -1
    outer loop
      vertex 0 20.5 10.25
      vertex -10.25 14.25 10.25
      vertex -0.358947 20.5235 10.25
    endloop
  endfacet
  facet normal -0 0 -1
    outer loop
      vertex -0.358947 20.5235 10.25
      vertex -10.25 14.25 10.25
      vertex -0.711752 20.5937 10.25
    endloop
  endfacet
  facet normal -0 0 -1
    outer loop
      vertex -0.711752 20.5937 10.25
      vertex -10.25 14.25 10.25
      vertex -1.05238 20.7093 10.25
    endloop
  endfacet
  facet normal -0 0 -1
    outer loop
      vertex -2.6563 23.9618 10.25
      vertex -10.25 14.25 10.25
      vertex -10.25 44.25 10.25
    endloop
  endfacet
  facet normal -0 0 -1
    outer loop
      vertex -2.72647 22.8911 10.25
      vertex -10.25 14.25 10.25
      vertex -2.75 23.25 10.25
    endloop
  endfacet
  facet normal -0 0 -1
    outer loop
      vertex -2.6563 22.5382 10.25
      vertex -10.25 14.25 10.25
      vertex -2.72647 22.8911 10.25
    endloop
  endfacet
  facet normal -0 0 -1
    outer loop
      vertex -2.54067 22.1976 10.25
      vertex -10.25 14.25 10.25
      vertex -2.6563 22.5382 10.25
    endloop
  endfacet
  facet normal -0 0 -1
    outer loop
      vertex -2.38157 21.875 10.25
      vertex -10.25 14.25 10.25
      vertex -2.54067 22.1976 10.25
    endloop
  endfacet
  facet normal -0 0 -1
    outer loop
      vertex -2.18172 21.5759 10.25
      vertex -10.25 14.25 10.25
      vertex -2.38157 21.875 10.25
    endloop
  endfacet
  facet normal -0 0 -1
    outer loop
      vertex -1.94454 21.3055 10.25
      vertex -10.25 14.25 10.25
      vertex -2.18172 21.5759 10.25
    endloop
  endfacet
  facet normal -0 0 -1
    outer loop
      vertex -1.67409 21.0683 10.25
      vertex -10.25 14.25 10.25
      vertex -1.94454 21.3055 10.25
    endloop
  endfacet
  facet normal -0 0 -1
    outer loop
      vertex -1.375 20.8684 10.25
      vertex -10.25 14.25 10.25
      vertex -1.67409 21.0683 10.25
    endloop
  endfacet
  facet normal -0 0 -1
    outer loop
      vertex -1.05238 20.7093 10.25
      vertex -10.25 14.25 10.25
      vertex -1.375 20.8684 10.25
    endloop
  endfacet
  facet normal 0 0 -1
    outer loop
      vertex 2.6563 23.9618 10.25
      vertex 10.25 14.25 10.25
      vertex 2.72647 23.6089 10.25
    endloop
  endfacet
  facet normal 0 0 -1
    outer loop
      vertex 2.72647 36.6089 10.25
      vertex 10.25 44.25 10.25
      vertex 2.75 36.25 10.25
    endloop
  endfacet
  facet normal 0 0 -1
    outer loop
      vertex 2.6563 36.9618 10.25
      vertex 10.25 44.25 10.25
      vertex 2.72647 36.6089 10.25
    endloop
  endfacet
  facet normal 0 0 -1
    outer loop
      vertex 2.54067 37.3024 10.25
      vertex 10.25 44.25 10.25
      vertex 2.6563 36.9618 10.25
    endloop
  endfacet
  facet normal 0 0 -1
    outer loop
      vertex 2.38157 37.625 10.25
      vertex 10.25 44.25 10.25
      vertex 2.54067 37.3024 10.25
    endloop
  endfacet
  facet normal 0 0 -1
    outer loop
      vertex 2.18172 37.9241 10.25
      vertex 10.25 44.25 10.25
      vertex 2.38157 37.625 10.25
    endloop
  endfacet
  facet normal 0 0 -1
    outer loop
      vertex 1.94454 38.1945 10.25
      vertex 10.25 44.25 10.25
      vertex 2.18172 37.9241 10.25
    endloop
  endfacet
  facet normal 0 0 -1
    outer loop
      vertex 1.67409 38.4317 10.25
      vertex 10.25 44.25 10.25
      vertex 1.94454 38.1945 10.25
    endloop
  endfacet
  facet normal 0 0 -1
    outer loop
      vertex 1.375 38.6316 10.25
      vertex 10.25 44.25 10.25
      vertex 1.67409 38.4317 10.25
    endloop
  endfacet
  facet normal 0 0 -1
    outer loop
      vertex 1.05238 38.7907 10.25
      vertex 10.25 44.25 10.25
      vertex 1.375 38.6316 10.25
    endloop
  endfacet
  facet normal 0 0 -1
    outer loop
      vertex 0.711752 38.9063 10.25
      vertex 10.25 44.25 10.25
      vertex 1.05238 38.7907 10.25
    endloop
  endfacet
  facet normal 0 0 -1
    outer loop
      vertex 0.358947 38.9765 10.25
      vertex 10.25 44.25 10.25
      vertex 0.711752 38.9063 10.25
    endloop
  endfacet
  facet normal 0 0 -1
    outer loop
      vertex 0 39 10.25
      vertex 10.25 44.25 10.25
      vertex 0.358947 38.9765 10.25
    endloop
  endfacet
  facet normal 0 0 -1
    outer loop
      vertex -10.25 44.25 10.25
      vertex 0 39 10.25
      vertex -0.358947 38.9765 10.25
    endloop
  endfacet
  facet normal 0 0 -1
    outer loop
      vertex -10.25 44.25 10.25
      vertex -0.358947 38.9765 10.25
      vertex -0.711752 38.9063 10.25
    endloop
  endfacet
  facet normal 0 0 -1
    outer loop
      vertex -10.25 44.25 10.25
      vertex -0.711752 38.9063 10.25
      vertex -1.05238 38.7907 10.25
    endloop
  endfacet
  facet normal 0 0 -1
    outer loop
      vertex -2.72647 35.8911 10.25
      vertex -10.25 44.25 10.25
      vertex -2.75 36.25 10.25
    endloop
  endfacet
  facet normal 0 0 -1
    outer loop
      vertex -2.75 36.25 10.25
      vertex -10.25 44.25 10.25
      vertex -2.72647 36.6089 10.25
    endloop
  endfacet
  facet normal 0 0 -1
    outer loop
      vertex 0 39 10.25
      vertex -10.25 44.25 10.25
      vertex 10.25 44.25 10.25
    endloop
  endfacet
  facet normal 0 0 -1
    outer loop
      vertex -1.375 38.6316 10.25
      vertex -10.25 44.25 10.25
      vertex -1.05238 38.7907 10.25
    endloop
  endfacet
  facet normal 0 0 -1
    outer loop
      vertex -1.67409 38.4317 10.25
      vertex -10.25 44.25 10.25
      vertex -1.375 38.6316 10.25
    endloop
  endfacet
  facet normal 0 0 -1
    outer loop
      vertex -1.94454 38.1945 10.25
      vertex -10.25 44.25 10.25
      vertex -1.67409 38.4317 10.25
    endloop
  endfacet
  facet normal 0 0 -1
    outer loop
      vertex -2.18172 37.9241 10.25
      vertex -10.25 44.25 10.25
      vertex -1.94454 38.1945 10.25
    endloop
  endfacet
  facet normal 0 0 -1
    outer loop
      vertex -2.38157 37.625 10.25
      vertex -10.25 44.25 10.25
      vertex -2.18172 37.9241 10.25
    endloop
  endfacet
  facet normal 0 0 -1
    outer loop
      vertex -2.54067 37.3024 10.25
      vertex -10.25 44.25 10.25
      vertex -2.38157 37.625 10.25
    endloop
  endfacet
  facet normal 0 0 -1
    outer loop
      vertex -2.6563 36.9618 10.25
      vertex -10.25 44.25 10.25
      vertex -2.54067 37.3024 10.25
    endloop
  endfacet
  facet normal 0 0 -1
    outer loop
      vertex -2.72647 36.6089 10.25
      vertex -10.25 44.25 10.25
      vertex -2.6563 36.9618 10.25
    endloop
  endfacet
  facet normal 0 0 1
    outer loop
      vertex 2.6563 35.5382 -10.25
      vertex 10.25 44.25 -10.25
      vertex 2.72647 35.8911 -10.25
    endloop
  endfacet
  facet normal 0 0 1
    outer loop
      vertex 10.25 44.25 -10.25
      vertex 2.72647 23.6089 -10.25
      vertex 2.75 23.25 -10.25
    endloop
  endfacet
  facet normal 0 0 1
    outer loop
      vertex 2.54067 35.1976 -10.25
      vertex 10.25 44.25 -10.25
      vertex 2.6563 35.5382 -10.25
    endloop
  endfacet
  facet normal 0 0 1
    outer loop
      vertex 10.25 44.25 -10.25
      vertex 2.6563 23.9618 -10.25
      vertex 2.72647 23.6089 -10.25
    endloop
  endfacet
  facet normal 0 0 1
    outer loop
      vertex 2.54067 24.3024 -10.25
      vertex 10.25 44.25 -10.25
      vertex 2.54067 35.1976 -10.25
    endloop
  endfacet
  facet normal 0 0 1
    outer loop
      vertex 10.25 44.25 -10.25
      vertex 2.54067 24.3024 -10.25
      vertex 2.6563 23.9618 -10.25
    endloop
  endfacet
  facet normal -0 0 1
    outer loop
      vertex 2.38157 34.875 -10.25
      vertex 2.54067 24.3024 -10.25
      vertex 2.54067 35.1976 -10.25
    endloop
  endfacet
  facet normal 0 0 1
    outer loop
      vertex 2.38157 34.875 -10.25
      vertex 2.38157 24.625 -10.25
      vertex 2.54067 24.3024 -10.25
    endloop
  endfacet
  facet normal -0 0 1
    outer loop
      vertex 2.18172 34.5759 -10.25
      vertex 2.38157 24.625 -10.25
      vertex 2.38157 34.875 -10.25
    endloop
  endfacet
  facet normal 0 0 1
    outer loop
      vertex 2.18172 34.5759 -10.25
      vertex 2.18172 24.9241 -10.25
      vertex 2.38157 24.625 -10.25
    endloop
  endfacet
  facet normal -0 0 1
    outer loop
      vertex 1.94454 34.3055 -10.25
      vertex 2.18172 24.9241 -10.25
      vertex 2.18172 34.5759 -10.25
    endloop
  endfacet
  facet normal 0 0 1
    outer loop
      vertex 1.94454 34.3055 -10.25
      vertex 1.94454 25.1945 -10.25
      vertex 2.18172 24.9241 -10.25
    endloop
  endfacet
  facet normal -0 0 1
    outer loop
      vertex 1.67409 34.0683 -10.25
      vertex 1.94454 25.1945 -10.25
      vertex 1.94454 34.3055 -10.25
    endloop
  endfacet
  facet normal 0 0 1
    outer loop
      vertex 1.67409 34.0683 -10.25
      vertex 1.67409 25.4317 -10.25
      vertex 1.94454 25.1945 -10.25
    endloop
  endfacet
  facet normal -0 0 1
    outer loop
      vertex 1.375 33.8684 -10.25
      vertex 1.67409 25.4317 -10.25
      vertex 1.67409 34.0683 -10.25
    endloop
  endfacet
  facet normal 0 0 1
    outer loop
      vertex 1.375 33.8684 -10.25
      vertex 1.375 25.6316 -10.25
      vertex 1.67409 25.4317 -10.25
    endloop
  endfacet
  facet normal -0 0 1
    outer loop
      vertex 1.05238 33.7093 -10.25
      vertex 1.375 25.6316 -10.25
      vertex 1.375 33.8684 -10.25
    endloop
  endfacet
  facet normal 0 0 1
    outer loop
      vertex 1.05238 33.7093 -10.25
      vertex 1.05238 25.7907 -10.25
      vertex 1.375 25.6316 -10.25
    endloop
  endfacet
  facet normal -0 0 1
    outer loop
      vertex 0.711752 33.5937 -10.25
      vertex 1.05238 25.7907 -10.25
      vertex 1.05238 33.7093 -10.25
    endloop
  endfacet
  facet normal 0 0 1
    outer loop
      vertex 0.711752 33.5937 -10.25
      vertex 0.711752 25.9063 -10.25
      vertex 1.05238 25.7907 -10.25
    endloop
  endfacet
  facet normal -0 0 1
    outer loop
      vertex 0.358947 33.5235 -10.25
      vertex 0.711752 25.9063 -10.25
      vertex 0.711752 33.5937 -10.25
    endloop
  endfacet
  facet normal 0 0 1
    outer loop
      vertex 0.358947 33.5235 -10.25
      vertex 0.358947 25.9765 -10.25
      vertex 0.711752 25.9063 -10.25
    endloop
  endfacet
  facet normal -0 0 1
    outer loop
      vertex 0 33.5 -10.25
      vertex 0.358947 25.9765 -10.25
      vertex 0.358947 33.5235 -10.25
    endloop
  endfacet
  facet normal 0 0 1
    outer loop
      vertex 0 33.5 -10.25
      vertex 0 26 -10.25
      vertex 0.358947 25.9765 -10.25
    endloop
  endfacet
  facet normal 0 0 1
    outer loop
      vertex -0.358947 33.5235 -10.25
      vertex 0 26 -10.25
      vertex 0 33.5 -10.25
    endloop
  endfacet
  facet normal 0 0 1
    outer loop
      vertex -0.358947 33.5235 -10.25
      vertex -0.358947 25.9765 -10.25
      vertex 0 26 -10.25
    endloop
  endfacet
  facet normal 0 0 1
    outer loop
      vertex -0.711752 33.5937 -10.25
      vertex -0.358947 25.9765 -10.25
      vertex -0.358947 33.5235 -10.25
    endloop
  endfacet
  facet normal 0 0 1
    outer loop
      vertex -0.711752 33.5937 -10.25
      vertex -0.711752 25.9063 -10.25
      vertex -0.358947 25.9765 -10.25
    endloop
  endfacet
  facet normal 0 0 1
    outer loop
      vertex -1.05238 33.7093 -10.25
      vertex -0.711752 25.9063 -10.25
      vertex -0.711752 33.5937 -10.25
    endloop
  endfacet
  facet normal 0 0 1
    outer loop
      vertex -1.05238 33.7093 -10.25
      vertex -1.05238 25.7907 -10.25
      vertex -0.711752 25.9063 -10.25
    endloop
  endfacet
  facet normal 0 0 1
    outer loop
      vertex -1.375 33.8684 -10.25
      vertex -1.05238 25.7907 -10.25
      vertex -1.05238 33.7093 -10.25
    endloop
  endfacet
  facet normal 0 0 1
    outer loop
      vertex -1.375 33.8684 -10.25
      vertex -1.375 25.6316 -10.25
      vertex -1.05238 25.7907 -10.25
    endloop
  endfacet
  facet normal 0 0 1
    outer loop
      vertex -1.67409 34.0683 -10.25
      vertex -1.375 25.6316 -10.25
      vertex -1.375 33.8684 -10.25
    endloop
  endfacet
  facet normal 0 0 1
    outer loop
      vertex -1.67409 34.0683 -10.25
      vertex -1.67409 25.4317 -10.25
      vertex -1.375 25.6316 -10.25
    endloop
  endfacet
  facet normal 0 0 1
    outer loop
      vertex -1.94454 34.3055 -10.25
      vertex -1.67409 25.4317 -10.25
      vertex -1.67409 34.0683 -10.25
    endloop
  endfacet
  facet normal 0 0 1
    outer loop
      vertex -1.94454 34.3055 -10.25
      vertex -1.94454 25.1945 -10.25
      vertex -1.67409 25.4317 -10.25
    endloop
  endfacet
  facet normal 0 0 1
    outer loop
      vertex -2.18172 34.5759 -10.25
      vertex -1.94454 25.1945 -10.25
      vertex -1.94454 34.3055 -10.25
    endloop
  endfacet
  facet normal 0 0 1
    outer loop
      vertex -2.18172 34.5759 -10.25
      vertex -2.18172 24.9241 -10.25
      vertex -1.94454 25.1945 -10.25
    endloop
  endfacet
  facet normal 0 0 1
    outer loop
      vertex -2.38157 34.875 -10.25
      vertex -2.18172 24.9241 -10.25
      vertex -2.18172 34.5759 -10.25
    endloop
  endfacet
  facet normal 0 0 1
    outer loop
      vertex -2.38157 34.875 -10.25
      vertex -2.38157 24.625 -10.25
      vertex -2.18172 24.9241 -10.25
    endloop
  endfacet
  facet normal 0 0 1
    outer loop
      vertex -2.54067 35.1976 -10.25
      vertex -2.38157 24.625 -10.25
      vertex -2.38157 34.875 -10.25
    endloop
  endfacet
  facet normal 0 0 1
    outer loop
      vertex -2.54067 35.1976 -10.25
      vertex -2.54067 24.3024 -10.25
      vertex -2.38157 24.625 -10.25
    endloop
  endfacet
  facet normal 0 0 1
    outer loop
      vertex -10.25 44.25 -10.25
      vertex -2.54067 35.1976 -10.25
      vertex -2.6563 35.5382 -10.25
    endloop
  endfacet
  facet normal 0 0 1
    outer loop
      vertex -2.54067 35.1976 -10.25
      vertex -10.25 44.25 -10.25
      vertex -2.54067 24.3024 -10.25
    endloop
  endfacet
  facet normal 0 0 1
    outer loop
      vertex -10.25 44.25 -10.25
      vertex -2.6563 35.5382 -10.25
      vertex -2.72647 35.8911 -10.25
    endloop
  endfacet
  facet normal 0 0 1
    outer loop
      vertex -2.54067 24.3024 -10.25
      vertex -10.25 44.25 -10.25
      vertex -2.6563 23.9618 -10.25
    endloop
  endfacet
  facet normal 0 0 1
    outer loop
      vertex -10.25 44.25 -10.25
      vertex -2.72647 35.8911 -10.25
      vertex -2.75 36.25 -10.25
    endloop
  endfacet
  facet normal 0 0 1
    outer loop
      vertex -10.25 14.25 -10.25
      vertex -2.6563 23.9618 -10.25
      vertex -10.25 44.25 -10.25
    endloop
  endfacet
  facet normal 0 0 1
    outer loop
      vertex 2.72647 35.8911 -10.25
      vertex 10.25 44.25 -10.25
      vertex 2.75 36.25 -10.25
    endloop
  endfacet
  facet normal 0 0 1
    outer loop
      vertex 10.25 44.25 -10.25
      vertex 2.72647 36.6089 -10.25
      vertex 2.75 36.25 -10.25
    endloop
  endfacet
  facet normal 0 0 1
    outer loop
      vertex 10.25 44.25 -10.25
      vertex 2.6563 36.9618 -10.25
      vertex 2.72647 36.6089 -10.25
    endloop
  endfacet
  facet normal 0 0 1
    outer loop
      vertex 10.25 44.25 -10.25
      vertex 2.54067 37.3024 -10.25
      vertex 2.6563 36.9618 -10.25
    endloop
  endfacet
  facet normal 0 0 1
    outer loop
      vertex 10.25 44.25 -10.25
      vertex 2.38157 37.625 -10.25
      vertex 2.54067 37.3024 -10.25
    endloop
  endfacet
  facet normal 0 0 1
    outer loop
      vertex 10.25 44.25 -10.25
      vertex 2.18172 37.9241 -10.25
      vertex 2.38157 37.625 -10.25
    endloop
  endfacet
  facet normal 0 0 1
    outer loop
      vertex 10.25 44.25 -10.25
      vertex 1.94454 38.1945 -10.25
      vertex 2.18172 37.9241 -10.25
    endloop
  endfacet
  facet normal 0 0 1
    outer loop
      vertex 10.25 44.25 -10.25
      vertex 1.67409 38.4317 -10.25
      vertex 1.94454 38.1945 -10.25
    endloop
  endfacet
  facet normal 0 0 1
    outer loop
      vertex 10.25 44.25 -10.25
      vertex 1.375 38.6316 -10.25
      vertex 1.67409 38.4317 -10.25
    endloop
  endfacet
  facet normal 0 0 1
    outer loop
      vertex 10.25 44.25 -10.25
      vertex 1.05238 38.7907 -10.25
      vertex 1.375 38.6316 -10.25
    endloop
  endfacet
  facet normal 0 0 1
    outer loop
      vertex 10.25 44.25 -10.25
      vertex 0.711752 38.9063 -10.25
      vertex 1.05238 38.7907 -10.25
    endloop
  endfacet
  facet normal 0 0 1
    outer loop
      vertex 10.25 44.25 -10.25
      vertex 0.358947 38.9765 -10.25
      vertex 0.711752 38.9063 -10.25
    endloop
  endfacet
  facet normal 0 0 1
    outer loop
      vertex 10.25 44.25 -10.25
      vertex 0 39 -10.25
      vertex 0.358947 38.9765 -10.25
    endloop
  endfacet
  facet normal -0 0 1
    outer loop
      vertex -10.25 44.25 -10.25
      vertex 0 39 -10.25
      vertex 10.25 44.25 -10.25
    endloop
  endfacet
  facet normal 0 0 1
    outer loop
      vertex 0 39 -10.25
      vertex -10.25 44.25 -10.25
      vertex -0.358947 38.9765 -10.25
    endloop
  endfacet
  facet normal 0 0 1
    outer loop
      vertex -0.358947 38.9765 -10.25
      vertex -10.25 44.25 -10.25
      vertex -0.711752 38.9063 -10.25
    endloop
  endfacet
  facet normal 0 0 1
    outer loop
      vertex -2.6563 23.9618 -10.25
      vertex -10.25 14.25 -10.25
      vertex -2.72647 23.6089 -10.25
    endloop
  endfacet
  facet normal 0 0 1
    outer loop
      vertex -2.72647 36.6089 -10.25
      vertex -10.25 44.25 -10.25
      vertex -2.75 36.25 -10.25
    endloop
  endfacet
  facet normal 0 0 1
    outer loop
      vertex -2.6563 36.9618 -10.25
      vertex -10.25 44.25 -10.25
      vertex -2.72647 36.6089 -10.25
    endloop
  endfacet
  facet normal 0 0 1
    outer loop
      vertex -2.54067 37.3024 -10.25
      vertex -10.25 44.25 -10.25
      vertex -2.6563 36.9618 -10.25
    endloop
  endfacet
  facet normal 0 0 1
    outer loop
      vertex -2.38157 37.625 -10.25
      vertex -10.25 44.25 -10.25
      vertex -2.54067 37.3024 -10.25
    endloop
  endfacet
  facet normal 0 0 1
    outer loop
      vertex -2.18172 37.9241 -10.25
      vertex -10.25 44.25 -10.25
      vertex -2.38157 37.625 -10.25
    endloop
  endfacet
  facet normal 0 0 1
    outer loop
      vertex -1.94454 38.1945 -10.25
      vertex -10.25 44.25 -10.25
      vertex -2.18172 37.9241 -10.25
    endloop
  endfacet
  facet normal 0 0 1
    outer loop
      vertex -1.67409 38.4317 -10.25
      vertex -10.25 44.25 -10.25
      vertex -1.94454 38.1945 -10.25
    endloop
  endfacet
  facet normal 0 0 1
    outer loop
      vertex -1.375 38.6316 -10.25
      vertex -10.25 44.25 -10.25
      vertex -1.67409 38.4317 -10.25
    endloop
  endfacet
  facet normal 0 0 1
    outer loop
      vertex -1.05238 38.7907 -10.25
      vertex -10.25 44.25 -10.25
      vertex -1.375 38.6316 -10.25
    endloop
  endfacet
  facet normal 0 0 1
    outer loop
      vertex -0.711752 38.9063 -10.25
      vertex -10.25 44.25 -10.25
      vertex -1.05238 38.7907 -10.25
    endloop
  endfacet
  facet normal 0 0 1
    outer loop
      vertex 10.25 44.25 -10.25
      vertex 2.75 23.25 -10.25
      vertex 10.25 14.25 -10.25
    endloop
  endfacet
  facet normal -0 0 1
    outer loop
      vertex 2.72647 22.8911 -10.25
      vertex 10.25 14.25 -10.25
      vertex 2.75 23.25 -10.25
    endloop
  endfacet
  facet normal -0 0 1
    outer loop
      vertex 2.6563 22.5382 -10.25
      vertex 10.25 14.25 -10.25
      vertex 2.72647 22.8911 -10.25
    endloop
  endfacet
  facet normal -0 0 1
    outer loop
      vertex 2.54067 22.1976 -10.25
      vertex 10.25 14.25 -10.25
      vertex 2.6563 22.5382 -10.25
    endloop
  endfacet
  facet normal -0 0 1
    outer loop
      vertex 2.38157 21.875 -10.25
      vertex 10.25 14.25 -10.25
      vertex 2.54067 22.1976 -10.25
    endloop
  endfacet
  facet normal -0 0 1
    outer loop
      vertex 2.18172 21.5759 -10.25
      vertex 10.25 14.25 -10.25
      vertex 2.38157 21.875 -10.25
    endloop
  endfacet
  facet normal -0 0 1
    outer loop
      vertex 1.94454 21.3055 -10.25
      vertex 10.25 14.25 -10.25
      vertex 2.18172 21.5759 -10.25
    endloop
  endfacet
  facet normal -0 0 1
    outer loop
      vertex 1.67409 21.0683 -10.25
      vertex 10.25 14.25 -10.25
      vertex 1.94454 21.3055 -10.25
    endloop
  endfacet
  facet normal -0 0 1
    outer loop
      vertex 1.375 20.8684 -10.25
      vertex 10.25 14.25 -10.25
      vertex 1.67409 21.0683 -10.25
    endloop
  endfacet
  facet normal -0 0 1
    outer loop
      vertex 1.05238 20.7093 -10.25
      vertex 10.25 14.25 -10.25
      vertex 1.375 20.8684 -10.25
    endloop
  endfacet
  facet normal -0 0 1
    outer loop
      vertex 0.711752 20.5937 -10.25
      vertex 10.25 14.25 -10.25
      vertex 1.05238 20.7093 -10.25
    endloop
  endfacet
  facet normal -0 0 1
    outer loop
      vertex 0.358947 20.5235 -10.25
      vertex 10.25 14.25 -10.25
      vertex 0.711752 20.5937 -10.25
    endloop
  endfacet
  facet normal -0 0 1
    outer loop
      vertex 0 20.5 -10.25
      vertex 10.25 14.25 -10.25
      vertex 0.358947 20.5235 -10.25
    endloop
  endfacet
  facet normal 0 0 1
    outer loop
      vertex -10.25 14.25 -10.25
      vertex 0 20.5 -10.25
      vertex -0.358947 20.5235 -10.25
    endloop
  endfacet
  facet normal 0 0 1
    outer loop
      vertex -10.25 14.25 -10.25
      vertex -0.358947 20.5235 -10.25
      vertex -0.711752 20.5937 -10.25
    endloop
  endfacet
  facet normal 0 0 1
    outer loop
      vertex -10.25 14.25 -10.25
      vertex -0.711752 20.5937 -10.25
      vertex -1.05238 20.7093 -10.25
    endloop
  endfacet
  facet normal 0 0 1
    outer loop
      vertex -10.25 14.25 -10.25
      vertex -1.05238 20.7093 -10.25
      vertex -1.375 20.8684 -10.25
    endloop
  endfacet
  facet normal 0 0 1
    outer loop
      vertex -2.72647 23.6089 -10.25
      vertex -10.25 14.25 -10.25
      vertex -2.75 23.25 -10.25
    endloop
  endfacet
  facet normal 0 0 1
    outer loop
      vertex -2.75 23.25 -10.25
      vertex -10.25 14.25 -10.25
      vertex -2.72647 22.8911 -10.25
    endloop
  endfacet
  facet normal 0 0 1
    outer loop
      vertex -2.72647 22.8911 -10.25
      vertex -10.25 14.25 -10.25
      vertex -2.6563 22.5382 -10.25
    endloop
  endfacet
  facet normal 0 0 1
    outer loop
      vertex 0 20.5 -10.25
      vertex -10.25 14.25 -10.25
      vertex 10.25 14.25 -10.25
    endloop
  endfacet
  facet normal 0 0 1
    outer loop
      vertex -1.67409 21.0683 -10.25
      vertex -10.25 14.25 -10.25
      vertex -1.375 20.8684 -10.25
    endloop
  endfacet
  facet normal 0 0 1
    outer loop
      vertex -1.94454 21.3055 -10.25
      vertex -10.25 14.25 -10.25
      vertex -1.67409 21.0683 -10.25
    endloop
  endfacet
  facet normal 0 0 1
    outer loop
      vertex -2.18172 21.5759 -10.25
      vertex -10.25 14.25 -10.25
      vertex -1.94454 21.3055 -10.25
    endloop
  endfacet
  facet normal 0 0 1
    outer loop
      vertex -2.38157 21.875 -10.25
      vertex -10.25 14.25 -10.25
      vertex -2.18172 21.5759 -10.25
    endloop
  endfacet
  facet normal 0 0 1
    outer loop
      vertex -2.54067 22.1976 -10.25
      vertex -10.25 14.25 -10.25
      vertex -2.38157 21.875 -10.25
    endloop
  endfacet
  facet normal 0 0 1
    outer loop
      vertex -2.6563 22.5382 -10.25
      vertex -10.25 14.25 -10.25
      vertex -2.54067 22.1976 -10.25
    endloop
  endfacet
endsolid OpenSCAD_Model
