solid OpenSCAD_Model
  facet normal 0 -0.946926 0.321452
    outer loop
      vertex 1.6 -1.44889 1.48823
      vertex 31.7 -1.38582 1.67402
      vertex 1.6 -1.38582 1.67402
    endloop
  endfacet
  facet normal 0 -0.946926 0.321452
    outer loop
      vertex 31.7 -1.38582 1.67402
      vertex 1.6 -1.44889 1.48823
      vertex 31.7 -1.44889 1.48823
    endloop
  endfacet
  facet normal 0 -0.195097 0.980784
    outer loop
      vertex 1.6 -0.195788 2.58717
      vertex 31.7 -0.388228 2.54889
      vertex 31.7 -0.195788 2.58717
    endloop
  endfacet
  facet normal 0 -0.195097 0.980784
    outer loop
      vertex 31.7 -0.388228 2.54889
      vertex 1.6 -0.195788 2.58717
      vertex 1.6 -0.388228 2.54889
    endloop
  endfacet
  facet normal 0 -0.946929 -0.321443
    outer loop
      vertex 1.6 -1.38582 0.525976
      vertex 31.7 -1.44889 0.711772
      vertex 1.6 -1.44889 0.711772
    endloop
  endfacet
  facet normal 0 -0.946929 -0.321443
    outer loop
      vertex 31.7 -1.44889 0.711772
      vertex 1.6 -1.38582 0.525976
      vertex 31.7 -1.38582 0.525976
    endloop
  endfacet
  facet normal -0 0.442281 0.896876
    outer loop
      vertex 1.6 0.75 2.39904
      vertex 31.7 0.574024 2.48582
      vertex 31.7 0.75 2.39904
    endloop
  endfacet
  facet normal 0 0.442281 0.896876
    outer loop
      vertex 31.7 0.574024 2.48582
      vertex 1.6 0.75 2.39904
      vertex 1.6 0.574024 2.48582
    endloop
  endfacet
  facet normal 0 0.65934 -0.751844
    outer loop
      vertex 1.6 1.0158 0
      vertex 31.7 1.06066 0.0393406
      vertex 31.7 1.0158 0
    endloop
  endfacet
  facet normal 0 0.65934 -0.751844
    outer loop
      vertex 31.7 1.06066 0.0393406
      vertex 1.6 1.0158 0
      vertex 1.6 1.06066 0.0393406
    endloop
  endfacet
  facet normal -0 0.0653898 0.99786
    outer loop
      vertex 1.6 0.195788 2.58717
      vertex 31.7 0 2.6
      vertex 31.7 0.195788 2.58717
    endloop
  endfacet
  facet normal 0 0.0653898 0.99786
    outer loop
      vertex 31.7 0 2.6
      vertex 1.6 0.195788 2.58717
      vertex 1.6 0 2.6
    endloop
  endfacet
  facet normal 0 -0.65934 -0.751844
    outer loop
      vertex 1.6 -1.06066 0.0393406
      vertex 31.7 -1.0158 0
      vertex 31.7 -1.06066 0.0393406
    endloop
  endfacet
  facet normal -0 -0.65934 -0.751844
    outer loop
      vertex 31.7 -1.0158 0
      vertex 1.6 -1.06066 0.0393406
      vertex 1.6 -1.0158 0
    endloop
  endfacet
  facet normal -0 0.659344 0.751842
    outer loop
      vertex 1.6 1.06066 2.16066
      vertex 31.7 0.913141 2.29003
      vertex 31.7 1.06066 2.16066
    endloop
  endfacet
  facet normal 0 0.659344 0.751842
    outer loop
      vertex 31.7 0.913141 2.29003
      vertex 1.6 1.06066 2.16066
      vertex 1.6 0.913141 2.29003
    endloop
  endfacet
  facet normal 0 0.946926 0.321452
    outer loop
      vertex 31.7 1.44889 1.48823
      vertex 1.6 1.38582 1.67402
      vertex 31.7 1.38582 1.67402
    endloop
  endfacet
  facet normal 0 0.946926 0.321452
    outer loop
      vertex 1.6 1.38582 1.67402
      vertex 31.7 1.44889 1.48823
      vertex 1.6 1.44889 1.48823
    endloop
  endfacet
  facet normal 0 0.751844 0.659341
    outer loop
      vertex 31.7 1.19003 2.01314
      vertex 1.6 1.06066 2.16066
      vertex 31.7 1.06066 2.16066
    endloop
  endfacet
  facet normal 0 0.751844 0.659341
    outer loop
      vertex 1.6 1.06066 2.16066
      vertex 31.7 1.19003 2.01314
      vertex 1.6 1.19003 2.01314
    endloop
  endfacet
  facet normal 0 -0.99786 -0.0653898
    outer loop
      vertex 1.6 -1.48717 0.904212
      vertex 31.7 -1.5 1.1
      vertex 1.6 -1.5 1.1
    endloop
  endfacet
  facet normal 0 -0.99786 -0.0653898
    outer loop
      vertex 31.7 -1.5 1.1
      vertex 1.6 -1.48717 0.904212
      vertex 31.7 -1.48717 0.904212
    endloop
  endfacet
  facet normal 0 -0.896876 -0.442281
    outer loop
      vertex 1.6 -1.29904 0.35
      vertex 31.7 -1.38582 0.525976
      vertex 1.6 -1.38582 0.525976
    endloop
  endfacet
  facet normal 0 -0.896876 -0.442281
    outer loop
      vertex 31.7 -1.38582 0.525976
      vertex 1.6 -1.29904 0.35
      vertex 31.7 -1.29904 0.35
    endloop
  endfacet
  facet normal 0 -0.0653898 0.99786
    outer loop
      vertex 1.6 0 2.6
      vertex 31.7 -0.195788 2.58717
      vertex 31.7 0 2.6
    endloop
  endfacet
  facet normal 0 -0.0653898 0.99786
    outer loop
      vertex 31.7 -0.195788 2.58717
      vertex 1.6 0 2.6
      vertex 1.6 -0.195788 2.58717
    endloop
  endfacet
  facet normal 0 -0.321443 0.946929
    outer loop
      vertex 1.6 -0.388228 2.54889
      vertex 31.7 -0.574024 2.48582
      vertex 31.7 -0.388228 2.54889
    endloop
  endfacet
  facet normal 0 -0.321443 0.946929
    outer loop
      vertex 31.7 -0.574024 2.48582
      vertex 1.6 -0.388228 2.54889
      vertex 1.6 -0.574024 2.48582
    endloop
  endfacet
  facet normal 0 0.831463 -0.55558
    outer loop
      vertex 31.7 1.19003 0.186859
      vertex 1.6 1.29904 0.35
      vertex 31.7 1.29904 0.35
    endloop
  endfacet
  facet normal 0 0.831463 -0.55558
    outer loop
      vertex 1.6 1.29904 0.35
      vertex 31.7 1.19003 0.186859
      vertex 1.6 1.19003 0.186859
    endloop
  endfacet
  facet normal 0 -0.980784 -0.195097
    outer loop
      vertex 1.6 -1.44889 0.711772
      vertex 31.7 -1.48717 0.904212
      vertex 1.6 -1.48717 0.904212
    endloop
  endfacet
  facet normal 0 -0.980784 -0.195097
    outer loop
      vertex 31.7 -1.48717 0.904212
      vertex 1.6 -1.44889 0.711772
      vertex 31.7 -1.44889 0.711772
    endloop
  endfacet
  facet normal 0 0.896876 -0.442281
    outer loop
      vertex 31.7 1.29904 0.35
      vertex 1.6 1.38582 0.525976
      vertex 31.7 1.38582 0.525976
    endloop
  endfacet
  facet normal 0 0.896876 -0.442281
    outer loop
      vertex 1.6 1.38582 0.525976
      vertex 31.7 1.29904 0.35
      vertex 1.6 1.29904 0.35
    endloop
  endfacet
  facet normal 0 0.99786 -0.0653898
    outer loop
      vertex 31.7 1.48717 0.904212
      vertex 1.6 1.5 1.1
      vertex 31.7 1.5 1.1
    endloop
  endfacet
  facet normal 0 0.99786 -0.0653898
    outer loop
      vertex 1.6 1.5 1.1
      vertex 31.7 1.48717 0.904212
      vertex 1.6 1.48717 0.904212
    endloop
  endfacet
  facet normal 0 0.89688 0.442273
    outer loop
      vertex 31.7 1.38582 1.67402
      vertex 1.6 1.29904 1.85
      vertex 31.7 1.29904 1.85
    endloop
  endfacet
  facet normal 0 0.89688 0.442273
    outer loop
      vertex 1.6 1.29904 1.85
      vertex 31.7 1.38582 1.67402
      vertex 1.6 1.38582 1.67402
    endloop
  endfacet
  facet normal 0 0.99786 0.0653892
    outer loop
      vertex 31.7 1.5 1.1
      vertex 1.6 1.48717 1.29579
      vertex 31.7 1.48717 1.29579
    endloop
  endfacet
  facet normal 0 0.99786 0.0653892
    outer loop
      vertex 1.6 1.48717 1.29579
      vertex 31.7 1.5 1.1
      vertex 1.6 1.5 1.1
    endloop
  endfacet
  facet normal 0 0.831462 0.555582
    outer loop
      vertex 31.7 1.29904 1.85
      vertex 1.6 1.19003 2.01314
      vertex 31.7 1.19003 2.01314
    endloop
  endfacet
  facet normal 0 0.831462 0.555582
    outer loop
      vertex 1.6 1.19003 2.01314
      vertex 31.7 1.29904 1.85
      vertex 1.6 1.29904 1.85
    endloop
  endfacet
  facet normal -1 0 0
    outer loop
      vertex 1.6 1.48717 0.904212
      vertex 1.6 1.48717 1.29579
      vertex 1.6 1.5 1.1
    endloop
  endfacet
  facet normal -1 0 0
    outer loop
      vertex 1.6 1.44889 0.711772
      vertex 1.6 1.48717 1.29579
      vertex 1.6 1.48717 0.904212
    endloop
  endfacet
  facet normal -1 0 0
    outer loop
      vertex 1.6 1.44889 0.711772
      vertex 1.6 1.44889 1.48823
      vertex 1.6 1.48717 1.29579
    endloop
  endfacet
  facet normal -1 0 0
    outer loop
      vertex 1.6 1.38582 0.525976
      vertex 1.6 1.44889 1.48823
      vertex 1.6 1.44889 0.711772
    endloop
  endfacet
  facet normal -1 0 0
    outer loop
      vertex 1.6 1.38582 0.525976
      vertex 1.6 1.38582 1.67402
      vertex 1.6 1.44889 1.48823
    endloop
  endfacet
  facet normal -1 0 0
    outer loop
      vertex 1.6 1.29904 0.35
      vertex 1.6 1.38582 1.67402
      vertex 1.6 1.38582 0.525976
    endloop
  endfacet
  facet normal -1 0 0
    outer loop
      vertex 1.6 1.29904 0.35
      vertex 1.6 1.29904 1.85
      vertex 1.6 1.38582 1.67402
    endloop
  endfacet
  facet normal -1 0 0
    outer loop
      vertex 1.6 1.19003 0.186859
      vertex 1.6 1.29904 1.85
      vertex 1.6 1.29904 0.35
    endloop
  endfacet
  facet normal -1 0 0
    outer loop
      vertex 1.6 1.19003 0.186859
      vertex 1.6 1.19003 2.01314
      vertex 1.6 1.29904 1.85
    endloop
  endfacet
  facet normal -1 0 0
    outer loop
      vertex 1.6 1.0158 0
      vertex 1.6 1.19003 0.186859
      vertex 1.6 1.06066 0.0393406
    endloop
  endfacet
  facet normal -1 -0 0
    outer loop
      vertex 1.6 1.19003 0.186859
      vertex 1.6 1.0158 0
      vertex 1.6 1.19003 2.01314
    endloop
  endfacet
  facet normal -1 -0 0
    outer loop
      vertex 1.6 1.19003 2.01314
      vertex 1.6 1.0158 0
      vertex 1.6 1.06066 2.16066
    endloop
  endfacet
  facet normal -1 0 0
    outer loop
      vertex 1.6 1.0158 0
      vertex 1.6 0.913141 2.29003
      vertex 1.6 1.06066 2.16066
    endloop
  endfacet
  facet normal -1 0 0
    outer loop
      vertex 1.6 1.0158 0
      vertex 1.6 0.75 2.39904
      vertex 1.6 0.913141 2.29003
    endloop
  endfacet
  facet normal -1 0 0
    outer loop
      vertex 1.6 1.0158 0
      vertex 1.6 0.574024 2.48582
      vertex 1.6 0.75 2.39904
    endloop
  endfacet
  facet normal -1 0 0
    outer loop
      vertex 1.6 1.0158 0
      vertex 1.6 0.388228 2.54889
      vertex 1.6 0.574024 2.48582
    endloop
  endfacet
  facet normal -1 0 0
    outer loop
      vertex 1.6 1.0158 0
      vertex 1.6 0.195788 2.58717
      vertex 1.6 0.388228 2.54889
    endloop
  endfacet
  facet normal -1 0 0
    outer loop
      vertex 1.6 1.0158 0
      vertex 1.6 0 2.6
      vertex 1.6 0.195788 2.58717
    endloop
  endfacet
  facet normal -1 0 0
    outer loop
      vertex 1.6 1.0158 0
      vertex 1.6 -0.195788 2.58717
      vertex 1.6 0 2.6
    endloop
  endfacet
  facet normal -1 0 0
    outer loop
      vertex 1.6 1.0158 0
      vertex 1.6 -0.388228 2.54889
      vertex 1.6 -0.195788 2.58717
    endloop
  endfacet
  facet normal -1 0 0
    outer loop
      vertex 1.6 1.0158 0
      vertex 1.6 -0.574024 2.48582
      vertex 1.6 -0.388228 2.54889
    endloop
  endfacet
  facet normal -1 0 0
    outer loop
      vertex 1.6 1.0158 0
      vertex 1.6 -0.75 2.39904
      vertex 1.6 -0.574024 2.48582
    endloop
  endfacet
  facet normal -1 0 0
    outer loop
      vertex 1.6 1.0158 0
      vertex 1.6 -0.913141 2.29003
      vertex 1.6 -0.75 2.39904
    endloop
  endfacet
  facet normal -1 0 0
    outer loop
      vertex 1.6 -1.0158 0
      vertex 1.6 -0.913141 2.29003
      vertex 1.6 1.0158 0
    endloop
  endfacet
  facet normal -1 0 0
    outer loop
      vertex 1.6 -1.19003 0.186859
      vertex 1.6 -1.0158 0
      vertex 1.6 -1.06066 0.0393406
    endloop
  endfacet
  facet normal -1 0 0
    outer loop
      vertex 1.6 -1.0158 0
      vertex 1.6 -1.06066 2.16066
      vertex 1.6 -0.913141 2.29003
    endloop
  endfacet
  facet normal -1 0 0
    outer loop
      vertex 1.6 -1.0158 0
      vertex 1.6 -1.19003 0.186859
      vertex 1.6 -1.06066 2.16066
    endloop
  endfacet
  facet normal -1 0 0
    outer loop
      vertex 1.6 -1.19003 0.186859
      vertex 1.6 -1.19003 2.01314
      vertex 1.6 -1.06066 2.16066
    endloop
  endfacet
  facet normal -1 0 0
    outer loop
      vertex 1.6 -1.29904 0.35
      vertex 1.6 -1.19003 2.01314
      vertex 1.6 -1.19003 0.186859
    endloop
  endfacet
  facet normal -1 0 0
    outer loop
      vertex 1.6 -1.29904 0.35
      vertex 1.6 -1.29904 1.85
      vertex 1.6 -1.19003 2.01314
    endloop
  endfacet
  facet normal -1 0 0
    outer loop
      vertex 1.6 -1.38582 0.525976
      vertex 1.6 -1.29904 1.85
      vertex 1.6 -1.29904 0.35
    endloop
  endfacet
  facet normal -1 0 0
    outer loop
      vertex 1.6 -1.38582 0.525976
      vertex 1.6 -1.38582 1.67402
      vertex 1.6 -1.29904 1.85
    endloop
  endfacet
  facet normal -1 0 0
    outer loop
      vertex 1.6 -1.44889 0.711772
      vertex 1.6 -1.38582 1.67402
      vertex 1.6 -1.38582 0.525976
    endloop
  endfacet
  facet normal -1 0 0
    outer loop
      vertex 1.6 -1.44889 0.711772
      vertex 1.6 -1.44889 1.48823
      vertex 1.6 -1.38582 1.67402
    endloop
  endfacet
  facet normal -1 0 0
    outer loop
      vertex 1.6 -1.48717 0.904212
      vertex 1.6 -1.44889 1.48823
      vertex 1.6 -1.44889 0.711772
    endloop
  endfacet
  facet normal -1 0 0
    outer loop
      vertex 1.6 -1.48717 0.904212
      vertex 1.6 -1.48717 1.29579
      vertex 1.6 -1.44889 1.48823
    endloop
  endfacet
  facet normal -1 0 -0
    outer loop
      vertex 1.6 -1.48717 1.29579
      vertex 1.6 -1.48717 0.904212
      vertex 1.6 -1.5 1.1
    endloop
  endfacet
  facet normal 0 -0.89688 0.442273
    outer loop
      vertex 1.6 -1.38582 1.67402
      vertex 31.7 -1.29904 1.85
      vertex 1.6 -1.29904 1.85
    endloop
  endfacet
  facet normal 0 -0.89688 0.442273
    outer loop
      vertex 31.7 -1.29904 1.85
      vertex 1.6 -1.38582 1.67402
      vertex 31.7 -1.38582 1.67402
    endloop
  endfacet
  facet normal 0 -0.980784 0.195097
    outer loop
      vertex 1.6 -1.48717 1.29579
      vertex 31.7 -1.44889 1.48823
      vertex 1.6 -1.44889 1.48823
    endloop
  endfacet
  facet normal 0 -0.980784 0.195097
    outer loop
      vertex 31.7 -1.44889 1.48823
      vertex 1.6 -1.48717 1.29579
      vertex 31.7 -1.48717 1.29579
    endloop
  endfacet
  facet normal -0 0.195097 0.980784
    outer loop
      vertex 1.6 0.388228 2.54889
      vertex 31.7 0.195788 2.58717
      vertex 31.7 0.388228 2.54889
    endloop
  endfacet
  facet normal 0 0.195097 0.980784
    outer loop
      vertex 31.7 0.195788 2.58717
      vertex 1.6 0.388228 2.54889
      vertex 1.6 0.195788 2.58717
    endloop
  endfacet
  facet normal 0 -0.751844 0.659341
    outer loop
      vertex 1.6 -1.19003 2.01314
      vertex 31.7 -1.06066 2.16066
      vertex 1.6 -1.06066 2.16066
    endloop
  endfacet
  facet normal 0 -0.751844 0.659341
    outer loop
      vertex 31.7 -1.06066 2.16066
      vertex 1.6 -1.19003 2.01314
      vertex 31.7 -1.19003 2.01314
    endloop
  endfacet
  facet normal 0 -0.442281 0.896876
    outer loop
      vertex 1.6 -0.574024 2.48582
      vertex 31.7 -0.75 2.39904
      vertex 31.7 -0.574024 2.48582
    endloop
  endfacet
  facet normal 0 -0.442281 0.896876
    outer loop
      vertex 31.7 -0.75 2.39904
      vertex 1.6 -0.574024 2.48582
      vertex 1.6 -0.75 2.39904
    endloop
  endfacet
  facet normal 0 -0.55558 0.831463
    outer loop
      vertex 1.6 -0.75 2.39904
      vertex 31.7 -0.913141 2.29003
      vertex 31.7 -0.75 2.39904
    endloop
  endfacet
  facet normal 0 -0.55558 0.831463
    outer loop
      vertex 31.7 -0.913141 2.29003
      vertex 1.6 -0.75 2.39904
      vertex 1.6 -0.913141 2.29003
    endloop
  endfacet
  facet normal 0 0.980784 -0.195097
    outer loop
      vertex 31.7 1.44889 0.711772
      vertex 1.6 1.48717 0.904212
      vertex 31.7 1.48717 0.904212
    endloop
  endfacet
  facet normal 0 0.980784 -0.195097
    outer loop
      vertex 1.6 1.48717 0.904212
      vertex 31.7 1.44889 0.711772
      vertex 1.6 1.44889 0.711772
    endloop
  endfacet
  facet normal 0 0.946929 -0.321443
    outer loop
      vertex 31.7 1.38582 0.525976
      vertex 1.6 1.44889 0.711772
      vertex 31.7 1.44889 0.711772
    endloop
  endfacet
  facet normal 0 0.946929 -0.321443
    outer loop
      vertex 1.6 1.44889 0.711772
      vertex 31.7 1.38582 0.525976
      vertex 1.6 1.38582 0.525976
    endloop
  endfacet
  facet normal 0 0.75184 -0.659345
    outer loop
      vertex 31.7 1.06066 0.0393406
      vertex 1.6 1.19003 0.186859
      vertex 31.7 1.19003 0.186859
    endloop
  endfacet
  facet normal 0 0.75184 -0.659345
    outer loop
      vertex 1.6 1.19003 0.186859
      vertex 31.7 1.06066 0.0393406
      vertex 1.6 1.06066 0.0393406
    endloop
  endfacet
  facet normal -0 0.55558 0.831463
    outer loop
      vertex 1.6 0.913141 2.29003
      vertex 31.7 0.75 2.39904
      vertex 31.7 0.913141 2.29003
    endloop
  endfacet
  facet normal 0 0.55558 0.831463
    outer loop
      vertex 31.7 0.75 2.39904
      vertex 1.6 0.913141 2.29003
      vertex 1.6 0.75 2.39904
    endloop
  endfacet
  facet normal -0 0.321443 0.946929
    outer loop
      vertex 1.6 0.574024 2.48582
      vertex 31.7 0.388228 2.54889
      vertex 31.7 0.574024 2.48582
    endloop
  endfacet
  facet normal 0 0.321443 0.946929
    outer loop
      vertex 31.7 0.388228 2.54889
      vertex 1.6 0.574024 2.48582
      vertex 1.6 0.388228 2.54889
    endloop
  endfacet
  facet normal 0 -0.659344 0.751842
    outer loop
      vertex 1.6 -0.913141 2.29003
      vertex 31.7 -1.06066 2.16066
      vertex 31.7 -0.913141 2.29003
    endloop
  endfacet
  facet normal 0 -0.659344 0.751842
    outer loop
      vertex 31.7 -1.06066 2.16066
      vertex 1.6 -0.913141 2.29003
      vertex 1.6 -1.06066 2.16066
    endloop
  endfacet
  facet normal 0 0.980784 0.195097
    outer loop
      vertex 31.7 1.48717 1.29579
      vertex 1.6 1.44889 1.48823
      vertex 31.7 1.44889 1.48823
    endloop
  endfacet
  facet normal 0 0.980784 0.195097
    outer loop
      vertex 1.6 1.44889 1.48823
      vertex 31.7 1.48717 1.29579
      vertex 1.6 1.48717 1.29579
    endloop
  endfacet
  facet normal 0 -0.831462 0.555582
    outer loop
      vertex 1.6 -1.29904 1.85
      vertex 31.7 -1.19003 2.01314
      vertex 1.6 -1.19003 2.01314
    endloop
  endfacet
  facet normal 0 -0.831462 0.555582
    outer loop
      vertex 31.7 -1.19003 2.01314
      vertex 1.6 -1.29904 1.85
      vertex 31.7 -1.29904 1.85
    endloop
  endfacet
  facet normal 0 -0.75184 -0.659345
    outer loop
      vertex 1.6 -1.06066 0.0393406
      vertex 31.7 -1.19003 0.186859
      vertex 1.6 -1.19003 0.186859
    endloop
  endfacet
  facet normal 0 -0.75184 -0.659345
    outer loop
      vertex 31.7 -1.19003 0.186859
      vertex 1.6 -1.06066 0.0393406
      vertex 31.7 -1.06066 0.0393406
    endloop
  endfacet
  facet normal 0 -0.831463 -0.55558
    outer loop
      vertex 1.6 -1.19003 0.186859
      vertex 31.7 -1.29904 0.35
      vertex 1.6 -1.29904 0.35
    endloop
  endfacet
  facet normal 0 -0.831463 -0.55558
    outer loop
      vertex 31.7 -1.29904 0.35
      vertex 1.6 -1.19003 0.186859
      vertex 31.7 -1.19003 0.186859
    endloop
  endfacet
  facet normal 0 -0.99786 0.0653892
    outer loop
      vertex 1.6 -1.5 1.1
      vertex 31.7 -1.48717 1.29579
      vertex 1.6 -1.48717 1.29579
    endloop
  endfacet
  facet normal 0 -0.99786 0.0653892
    outer loop
      vertex 31.7 -1.48717 1.29579
      vertex 1.6 -1.5 1.1
      vertex 31.7 -1.5 1.1
    endloop
  endfacet
  facet normal 0.706348 -0.227538 0.670297
    outer loop
      vertex 31.7 -0.388228 2.54889
      vertex 31.7 -0.574024 2.48582
      vertex 32.1 -0.2847 2.16252
    endloop
  endfacet
  facet normal 0.706347 0.588563 0.393277
    outer loop
      vertex 31.7 1.29904 1.85
      vertex 31.7 1.19003 2.01314
      vertex 32.1 0.872688 1.76964
    endloop
  endfacet
  facet normal 0.706159 0.0463099 -0.706538
    outer loop
      vertex 32.1 0 5.72205e-07
      vertex 32.0908 0.140278 0
      vertex 32.1 0.143579 0.00941143
    endloop
  endfacet
  facet normal 0.997856 0.0654435 0
    outer loop
      vertex 32.0908 0.140278 0
      vertex 32.1 0 5.72205e-07
      vertex 32.1 0 0
    endloop
  endfacet
  facet normal 0.706085 0.0466576 -0.706588
    outer loop
      vertex 32.0908 0.140278 0
      vertex 32.0905 0.144818 0
      vertex 32.1 0.143579 0.00941143
    endloop
  endfacet
  facet normal 0.706349 0.0462933 0.706349
    outer loop
      vertex 32.1 0.143579 2.19059
      vertex 31.7 0 2.6
      vertex 32.1 0 2.2
    endloop
  endfacet
  facet normal 0.706347 0.227532 0.670301
    outer loop
      vertex 32.1 0.420951 2.11627
      vertex 31.7 0.574024 2.48582
      vertex 32.1 0.2847 2.16252
    endloop
  endfacet
  facet normal 0.70629 -0.393299 -0.588617
    outer loop
      vertex 32.1 -0.669637 0.227312
      vertex 31.9298 -0.635085 0
      vertex 32.1 -0.549999 0.147373
    endloop
  endfacet
  facet normal 0.706288 -0.393305 -0.588617
    outer loop
      vertex 31.9298 -0.635085 0
      vertex 32.1 -0.669637 0.227312
      vertex 31.8867 -0.712483 0
    endloop
  endfacet
  facet normal 0.706347 -0.313076 0.634868
    outer loop
      vertex 31.7 -0.574024 2.48582
      vertex 31.7 -0.75 2.39904
      vertex 32.1 -0.420951 2.11627
    endloop
  endfacet
  facet normal 0.706347 0.466725 0.532205
    outer loop
      vertex 32.1 0.777817 1.87782
      vertex 31.7 1.06066 2.16066
      vertex 32.1 0.669637 1.97269
    endloop
  endfacet
  facet normal 0.706349 -0.588563 -0.393275
    outer loop
      vertex 32.1 -0.872688 0.430363
      vertex 31.7 -1.29904 0.35
      vertex 31.7 -1.19003 0.186859
    endloop
  endfacet
  facet normal 0.70635 0.046287 0.706348
    outer loop
      vertex 31.7 0.195788 2.58717
      vertex 31.7 0 2.6
      vertex 32.1 0.143579 2.19059
    endloop
  endfacet
  facet normal 0.706351 -0.58857 0.393261
    outer loop
      vertex 32.1 -0.872688 1.76964
      vertex 31.7 -1.29904 1.85
      vertex 32.1 -0.952627 1.65
    endloop
  endfacet
  facet normal 0.706391 0.138191 -0.694201
    outer loop
      vertex 32.0647 0.276853 0
      vertex 32.0612 0.294744 0
      vertex 32.1 0.2847 0.0374819
    endloop
  endfacet
  facet normal 0.706348 0.393275 0.588564
    outer loop
      vertex 31.7 0.913141 2.29003
      vertex 31.7 0.75 2.39904
      vertex 32.1 0.669637 1.97269
    endloop
  endfacet
  facet normal 0.706348 0.227538 0.670297
    outer loop
      vertex 31.7 0.574024 2.48582
      vertex 31.7 0.388228 2.54889
      vertex 32.1 0.2847 2.16252
    endloop
  endfacet
  facet normal 0.706349 0.532201 -0.466727
    outer loop
      vertex 32.1 0.872688 0.430363
      vertex 31.7 1.06066 0.0393406
      vertex 31.7 1.19003 0.186859
    endloop
  endfacet
  facet normal 0.706352 -0.634854 -0.313093
    outer loop
      vertex 32.1 -1.01627 0.679049
      vertex 31.7 -1.29904 0.35
      vertex 32.1 -0.952627 0.550001
    endloop
  endfacet
  facet normal 0.706347 0.634868 -0.313076
    outer loop
      vertex 32.1 1.01627 0.679049
      vertex 31.7 1.29904 0.35
      vertex 31.7 1.38582 0.525976
    endloop
  endfacet
  facet normal 0.706349 0.39327 0.588566
    outer loop
      vertex 32.1 0.669637 1.97269
      vertex 31.7 0.75 2.39904
      vertex 32.1 0.549999 2.05263
    endloop
  endfacet
  facet normal 0.706346 0.532205 0.466725
    outer loop
      vertex 31.7 1.19003 2.01314
      vertex 31.7 1.06066 2.16066
      vertex 32.1 0.872688 1.76964
    endloop
  endfacet
  facet normal 0.706347 -0.532202 0.466727
    outer loop
      vertex 32.1 -0.777817 1.87782
      vertex 31.7 -1.06066 2.16066
      vertex 32.1 -0.872688 1.76964
    endloop
  endfacet
  facet normal 0.706349 -0.694262 -0.138102
    outer loop
      vertex 32.1 -1.06252 0.8153
      vertex 31.7 -1.48717 0.904212
      vertex 31.7 -1.44889 0.711772
    endloop
  endfacet
  facet normal 0.706466 0.227277 -0.670262
    outer loop
      vertex 32.1 0.420951 0.0837332
      vertex 32.0536 0.318243 0
      vertex 32.0094 0.455634 0
    endloop
  endfacet
  facet normal 0.706151 0.2276 -0.670484
    outer loop
      vertex 32.0536 0.318243 0
      vertex 32.1 0.420951 0.0837332
      vertex 32.1 0.2847 0.0374819
    endloop
  endfacet
  facet normal 0.706349 0.670295 0.227544
    outer loop
      vertex 31.7 1.44889 1.48823
      vertex 31.7 1.38582 1.67402
      vertex 32.1 1.06252 1.3847
    endloop
  endfacet
  facet normal 0.706349 -0.313082 0.634863
    outer loop
      vertex 32.1 -0.420951 2.11627
      vertex 31.7 -0.75 2.39904
      vertex 32.1 -0.549999 2.05263
    endloop
  endfacet
  facet normal 0.706151 -0.2276 -0.670484
    outer loop
      vertex 32.1 -0.420951 0.0837332
      vertex 32.0536 -0.318243 0
      vertex 32.1 -0.2847 0.0374819
    endloop
  endfacet
  facet normal 0.706466 -0.227277 -0.670262
    outer loop
      vertex 32.0536 -0.318243 0
      vertex 32.1 -0.420951 0.0837332
      vertex 32.0094 -0.455634 0
    endloop
  endfacet
  facet normal 0.706347 -0.227532 0.670301
    outer loop
      vertex 32.1 -0.2847 2.16252
      vertex 31.7 -0.574024 2.48582
      vertex 32.1 -0.420951 2.11627
    endloop
  endfacet
  facet normal 0.706475 -0.312968 -0.634778
    outer loop
      vertex 32.1 -0.420951 0.0837332
      vertex 31.9816 -0.518388 0
      vertex 32.0094 -0.455634 0
    endloop
  endfacet
  facet normal 0.706347 -0.670301 -0.227532
    outer loop
      vertex 32.1 -1.06252 0.8153
      vertex 31.7 -1.38582 0.525976
      vertex 32.1 -1.01627 0.679049
    endloop
  endfacet
  facet normal 0.70635 -0.706348 0.0462865
    outer loop
      vertex 31.7 -1.48717 1.29579
      vertex 31.7 -1.5 1.1
      vertex 32.1 -1.09059 1.24358
    endloop
  endfacet
  facet normal 0.70637 -0.466788 -0.532118
    outer loop
      vertex 31.7 -1.06066 0.0393406
      vertex 31.8135 -0.844059 0
      vertex 32.1 -0.669637 0.227312
    endloop
  endfacet
  facet normal 0.706282 -0.466767 -0.532253
    outer loop
      vertex 31.8135 -0.844059 0
      vertex 31.7 -1.06066 0.0393406
      vertex 31.7 -1.0158 0
    endloop
  endfacet
  facet normal 0.706349 0.466726 -0.532201
    outer loop
      vertex 32.1 0.669637 0.227312
      vertex 31.7 1.06066 0.0393406
      vertex 32.1 0.777817 0.322183
    endloop
  endfacet
  facet normal 0.706349 -0.706349 0.0462929
    outer loop
      vertex 32.1 -1.09059 1.24358
      vertex 31.7 -1.5 1.1
      vertex 32.1 -1.1 1.1
    endloop
  endfacet
  facet normal 0.70635 -0.138094 0.694262
    outer loop
      vertex 32.1 -0.143579 2.19059
      vertex 31.7 -0.195788 2.58717
      vertex 32.1 -0.2847 2.16252
    endloop
  endfacet
  facet normal 0.70635 -0.706348 -0.046287
    outer loop
      vertex 32.1 -1.09059 0.956421
      vertex 31.7 -1.5 1.1
      vertex 31.7 -1.48717 0.904212
    endloop
  endfacet
  facet normal 0.706347 -0.588563 0.393277
    outer loop
      vertex 31.7 -1.19003 2.01314
      vertex 31.7 -1.29904 1.85
      vertex 32.1 -0.872688 1.76964
    endloop
  endfacet
  facet normal 0.706356 -0.228448 -0.669979
    outer loop
      vertex 32.1 -0.2847 0.0374819
      vertex 32.0536 -0.318243 0
      vertex 32.0612 -0.294744 0
    endloop
  endfacet
  facet normal 0.706351 0.588567 -0.393265
    outer loop
      vertex 32.1 0.872688 0.430363
      vertex 31.7 1.29904 0.35
      vertex 32.1 0.952627 0.550001
    endloop
  endfacet
  facet normal 0.706362 -0.392972 -0.588749
    outer loop
      vertex 32.1 -0.669637 0.227312
      vertex 31.8135 -0.844059 0
      vertex 31.8867 -0.712483 0
    endloop
  endfacet
  facet normal 0.706348 -0.393275 0.588564
    outer loop
      vertex 31.7 -0.75 2.39904
      vertex 31.7 -0.913141 2.29003
      vertex 32.1 -0.669637 1.97269
    endloop
  endfacet
  facet normal 0.706362 0.392972 -0.588749
    outer loop
      vertex 31.8867 0.712483 0
      vertex 31.8135 0.844059 0
      vertex 32.1 0.669637 0.227312
    endloop
  endfacet
  facet normal 0.706347 0.532202 0.466727
    outer loop
      vertex 32.1 0.872688 1.76964
      vertex 31.7 1.06066 2.16066
      vertex 32.1 0.777817 1.87782
    endloop
  endfacet
  facet normal 0.706475 0.312968 -0.634778
    outer loop
      vertex 32.0094 0.455634 0
      vertex 31.9816 0.518388 0
      vertex 32.1 0.420951 0.0837332
    endloop
  endfacet
  facet normal 0.706349 0.694262 -0.138102
    outer loop
      vertex 32.1 1.06252 0.8153
      vertex 31.7 1.44889 0.711772
      vertex 31.7 1.48717 0.904212
    endloop
  endfacet
  facet normal 0.706349 -0.466726 -0.532201
    outer loop
      vertex 32.1 -0.777817 0.322183
      vertex 31.7 -1.06066 0.0393406
      vertex 32.1 -0.669637 0.227312
    endloop
  endfacet
  facet normal 0.706413 0.138084 -0.6942
    outer loop
      vertex 32.1 0.143579 0.00941143
      vertex 32.0647 0.276853 0
      vertex 32.1 0.2847 0.0374819
    endloop
  endfacet
  facet normal 0.70608 0.13797 -0.694561
    outer loop
      vertex 32.0647 0.276853 0
      vertex 32.1 0.143579 0.00941143
      vertex 32.0905 0.144818 0
    endloop
  endfacet
  facet normal 0.706349 -0.670295 0.227544
    outer loop
      vertex 31.7 -1.38582 1.67402
      vertex 31.7 -1.44889 1.48823
      vertex 32.1 -1.06252 1.3847
    endloop
  endfacet
  facet normal 0.706489 -0.31302 -0.634738
    outer loop
      vertex 32.1 -0.549999 0.147373
      vertex 31.9816 -0.518388 0
      vertex 32.1 -0.420951 0.0837332
    endloop
  endfacet
  facet normal 0.706305 -0.313518 -0.634697
    outer loop
      vertex 31.9816 -0.518388 0
      vertex 32.1 -0.549999 0.147373
      vertex 31.9298 -0.635085 0
    endloop
  endfacet
  facet normal 0.706391 -0.138191 -0.694201
    outer loop
      vertex 32.1 -0.2847 0.0374819
      vertex 32.0612 -0.294744 0
      vertex 32.0647 -0.276853 0
    endloop
  endfacet
  facet normal 0.706349 0.588563 -0.393275
    outer loop
      vertex 32.1 0.872688 0.430363
      vertex 31.7 1.19003 0.186859
      vertex 31.7 1.29904 0.35
    endloop
  endfacet
  facet normal 0.706351 -0.634857 0.313089
    outer loop
      vertex 32.1 -0.952627 1.65
      vertex 31.7 -1.29904 1.85
      vertex 32.1 -1.01627 1.52095
    endloop
  endfacet
  facet normal 0.706349 -0.706349 -0.0462933
    outer loop
      vertex 32.1 -1.1 1.1
      vertex 31.7 -1.5 1.1
      vertex 32.1 -1.09059 0.956421
    endloop
  endfacet
  facet normal 0.706349 -0.138102 0.694262
    outer loop
      vertex 31.7 -0.195788 2.58717
      vertex 31.7 -0.388228 2.54889
      vertex 32.1 -0.2847 2.16252
    endloop
  endfacet
  facet normal 0.70635 -0.694261 0.138095
    outer loop
      vertex 32.1 -1.06252 1.3847
      vertex 31.7 -1.48717 1.29579
      vertex 32.1 -1.09059 1.24358
    endloop
  endfacet
  facet normal 0.706346 -0.634872 0.313071
    outer loop
      vertex 31.7 -1.29904 1.85
      vertex 31.7 -1.38582 1.67402
      vertex 32.1 -1.01627 1.52095
    endloop
  endfacet
  facet normal 0.706347 -0.634868 -0.313076
    outer loop
      vertex 32.1 -1.01627 0.679049
      vertex 31.7 -1.38582 0.525976
      vertex 31.7 -1.29904 0.35
    endloop
  endfacet
  facet normal 0.706348 -0.670297 -0.227538
    outer loop
      vertex 32.1 -1.06252 0.8153
      vertex 31.7 -1.44889 0.711772
      vertex 31.7 -1.38582 0.525976
    endloop
  endfacet
  facet normal 0.706349 0.694262 0.138102
    outer loop
      vertex 31.7 1.48717 1.29579
      vertex 31.7 1.44889 1.48823
      vertex 32.1 1.06252 1.3847
    endloop
  endfacet
  facet normal 0.706352 0.634854 -0.313093
    outer loop
      vertex 32.1 0.952627 0.550001
      vertex 31.7 1.29904 0.35
      vertex 32.1 1.01627 0.679049
    endloop
  endfacet
  facet normal 0.706085 -0.0466576 -0.706588
    outer loop
      vertex 32.1 -0.143579 0.00941143
      vertex 32.0905 -0.144818 0
      vertex 32.0908 -0.140278 0
    endloop
  endfacet
  facet normal 0.997856 -0.0654435 0
    outer loop
      vertex 32.1 0 5.72205e-07
      vertex 32.0908 -0.140278 0
      vertex 32.1 0 0
    endloop
  endfacet
  facet normal 0.706159 -0.0463099 -0.706538
    outer loop
      vertex 32.0908 -0.140278 0
      vertex 32.1 0 5.72205e-07
      vertex 32.1 -0.143579 0.00941143
    endloop
  endfacet
  facet normal 0.706346 -0.532205 0.466725
    outer loop
      vertex 31.7 -1.06066 2.16066
      vertex 31.7 -1.19003 2.01314
      vertex 32.1 -0.872688 1.76964
    endloop
  endfacet
  facet normal 0.706347 0.313076 0.634868
    outer loop
      vertex 31.7 0.75 2.39904
      vertex 31.7 0.574024 2.48582
      vertex 32.1 0.420951 2.11627
    endloop
  endfacet
  facet normal 0.706282 0.466767 -0.532253
    outer loop
      vertex 31.7 1.06066 0.0393406
      vertex 31.8135 0.844059 0
      vertex 31.7 1.0158 0
    endloop
  endfacet
  facet normal 0.70637 0.466788 -0.532118
    outer loop
      vertex 31.8135 0.844059 0
      vertex 31.7 1.06066 0.0393406
      vertex 32.1 0.669637 0.227312
    endloop
  endfacet
  facet normal 0.706288 0.393305 -0.588617
    outer loop
      vertex 32.1 0.669637 0.227312
      vertex 31.9298 0.635085 0
      vertex 31.8867 0.712483 0
    endloop
  endfacet
  facet normal 0.70629 0.393299 -0.588617
    outer loop
      vertex 31.9298 0.635085 0
      vertex 32.1 0.669637 0.227312
      vertex 32.1 0.549999 0.147373
    endloop
  endfacet
  facet normal 0.706349 -0.39327 0.588566
    outer loop
      vertex 32.1 -0.549999 2.05263
      vertex 31.7 -0.75 2.39904
      vertex 32.1 -0.669637 1.97269
    endloop
  endfacet
  facet normal 0.706346 0.634872 0.313071
    outer loop
      vertex 31.7 1.38582 1.67402
      vertex 31.7 1.29904 1.85
      vertex 32.1 1.01627 1.52095
    endloop
  endfacet
  facet normal 0.706356 0.228448 -0.669979
    outer loop
      vertex 32.0612 0.294744 0
      vertex 32.0536 0.318243 0
      vertex 32.1 0.2847 0.0374819
    endloop
  endfacet
  facet normal 0.706349 -0.694262 0.138102
    outer loop
      vertex 31.7 -1.44889 1.48823
      vertex 31.7 -1.48717 1.29579
      vertex 32.1 -1.06252 1.3847
    endloop
  endfacet
  facet normal 0.706347 0.466727 0.532203
    outer loop
      vertex 31.7 1.06066 2.16066
      vertex 31.7 0.913141 2.29003
      vertex 32.1 0.669637 1.97269
    endloop
  endfacet
  facet normal 0.706347 -0.466725 0.532205
    outer loop
      vertex 32.1 -0.669637 1.97269
      vertex 31.7 -1.06066 2.16066
      vertex 32.1 -0.777817 1.87782
    endloop
  endfacet
  facet normal 0.706346 0.670301 0.227533
    outer loop
      vertex 32.1 1.06252 1.3847
      vertex 31.7 1.38582 1.67402
      vertex 32.1 1.01627 1.52095
    endloop
  endfacet
  facet normal 0.706349 0.706349 0.0462929
    outer loop
      vertex 32.1 1.1 1.1
      vertex 31.7 1.5 1.1
      vertex 32.1 1.09059 1.24358
    endloop
  endfacet
  facet normal 0.70635 -0.694262 -0.138094
    outer loop
      vertex 32.1 -1.09059 0.956421
      vertex 31.7 -1.48717 0.904212
      vertex 32.1 -1.06252 0.8153
    endloop
  endfacet
  facet normal 0.706349 -0.0462933 0.706349
    outer loop
      vertex 32.1 0 2.2
      vertex 31.7 0 2.6
      vertex 32.1 -0.143579 2.19059
    endloop
  endfacet
  facet normal 0.70635 -0.046287 0.706348
    outer loop
      vertex 31.7 0 2.6
      vertex 31.7 -0.195788 2.58717
      vertex 32.1 -0.143579 2.19059
    endloop
  endfacet
  facet normal 0.70635 0.706348 -0.046287
    outer loop
      vertex 32.1 1.09059 0.956421
      vertex 31.7 1.48717 0.904212
      vertex 31.7 1.5 1.1
    endloop
  endfacet
  facet normal 0.706349 -0.532201 -0.466726
    outer loop
      vertex 32.1 -0.872688 0.430363
      vertex 31.7 -1.06066 0.0393406
      vertex 32.1 -0.777817 0.322183
    endloop
  endfacet
  facet normal 0.706349 0.706349 -0.0462933
    outer loop
      vertex 32.1 1.09059 0.956421
      vertex 31.7 1.5 1.1
      vertex 32.1 1.1 1.1
    endloop
  endfacet
  facet normal 0.706349 0.313082 0.634863
    outer loop
      vertex 32.1 0.549999 2.05263
      vertex 31.7 0.75 2.39904
      vertex 32.1 0.420951 2.11627
    endloop
  endfacet
  facet normal 0.706305 0.313518 -0.634697
    outer loop
      vertex 32.1 0.549999 0.147373
      vertex 31.9816 0.518388 0
      vertex 31.9298 0.635085 0
    endloop
  endfacet
  facet normal 0.706489 0.31302 -0.634738
    outer loop
      vertex 31.9816 0.518388 0
      vertex 32.1 0.549999 0.147373
      vertex 32.1 0.420951 0.0837332
    endloop
  endfacet
  facet normal 0.70608 -0.13797 -0.694561
    outer loop
      vertex 32.1 -0.143579 0.00941143
      vertex 32.0647 -0.276853 0
      vertex 32.0905 -0.144818 0
    endloop
  endfacet
  facet normal 0.706413 -0.138084 -0.6942
    outer loop
      vertex 32.0647 -0.276853 0
      vertex 32.1 -0.143579 0.00941143
      vertex 32.1 -0.2847 0.0374819
    endloop
  endfacet
  facet normal 0.70635 0.706348 0.0462865
    outer loop
      vertex 31.7 1.5 1.1
      vertex 31.7 1.48717 1.29579
      vertex 32.1 1.09059 1.24358
    endloop
  endfacet
  facet normal 0.706349 -0.532201 -0.466727
    outer loop
      vertex 32.1 -0.872688 0.430363
      vertex 31.7 -1.19003 0.186859
      vertex 31.7 -1.06066 0.0393406
    endloop
  endfacet
  facet normal 0.706349 0.532201 -0.466726
    outer loop
      vertex 32.1 0.777817 0.322183
      vertex 31.7 1.06066 0.0393406
      vertex 32.1 0.872688 0.430363
    endloop
  endfacet
  facet normal 0.70635 0.138094 0.694262
    outer loop
      vertex 32.1 0.2847 2.16252
      vertex 31.7 0.195788 2.58717
      vertex 32.1 0.143579 2.19059
    endloop
  endfacet
  facet normal 0.706351 0.58857 0.393261
    outer loop
      vertex 32.1 0.952627 1.65
      vertex 31.7 1.29904 1.85
      vertex 32.1 0.872688 1.76964
    endloop
  endfacet
  facet normal 0.706347 0.670301 -0.227532
    outer loop
      vertex 32.1 1.01627 0.679049
      vertex 31.7 1.38582 0.525976
      vertex 32.1 1.06252 0.8153
    endloop
  endfacet
  facet normal 0.706351 -0.588567 -0.393265
    outer loop
      vertex 32.1 -0.952627 0.550001
      vertex 31.7 -1.29904 0.35
      vertex 32.1 -0.872688 0.430363
    endloop
  endfacet
  facet normal 0.706349 0.138102 0.694262
    outer loop
      vertex 31.7 0.388228 2.54889
      vertex 31.7 0.195788 2.58717
      vertex 32.1 0.2847 2.16252
    endloop
  endfacet
  facet normal 0.706347 -0.466727 0.532203
    outer loop
      vertex 31.7 -0.913141 2.29003
      vertex 31.7 -1.06066 2.16066
      vertex 32.1 -0.669637 1.97269
    endloop
  endfacet
  facet normal 0.706351 0.634857 0.313089
    outer loop
      vertex 32.1 1.01627 1.52095
      vertex 31.7 1.29904 1.85
      vertex 32.1 0.952627 1.65
    endloop
  endfacet
  facet normal 1 0 0
    outer loop
      vertex 32.1 1.09059 1.24358
      vertex 32.1 1.09059 0.956421
      vertex 32.1 1.1 1.1
    endloop
  endfacet
  facet normal 1 0 0
    outer loop
      vertex 32.1 1.06252 1.3847
      vertex 32.1 1.09059 0.956421
      vertex 32.1 1.09059 1.24358
    endloop
  endfacet
  facet normal 1 0 0
    outer loop
      vertex 32.1 1.06252 1.3847
      vertex 32.1 1.06252 0.8153
      vertex 32.1 1.09059 0.956421
    endloop
  endfacet
  facet normal 1 0 0
    outer loop
      vertex 32.1 1.01627 1.52095
      vertex 32.1 1.06252 0.8153
      vertex 32.1 1.06252 1.3847
    endloop
  endfacet
  facet normal 1 0 0
    outer loop
      vertex 32.1 1.01627 1.52095
      vertex 32.1 1.01627 0.679049
      vertex 32.1 1.06252 0.8153
    endloop
  endfacet
  facet normal 1 0 0
    outer loop
      vertex 32.1 0.952627 1.65
      vertex 32.1 1.01627 0.679049
      vertex 32.1 1.01627 1.52095
    endloop
  endfacet
  facet normal 1 0 0
    outer loop
      vertex 32.1 0.952627 1.65
      vertex 32.1 0.952627 0.550001
      vertex 32.1 1.01627 0.679049
    endloop
  endfacet
  facet normal 1 0 0
    outer loop
      vertex 32.1 0.872688 1.76964
      vertex 32.1 0.952627 0.550001
      vertex 32.1 0.952627 1.65
    endloop
  endfacet
  facet normal 1 0 0
    outer loop
      vertex 32.1 0.872688 1.76964
      vertex 32.1 0.872688 0.430363
      vertex 32.1 0.952627 0.550001
    endloop
  endfacet
  facet normal 1 0 0
    outer loop
      vertex 32.1 0.777817 1.87782
      vertex 32.1 0.872688 0.430363
      vertex 32.1 0.872688 1.76964
    endloop
  endfacet
  facet normal 1 0 0
    outer loop
      vertex 32.1 0.777817 1.87782
      vertex 32.1 0.777817 0.322183
      vertex 32.1 0.872688 0.430363
    endloop
  endfacet
  facet normal 1 0 0
    outer loop
      vertex 32.1 0.669637 1.97269
      vertex 32.1 0.777817 0.322183
      vertex 32.1 0.777817 1.87782
    endloop
  endfacet
  facet normal 1 0 0
    outer loop
      vertex 32.1 0.669637 1.97269
      vertex 32.1 0.669637 0.227312
      vertex 32.1 0.777817 0.322183
    endloop
  endfacet
  facet normal 1 0 0
    outer loop
      vertex 32.1 0.549999 2.05263
      vertex 32.1 0.669637 0.227312
      vertex 32.1 0.669637 1.97269
    endloop
  endfacet
  facet normal 1 0 0
    outer loop
      vertex 32.1 0.549999 2.05263
      vertex 32.1 0.549999 0.147373
      vertex 32.1 0.669637 0.227312
    endloop
  endfacet
  facet normal 1 0 0
    outer loop
      vertex 32.1 0.420951 2.11627
      vertex 32.1 0.549999 0.147373
      vertex 32.1 0.549999 2.05263
    endloop
  endfacet
  facet normal 1 0 0
    outer loop
      vertex 32.1 0.420951 2.11627
      vertex 32.1 0.420951 0.0837332
      vertex 32.1 0.549999 0.147373
    endloop
  endfacet
  facet normal 1 0 0
    outer loop
      vertex 32.1 0.2847 2.16252
      vertex 32.1 0.420951 0.0837332
      vertex 32.1 0.420951 2.11627
    endloop
  endfacet
  facet normal 1 0 0
    outer loop
      vertex 32.1 0.2847 2.16252
      vertex 32.1 0.2847 0.0374819
      vertex 32.1 0.420951 0.0837332
    endloop
  endfacet
  facet normal 1 0 0
    outer loop
      vertex 32.1 0.143579 2.19059
      vertex 32.1 0.2847 0.0374819
      vertex 32.1 0.2847 2.16252
    endloop
  endfacet
  facet normal 1 0 0
    outer loop
      vertex 32.1 0.143579 2.19059
      vertex 32.1 0.143579 0.00941143
      vertex 32.1 0.2847 0.0374819
    endloop
  endfacet
  facet normal 1 0 0
    outer loop
      vertex 32.1 0 2.2
      vertex 32.1 0.143579 0.00941143
      vertex 32.1 0.143579 2.19059
    endloop
  endfacet
  facet normal 1 0 0
    outer loop
      vertex 32.1 0 2.2
      vertex 32.1 0 5.72205e-07
      vertex 32.1 0.143579 0.00941143
    endloop
  endfacet
  facet normal 1 -0 0
    outer loop
      vertex 32.1 -0.143579 2.19059
      vertex 32.1 0 5.72205e-07
      vertex 32.1 0 2.2
    endloop
  endfacet
  facet normal 1 0 0
    outer loop
      vertex 32.1 -0.143579 2.19059
      vertex 32.1 -0.143579 0.00941143
      vertex 32.1 0 5.72205e-07
    endloop
  endfacet
  facet normal 1 -0 0
    outer loop
      vertex 32.1 -0.2847 2.16252
      vertex 32.1 -0.143579 0.00941143
      vertex 32.1 -0.143579 2.19059
    endloop
  endfacet
  facet normal 1 0 0
    outer loop
      vertex 32.1 -0.2847 2.16252
      vertex 32.1 -0.2847 0.0374819
      vertex 32.1 -0.143579 0.00941143
    endloop
  endfacet
  facet normal 1 -0 0
    outer loop
      vertex 32.1 -0.420951 2.11627
      vertex 32.1 -0.2847 0.0374819
      vertex 32.1 -0.2847 2.16252
    endloop
  endfacet
  facet normal 1 0 0
    outer loop
      vertex 32.1 -0.420951 2.11627
      vertex 32.1 -0.420951 0.0837332
      vertex 32.1 -0.2847 0.0374819
    endloop
  endfacet
  facet normal 1 -0 0
    outer loop
      vertex 32.1 -0.549999 2.05263
      vertex 32.1 -0.420951 0.0837332
      vertex 32.1 -0.420951 2.11627
    endloop
  endfacet
  facet normal 1 0 0
    outer loop
      vertex 32.1 -0.549999 2.05263
      vertex 32.1 -0.549999 0.147373
      vertex 32.1 -0.420951 0.0837332
    endloop
  endfacet
  facet normal 1 -0 0
    outer loop
      vertex 32.1 -0.669637 1.97269
      vertex 32.1 -0.549999 0.147373
      vertex 32.1 -0.549999 2.05263
    endloop
  endfacet
  facet normal 1 0 0
    outer loop
      vertex 32.1 -0.669637 1.97269
      vertex 32.1 -0.669637 0.227312
      vertex 32.1 -0.549999 0.147373
    endloop
  endfacet
  facet normal 1 -0 0
    outer loop
      vertex 32.1 -0.777817 1.87782
      vertex 32.1 -0.669637 0.227312
      vertex 32.1 -0.669637 1.97269
    endloop
  endfacet
  facet normal 1 0 0
    outer loop
      vertex 32.1 -0.777817 1.87782
      vertex 32.1 -0.777817 0.322183
      vertex 32.1 -0.669637 0.227312
    endloop
  endfacet
  facet normal 1 -0 0
    outer loop
      vertex 32.1 -0.872688 1.76964
      vertex 32.1 -0.777817 0.322183
      vertex 32.1 -0.777817 1.87782
    endloop
  endfacet
  facet normal 1 0 0
    outer loop
      vertex 32.1 -0.872688 1.76964
      vertex 32.1 -0.872688 0.430363
      vertex 32.1 -0.777817 0.322183
    endloop
  endfacet
  facet normal 1 -0 0
    outer loop
      vertex 32.1 -0.952627 1.65
      vertex 32.1 -0.872688 0.430363
      vertex 32.1 -0.872688 1.76964
    endloop
  endfacet
  facet normal 1 0 0
    outer loop
      vertex 32.1 -0.952627 1.65
      vertex 32.1 -0.952627 0.550001
      vertex 32.1 -0.872688 0.430363
    endloop
  endfacet
  facet normal 1 -0 0
    outer loop
      vertex 32.1 -1.01627 1.52095
      vertex 32.1 -0.952627 0.550001
      vertex 32.1 -0.952627 1.65
    endloop
  endfacet
  facet normal 1 0 0
    outer loop
      vertex 32.1 -1.01627 1.52095
      vertex 32.1 -1.01627 0.679049
      vertex 32.1 -0.952627 0.550001
    endloop
  endfacet
  facet normal 1 -0 0
    outer loop
      vertex 32.1 -1.06252 1.3847
      vertex 32.1 -1.01627 0.679049
      vertex 32.1 -1.01627 1.52095
    endloop
  endfacet
  facet normal 1 0 0
    outer loop
      vertex 32.1 -1.06252 1.3847
      vertex 32.1 -1.06252 0.8153
      vertex 32.1 -1.01627 0.679049
    endloop
  endfacet
  facet normal 1 -0 0
    outer loop
      vertex 32.1 -1.09059 1.24358
      vertex 32.1 -1.06252 0.8153
      vertex 32.1 -1.06252 1.3847
    endloop
  endfacet
  facet normal 1 0 0
    outer loop
      vertex 32.1 -1.09059 1.24358
      vertex 32.1 -1.09059 0.956421
      vertex 32.1 -1.06252 0.8153
    endloop
  endfacet
  facet normal 1 0 -0
    outer loop
      vertex 32.1 -1.09059 0.956421
      vertex 32.1 -1.09059 1.24358
      vertex 32.1 -1.1 1.1
    endloop
  endfacet
  facet normal 0.706348 0.670297 -0.227538
    outer loop
      vertex 32.1 1.06252 0.8153
      vertex 31.7 1.38582 0.525976
      vertex 31.7 1.44889 0.711772
    endloop
  endfacet
  facet normal 0.70635 0.694262 -0.138094
    outer loop
      vertex 32.1 1.06252 0.8153
      vertex 31.7 1.48717 0.904212
      vertex 32.1 1.09059 0.956421
    endloop
  endfacet
  facet normal 0.70635 0.694261 0.138095
    outer loop
      vertex 32.1 1.09059 1.24358
      vertex 31.7 1.48717 1.29579
      vertex 32.1 1.06252 1.3847
    endloop
  endfacet
  facet normal 0.706346 -0.670301 0.227533
    outer loop
      vertex 32.1 -1.01627 1.52095
      vertex 31.7 -1.38582 1.67402
      vertex 32.1 -1.06252 1.3847
    endloop
  endfacet
  facet normal 0 -0.659341 0.751844
    outer loop
      vertex 0 -1.82628 3.48006
      vertex 1.6 -2.12132 3.22132
      vertex 1.6 -1.82628 3.48006
    endloop
  endfacet
  facet normal 0 -0.659341 0.751844
    outer loop
      vertex 1.6 -2.12132 3.22132
      vertex 0 -1.82628 3.48006
      vertex 0 -2.12132 3.22132
    endloop
  endfacet
  facet normal 1 0 0
    outer loop
      vertex 1.6 2.97433 1.49158
      vertex 1.6 2.97433 0.708422
      vertex 1.6 3 1.1
    endloop
  endfacet
  facet normal 1 0 0
    outer loop
      vertex 1.6 2.89778 1.87646
      vertex 1.6 2.97433 0.708422
      vertex 1.6 2.97433 1.49158
    endloop
  endfacet
  facet normal 1 0 0
    outer loop
      vertex 1.6 2.89778 1.87646
      vertex 1.6 2.89778 0.323543
      vertex 1.6 2.97433 0.708422
    endloop
  endfacet
  facet normal 1 0 0
    outer loop
      vertex 1.6 2.89778 1.87646
      vertex 1.6 2.78795 0
      vertex 1.6 2.89778 0.323543
    endloop
  endfacet
  facet normal 1 0 0
    outer loop
      vertex 1.6 2.77164 2.24805
      vertex 1.6 2.78795 0
      vertex 1.6 2.89778 1.87646
    endloop
  endfacet
  facet normal 1 0 0
    outer loop
      vertex 1.6 2.59808 2.6
      vertex 1.6 2.78795 0
      vertex 1.6 2.77164 2.24805
    endloop
  endfacet
  facet normal 1 0 0
    outer loop
      vertex 1.6 2.38006 2.92628
      vertex 1.6 2.78795 0
      vertex 1.6 2.59808 2.6
    endloop
  endfacet
  facet normal 1 0 0
    outer loop
      vertex 1.6 2.12132 3.22132
      vertex 1.6 2.78795 0
      vertex 1.6 2.38006 2.92628
    endloop
  endfacet
  facet normal 1 0 0
    outer loop
      vertex 1.6 1.82628 3.48006
      vertex 1.6 2.78795 0
      vertex 1.6 2.12132 3.22132
    endloop
  endfacet
  facet normal 1 0 0
    outer loop
      vertex 1.6 1.5 3.69808
      vertex 1.6 2.78795 0
      vertex 1.6 1.82628 3.48006
    endloop
  endfacet
  facet normal 1 0 0
    outer loop
      vertex 1.6 1.14805 3.87164
      vertex 1.6 2.78795 0
      vertex 1.6 1.5 3.69808
    endloop
  endfacet
  facet normal 1 0 0
    outer loop
      vertex 1.6 0.776457 3.99778
      vertex 1.6 2.78795 0
      vertex 1.6 1.14805 3.87164
    endloop
  endfacet
  facet normal 1 0 0
    outer loop
      vertex 1.6 0.391578 4.07433
      vertex 1.6 2.78795 0
      vertex 1.6 0.776457 3.99778
    endloop
  endfacet
  facet normal 1 0 0
    outer loop
      vertex 1.6 0 4.1
      vertex 1.6 2.78795 0
      vertex 1.6 0.391578 4.07433
    endloop
  endfacet
  facet normal 1 -0 0
    outer loop
      vertex 1.6 -0.391578 4.07433
      vertex 1.6 2.78795 0
      vertex 1.6 0 4.1
    endloop
  endfacet
  facet normal 1 -0 0
    outer loop
      vertex 1.6 -0.776457 3.99778
      vertex 1.6 2.78795 0
      vertex 1.6 -0.391578 4.07433
    endloop
  endfacet
  facet normal 1 -0 0
    outer loop
      vertex 1.6 -1.14805 3.87164
      vertex 1.6 2.78795 0
      vertex 1.6 -0.776457 3.99778
    endloop
  endfacet
  facet normal 1 -0 0
    outer loop
      vertex 1.6 -1.5 3.69808
      vertex 1.6 2.78795 0
      vertex 1.6 -1.14805 3.87164
    endloop
  endfacet
  facet normal 1 -0 0
    outer loop
      vertex 1.6 -1.82628 3.48006
      vertex 1.6 2.78795 0
      vertex 1.6 -1.5 3.69808
    endloop
  endfacet
  facet normal 1 -0 0
    outer loop
      vertex 1.6 -2.12132 3.22132
      vertex 1.6 2.78795 0
      vertex 1.6 -1.82628 3.48006
    endloop
  endfacet
  facet normal 1 -0 0
    outer loop
      vertex 1.6 -2.38006 2.92628
      vertex 1.6 2.78795 0
      vertex 1.6 -2.12132 3.22132
    endloop
  endfacet
  facet normal 1 -0 0
    outer loop
      vertex 1.6 -2.59808 2.6
      vertex 1.6 2.78795 0
      vertex 1.6 -2.38006 2.92628
    endloop
  endfacet
  facet normal 1 -0 0
    outer loop
      vertex 1.6 -2.77164 2.24805
      vertex 1.6 2.78795 0
      vertex 1.6 -2.59808 2.6
    endloop
  endfacet
  facet normal 1 0 0
    outer loop
      vertex 1.6 -2.77164 2.24805
      vertex 1.6 -2.78795 0
      vertex 1.6 2.78795 0
    endloop
  endfacet
  facet normal 1 -0 0
    outer loop
      vertex 1.6 -2.89778 1.87646
      vertex 1.6 -2.78795 0
      vertex 1.6 -2.77164 2.24805
    endloop
  endfacet
  facet normal 1 0 0
    outer loop
      vertex 1.6 -2.89778 1.87646
      vertex 1.6 -2.89778 0.323543
      vertex 1.6 -2.78795 0
    endloop
  endfacet
  facet normal 1 -0 0
    outer loop
      vertex 1.6 -2.97433 1.49158
      vertex 1.6 -2.89778 0.323543
      vertex 1.6 -2.89778 1.87646
    endloop
  endfacet
  facet normal 1 0 0
    outer loop
      vertex 1.6 -2.97433 1.49158
      vertex 1.6 -2.97433 0.708422
      vertex 1.6 -2.89778 0.323543
    endloop
  endfacet
  facet normal 1 0 -0
    outer loop
      vertex 1.6 -2.97433 0.708422
      vertex 1.6 -2.97433 1.49158
      vertex 1.6 -3 1.1
    endloop
  endfacet
  facet normal 0 0.946928 -0.321445
    outer loop
      vertex 1.6 2.78795 0
      vertex 0 2.89778 0.323543
      vertex 1.6 2.89778 0.323543
    endloop
  endfacet
  facet normal 0 0.946928 -0.321445
    outer loop
      vertex 0 2.89778 0.323543
      vertex 1.6 2.78795 0
      vertex 0 2.78795 0
    endloop
  endfacet
  facet normal -0 0.442283 0.896875
    outer loop
      vertex 0 1.5 3.69808
      vertex 1.6 1.14805 3.87164
      vertex 1.6 1.5 3.69808
    endloop
  endfacet
  facet normal 0 0.442283 0.896875
    outer loop
      vertex 1.6 1.14805 3.87164
      vertex 0 1.5 3.69808
      vertex 0 1.14805 3.87164
    endloop
  endfacet
  facet normal 0 0.751844 0.659341
    outer loop
      vertex 1.6 2.38006 2.92628
      vertex 0 2.12132 3.22132
      vertex 1.6 2.12132 3.22132
    endloop
  endfacet
  facet normal 0 0.751844 0.659341
    outer loop
      vertex 0 2.12132 3.22132
      vertex 1.6 2.38006 2.92628
      vertex 0 2.38006 2.92628
    endloop
  endfacet
  facet normal 0 -0.946928 -0.321445
    outer loop
      vertex 0 -2.78795 0
      vertex 1.6 -2.89778 0.323543
      vertex 0 -2.89778 0.323543
    endloop
  endfacet
  facet normal 0 -0.946928 -0.321445
    outer loop
      vertex 1.6 -2.89778 0.323543
      vertex 0 -2.78795 0
      vertex 1.6 -2.78795 0
    endloop
  endfacet
  facet normal 0 -0.0654149 0.997858
    outer loop
      vertex 0 0 4.1
      vertex 1.6 -0.391578 4.07433
      vertex 1.6 0 4.1
    endloop
  endfacet
  facet normal 0 -0.0654149 0.997858
    outer loop
      vertex 1.6 -0.391578 4.07433
      vertex 0 0 4.1
      vertex 0 -0.391578 4.07433
    endloop
  endfacet
  facet normal 0 -0.751844 0.659341
    outer loop
      vertex 0 -2.38006 2.92628
      vertex 1.6 -2.12132 3.22132
      vertex 0 -2.12132 3.22132
    endloop
  endfacet
  facet normal 0 -0.751844 0.659341
    outer loop
      vertex 1.6 -2.12132 3.22132
      vertex 0 -2.38006 2.92628
      vertex 1.6 -2.38006 2.92628
    endloop
  endfacet
  facet normal 0 0.946928 0.321444
    outer loop
      vertex 1.6 2.89778 1.87646
      vertex 0 2.77164 2.24805
      vertex 1.6 2.77164 2.24805
    endloop
  endfacet
  facet normal 0 0.946928 0.321444
    outer loop
      vertex 0 2.77164 2.24805
      vertex 1.6 2.89778 1.87646
      vertex 0 2.89778 1.87646
    endloop
  endfacet
  facet normal 0 -0.555582 0.831462
    outer loop
      vertex 0 -1.5 3.69808
      vertex 1.6 -1.82628 3.48006
      vertex 1.6 -1.5 3.69808
    endloop
  endfacet
  facet normal 0 -0.555582 0.831462
    outer loop
      vertex 1.6 -1.82628 3.48006
      vertex 0 -1.5 3.69808
      vertex 0 -1.82628 3.48006
    endloop
  endfacet
  facet normal 0 0.831462 0.555582
    outer loop
      vertex 1.6 2.59808 2.6
      vertex 0 2.38006 2.92628
      vertex 1.6 2.38006 2.92628
    endloop
  endfacet
  facet normal 0 0.831462 0.555582
    outer loop
      vertex 0 2.38006 2.92628
      vertex 1.6 2.59808 2.6
      vertex 0 2.59808 2.6
    endloop
  endfacet
  facet normal 0 0.980789 -0.195073
    outer loop
      vertex 1.6 2.89778 0.323543
      vertex 0 2.97433 0.708422
      vertex 1.6 2.97433 0.708422
    endloop
  endfacet
  facet normal 0 0.980789 -0.195073
    outer loop
      vertex 0 2.97433 0.708422
      vertex 1.6 2.89778 0.323543
      vertex 0 2.89778 0.323543
    endloop
  endfacet
  facet normal 0 0.896875 0.442283
    outer loop
      vertex 1.6 2.77164 2.24805
      vertex 0 2.59808 2.6
      vertex 1.6 2.59808 2.6
    endloop
  endfacet
  facet normal 0 0.896875 0.442283
    outer loop
      vertex 0 2.59808 2.6
      vertex 1.6 2.77164 2.24805
      vertex 0 2.77164 2.24805
    endloop
  endfacet
  facet normal 0 -0.997858 -0.0654149
    outer loop
      vertex 0 -2.97433 0.708422
      vertex 1.6 -3 1.1
      vertex 0 -3 1.1
    endloop
  endfacet
  facet normal 0 -0.997858 -0.0654149
    outer loop
      vertex 1.6 -3 1.1
      vertex 0 -2.97433 0.708422
      vertex 1.6 -2.97433 0.708422
    endloop
  endfacet
  facet normal 0 -0.321442 0.946929
    outer loop
      vertex 0 -0.776457 3.99778
      vertex 1.6 -1.14805 3.87164
      vertex 1.6 -0.776457 3.99778
    endloop
  endfacet
  facet normal 0 -0.321442 0.946929
    outer loop
      vertex 1.6 -1.14805 3.87164
      vertex 0 -0.776457 3.99778
      vertex 0 -1.14805 3.87164
    endloop
  endfacet
  facet normal 0 0.980789 0.195072
    outer loop
      vertex 1.6 2.97433 1.49158
      vertex 0 2.89778 1.87646
      vertex 1.6 2.89778 1.87646
    endloop
  endfacet
  facet normal 0 0.980789 0.195072
    outer loop
      vertex 0 2.89778 1.87646
      vertex 1.6 2.97433 1.49158
      vertex 0 2.97433 1.49158
    endloop
  endfacet
  facet normal 0 -0.896875 0.442283
    outer loop
      vertex 0 -2.77164 2.24805
      vertex 1.6 -2.59808 2.6
      vertex 0 -2.59808 2.6
    endloop
  endfacet
  facet normal 0 -0.896875 0.442283
    outer loop
      vertex 1.6 -2.59808 2.6
      vertex 0 -2.77164 2.24805
      vertex 1.6 -2.77164 2.24805
    endloop
  endfacet
  facet normal -0 0.321442 0.946929
    outer loop
      vertex 0 1.14805 3.87164
      vertex 1.6 0.776457 3.99778
      vertex 1.6 1.14805 3.87164
    endloop
  endfacet
  facet normal 0 0.321442 0.946929
    outer loop
      vertex 1.6 0.776457 3.99778
      vertex 0 1.14805 3.87164
      vertex 0 0.776457 3.99778
    endloop
  endfacet
  facet normal 0 -0.980789 -0.195073
    outer loop
      vertex 0 -2.89778 0.323543
      vertex 1.6 -2.97433 0.708422
      vertex 0 -2.97433 0.708422
    endloop
  endfacet
  facet normal 0 -0.980789 -0.195073
    outer loop
      vertex 1.6 -2.97433 0.708422
      vertex 0 -2.89778 0.323543
      vertex 1.6 -2.89778 0.323543
    endloop
  endfacet
  facet normal -1 0 0
    outer loop
      vertex 0 2.97433 0.708422
      vertex 0 2.97433 1.49158
      vertex 0 3 1.1
    endloop
  endfacet
  facet normal -1 0 0
    outer loop
      vertex 0 2.89778 0.323543
      vertex 0 2.97433 1.49158
      vertex 0 2.97433 0.708422
    endloop
  endfacet
  facet normal -1 0 0
    outer loop
      vertex 0 2.89778 0.323543
      vertex 0 2.89778 1.87646
      vertex 0 2.97433 1.49158
    endloop
  endfacet
  facet normal -1 0 0
    outer loop
      vertex 0 2.78795 0
      vertex 0 2.89778 1.87646
      vertex 0 2.89778 0.323543
    endloop
  endfacet
  facet normal -1 0 0
    outer loop
      vertex 0 2.78795 0
      vertex 0 2.77164 2.24805
      vertex 0 2.89778 1.87646
    endloop
  endfacet
  facet normal -1 0 0
    outer loop
      vertex 0 2.78795 0
      vertex 0 2.59808 2.6
      vertex 0 2.77164 2.24805
    endloop
  endfacet
  facet normal -1 0 0
    outer loop
      vertex 0 2.78795 0
      vertex 0 2.38006 2.92628
      vertex 0 2.59808 2.6
    endloop
  endfacet
  facet normal -1 0 0
    outer loop
      vertex 0 2.78795 0
      vertex 0 2.12132 3.22132
      vertex 0 2.38006 2.92628
    endloop
  endfacet
  facet normal -1 0 0
    outer loop
      vertex 0 2.78795 0
      vertex 0 1.82628 3.48006
      vertex 0 2.12132 3.22132
    endloop
  endfacet
  facet normal -1 0 0
    outer loop
      vertex 0 2.78795 0
      vertex 0 1.5 3.69808
      vertex 0 1.82628 3.48006
    endloop
  endfacet
  facet normal -1 0 0
    outer loop
      vertex 0 2.78795 0
      vertex 0 1.14805 3.87164
      vertex 0 1.5 3.69808
    endloop
  endfacet
  facet normal -1 0 0
    outer loop
      vertex 0 2.78795 0
      vertex 0 0.776457 3.99778
      vertex 0 1.14805 3.87164
    endloop
  endfacet
  facet normal -1 0 0
    outer loop
      vertex 0 2.78795 0
      vertex 0 0.391578 4.07433
      vertex 0 0.776457 3.99778
    endloop
  endfacet
  facet normal -1 0 0
    outer loop
      vertex 0 2.78795 0
      vertex 0 0 4.1
      vertex 0 0.391578 4.07433
    endloop
  endfacet
  facet normal -1 0 0
    outer loop
      vertex 0 2.78795 0
      vertex 0 -0.391578 4.07433
      vertex 0 0 4.1
    endloop
  endfacet
  facet normal -1 0 0
    outer loop
      vertex 0 2.78795 0
      vertex 0 -0.776457 3.99778
      vertex 0 -0.391578 4.07433
    endloop
  endfacet
  facet normal -1 0 0
    outer loop
      vertex 0 2.78795 0
      vertex 0 -1.14805 3.87164
      vertex 0 -0.776457 3.99778
    endloop
  endfacet
  facet normal -1 0 0
    outer loop
      vertex 0 2.78795 0
      vertex 0 -1.5 3.69808
      vertex 0 -1.14805 3.87164
    endloop
  endfacet
  facet normal -1 0 0
    outer loop
      vertex 0 2.78795 0
      vertex 0 -1.82628 3.48006
      vertex 0 -1.5 3.69808
    endloop
  endfacet
  facet normal -1 0 0
    outer loop
      vertex 0 2.78795 0
      vertex 0 -2.12132 3.22132
      vertex 0 -1.82628 3.48006
    endloop
  endfacet
  facet normal -1 0 0
    outer loop
      vertex 0 2.78795 0
      vertex 0 -2.38006 2.92628
      vertex 0 -2.12132 3.22132
    endloop
  endfacet
  facet normal -1 0 0
    outer loop
      vertex 0 2.78795 0
      vertex 0 -2.59808 2.6
      vertex 0 -2.38006 2.92628
    endloop
  endfacet
  facet normal -1 0 0
    outer loop
      vertex 0 2.78795 0
      vertex 0 -2.77164 2.24805
      vertex 0 -2.59808 2.6
    endloop
  endfacet
  facet normal -1 0 0
    outer loop
      vertex 0 -2.78795 0
      vertex 0 -2.77164 2.24805
      vertex 0 2.78795 0
    endloop
  endfacet
  facet normal -1 0 0
    outer loop
      vertex 0 -2.89778 0.323543
      vertex 0 -2.77164 2.24805
      vertex 0 -2.78795 0
    endloop
  endfacet
  facet normal -1 0 0
    outer loop
      vertex 0 -2.89778 0.323543
      vertex 0 -2.89778 1.87646
      vertex 0 -2.77164 2.24805
    endloop
  endfacet
  facet normal -1 0 0
    outer loop
      vertex 0 -2.97433 0.708422
      vertex 0 -2.89778 1.87646
      vertex 0 -2.89778 0.323543
    endloop
  endfacet
  facet normal -1 0 0
    outer loop
      vertex 0 -2.97433 0.708422
      vertex 0 -2.97433 1.49158
      vertex 0 -2.89778 1.87646
    endloop
  endfacet
  facet normal -1 0 -0
    outer loop
      vertex 0 -2.97433 1.49158
      vertex 0 -2.97433 0.708422
      vertex 0 -3 1.1
    endloop
  endfacet
  facet normal -0 0.659341 0.751844
    outer loop
      vertex 0 2.12132 3.22132
      vertex 1.6 1.82628 3.48006
      vertex 1.6 2.12132 3.22132
    endloop
  endfacet
  facet normal 0 0.659341 0.751844
    outer loop
      vertex 1.6 1.82628 3.48006
      vertex 0 2.12132 3.22132
      vertex 0 1.82628 3.48006
    endloop
  endfacet
  facet normal 0 -0.442283 0.896875
    outer loop
      vertex 0 -1.14805 3.87164
      vertex 1.6 -1.5 3.69808
      vertex 1.6 -1.14805 3.87164
    endloop
  endfacet
  facet normal 0 -0.442283 0.896875
    outer loop
      vertex 1.6 -1.5 3.69808
      vertex 0 -1.14805 3.87164
      vertex 0 -1.5 3.69808
    endloop
  endfacet
  facet normal -0 0.0654149 0.997858
    outer loop
      vertex 0 0.391578 4.07433
      vertex 1.6 0 4.1
      vertex 1.6 0.391578 4.07433
    endloop
  endfacet
  facet normal 0 0.0654149 0.997858
    outer loop
      vertex 1.6 0 4.1
      vertex 0 0.391578 4.07433
      vertex 0 0 4.1
    endloop
  endfacet
  facet normal 0 -0.997858 0.0654145
    outer loop
      vertex 0 -3 1.1
      vertex 1.6 -2.97433 1.49158
      vertex 0 -2.97433 1.49158
    endloop
  endfacet
  facet normal 0 -0.997858 0.0654145
    outer loop
      vertex 1.6 -2.97433 1.49158
      vertex 0 -3 1.1
      vertex 1.6 -3 1.1
    endloop
  endfacet
  facet normal 0 0.997858 -0.0654149
    outer loop
      vertex 1.6 2.97433 0.708422
      vertex 0 3 1.1
      vertex 1.6 3 1.1
    endloop
  endfacet
  facet normal 0 0.997858 -0.0654149
    outer loop
      vertex 0 3 1.1
      vertex 1.6 2.97433 0.708422
      vertex 0 2.97433 0.708422
    endloop
  endfacet
  facet normal 0 -0.831462 0.555582
    outer loop
      vertex 0 -2.59808 2.6
      vertex 1.6 -2.38006 2.92628
      vertex 0 -2.38006 2.92628
    endloop
  endfacet
  facet normal 0 -0.831462 0.555582
    outer loop
      vertex 1.6 -2.38006 2.92628
      vertex 0 -2.59808 2.6
      vertex 1.6 -2.59808 2.6
    endloop
  endfacet
  facet normal -0 0.195073 0.980789
    outer loop
      vertex 0 0.776457 3.99778
      vertex 1.6 0.391578 4.07433
      vertex 1.6 0.776457 3.99778
    endloop
  endfacet
  facet normal 0 0.195073 0.980789
    outer loop
      vertex 1.6 0.391578 4.07433
      vertex 0 0.776457 3.99778
      vertex 0 0.391578 4.07433
    endloop
  endfacet
  facet normal 0 0.997858 0.0654145
    outer loop
      vertex 1.6 3 1.1
      vertex 0 2.97433 1.49158
      vertex 1.6 2.97433 1.49158
    endloop
  endfacet
  facet normal 0 0.997858 0.0654145
    outer loop
      vertex 0 2.97433 1.49158
      vertex 1.6 3 1.1
      vertex 0 3 1.1
    endloop
  endfacet
  facet normal 0 -0.946928 0.321444
    outer loop
      vertex 0 -2.89778 1.87646
      vertex 1.6 -2.77164 2.24805
      vertex 0 -2.77164 2.24805
    endloop
  endfacet
  facet normal 0 -0.946928 0.321444
    outer loop
      vertex 1.6 -2.77164 2.24805
      vertex 0 -2.89778 1.87646
      vertex 1.6 -2.89778 1.87646
    endloop
  endfacet
  facet normal 0 -0.195073 0.980789
    outer loop
      vertex 0 -0.391578 4.07433
      vertex 1.6 -0.776457 3.99778
      vertex 1.6 -0.391578 4.07433
    endloop
  endfacet
  facet normal 0 -0.195073 0.980789
    outer loop
      vertex 1.6 -0.776457 3.99778
      vertex 0 -0.391578 4.07433
      vertex 0 -0.776457 3.99778
    endloop
  endfacet
  facet normal 0 -0.980789 0.195072
    outer loop
      vertex 0 -2.97433 1.49158
      vertex 1.6 -2.89778 1.87646
      vertex 0 -2.89778 1.87646
    endloop
  endfacet
  facet normal 0 -0.980789 0.195072
    outer loop
      vertex 1.6 -2.89778 1.87646
      vertex 0 -2.97433 1.49158
      vertex 1.6 -2.97433 1.49158
    endloop
  endfacet
  facet normal -0 0.555582 0.831462
    outer loop
      vertex 0 1.82628 3.48006
      vertex 1.6 1.5 3.69808
      vertex 1.6 1.82628 3.48006
    endloop
  endfacet
  facet normal 0 0.555582 0.831462
    outer loop
      vertex 1.6 1.5 3.69808
      vertex 0 1.82628 3.48006
      vertex 0 1.5 3.69808
    endloop
  endfacet
  facet normal 0 0 -1
    outer loop
      vertex 0 -2.78795 0
      vertex 1.6 2.78795 0
      vertex 1.6 -2.78795 0
    endloop
  endfacet
  facet normal -0 0 -1
    outer loop
      vertex 1.6 2.78795 0
      vertex 0 -2.78795 0
      vertex 0 2.78795 0
    endloop
  endfacet
  facet normal 0 0 -1
    outer loop
      vertex 32.0908 -0.140278 0
      vertex 32.0908 0.140278 0
      vertex 32.1 0 0
    endloop
  endfacet
  facet normal 0 0 -1
    outer loop
      vertex 32.0647 -0.276853 0
      vertex 32.0908 -0.140278 0
      vertex 32.0905 -0.144818 0
    endloop
  endfacet
  facet normal -0 0 -1
    outer loop
      vertex 32.0908 -0.140278 0
      vertex 32.0647 -0.276853 0
      vertex 32.0908 0.140278 0
    endloop
  endfacet
  facet normal 0 0 -1
    outer loop
      vertex 32.0647 0.276853 0
      vertex 32.0908 0.140278 0
      vertex 32.0647 -0.276853 0
    endloop
  endfacet
  facet normal 0 0 -1
    outer loop
      vertex 32.0908 0.140278 0
      vertex 32.0647 0.276853 0
      vertex 32.0905 0.144818 0
    endloop
  endfacet
  facet normal 0 0 -1
    outer loop
      vertex 32.0536 -0.318243 0
      vertex 32.0647 -0.276853 0
      vertex 32.0612 -0.294744 0
    endloop
  endfacet
  facet normal -0 0 -1
    outer loop
      vertex 32.0647 -0.276853 0
      vertex 32.0536 -0.318243 0
      vertex 32.0647 0.276853 0
    endloop
  endfacet
  facet normal 0 0 -1
    outer loop
      vertex 32.0536 0.318243 0
      vertex 32.0647 0.276853 0
      vertex 32.0536 -0.318243 0
    endloop
  endfacet
  facet normal 0 0 -1
    outer loop
      vertex 32.0647 0.276853 0
      vertex 32.0536 0.318243 0
      vertex 32.0612 0.294744 0
    endloop
  endfacet
  facet normal 0 0 -1
    outer loop
      vertex 31.9816 -0.518388 0
      vertex 32.0536 -0.318243 0
      vertex 32.0094 -0.455634 0
    endloop
  endfacet
  facet normal -0 0 -1
    outer loop
      vertex 32.0536 -0.318243 0
      vertex 31.9816 -0.518388 0
      vertex 32.0536 0.318243 0
    endloop
  endfacet
  facet normal 0 0 -1
    outer loop
      vertex 31.9816 0.518388 0
      vertex 32.0536 0.318243 0
      vertex 31.9816 -0.518388 0
    endloop
  endfacet
  facet normal 0 0 -1
    outer loop
      vertex 32.0536 0.318243 0
      vertex 31.9816 0.518388 0
      vertex 32.0094 0.455634 0
    endloop
  endfacet
  facet normal 0 0 -1
    outer loop
      vertex 31.8867 -0.712483 0
      vertex 31.9816 -0.518388 0
      vertex 31.9298 -0.635085 0
    endloop
  endfacet
  facet normal -0 0 -1
    outer loop
      vertex 31.9816 -0.518388 0
      vertex 31.8867 -0.712483 0
      vertex 31.9816 0.518388 0
    endloop
  endfacet
  facet normal 0 0 -1
    outer loop
      vertex 31.8867 0.712483 0
      vertex 31.9816 0.518388 0
      vertex 31.8867 -0.712483 0
    endloop
  endfacet
  facet normal 0 0 -1
    outer loop
      vertex 31.9816 0.518388 0
      vertex 31.8867 0.712483 0
      vertex 31.9298 0.635085 0
    endloop
  endfacet
  facet normal 0 0 -1
    outer loop
      vertex 31.8135 -0.844059 0
      vertex 31.8867 0.712483 0
      vertex 31.8867 -0.712483 0
    endloop
  endfacet
  facet normal 0 0 -1
    outer loop
      vertex 31.8135 -0.844059 0
      vertex 31.8135 0.844059 0
      vertex 31.8867 0.712483 0
    endloop
  endfacet
  facet normal 0 0 -1
    outer loop
      vertex 31.7 -1.0158 0
      vertex 31.8135 0.844059 0
      vertex 31.8135 -0.844059 0
    endloop
  endfacet
  facet normal 0 0 -1
    outer loop
      vertex 31.7 -1.0158 0
      vertex 31.7 1.0158 0
      vertex 31.8135 0.844059 0
    endloop
  endfacet
  facet normal 0 0 -1
    outer loop
      vertex 1.6 -1.0158 0
      vertex 31.7 1.0158 0
      vertex 31.7 -1.0158 0
    endloop
  endfacet
  facet normal -0 0 -1
    outer loop
      vertex 31.7 1.0158 0
      vertex 1.6 -1.0158 0
      vertex 1.6 1.0158 0
    endloop
  endfacet
  facet normal -0.980789 -0.195072 0
    outer loop
      vertex -2.89778 8.22354 0
      vertex -2.97433 8.60842 2
      vertex -2.97433 8.60842 0
    endloop
  endfacet
  facet normal -0.980789 -0.195072 0
    outer loop
      vertex -2.97433 8.60842 2
      vertex -2.89778 8.22354 0
      vertex -2.89778 8.22354 2
    endloop
  endfacet
  facet normal -0.831477 0.555558 0
    outer loop
      vertex -2.59808 10.5 0
      vertex -2.38006 10.8263 2
      vertex -2.38006 10.8263 0
    endloop
  endfacet
  facet normal -0.831477 0.555558 0
    outer loop
      vertex -2.38006 10.8263 2
      vertex -2.59808 10.5 0
      vertex -2.59808 10.5 2
    endloop
  endfacet
  facet normal 0.980789 0.195072 0
    outer loop
      vertex 2.97433 9.39158 2
      vertex 2.89778 9.77646 0
      vertex 2.89778 9.77646 2
    endloop
  endfacet
  facet normal 0.980789 0.195072 0
    outer loop
      vertex 2.89778 9.77646 0
      vertex 2.97433 9.39158 2
      vertex 2.97433 9.39158 0
    endloop
  endfacet
  facet normal 0.997858 -0.0654145 0
    outer loop
      vertex 2.97433 8.60842 2
      vertex 3 9 0
      vertex 3 9 2
    endloop
  endfacet
  facet normal 0.997858 -0.0654145 0
    outer loop
      vertex 3 9 0
      vertex 2.97433 8.60842 2
      vertex 2.97433 8.60842 0
    endloop
  endfacet
  facet normal 0.751844 -0.659341 0
    outer loop
      vertex 2.12132 6.87868 2
      vertex 2.38006 7.17372 0
      vertex 2.38006 7.17372 2
    endloop
  endfacet
  facet normal 0.751844 -0.659341 0
    outer loop
      vertex 2.38006 7.17372 0
      vertex 2.12132 6.87868 2
      vertex 2.12132 6.87868 0
    endloop
  endfacet
  facet normal -0.751799 0.659392 0
    outer loop
      vertex -2.38006 10.8263 0
      vertex -2.12132 11.1213 2
      vertex -2.12132 11.1213 0
    endloop
  endfacet
  facet normal -0.751799 0.659392 0
    outer loop
      vertex -2.12132 11.1213 2
      vertex -2.38006 10.8263 0
      vertex -2.38006 10.8263 2
    endloop
  endfacet
  facet normal 0.19495 0.980813 -0
    outer loop
      vertex 0.776457 11.8978 0
      vertex 0.391578 11.9743 2
      vertex 0.776457 11.8978 2
    endloop
  endfacet
  facet normal 0.19495 0.980813 0
    outer loop
      vertex 0.391578 11.9743 2
      vertex 0.776457 11.8978 0
      vertex 0.391578 11.9743 0
    endloop
  endfacet
  facet normal 0.751799 0.659392 0
    outer loop
      vertex 2.38006 10.8263 2
      vertex 2.12132 11.1213 0
      vertex 2.12132 11.1213 2
    endloop
  endfacet
  facet normal 0.751799 0.659392 0
    outer loop
      vertex 2.12132 11.1213 0
      vertex 2.38006 10.8263 2
      vertex 2.38006 10.8263 0
    endloop
  endfacet
  facet normal -0.831462 -0.555582 0
    outer loop
      vertex -2.38006 7.17372 0
      vertex -2.59808 7.5 2
      vertex -2.59808 7.5 0
    endloop
  endfacet
  facet normal -0.831462 -0.555582 0
    outer loop
      vertex -2.59808 7.5 2
      vertex -2.38006 7.17372 0
      vertex -2.38006 7.17372 2
    endloop
  endfacet
  facet normal -0.555582 -0.831462 0
    outer loop
      vertex -1.82628 6.61994 0
      vertex -1.5 6.40192 2
      vertex -1.82628 6.61994 2
    endloop
  endfacet
  facet normal -0.555582 -0.831462 -0
    outer loop
      vertex -1.5 6.40192 2
      vertex -1.82628 6.61994 0
      vertex -1.5 6.40192 0
    endloop
  endfacet
  facet normal 0.442283 -0.896875 0
    outer loop
      vertex 1.14805 6.22836 0
      vertex 1.5 6.40192 2
      vertex 1.14805 6.22836 2
    endloop
  endfacet
  facet normal 0.442283 -0.896875 0
    outer loop
      vertex 1.5 6.40192 2
      vertex 1.14805 6.22836 0
      vertex 1.5 6.40192 0
    endloop
  endfacet
  facet normal -0.946915 0.321483 0
    outer loop
      vertex -2.89778 9.77646 0
      vertex -2.77164 10.148 2
      vertex -2.77164 10.148 0
    endloop
  endfacet
  facet normal -0.946915 0.321483 0
    outer loop
      vertex -2.77164 10.148 2
      vertex -2.89778 9.77646 0
      vertex -2.89778 9.77646 2
    endloop
  endfacet
  facet normal -0.442283 -0.896875 0
    outer loop
      vertex -1.5 6.40192 0
      vertex -1.14805 6.22836 2
      vertex -1.5 6.40192 2
    endloop
  endfacet
  facet normal -0.442283 -0.896875 -0
    outer loop
      vertex -1.14805 6.22836 2
      vertex -1.5 6.40192 0
      vertex -1.14805 6.22836 0
    endloop
  endfacet
  facet normal -0.321442 -0.946929 0
    outer loop
      vertex -1.14805 6.22836 0
      vertex -0.776457 6.10222 2
      vertex -1.14805 6.22836 2
    endloop
  endfacet
  facet normal -0.321442 -0.946929 -0
    outer loop
      vertex -0.776457 6.10222 2
      vertex -1.14805 6.22836 0
      vertex -0.776457 6.10222 0
    endloop
  endfacet
  facet normal -0.997858 -0.0654145 0
    outer loop
      vertex -2.97433 8.60842 0
      vertex -3 9 2
      vertex -3 9 0
    endloop
  endfacet
  facet normal -0.997858 -0.0654145 0
    outer loop
      vertex -3 9 2
      vertex -2.97433 8.60842 0
      vertex -2.97433 8.60842 2
    endloop
  endfacet
  facet normal 0.659428 0.751768 -0
    outer loop
      vertex 2.12132 11.1213 0
      vertex 1.82628 11.3801 2
      vertex 2.12132 11.1213 2
    endloop
  endfacet
  facet normal 0.659428 0.751768 0
    outer loop
      vertex 1.82628 11.3801 2
      vertex 2.12132 11.1213 0
      vertex 1.82628 11.3801 0
    endloop
  endfacet
  facet normal 0.997858 0.0654145 0
    outer loop
      vertex 3 9 2
      vertex 2.97433 9.39158 0
      vertex 2.97433 9.39158 2
    endloop
  endfacet
  facet normal 0.997858 0.0654145 0
    outer loop
      vertex 2.97433 9.39158 0
      vertex 3 9 2
      vertex 3 9 0
    endloop
  endfacet
  facet normal -0.946928 -0.321444 0
    outer loop
      vertex -2.77164 7.85195 0
      vertex -2.89778 8.22354 2
      vertex -2.89778 8.22354 0
    endloop
  endfacet
  facet normal -0.946928 -0.321444 0
    outer loop
      vertex -2.89778 8.22354 2
      vertex -2.77164 7.85195 0
      vertex -2.77164 7.85195 2
    endloop
  endfacet
  facet normal 0.896875 -0.442283 0
    outer loop
      vertex 2.59808 7.5 2
      vertex 2.77164 7.85195 0
      vertex 2.77164 7.85195 2
    endloop
  endfacet
  facet normal 0.896875 -0.442283 0
    outer loop
      vertex 2.77164 7.85195 0
      vertex 2.59808 7.5 2
      vertex 2.59808 7.5 0
    endloop
  endfacet
  facet normal -0.8969 0.442233 0
    outer loop
      vertex -2.77164 10.148 0
      vertex -2.59808 10.5 2
      vertex -2.59808 10.5 0
    endloop
  endfacet
  facet normal -0.8969 0.442233 0
    outer loop
      vertex -2.59808 10.5 2
      vertex -2.77164 10.148 0
      vertex -2.77164 10.148 2
    endloop
  endfacet
  facet normal -0.0654149 -0.997858 0
    outer loop
      vertex -0.391578 6.02567 0
      vertex 0 6 2
      vertex -0.391578 6.02567 2
    endloop
  endfacet
  facet normal -0.0654149 -0.997858 -0
    outer loop
      vertex 0 6 2
      vertex -0.391578 6.02567 0
      vertex 0 6 0
    endloop
  endfacet
  facet normal 0.321579 0.946883 -0
    outer loop
      vertex 1.14805 11.7716 0
      vertex 0.776457 11.8978 2
      vertex 1.14805 11.7716 2
    endloop
  endfacet
  facet normal 0.321579 0.946883 0
    outer loop
      vertex 0.776457 11.8978 2
      vertex 1.14805 11.7716 0
      vertex 0.776457 11.8978 0
    endloop
  endfacet
  facet normal 0.8969 0.442233 0
    outer loop
      vertex 2.77164 10.148 2
      vertex 2.59808 10.5 0
      vertex 2.59808 10.5 2
    endloop
  endfacet
  facet normal 0.8969 0.442233 0
    outer loop
      vertex 2.59808 10.5 0
      vertex 2.77164 10.148 2
      vertex 2.77164 10.148 0
    endloop
  endfacet
  facet normal 0.831477 0.555558 0
    outer loop
      vertex 2.59808 10.5 2
      vertex 2.38006 10.8263 0
      vertex 2.38006 10.8263 2
    endloop
  endfacet
  facet normal 0.831477 0.555558 0
    outer loop
      vertex 2.38006 10.8263 0
      vertex 2.59808 10.5 2
      vertex 2.59808 10.5 0
    endloop
  endfacet
  facet normal 0.946915 0.321483 0
    outer loop
      vertex 2.89778 9.77646 2
      vertex 2.77164 10.148 0
      vertex 2.77164 10.148 2
    endloop
  endfacet
  facet normal 0.946915 0.321483 0
    outer loop
      vertex 2.77164 10.148 0
      vertex 2.89778 9.77646 2
      vertex 2.89778 9.77646 0
    endloop
  endfacet
  facet normal 0.555547 0.831485 -0
    outer loop
      vertex 1.82628 11.3801 0
      vertex 1.5 11.5981 2
      vertex 1.82628 11.3801 2
    endloop
  endfacet
  facet normal 0.555547 0.831485 0
    outer loop
      vertex 1.5 11.5981 2
      vertex 1.82628 11.3801 0
      vertex 1.5 11.5981 0
    endloop
  endfacet
  facet normal -0.19495 0.980813 0
    outer loop
      vertex -0.391578 11.9743 0
      vertex -0.776457 11.8978 2
      vertex -0.391578 11.9743 2
    endloop
  endfacet
  facet normal -0.19495 0.980813 0
    outer loop
      vertex -0.776457 11.8978 2
      vertex -0.391578 11.9743 0
      vertex -0.776457 11.8978 0
    endloop
  endfacet
  facet normal 0.321442 -0.946929 0
    outer loop
      vertex 0.776457 6.10222 0
      vertex 1.14805 6.22836 2
      vertex 0.776457 6.10222 2
    endloop
  endfacet
  facet normal 0.321442 -0.946929 0
    outer loop
      vertex 1.14805 6.22836 2
      vertex 0.776457 6.10222 0
      vertex 1.14805 6.22836 0
    endloop
  endfacet
  facet normal 0.44216 0.896936 -0
    outer loop
      vertex 1.5 11.5981 0
      vertex 1.14805 11.7716 2
      vertex 1.5 11.5981 2
    endloop
  endfacet
  facet normal 0.44216 0.896936 0
    outer loop
      vertex 1.14805 11.7716 2
      vertex 1.5 11.5981 0
      vertex 1.14805 11.7716 0
    endloop
  endfacet
  facet normal 0.0654149 -0.997858 0
    outer loop
      vertex 0 6 0
      vertex 0.391578 6.02567 2
      vertex 0 6 2
    endloop
  endfacet
  facet normal 0.0654149 -0.997858 0
    outer loop
      vertex 0.391578 6.02567 2
      vertex 0 6 0
      vertex 0.391578 6.02567 0
    endloop
  endfacet
  facet normal -0.065491 0.997853 0
    outer loop
      vertex 0 12 0
      vertex -0.391578 11.9743 2
      vertex 0 12 2
    endloop
  endfacet
  facet normal -0.065491 0.997853 0
    outer loop
      vertex -0.391578 11.9743 2
      vertex 0 12 0
      vertex -0.391578 11.9743 0
    endloop
  endfacet
  facet normal 0.980789 -0.195072 0
    outer loop
      vertex 2.89778 8.22354 2
      vertex 2.97433 8.60842 0
      vertex 2.97433 8.60842 2
    endloop
  endfacet
  facet normal 0.980789 -0.195072 0
    outer loop
      vertex 2.97433 8.60842 0
      vertex 2.89778 8.22354 2
      vertex 2.89778 8.22354 0
    endloop
  endfacet
  facet normal 0.195073 -0.980789 0
    outer loop
      vertex 0.391578 6.02567 0
      vertex 0.776457 6.10222 2
      vertex 0.391578 6.02567 2
    endloop
  endfacet
  facet normal 0.195073 -0.980789 0
    outer loop
      vertex 0.776457 6.10222 2
      vertex 0.391578 6.02567 0
      vertex 0.776457 6.10222 0
    endloop
  endfacet
  facet normal -0.44216 0.896936 0
    outer loop
      vertex -1.14805 11.7716 0
      vertex -1.5 11.5981 2
      vertex -1.14805 11.7716 2
    endloop
  endfacet
  facet normal -0.44216 0.896936 0
    outer loop
      vertex -1.5 11.5981 2
      vertex -1.14805 11.7716 0
      vertex -1.5 11.5981 0
    endloop
  endfacet
  facet normal 0.659341 -0.751844 0
    outer loop
      vertex 1.82628 6.61994 0
      vertex 2.12132 6.87868 2
      vertex 1.82628 6.61994 2
    endloop
  endfacet
  facet normal 0.659341 -0.751844 0
    outer loop
      vertex 2.12132 6.87868 2
      vertex 1.82628 6.61994 0
      vertex 2.12132 6.87868 0
    endloop
  endfacet
  facet normal -0.321579 0.946883 0
    outer loop
      vertex -0.776457 11.8978 0
      vertex -1.14805 11.7716 2
      vertex -0.776457 11.8978 2
    endloop
  endfacet
  facet normal -0.321579 0.946883 0
    outer loop
      vertex -1.14805 11.7716 2
      vertex -0.776457 11.8978 0
      vertex -1.14805 11.7716 0
    endloop
  endfacet
  facet normal -0.896875 -0.442283 0
    outer loop
      vertex -2.59808 7.5 0
      vertex -2.77164 7.85195 2
      vertex -2.77164 7.85195 0
    endloop
  endfacet
  facet normal -0.896875 -0.442283 0
    outer loop
      vertex -2.77164 7.85195 2
      vertex -2.59808 7.5 0
      vertex -2.59808 7.5 2
    endloop
  endfacet
  facet normal 0.831462 -0.555582 0
    outer loop
      vertex 2.38006 7.17372 2
      vertex 2.59808 7.5 0
      vertex 2.59808 7.5 2
    endloop
  endfacet
  facet normal 0.831462 -0.555582 0
    outer loop
      vertex 2.59808 7.5 0
      vertex 2.38006 7.17372 2
      vertex 2.38006 7.17372 0
    endloop
  endfacet
  facet normal 0.065491 0.997853 -0
    outer loop
      vertex 0.391578 11.9743 0
      vertex 0 12 2
      vertex 0.391578 11.9743 2
    endloop
  endfacet
  facet normal 0.065491 0.997853 0
    outer loop
      vertex 0 12 2
      vertex 0.391578 11.9743 0
      vertex 0 12 0
    endloop
  endfacet
  facet normal 0.946928 -0.321444 0
    outer loop
      vertex 2.77164 7.85195 2
      vertex 2.89778 8.22354 0
      vertex 2.89778 8.22354 2
    endloop
  endfacet
  facet normal 0.946928 -0.321444 0
    outer loop
      vertex 2.89778 8.22354 0
      vertex 2.77164 7.85195 2
      vertex 2.77164 7.85195 0
    endloop
  endfacet
  facet normal -0.980789 0.195072 0
    outer loop
      vertex -2.97433 9.39158 0
      vertex -2.89778 9.77646 2
      vertex -2.89778 9.77646 0
    endloop
  endfacet
  facet normal -0.980789 0.195072 0
    outer loop
      vertex -2.89778 9.77646 2
      vertex -2.97433 9.39158 0
      vertex -2.97433 9.39158 2
    endloop
  endfacet
  facet normal -0.659428 0.751768 0
    outer loop
      vertex -1.82628 11.3801 0
      vertex -2.12132 11.1213 2
      vertex -1.82628 11.3801 2
    endloop
  endfacet
  facet normal -0.659428 0.751768 0
    outer loop
      vertex -2.12132 11.1213 2
      vertex -1.82628 11.3801 0
      vertex -2.12132 11.1213 0
    endloop
  endfacet
  facet normal -0.555547 0.831485 0
    outer loop
      vertex -1.5 11.5981 0
      vertex -1.82628 11.3801 2
      vertex -1.5 11.5981 2
    endloop
  endfacet
  facet normal -0.555547 0.831485 0
    outer loop
      vertex -1.82628 11.3801 2
      vertex -1.5 11.5981 0
      vertex -1.82628 11.3801 0
    endloop
  endfacet
  facet normal -0.997858 0.0654145 0
    outer loop
      vertex -3 9 0
      vertex -2.97433 9.39158 2
      vertex -2.97433 9.39158 0
    endloop
  endfacet
  facet normal -0.997858 0.0654145 0
    outer loop
      vertex -2.97433 9.39158 2
      vertex -3 9 0
      vertex -3 9 2
    endloop
  endfacet
  facet normal 0 0 -1
    outer loop
      vertex 1.4 9 0
      vertex 3 9 0
      vertex 2.97433 8.60842 0
    endloop
  endfacet
  facet normal 0 0 -1
    outer loop
      vertex 1.38802 8.81726 0
      vertex 2.97433 8.60842 0
      vertex 2.89778 8.22354 0
    endloop
  endfacet
  facet normal 0 0 -1
    outer loop
      vertex 3 9 0
      vertex 1.4 9 0
      vertex 2.97433 9.39158 0
    endloop
  endfacet
  facet normal 0 0 -1
    outer loop
      vertex 1.3523 8.63765 0
      vertex 2.89778 8.22354 0
      vertex 2.77164 7.85195 0
    endloop
  endfacet
  facet normal 0 0 -1
    outer loop
      vertex 1.38802 9.18274 0
      vertex 2.97433 9.39158 0
      vertex 1.4 9 0
    endloop
  endfacet
  facet normal 0 0 -1
    outer loop
      vertex 1.29343 8.46424 0
      vertex 2.77164 7.85195 0
      vertex 2.59808 7.5 0
    endloop
  endfacet
  facet normal -0 0 -1
    outer loop
      vertex 2.97433 9.39158 0
      vertex 1.38802 9.18274 0
      vertex 2.89778 9.77646 0
    endloop
  endfacet
  facet normal 0 0 -1
    outer loop
      vertex 1.21243 8.3 0
      vertex 2.59808 7.5 0
      vertex 2.38006 7.17372 0
    endloop
  endfacet
  facet normal 0 0 -1
    outer loop
      vertex 1.3523 9.36235 0
      vertex 2.89778 9.77646 0
      vertex 1.38802 9.18274 0
    endloop
  endfacet
  facet normal 0 0 -1
    outer loop
      vertex 1.11069 8.14773 0
      vertex 2.38006 7.17372 0
      vertex 2.12132 6.87868 0
    endloop
  endfacet
  facet normal -0 0 -1
    outer loop
      vertex 2.89778 9.77646 0
      vertex 1.3523 9.36235 0
      vertex 2.77164 10.148 0
    endloop
  endfacet
  facet normal 0 0 -1
    outer loop
      vertex 0.989949 8.01005 0
      vertex 2.12132 6.87868 0
      vertex 1.82628 6.61994 0
    endloop
  endfacet
  facet normal 0 0 -1
    outer loop
      vertex 1.29343 9.53576 0
      vertex 2.77164 10.148 0
      vertex 1.3523 9.36235 0
    endloop
  endfacet
  facet normal 0 0 -1
    outer loop
      vertex 0.852265 7.88931 0
      vertex 1.82628 6.61994 0
      vertex 1.5 6.40192 0
    endloop
  endfacet
  facet normal -0 0 -1
    outer loop
      vertex 2.77164 10.148 0
      vertex 1.29343 9.53576 0
      vertex 2.59808 10.5 0
    endloop
  endfacet
  facet normal 0 0 -1
    outer loop
      vertex 1.21243 9.7 0
      vertex 2.59808 10.5 0
      vertex 1.29343 9.53576 0
    endloop
  endfacet
  facet normal 0 0 -1
    outer loop
      vertex 2.97433 8.60842 0
      vertex 1.38802 8.81726 0
      vertex 1.4 9 0
    endloop
  endfacet
  facet normal 0 0 -1
    outer loop
      vertex 2.89778 8.22354 0
      vertex 1.3523 8.63765 0
      vertex 1.38802 8.81726 0
    endloop
  endfacet
  facet normal 0 0 -1
    outer loop
      vertex 2.77164 7.85195 0
      vertex 1.29343 8.46424 0
      vertex 1.3523 8.63765 0
    endloop
  endfacet
  facet normal 0 0 -1
    outer loop
      vertex 2.59808 7.5 0
      vertex 1.21243 8.3 0
      vertex 1.29343 8.46424 0
    endloop
  endfacet
  facet normal 0 0 -1
    outer loop
      vertex 0.7 7.78757 0
      vertex 1.5 6.40192 0
      vertex 1.14805 6.22836 0
    endloop
  endfacet
  facet normal 0 0 -1
    outer loop
      vertex 2.38006 7.17372 0
      vertex 1.11069 8.14773 0
      vertex 1.21243 8.3 0
    endloop
  endfacet
  facet normal 0 0 -1
    outer loop
      vertex 2.12132 6.87868 0
      vertex 0.989949 8.01005 0
      vertex 1.11069 8.14773 0
    endloop
  endfacet
  facet normal 0 0 -1
    outer loop
      vertex 1.82628 6.61994 0
      vertex 0.852265 7.88931 0
      vertex 0.989949 8.01005 0
    endloop
  endfacet
  facet normal 0 0 -1
    outer loop
      vertex 0.535756 7.70657 0
      vertex 1.14805 6.22836 0
      vertex 0.776457 6.10222 0
    endloop
  endfacet
  facet normal 0 0 -1
    outer loop
      vertex 1.5 6.40192 0
      vertex 0.7 7.78757 0
      vertex 0.852265 7.88931 0
    endloop
  endfacet
  facet normal 0 0 -1
    outer loop
      vertex 1.14805 6.22836 0
      vertex 0.535756 7.70657 0
      vertex 0.7 7.78757 0
    endloop
  endfacet
  facet normal 0 0 -1
    outer loop
      vertex 0.362347 7.6477 0
      vertex 0.776457 6.10222 0
      vertex 0.391578 6.02567 0
    endloop
  endfacet
  facet normal 0 0 -1
    outer loop
      vertex 0.776457 6.10222 0
      vertex 0.362347 7.6477 0
      vertex 0.535756 7.70657 0
    endloop
  endfacet
  facet normal 0 0 -1
    outer loop
      vertex 0.391578 6.02567 0
      vertex 0.182736 7.61198 0
      vertex 0.362347 7.6477 0
    endloop
  endfacet
  facet normal 0 0 -1
    outer loop
      vertex 0 6 0
      vertex 0.182736 7.61198 0
      vertex 0.391578 6.02567 0
    endloop
  endfacet
  facet normal 0 0 -1
    outer loop
      vertex 0 6 0
      vertex 0 7.6 0
      vertex 0.182736 7.61198 0
    endloop
  endfacet
  facet normal 0 0 -1
    outer loop
      vertex 0 6 0
      vertex -0.182736 7.61198 0
      vertex 0 7.6 0
    endloop
  endfacet
  facet normal 0 0 -1
    outer loop
      vertex -0.391578 6.02567 0
      vertex -0.182736 7.61198 0
      vertex 0 6 0
    endloop
  endfacet
  facet normal -0 0 -1
    outer loop
      vertex -0.182736 7.61198 0
      vertex -0.391578 6.02567 0
      vertex -0.362347 7.6477 0
    endloop
  endfacet
  facet normal 0 0 -1
    outer loop
      vertex -0.776457 6.10222 0
      vertex -0.362347 7.6477 0
      vertex -0.391578 6.02567 0
    endloop
  endfacet
  facet normal -0 0 -1
    outer loop
      vertex -0.362347 7.6477 0
      vertex -0.776457 6.10222 0
      vertex -0.535756 7.70657 0
    endloop
  endfacet
  facet normal 0 0 -1
    outer loop
      vertex -1.14805 6.22836 0
      vertex -0.535756 7.70657 0
      vertex -0.776457 6.10222 0
    endloop
  endfacet
  facet normal -0 0 -1
    outer loop
      vertex -0.535756 7.70657 0
      vertex -1.14805 6.22836 0
      vertex -0.7 7.78757 0
    endloop
  endfacet
  facet normal 0 0 -1
    outer loop
      vertex -1.5 6.40192 0
      vertex -0.7 7.78757 0
      vertex -1.14805 6.22836 0
    endloop
  endfacet
  facet normal -0 0 -1
    outer loop
      vertex -0.7 7.78757 0
      vertex -1.5 6.40192 0
      vertex -0.852265 7.88931 0
    endloop
  endfacet
  facet normal 0 0 -1
    outer loop
      vertex -1.82628 6.61994 0
      vertex -0.852265 7.88931 0
      vertex -1.5 6.40192 0
    endloop
  endfacet
  facet normal -0 0 -1
    outer loop
      vertex -0.852265 7.88931 0
      vertex -1.82628 6.61994 0
      vertex -0.989949 8.01005 0
    endloop
  endfacet
  facet normal 0 0 -1
    outer loop
      vertex -2.12132 6.87868 0
      vertex -0.989949 8.01005 0
      vertex -1.82628 6.61994 0
    endloop
  endfacet
  facet normal -0 0 -1
    outer loop
      vertex -0.989949 8.01005 0
      vertex -2.12132 6.87868 0
      vertex -1.11069 8.14773 0
    endloop
  endfacet
  facet normal 0 0 -1
    outer loop
      vertex -2.38006 7.17372 0
      vertex -1.11069 8.14773 0
      vertex -2.12132 6.87868 0
    endloop
  endfacet
  facet normal 0 0 -1
    outer loop
      vertex -2.59808 7.5 0
      vertex -1.21243 8.3 0
      vertex -2.38006 7.17372 0
    endloop
  endfacet
  facet normal -0 0 -1
    outer loop
      vertex -1.11069 8.14773 0
      vertex -2.38006 7.17372 0
      vertex -1.21243 8.3 0
    endloop
  endfacet
  facet normal -0 0 -1
    outer loop
      vertex 2.59808 10.5 0
      vertex 1.21243 9.7 0
      vertex 2.38006 10.8263 0
    endloop
  endfacet
  facet normal 0 0 -1
    outer loop
      vertex 1.11069 9.85227 0
      vertex 2.38006 10.8263 0
      vertex 1.21243 9.7 0
    endloop
  endfacet
  facet normal -0 0 -1
    outer loop
      vertex 2.38006 10.8263 0
      vertex 1.11069 9.85227 0
      vertex 2.12132 11.1213 0
    endloop
  endfacet
  facet normal 0 0 -1
    outer loop
      vertex 0.989949 9.98995 0
      vertex 2.12132 11.1213 0
      vertex 1.11069 9.85227 0
    endloop
  endfacet
  facet normal -0 0 -1
    outer loop
      vertex 2.12132 11.1213 0
      vertex 0.989949 9.98995 0
      vertex 1.82628 11.3801 0
    endloop
  endfacet
  facet normal 0 0 -1
    outer loop
      vertex 0.852265 10.1107 0
      vertex 1.82628 11.3801 0
      vertex 0.989949 9.98995 0
    endloop
  endfacet
  facet normal -0 0 -1
    outer loop
      vertex 1.82628 11.3801 0
      vertex 0.852265 10.1107 0
      vertex 1.5 11.5981 0
    endloop
  endfacet
  facet normal 0 0 -1
    outer loop
      vertex 0.7 10.2124 0
      vertex 1.5 11.5981 0
      vertex 0.852265 10.1107 0
    endloop
  endfacet
  facet normal -0 0 -1
    outer loop
      vertex 1.5 11.5981 0
      vertex 0.7 10.2124 0
      vertex 1.14805 11.7716 0
    endloop
  endfacet
  facet normal 0 0 -1
    outer loop
      vertex 0.535756 10.2934 0
      vertex 1.14805 11.7716 0
      vertex 0.7 10.2124 0
    endloop
  endfacet
  facet normal -0 0 -1
    outer loop
      vertex 1.14805 11.7716 0
      vertex 0.535756 10.2934 0
      vertex 0.776457 11.8978 0
    endloop
  endfacet
  facet normal 0 0 -1
    outer loop
      vertex 0.362347 10.3523 0
      vertex 0.776457 11.8978 0
      vertex 0.535756 10.2934 0
    endloop
  endfacet
  facet normal -0 0 -1
    outer loop
      vertex 0.776457 11.8978 0
      vertex 0.362347 10.3523 0
      vertex 0.391578 11.9743 0
    endloop
  endfacet
  facet normal 0 0 -1
    outer loop
      vertex 0.182736 10.388 0
      vertex 0.391578 11.9743 0
      vertex 0.362347 10.3523 0
    endloop
  endfacet
  facet normal 0 0 -1
    outer loop
      vertex 0 10.4 0
      vertex 0.391578 11.9743 0
      vertex 0.182736 10.388 0
    endloop
  endfacet
  facet normal 0 0 -1
    outer loop
      vertex 0 10.4 0
      vertex 0 12 0
      vertex 0.391578 11.9743 0
    endloop
  endfacet
  facet normal 0 0 -1
    outer loop
      vertex -0.182736 10.388 0
      vertex 0 12 0
      vertex 0 10.4 0
    endloop
  endfacet
  facet normal 0 0 -1
    outer loop
      vertex -0.391578 11.9743 0
      vertex -0.182736 10.388 0
      vertex -0.362347 10.3523 0
    endloop
  endfacet
  facet normal 0 0 -1
    outer loop
      vertex -0.182736 10.388 0
      vertex -0.391578 11.9743 0
      vertex 0 12 0
    endloop
  endfacet
  facet normal 0 0 -1
    outer loop
      vertex -0.776457 11.8978 0
      vertex -0.362347 10.3523 0
      vertex -0.535756 10.2934 0
    endloop
  endfacet
  facet normal 0 0 -1
    outer loop
      vertex -1.14805 11.7716 0
      vertex -0.535756 10.2934 0
      vertex -0.7 10.2124 0
    endloop
  endfacet
  facet normal 0 0 -1
    outer loop
      vertex -0.362347 10.3523 0
      vertex -0.776457 11.8978 0
      vertex -0.391578 11.9743 0
    endloop
  endfacet
  facet normal 0 0 -1
    outer loop
      vertex -1.5 11.5981 0
      vertex -0.7 10.2124 0
      vertex -0.852265 10.1107 0
    endloop
  endfacet
  facet normal 0 0 -1
    outer loop
      vertex -1.82628 11.3801 0
      vertex -0.852265 10.1107 0
      vertex -0.989949 9.98995 0
    endloop
  endfacet
  facet normal 0 0 -1
    outer loop
      vertex -2.12132 11.1213 0
      vertex -0.989949 9.98995 0
      vertex -1.11069 9.85227 0
    endloop
  endfacet
  facet normal 0 0 -1
    outer loop
      vertex -0.535756 10.2934 0
      vertex -1.14805 11.7716 0
      vertex -0.776457 11.8978 0
    endloop
  endfacet
  facet normal 0 0 -1
    outer loop
      vertex -2.38006 10.8263 0
      vertex -1.11069 9.85227 0
      vertex -1.21243 9.7 0
    endloop
  endfacet
  facet normal 0 0 -1
    outer loop
      vertex -2.59808 10.5 0
      vertex -1.21243 9.7 0
      vertex -1.29343 9.53576 0
    endloop
  endfacet
  facet normal 0 0 -1
    outer loop
      vertex -2.77164 10.148 0
      vertex -1.29343 9.53576 0
      vertex -1.3523 9.36235 0
    endloop
  endfacet
  facet normal 0 0 -1
    outer loop
      vertex -2.89778 9.77646 0
      vertex -1.3523 9.36235 0
      vertex -1.38802 9.18274 0
    endloop
  endfacet
  facet normal 0 0 -1
    outer loop
      vertex -0.7 10.2124 0
      vertex -1.5 11.5981 0
      vertex -1.14805 11.7716 0
    endloop
  endfacet
  facet normal 0 0 -1
    outer loop
      vertex -2.97433 9.39158 0
      vertex -1.38802 9.18274 0
      vertex -1.4 9 0
    endloop
  endfacet
  facet normal -0 0 -1
    outer loop
      vertex -1.21243 8.3 0
      vertex -2.59808 7.5 0
      vertex -1.29343 8.46424 0
    endloop
  endfacet
  facet normal 0 0 -1
    outer loop
      vertex -2.77164 7.85195 0
      vertex -1.29343 8.46424 0
      vertex -2.59808 7.5 0
    endloop
  endfacet
  facet normal 0 0 -1
    outer loop
      vertex -0.852265 10.1107 0
      vertex -1.82628 11.3801 0
      vertex -1.5 11.5981 0
    endloop
  endfacet
  facet normal -0 0 -1
    outer loop
      vertex -1.29343 8.46424 0
      vertex -2.77164 7.85195 0
      vertex -1.3523 8.63765 0
    endloop
  endfacet
  facet normal 0 0 -1
    outer loop
      vertex -0.989949 9.98995 0
      vertex -2.12132 11.1213 0
      vertex -1.82628 11.3801 0
    endloop
  endfacet
  facet normal 0 0 -1
    outer loop
      vertex -2.89778 8.22354 0
      vertex -1.3523 8.63765 0
      vertex -2.77164 7.85195 0
    endloop
  endfacet
  facet normal 0 0 -1
    outer loop
      vertex -1.11069 9.85227 0
      vertex -2.38006 10.8263 0
      vertex -2.12132 11.1213 0
    endloop
  endfacet
  facet normal -0 0 -1
    outer loop
      vertex -1.3523 8.63765 0
      vertex -2.89778 8.22354 0
      vertex -1.38802 8.81726 0
    endloop
  endfacet
  facet normal 0 0 -1
    outer loop
      vertex -1.21243 9.7 0
      vertex -2.59808 10.5 0
      vertex -2.38006 10.8263 0
    endloop
  endfacet
  facet normal 0 0 -1
    outer loop
      vertex -2.97433 8.60842 0
      vertex -1.38802 8.81726 0
      vertex -2.89778 8.22354 0
    endloop
  endfacet
  facet normal 0 0 -1
    outer loop
      vertex -1.29343 9.53576 0
      vertex -2.77164 10.148 0
      vertex -2.59808 10.5 0
    endloop
  endfacet
  facet normal -0 0 -1
    outer loop
      vertex -1.38802 8.81726 0
      vertex -2.97433 8.60842 0
      vertex -1.4 9 0
    endloop
  endfacet
  facet normal 0 0 -1
    outer loop
      vertex -1.3523 9.36235 0
      vertex -2.89778 9.77646 0
      vertex -2.77164 10.148 0
    endloop
  endfacet
  facet normal 0 0 -1
    outer loop
      vertex -3 9 0
      vertex -1.4 9 0
      vertex -2.97433 8.60842 0
    endloop
  endfacet
  facet normal 0 0 -1
    outer loop
      vertex -1.38802 9.18274 0
      vertex -2.97433 9.39158 0
      vertex -2.89778 9.77646 0
    endloop
  endfacet
  facet normal 0 0 -1
    outer loop
      vertex -1.4 9 0
      vertex -3 9 0
      vertex -2.97433 9.39158 0
    endloop
  endfacet
  facet normal 0.555582 -0.831462 0
    outer loop
      vertex 1.5 6.40192 0
      vertex 1.82628 6.61994 2
      vertex 1.5 6.40192 2
    endloop
  endfacet
  facet normal 0.555582 -0.831462 0
    outer loop
      vertex 1.82628 6.61994 2
      vertex 1.5 6.40192 0
      vertex 1.82628 6.61994 0
    endloop
  endfacet
  facet normal -0.751844 -0.659341 0
    outer loop
      vertex -2.12132 6.87868 0
      vertex -2.38006 7.17372 2
      vertex -2.38006 7.17372 0
    endloop
  endfacet
  facet normal -0.751844 -0.659341 0
    outer loop
      vertex -2.38006 7.17372 2
      vertex -2.12132 6.87868 0
      vertex -2.12132 6.87868 2
    endloop
  endfacet
  facet normal -0.659341 -0.751844 0
    outer loop
      vertex -2.12132 6.87868 0
      vertex -1.82628 6.61994 2
      vertex -2.12132 6.87868 2
    endloop
  endfacet
  facet normal -0.659341 -0.751844 -0
    outer loop
      vertex -1.82628 6.61994 2
      vertex -2.12132 6.87868 0
      vertex -1.82628 6.61994 0
    endloop
  endfacet
  facet normal -0.195073 -0.980789 0
    outer loop
      vertex -0.776457 6.10222 0
      vertex -0.391578 6.02567 2
      vertex -0.776457 6.10222 2
    endloop
  endfacet
  facet normal -0.195073 -0.980789 -0
    outer loop
      vertex -0.391578 6.02567 2
      vertex -0.776457 6.10222 0
      vertex -0.391578 6.02567 0
    endloop
  endfacet
  facet normal 0 0 1
    outer loop
      vertex 1.4 9 2
      vertex 3 9 2
      vertex 2.97433 9.39158 2
    endloop
  endfacet
  facet normal 0 0 1
    outer loop
      vertex 1.38802 9.18274 2
      vertex 2.97433 9.39158 2
      vertex 2.89778 9.77646 2
    endloop
  endfacet
  facet normal 0 0 1
    outer loop
      vertex 3 9 2
      vertex 1.4 9 2
      vertex 2.97433 8.60842 2
    endloop
  endfacet
  facet normal 0 0 1
    outer loop
      vertex 1.3523 9.36235 2
      vertex 2.89778 9.77646 2
      vertex 2.77164 10.148 2
    endloop
  endfacet
  facet normal -0 0 1
    outer loop
      vertex 1.38802 8.81726 2
      vertex 2.97433 8.60842 2
      vertex 1.4 9 2
    endloop
  endfacet
  facet normal 0 0 1
    outer loop
      vertex 1.29343 9.53576 2
      vertex 2.77164 10.148 2
      vertex 2.59808 10.5 2
    endloop
  endfacet
  facet normal 0 0 1
    outer loop
      vertex 2.97433 8.60842 2
      vertex 1.38802 8.81726 2
      vertex 2.89778 8.22354 2
    endloop
  endfacet
  facet normal 0 0 1
    outer loop
      vertex 1.21243 9.7 2
      vertex 2.59808 10.5 2
      vertex 2.38006 10.8263 2
    endloop
  endfacet
  facet normal -0 0 1
    outer loop
      vertex 1.3523 8.63765 2
      vertex 2.89778 8.22354 2
      vertex 1.38802 8.81726 2
    endloop
  endfacet
  facet normal 0 0 1
    outer loop
      vertex 1.11069 9.85227 2
      vertex 2.38006 10.8263 2
      vertex 2.12132 11.1213 2
    endloop
  endfacet
  facet normal 0 0 1
    outer loop
      vertex 2.89778 8.22354 2
      vertex 1.3523 8.63765 2
      vertex 2.77164 7.85195 2
    endloop
  endfacet
  facet normal 0 0 1
    outer loop
      vertex 0.989949 9.98995 2
      vertex 2.12132 11.1213 2
      vertex 1.82628 11.3801 2
    endloop
  endfacet
  facet normal -0 0 1
    outer loop
      vertex 1.29343 8.46424 2
      vertex 2.77164 7.85195 2
      vertex 1.3523 8.63765 2
    endloop
  endfacet
  facet normal 0 0 1
    outer loop
      vertex 0.852265 10.1107 2
      vertex 1.82628 11.3801 2
      vertex 1.5 11.5981 2
    endloop
  endfacet
  facet normal 0 0 1
    outer loop
      vertex 2.77164 7.85195 2
      vertex 1.29343 8.46424 2
      vertex 2.59808 7.5 2
    endloop
  endfacet
  facet normal -0 0 1
    outer loop
      vertex 1.21243 8.3 2
      vertex 2.59808 7.5 2
      vertex 1.29343 8.46424 2
    endloop
  endfacet
  facet normal 0 0 1
    outer loop
      vertex 2.97433 9.39158 2
      vertex 1.38802 9.18274 2
      vertex 1.4 9 2
    endloop
  endfacet
  facet normal 0 0 1
    outer loop
      vertex 2.89778 9.77646 2
      vertex 1.3523 9.36235 2
      vertex 1.38802 9.18274 2
    endloop
  endfacet
  facet normal 0 0 1
    outer loop
      vertex 2.77164 10.148 2
      vertex 1.29343 9.53576 2
      vertex 1.3523 9.36235 2
    endloop
  endfacet
  facet normal 0 0 1
    outer loop
      vertex 2.59808 10.5 2
      vertex 1.21243 9.7 2
      vertex 1.29343 9.53576 2
    endloop
  endfacet
  facet normal 0 0 1
    outer loop
      vertex 0.7 10.2124 2
      vertex 1.5 11.5981 2
      vertex 1.14805 11.7716 2
    endloop
  endfacet
  facet normal 0 0 1
    outer loop
      vertex 2.38006 10.8263 2
      vertex 1.11069 9.85227 2
      vertex 1.21243 9.7 2
    endloop
  endfacet
  facet normal 0 0 1
    outer loop
      vertex 2.12132 11.1213 2
      vertex 0.989949 9.98995 2
      vertex 1.11069 9.85227 2
    endloop
  endfacet
  facet normal 0 0 1
    outer loop
      vertex 1.82628 11.3801 2
      vertex 0.852265 10.1107 2
      vertex 0.989949 9.98995 2
    endloop
  endfacet
  facet normal 0 0 1
    outer loop
      vertex 0.535756 10.2934 2
      vertex 1.14805 11.7716 2
      vertex 0.776457 11.8978 2
    endloop
  endfacet
  facet normal 0 0 1
    outer loop
      vertex 1.5 11.5981 2
      vertex 0.7 10.2124 2
      vertex 0.852265 10.1107 2
    endloop
  endfacet
  facet normal 0 0 1
    outer loop
      vertex 1.14805 11.7716 2
      vertex 0.535756 10.2934 2
      vertex 0.7 10.2124 2
    endloop
  endfacet
  facet normal 0 0 1
    outer loop
      vertex 0.362347 10.3523 2
      vertex 0.776457 11.8978 2
      vertex 0.391578 11.9743 2
    endloop
  endfacet
  facet normal 0 0 1
    outer loop
      vertex 0.776457 11.8978 2
      vertex 0.362347 10.3523 2
      vertex 0.535756 10.2934 2
    endloop
  endfacet
  facet normal 0 0 1
    outer loop
      vertex 0.391578 11.9743 2
      vertex 0.182736 10.388 2
      vertex 0.362347 10.3523 2
    endloop
  endfacet
  facet normal 0 0 1
    outer loop
      vertex 0 12 2
      vertex 0.182736 10.388 2
      vertex 0.391578 11.9743 2
    endloop
  endfacet
  facet normal 0 0 1
    outer loop
      vertex 0 12 2
      vertex 0 10.4 2
      vertex 0.182736 10.388 2
    endloop
  endfacet
  facet normal 0 0 1
    outer loop
      vertex 0 12 2
      vertex -0.182736 10.388 2
      vertex 0 10.4 2
    endloop
  endfacet
  facet normal -0 0 1
    outer loop
      vertex -0.391578 11.9743 2
      vertex -0.182736 10.388 2
      vertex 0 12 2
    endloop
  endfacet
  facet normal 0 0 1
    outer loop
      vertex -0.182736 10.388 2
      vertex -0.391578 11.9743 2
      vertex -0.362347 10.3523 2
    endloop
  endfacet
  facet normal -0 0 1
    outer loop
      vertex -0.776457 11.8978 2
      vertex -0.362347 10.3523 2
      vertex -0.391578 11.9743 2
    endloop
  endfacet
  facet normal 0 0 1
    outer loop
      vertex -0.362347 10.3523 2
      vertex -0.776457 11.8978 2
      vertex -0.535756 10.2934 2
    endloop
  endfacet
  facet normal -0 0 1
    outer loop
      vertex -1.14805 11.7716 2
      vertex -0.535756 10.2934 2
      vertex -0.776457 11.8978 2
    endloop
  endfacet
  facet normal 0 0 1
    outer loop
      vertex -0.535756 10.2934 2
      vertex -1.14805 11.7716 2
      vertex -0.7 10.2124 2
    endloop
  endfacet
  facet normal -0 0 1
    outer loop
      vertex -1.5 11.5981 2
      vertex -0.7 10.2124 2
      vertex -1.14805 11.7716 2
    endloop
  endfacet
  facet normal 0 0 1
    outer loop
      vertex -0.7 10.2124 2
      vertex -1.5 11.5981 2
      vertex -0.852265 10.1107 2
    endloop
  endfacet
  facet normal -0 0 1
    outer loop
      vertex -1.82628 11.3801 2
      vertex -0.852265 10.1107 2
      vertex -1.5 11.5981 2
    endloop
  endfacet
  facet normal 0 0 1
    outer loop
      vertex -0.852265 10.1107 2
      vertex -1.82628 11.3801 2
      vertex -0.989949 9.98995 2
    endloop
  endfacet
  facet normal -0 0 1
    outer loop
      vertex -2.12132 11.1213 2
      vertex -0.989949 9.98995 2
      vertex -1.82628 11.3801 2
    endloop
  endfacet
  facet normal 0 0 1
    outer loop
      vertex -0.989949 9.98995 2
      vertex -2.12132 11.1213 2
      vertex -1.11069 9.85227 2
    endloop
  endfacet
  facet normal -0 0 1
    outer loop
      vertex -2.38006 10.8263 2
      vertex -1.11069 9.85227 2
      vertex -2.12132 11.1213 2
    endloop
  endfacet
  facet normal -0 0 1
    outer loop
      vertex -2.59808 10.5 2
      vertex -1.21243 9.7 2
      vertex -2.38006 10.8263 2
    endloop
  endfacet
  facet normal 0 0 1
    outer loop
      vertex -1.11069 9.85227 2
      vertex -2.38006 10.8263 2
      vertex -1.21243 9.7 2
    endloop
  endfacet
  facet normal 0 0 1
    outer loop
      vertex 2.59808 7.5 2
      vertex 1.21243 8.3 2
      vertex 2.38006 7.17372 2
    endloop
  endfacet
  facet normal -0 0 1
    outer loop
      vertex 1.11069 8.14773 2
      vertex 2.38006 7.17372 2
      vertex 1.21243 8.3 2
    endloop
  endfacet
  facet normal 0 0 1
    outer loop
      vertex 2.38006 7.17372 2
      vertex 1.11069 8.14773 2
      vertex 2.12132 6.87868 2
    endloop
  endfacet
  facet normal -0 0 1
    outer loop
      vertex 0.989949 8.01005 2
      vertex 2.12132 6.87868 2
      vertex 1.11069 8.14773 2
    endloop
  endfacet
  facet normal 0 0 1
    outer loop
      vertex 2.12132 6.87868 2
      vertex 0.989949 8.01005 2
      vertex 1.82628 6.61994 2
    endloop
  endfacet
  facet normal -0 0 1
    outer loop
      vertex 0.852265 7.88931 2
      vertex 1.82628 6.61994 2
      vertex 0.989949 8.01005 2
    endloop
  endfacet
  facet normal 0 0 1
    outer loop
      vertex 1.82628 6.61994 2
      vertex 0.852265 7.88931 2
      vertex 1.5 6.40192 2
    endloop
  endfacet
  facet normal -0 0 1
    outer loop
      vertex 0.7 7.78757 2
      vertex 1.5 6.40192 2
      vertex 0.852265 7.88931 2
    endloop
  endfacet
  facet normal 0 0 1
    outer loop
      vertex 1.5 6.40192 2
      vertex 0.7 7.78757 2
      vertex 1.14805 6.22836 2
    endloop
  endfacet
  facet normal -0 0 1
    outer loop
      vertex 0.535756 7.70657 2
      vertex 1.14805 6.22836 2
      vertex 0.7 7.78757 2
    endloop
  endfacet
  facet normal 0 0 1
    outer loop
      vertex 1.14805 6.22836 2
      vertex 0.535756 7.70657 2
      vertex 0.776457 6.10222 2
    endloop
  endfacet
  facet normal -0 0 1
    outer loop
      vertex 0.362347 7.6477 2
      vertex 0.776457 6.10222 2
      vertex 0.535756 7.70657 2
    endloop
  endfacet
  facet normal 0 0 1
    outer loop
      vertex 0.776457 6.10222 2
      vertex 0.362347 7.6477 2
      vertex 0.391578 6.02567 2
    endloop
  endfacet
  facet normal -0 0 1
    outer loop
      vertex 0.182736 7.61198 2
      vertex 0.391578 6.02567 2
      vertex 0.362347 7.6477 2
    endloop
  endfacet
  facet normal -0 0 1
    outer loop
      vertex 0 7.6 2
      vertex 0.391578 6.02567 2
      vertex 0.182736 7.61198 2
    endloop
  endfacet
  facet normal 0 0 1
    outer loop
      vertex 0 7.6 2
      vertex 0 6 2
      vertex 0.391578 6.02567 2
    endloop
  endfacet
  facet normal 0 0 1
    outer loop
      vertex -0.182736 7.61198 2
      vertex 0 6 2
      vertex 0 7.6 2
    endloop
  endfacet
  facet normal 0 0 1
    outer loop
      vertex -0.391578 6.02567 2
      vertex -0.182736 7.61198 2
      vertex -0.362347 7.6477 2
    endloop
  endfacet
  facet normal 0 0 1
    outer loop
      vertex -0.182736 7.61198 2
      vertex -0.391578 6.02567 2
      vertex 0 6 2
    endloop
  endfacet
  facet normal 0 0 1
    outer loop
      vertex -0.776457 6.10222 2
      vertex -0.362347 7.6477 2
      vertex -0.535756 7.70657 2
    endloop
  endfacet
  facet normal 0 0 1
    outer loop
      vertex -1.14805 6.22836 2
      vertex -0.535756 7.70657 2
      vertex -0.7 7.78757 2
    endloop
  endfacet
  facet normal 0 0 1
    outer loop
      vertex -0.362347 7.6477 2
      vertex -0.776457 6.10222 2
      vertex -0.391578 6.02567 2
    endloop
  endfacet
  facet normal 0 0 1
    outer loop
      vertex -1.5 6.40192 2
      vertex -0.7 7.78757 2
      vertex -0.852265 7.88931 2
    endloop
  endfacet
  facet normal 0 0 1
    outer loop
      vertex -1.82628 6.61994 2
      vertex -0.852265 7.88931 2
      vertex -0.989949 8.01005 2
    endloop
  endfacet
  facet normal 0 0 1
    outer loop
      vertex -2.12132 6.87868 2
      vertex -0.989949 8.01005 2
      vertex -1.11069 8.14773 2
    endloop
  endfacet
  facet normal 0 0 1
    outer loop
      vertex -0.535756 7.70657 2
      vertex -1.14805 6.22836 2
      vertex -0.776457 6.10222 2
    endloop
  endfacet
  facet normal 0 0 1
    outer loop
      vertex -2.38006 7.17372 2
      vertex -1.11069 8.14773 2
      vertex -1.21243 8.3 2
    endloop
  endfacet
  facet normal 0 0 1
    outer loop
      vertex -2.59808 7.5 2
      vertex -1.21243 8.3 2
      vertex -1.29343 8.46424 2
    endloop
  endfacet
  facet normal 0 0 1
    outer loop
      vertex -2.77164 7.85195 2
      vertex -1.29343 8.46424 2
      vertex -1.3523 8.63765 2
    endloop
  endfacet
  facet normal 0 0 1
    outer loop
      vertex -2.89778 8.22354 2
      vertex -1.3523 8.63765 2
      vertex -1.38802 8.81726 2
    endloop
  endfacet
  facet normal 0 0 1
    outer loop
      vertex -0.7 7.78757 2
      vertex -1.5 6.40192 2
      vertex -1.14805 6.22836 2
    endloop
  endfacet
  facet normal 0 0 1
    outer loop
      vertex -2.97433 8.60842 2
      vertex -1.38802 8.81726 2
      vertex -1.4 9 2
    endloop
  endfacet
  facet normal 0 0 1
    outer loop
      vertex -1.21243 9.7 2
      vertex -2.59808 10.5 2
      vertex -1.29343 9.53576 2
    endloop
  endfacet
  facet normal -0 0 1
    outer loop
      vertex -2.77164 10.148 2
      vertex -1.29343 9.53576 2
      vertex -2.59808 10.5 2
    endloop
  endfacet
  facet normal 0 0 1
    outer loop
      vertex -0.852265 7.88931 2
      vertex -1.82628 6.61994 2
      vertex -1.5 6.40192 2
    endloop
  endfacet
  facet normal 0 0 1
    outer loop
      vertex -1.29343 9.53576 2
      vertex -2.77164 10.148 2
      vertex -1.3523 9.36235 2
    endloop
  endfacet
  facet normal 0 0 1
    outer loop
      vertex -0.989949 8.01005 2
      vertex -2.12132 6.87868 2
      vertex -1.82628 6.61994 2
    endloop
  endfacet
  facet normal -0 0 1
    outer loop
      vertex -2.89778 9.77646 2
      vertex -1.3523 9.36235 2
      vertex -2.77164 10.148 2
    endloop
  endfacet
  facet normal 0 0 1
    outer loop
      vertex -1.11069 8.14773 2
      vertex -2.38006 7.17372 2
      vertex -2.12132 6.87868 2
    endloop
  endfacet
  facet normal 0 0 1
    outer loop
      vertex -1.3523 9.36235 2
      vertex -2.89778 9.77646 2
      vertex -1.38802 9.18274 2
    endloop
  endfacet
  facet normal 0 0 1
    outer loop
      vertex -1.21243 8.3 2
      vertex -2.59808 7.5 2
      vertex -2.38006 7.17372 2
    endloop
  endfacet
  facet normal -0 0 1
    outer loop
      vertex -2.97433 9.39158 2
      vertex -1.38802 9.18274 2
      vertex -2.89778 9.77646 2
    endloop
  endfacet
  facet normal 0 0 1
    outer loop
      vertex -1.29343 8.46424 2
      vertex -2.77164 7.85195 2
      vertex -2.59808 7.5 2
    endloop
  endfacet
  facet normal 0 0 1
    outer loop
      vertex -1.38802 9.18274 2
      vertex -2.97433 9.39158 2
      vertex -1.4 9 2
    endloop
  endfacet
  facet normal 0 0 1
    outer loop
      vertex -1.3523 8.63765 2
      vertex -2.89778 8.22354 2
      vertex -2.77164 7.85195 2
    endloop
  endfacet
  facet normal 0 0 1
    outer loop
      vertex -3 9 2
      vertex -1.4 9 2
      vertex -2.97433 9.39158 2
    endloop
  endfacet
  facet normal 0 0 1
    outer loop
      vertex -1.38802 8.81726 2
      vertex -2.97433 8.60842 2
      vertex -2.89778 8.22354 2
    endloop
  endfacet
  facet normal 0 0 1
    outer loop
      vertex -1.4 9 2
      vertex -3 9 2
      vertex -2.97433 8.60842 2
    endloop
  endfacet
  facet normal -0.980792 0.195055 0
    outer loop
      vertex 1.3523 8.63765 0
      vertex 1.38802 8.81726 2
      vertex 1.38802 8.81726 0
    endloop
  endfacet
  facet normal -0.980792 0.195055 0
    outer loop
      vertex 1.38802 8.81726 2
      vertex 1.3523 8.63765 0
      vertex 1.3523 8.63765 2
    endloop
  endfacet
  facet normal -0.980792 -0.195055 0
    outer loop
      vertex 1.38802 9.18274 0
      vertex 1.3523 9.36235 2
      vertex 1.3523 9.36235 0
    endloop
  endfacet
  facet normal -0.980792 -0.195055 0
    outer loop
      vertex 1.3523 9.36235 2
      vertex 1.38802 9.18274 0
      vertex 1.38802 9.18274 2
    endloop
  endfacet
  facet normal -0.997858 -0.0654172 0
    outer loop
      vertex 1.4 9 0
      vertex 1.38802 9.18274 2
      vertex 1.38802 9.18274 0
    endloop
  endfacet
  facet normal -0.997858 -0.0654172 0
    outer loop
      vertex 1.38802 9.18274 2
      vertex 1.4 9 0
      vertex 1.4 9 2
    endloop
  endfacet
  facet normal -0.946921 -0.321465 0
    outer loop
      vertex 1.3523 9.36235 0
      vertex 1.29343 9.53576 2
      vertex 1.29343 9.53576 0
    endloop
  endfacet
  facet normal -0.946921 -0.321465 0
    outer loop
      vertex 1.29343 9.53576 2
      vertex 1.3523 9.36235 0
      vertex 1.3523 9.36235 2
    endloop
  endfacet
  facet normal 0.997858 -0.0654172 0
    outer loop
      vertex -1.4 9 2
      vertex -1.38802 9.18274 0
      vertex -1.38802 9.18274 2
    endloop
  endfacet
  facet normal 0.997858 -0.0654172 0
    outer loop
      vertex -1.38802 9.18274 0
      vertex -1.4 9 2
      vertex -1.4 9 0
    endloop
  endfacet
  facet normal -0.442305 0.896864 0
    outer loop
      vertex 0.7 7.78757 0
      vertex 0.535756 7.70657 2
      vertex 0.7 7.78757 2
    endloop
  endfacet
  facet normal -0.442305 0.896864 0
    outer loop
      vertex 0.535756 7.70657 2
      vertex 0.7 7.78757 0
      vertex 0.535756 7.70657 0
    endloop
  endfacet
  facet normal -0.194949 -0.980813 0
    outer loop
      vertex 0.182736 10.388 0
      vertex 0.362347 10.3523 2
      vertex 0.182736 10.388 2
    endloop
  endfacet
  facet normal -0.194949 -0.980813 -0
    outer loop
      vertex 0.362347 10.3523 2
      vertex 0.182736 10.388 0
      vertex 0.362347 10.3523 0
    endloop
  endfacet
  facet normal -0.195054 0.980792 0
    outer loop
      vertex 0.362347 7.6477 0
      vertex 0.182736 7.61198 2
      vertex 0.362347 7.6477 2
    endloop
  endfacet
  facet normal -0.195054 0.980792 0
    outer loop
      vertex 0.182736 7.61198 2
      vertex 0.362347 7.6477 0
      vertex 0.182736 7.61198 0
    endloop
  endfacet
  facet normal -0.0654186 0.997858 0
    outer loop
      vertex 0.182736 7.61198 0
      vertex 0 7.6 2
      vertex 0.182736 7.61198 2
    endloop
  endfacet
  facet normal -0.0654186 0.997858 0
    outer loop
      vertex 0 7.6 2
      vertex 0.182736 7.61198 0
      vertex 0 7.6 0
    endloop
  endfacet
  facet normal 0.659359 -0.751828 0
    outer loop
      vertex -0.989949 9.98995 0
      vertex -0.852265 10.1107 2
      vertex -0.989949 9.98995 2
    endloop
  endfacet
  facet normal 0.659359 -0.751828 0
    outer loop
      vertex -0.852265 10.1107 2
      vertex -0.989949 9.98995 0
      vertex -0.852265 10.1107 0
    endloop
  endfacet
  facet normal 0.831479 -0.555557 0
    outer loop
      vertex -1.21243 9.7 2
      vertex -1.11069 9.85227 0
      vertex -1.11069 9.85227 2
    endloop
  endfacet
  facet normal 0.831479 -0.555557 0
    outer loop
      vertex -1.11069 9.85227 0
      vertex -1.21243 9.7 2
      vertex -1.21243 9.7 0
    endloop
  endfacet
  facet normal -0.321614 -0.946871 0
    outer loop
      vertex 0.362347 10.3523 0
      vertex 0.535756 10.2934 2
      vertex 0.362347 10.3523 2
    endloop
  endfacet
  facet normal -0.321614 -0.946871 -0
    outer loop
      vertex 0.535756 10.2934 2
      vertex 0.362347 10.3523 0
      vertex 0.535756 10.2934 0
    endloop
  endfacet
  facet normal -0.659328 0.751855 0
    outer loop
      vertex 0.989949 8.01005 0
      vertex 0.852265 7.88931 2
      vertex 0.989949 8.01005 2
    endloop
  endfacet
  facet normal -0.659328 0.751855 0
    outer loop
      vertex 0.852265 7.88931 2
      vertex 0.989949 8.01005 0
      vertex 0.852265 7.88931 0
    endloop
  endfacet
  facet normal 0.442305 -0.896864 0
    outer loop
      vertex -0.7 10.2124 0
      vertex -0.535756 10.2934 2
      vertex -0.7 10.2124 2
    endloop
  endfacet
  facet normal 0.442305 -0.896864 0
    outer loop
      vertex -0.535756 10.2934 2
      vertex -0.7 10.2124 0
      vertex -0.535756 10.2934 0
    endloop
  endfacet
  facet normal 0.0654186 0.997858 -0
    outer loop
      vertex 0 7.6 0
      vertex -0.182736 7.61198 2
      vertex 0 7.6 2
    endloop
  endfacet
  facet normal 0.0654186 0.997858 0
    outer loop
      vertex -0.182736 7.61198 2
      vertex 0 7.6 0
      vertex -0.182736 7.61198 0
    endloop
  endfacet
  facet normal -0.751843 0.659342 0
    outer loop
      vertex 0.989949 8.01005 0
      vertex 1.11069 8.14773 2
      vertex 1.11069 8.14773 0
    endloop
  endfacet
  facet normal -0.751843 0.659342 0
    outer loop
      vertex 1.11069 8.14773 2
      vertex 0.989949 8.01005 0
      vertex 0.989949 8.01005 2
    endloop
  endfacet
  facet normal 0.946921 0.321465 0
    outer loop
      vertex -1.29343 8.46424 2
      vertex -1.3523 8.63765 0
      vertex -1.3523 8.63765 2
    endloop
  endfacet
  facet normal 0.946921 0.321465 0
    outer loop
      vertex -1.3523 8.63765 0
      vertex -1.29343 8.46424 2
      vertex -1.29343 8.46424 0
    endloop
  endfacet
  facet normal -0.321467 0.946921 0
    outer loop
      vertex 0.535756 7.70657 0
      vertex 0.362347 7.6477 2
      vertex 0.535756 7.70657 2
    endloop
  endfacet
  facet normal -0.321467 0.946921 0
    outer loop
      vertex 0.362347 7.6477 2
      vertex 0.535756 7.70657 0
      vertex 0.362347 7.6477 0
    endloop
  endfacet
  facet normal 0.321614 -0.946871 0
    outer loop
      vertex -0.535756 10.2934 0
      vertex -0.362347 10.3523 2
      vertex -0.535756 10.2934 2
    endloop
  endfacet
  facet normal 0.321614 -0.946871 0
    outer loop
      vertex -0.362347 10.3523 2
      vertex -0.535756 10.2934 0
      vertex -0.362347 10.3523 0
    endloop
  endfacet
  facet normal 0.555418 -0.831571 0
    outer loop
      vertex -0.852265 10.1107 0
      vertex -0.7 10.2124 2
      vertex -0.852265 10.1107 2
    endloop
  endfacet
  facet normal 0.555418 -0.831571 0
    outer loop
      vertex -0.7 10.2124 2
      vertex -0.852265 10.1107 0
      vertex -0.7 10.2124 0
    endloop
  endfacet
  facet normal 0.946921 -0.321465 0
    outer loop
      vertex -1.3523 9.36235 2
      vertex -1.29343 9.53576 0
      vertex -1.29343 9.53576 2
    endloop
  endfacet
  facet normal 0.946921 -0.321465 0
    outer loop
      vertex -1.29343 9.53576 0
      vertex -1.3523 9.36235 2
      vertex -1.3523 9.36235 0
    endloop
  endfacet
  facet normal -0.89686 -0.442314 0
    outer loop
      vertex 1.29343 9.53576 0
      vertex 1.21243 9.7 2
      vertex 1.21243 9.7 0
    endloop
  endfacet
  facet normal -0.89686 -0.442314 0
    outer loop
      vertex 1.21243 9.7 2
      vertex 1.29343 9.53576 0
      vertex 1.29343 9.53576 2
    endloop
  endfacet
  facet normal 0.194949 -0.980813 0
    outer loop
      vertex -0.362347 10.3523 0
      vertex -0.182736 10.388 2
      vertex -0.362347 10.3523 2
    endloop
  endfacet
  facet normal 0.194949 -0.980813 0
    outer loop
      vertex -0.182736 10.388 2
      vertex -0.362347 10.3523 0
      vertex -0.182736 10.388 0
    endloop
  endfacet
  facet normal -0.659359 -0.751828 0
    outer loop
      vertex 0.852265 10.1107 0
      vertex 0.989949 9.98995 2
      vertex 0.852265 10.1107 2
    endloop
  endfacet
  facet normal -0.659359 -0.751828 -0
    outer loop
      vertex 0.989949 9.98995 2
      vertex 0.852265 10.1107 0
      vertex 0.989949 9.98995 0
    endloop
  endfacet
  facet normal -0.997858 0.0654172 0
    outer loop
      vertex 1.38802 8.81726 0
      vertex 1.4 9 2
      vertex 1.4 9 0
    endloop
  endfacet
  facet normal -0.997858 0.0654172 0
    outer loop
      vertex 1.4 9 2
      vertex 1.38802 8.81726 0
      vertex 1.38802 8.81726 2
    endloop
  endfacet
  facet normal -0.442305 -0.896864 0
    outer loop
      vertex 0.535756 10.2934 0
      vertex 0.7 10.2124 2
      vertex 0.535756 10.2934 2
    endloop
  endfacet
  facet normal -0.442305 -0.896864 -0
    outer loop
      vertex 0.7 10.2124 2
      vertex 0.535756 10.2934 0
      vertex 0.7 10.2124 0
    endloop
  endfacet
  facet normal 0.321467 0.946921 -0
    outer loop
      vertex -0.362347 7.6477 0
      vertex -0.535756 7.70657 2
      vertex -0.362347 7.6477 2
    endloop
  endfacet
  facet normal 0.321467 0.946921 0
    outer loop
      vertex -0.535756 7.70657 2
      vertex -0.362347 7.6477 0
      vertex -0.535756 7.70657 0
    endloop
  endfacet
  facet normal 0.980792 -0.195055 0
    outer loop
      vertex -1.38802 9.18274 2
      vertex -1.3523 9.36235 0
      vertex -1.3523 9.36235 2
    endloop
  endfacet
  facet normal 0.980792 -0.195055 0
    outer loop
      vertex -1.3523 9.36235 0
      vertex -1.38802 9.18274 2
      vertex -1.38802 9.18274 0
    endloop
  endfacet
  facet normal 0.0655274 -0.997851 0
    outer loop
      vertex -0.182736 10.388 0
      vertex 0 10.4 2
      vertex -0.182736 10.388 2
    endloop
  endfacet
  facet normal 0.0655274 -0.997851 0
    outer loop
      vertex 0 10.4 2
      vertex -0.182736 10.388 0
      vertex 0 10.4 0
    endloop
  endfacet
  facet normal -0.946921 0.321465 0
    outer loop
      vertex 1.29343 8.46424 0
      vertex 1.3523 8.63765 2
      vertex 1.3523 8.63765 0
    endloop
  endfacet
  facet normal -0.946921 0.321465 0
    outer loop
      vertex 1.3523 8.63765 2
      vertex 1.29343 8.46424 0
      vertex 1.29343 8.46424 2
    endloop
  endfacet
  facet normal -0.831479 -0.555557 0
    outer loop
      vertex 1.21243 9.7 0
      vertex 1.11069 9.85227 2
      vertex 1.11069 9.85227 0
    endloop
  endfacet
  facet normal -0.831479 -0.555557 0
    outer loop
      vertex 1.11069 9.85227 2
      vertex 1.21243 9.7 0
      vertex 1.21243 9.7 2
    endloop
  endfacet
  facet normal -0.751843 -0.659342 0
    outer loop
      vertex 1.11069 9.85227 0
      vertex 0.989949 9.98995 2
      vertex 0.989949 9.98995 0
    endloop
  endfacet
  facet normal -0.751843 -0.659342 0
    outer loop
      vertex 0.989949 9.98995 2
      vertex 1.11069 9.85227 0
      vertex 1.11069 9.85227 2
    endloop
  endfacet
  facet normal 0.89686 0.442314 0
    outer loop
      vertex -1.21243 8.3 2
      vertex -1.29343 8.46424 0
      vertex -1.29343 8.46424 2
    endloop
  endfacet
  facet normal 0.89686 0.442314 0
    outer loop
      vertex -1.29343 8.46424 0
      vertex -1.21243 8.3 2
      vertex -1.21243 8.3 0
    endloop
  endfacet
  facet normal -0.89686 0.442314 0
    outer loop
      vertex 1.21243 8.3 0
      vertex 1.29343 8.46424 2
      vertex 1.29343 8.46424 0
    endloop
  endfacet
  facet normal -0.89686 0.442314 0
    outer loop
      vertex 1.29343 8.46424 2
      vertex 1.21243 8.3 0
      vertex 1.21243 8.3 2
    endloop
  endfacet
  facet normal 0.751843 0.659342 0
    outer loop
      vertex -0.989949 8.01005 2
      vertex -1.11069 8.14773 0
      vertex -1.11069 8.14773 2
    endloop
  endfacet
  facet normal 0.751843 0.659342 0
    outer loop
      vertex -1.11069 8.14773 0
      vertex -0.989949 8.01005 2
      vertex -0.989949 8.01005 0
    endloop
  endfacet
  facet normal -0.831479 0.555557 0
    outer loop
      vertex 1.11069 8.14773 0
      vertex 1.21243 8.3 2
      vertex 1.21243 8.3 0
    endloop
  endfacet
  facet normal -0.831479 0.555557 0
    outer loop
      vertex 1.21243 8.3 2
      vertex 1.11069 8.14773 0
      vertex 1.11069 8.14773 2
    endloop
  endfacet
  facet normal 0.751843 -0.659342 0
    outer loop
      vertex -1.11069 9.85227 2
      vertex -0.989949 9.98995 0
      vertex -0.989949 9.98995 2
    endloop
  endfacet
  facet normal 0.751843 -0.659342 0
    outer loop
      vertex -0.989949 9.98995 0
      vertex -1.11069 9.85227 2
      vertex -1.11069 9.85227 0
    endloop
  endfacet
  facet normal -0.0655274 -0.997851 0
    outer loop
      vertex 0 10.4 0
      vertex 0.182736 10.388 2
      vertex 0 10.4 2
    endloop
  endfacet
  facet normal -0.0655274 -0.997851 -0
    outer loop
      vertex 0.182736 10.388 2
      vertex 0 10.4 0
      vertex 0.182736 10.388 0
    endloop
  endfacet
  facet normal -0.555418 -0.831571 0
    outer loop
      vertex 0.7 10.2124 0
      vertex 0.852265 10.1107 2
      vertex 0.7 10.2124 2
    endloop
  endfacet
  facet normal -0.555418 -0.831571 -0
    outer loop
      vertex 0.852265 10.1107 2
      vertex 0.7 10.2124 0
      vertex 0.852265 10.1107 0
    endloop
  endfacet
  facet normal 0.442305 0.896864 -0
    outer loop
      vertex -0.535756 7.70657 0
      vertex -0.7 7.78757 2
      vertex -0.535756 7.70657 2
    endloop
  endfacet
  facet normal 0.442305 0.896864 0
    outer loop
      vertex -0.7 7.78757 2
      vertex -0.535756 7.70657 0
      vertex -0.7 7.78757 0
    endloop
  endfacet
  facet normal 0.831479 0.555557 0
    outer loop
      vertex -1.11069 8.14773 2
      vertex -1.21243 8.3 0
      vertex -1.21243 8.3 2
    endloop
  endfacet
  facet normal 0.831479 0.555557 0
    outer loop
      vertex -1.21243 8.3 0
      vertex -1.11069 8.14773 2
      vertex -1.11069 8.14773 0
    endloop
  endfacet
  facet normal 0.980792 0.195055 0
    outer loop
      vertex -1.3523 8.63765 2
      vertex -1.38802 8.81726 0
      vertex -1.38802 8.81726 2
    endloop
  endfacet
  facet normal 0.980792 0.195055 0
    outer loop
      vertex -1.38802 8.81726 0
      vertex -1.3523 8.63765 2
      vertex -1.3523 8.63765 0
    endloop
  endfacet
  facet normal 0.195054 0.980792 -0
    outer loop
      vertex -0.182736 7.61198 0
      vertex -0.362347 7.6477 2
      vertex -0.182736 7.61198 2
    endloop
  endfacet
  facet normal 0.195054 0.980792 0
    outer loop
      vertex -0.362347 7.6477 2
      vertex -0.182736 7.61198 0
      vertex -0.362347 7.6477 0
    endloop
  endfacet
  facet normal 0.659328 0.751855 -0
    outer loop
      vertex -0.852265 7.88931 0
      vertex -0.989949 8.01005 2
      vertex -0.852265 7.88931 2
    endloop
  endfacet
  facet normal 0.659328 0.751855 0
    outer loop
      vertex -0.989949 8.01005 2
      vertex -0.852265 7.88931 0
      vertex -0.989949 8.01005 0
    endloop
  endfacet
  facet normal 0.89686 -0.442314 0
    outer loop
      vertex -1.29343 9.53576 2
      vertex -1.21243 9.7 0
      vertex -1.21243 9.7 2
    endloop
  endfacet
  facet normal 0.89686 -0.442314 0
    outer loop
      vertex -1.21243 9.7 0
      vertex -1.29343 9.53576 2
      vertex -1.29343 9.53576 0
    endloop
  endfacet
  facet normal 0.997858 0.0654172 0
    outer loop
      vertex -1.38802 8.81726 2
      vertex -1.4 9 0
      vertex -1.4 9 2
    endloop
  endfacet
  facet normal 0.997858 0.0654172 0
    outer loop
      vertex -1.4 9 0
      vertex -1.38802 8.81726 2
      vertex -1.38802 8.81726 0
    endloop
  endfacet
  facet normal -0.555569 0.83147 0
    outer loop
      vertex 0.852265 7.88931 0
      vertex 0.7 7.78757 2
      vertex 0.852265 7.88931 2
    endloop
  endfacet
  facet normal -0.555569 0.83147 0
    outer loop
      vertex 0.7 7.78757 2
      vertex 0.852265 7.88931 0
      vertex 0.7 7.78757 0
    endloop
  endfacet
  facet normal 0.555569 0.83147 -0
    outer loop
      vertex -0.7 7.78757 0
      vertex -0.852265 7.88931 2
      vertex -0.7 7.78757 2
    endloop
  endfacet
  facet normal 0.555569 0.83147 0
    outer loop
      vertex -0.852265 7.88931 2
      vertex -0.7 7.78757 0
      vertex -0.852265 7.88931 0
    endloop
  endfacet
  facet normal 0.980813 0.19495 0
    outer loop
      vertex 11.9743 9.39158 4.26
      vertex 11.8978 9.77646 0
      vertex 11.8978 9.77646 4.26
    endloop
  endfacet
  facet normal 0.980813 0.19495 0
    outer loop
      vertex 11.8978 9.77646 0
      vertex 11.9743 9.39158 4.26
      vertex 11.9743 9.39158 0
    endloop
  endfacet
  facet normal 0.997853 0.0654906 0
    outer loop
      vertex 12 9 4.26
      vertex 11.9743 9.39158 0
      vertex 11.9743 9.39158 4.26
    endloop
  endfacet
  facet normal 0.997853 0.0654906 0
    outer loop
      vertex 11.9743 9.39158 0
      vertex 12 9 4.26
      vertex 12 9 0
    endloop
  endfacet
  facet normal -0.8969 0.442233 0
    outer loop
      vertex 6.22836 10.148 0
      vertex 6.40192 10.5 4.26
      vertex 6.40192 10.5 0
    endloop
  endfacet
  facet normal -0.8969 0.442233 0
    outer loop
      vertex 6.40192 10.5 4.26
      vertex 6.22836 10.148 0
      vertex 6.22836 10.148 4.26
    endloop
  endfacet
  facet normal 0.751768 -0.659428 0
    outer loop
      vertex 11.1213 6.87868 4.26
      vertex 11.3801 7.17372 0
      vertex 11.3801 7.17372 4.26
    endloop
  endfacet
  facet normal 0.751768 -0.659428 0
    outer loop
      vertex 11.3801 7.17372 0
      vertex 11.1213 6.87868 4.26
      vertex 11.1213 6.87868 0
    endloop
  endfacet
  facet normal 0.980813 -0.19495 0
    outer loop
      vertex 11.8978 8.22354 4.26
      vertex 11.9743 8.60842 0
      vertex 11.9743 8.60842 4.26
    endloop
  endfacet
  facet normal 0.980813 -0.19495 0
    outer loop
      vertex 11.9743 8.60842 0
      vertex 11.8978 8.22354 4.26
      vertex 11.8978 8.22354 0
    endloop
  endfacet
  facet normal -0.321582 0.946882 0
    outer loop
      vertex 8.22354 11.8978 0
      vertex 7.85195 11.7716 4.26
      vertex 8.22354 11.8978 4.26
    endloop
  endfacet
  facet normal -0.321582 0.946882 0
    outer loop
      vertex 7.85195 11.7716 4.26
      vertex 8.22354 11.8978 0
      vertex 7.85195 11.7716 0
    endloop
  endfacet
  facet normal 0.659478 0.751724 -0
    outer loop
      vertex 11.1213 11.1213 0
      vertex 10.8263 11.3801 4.26
      vertex 11.1213 11.1213 4.26
    endloop
  endfacet
  facet normal 0.659478 0.751724 0
    outer loop
      vertex 10.8263 11.3801 4.26
      vertex 11.1213 11.1213 0
      vertex 10.8263 11.3801 0
    endloop
  endfacet
  facet normal 0.442233 -0.8969 0
    outer loop
      vertex 10.148 6.22836 0
      vertex 10.5 6.40192 4.26
      vertex 10.148 6.22836 4.26
    endloop
  endfacet
  facet normal 0.442233 -0.8969 0
    outer loop
      vertex 10.5 6.40192 4.26
      vertex 10.148 6.22836 0
      vertex 10.5 6.40192 0
    endloop
  endfacet
  facet normal 0.896936 -0.44216 0
    outer loop
      vertex 11.5981 7.5 4.26
      vertex 11.7716 7.85195 0
      vertex 11.7716 7.85195 4.26
    endloop
  endfacet
  facet normal 0.896936 -0.44216 0
    outer loop
      vertex 11.7716 7.85195 0
      vertex 11.5981 7.5 4.26
      vertex 11.5981 7.5 0
    endloop
  endfacet
  facet normal -0.997858 0.0654145 0
    outer loop
      vertex 6 9 0
      vertex 6.02567 9.39158 4.26
      vertex 6.02567 9.39158 0
    endloop
  endfacet
  facet normal -0.997858 0.0654145 0
    outer loop
      vertex 6.02567 9.39158 4.26
      vertex 6 9 0
      vertex 6 9 4.26
    endloop
  endfacet
  facet normal 0.946882 -0.321582 0
    outer loop
      vertex 11.7716 7.85195 4.26
      vertex 11.8978 8.22354 0
      vertex 11.8978 8.22354 4.26
    endloop
  endfacet
  facet normal 0.946882 -0.321582 0
    outer loop
      vertex 11.8978 8.22354 0
      vertex 11.7716 7.85195 4.26
      vertex 11.7716 7.85195 0
    endloop
  endfacet
  facet normal -0.659428 0.751768 0
    outer loop
      vertex 7.17372 11.3801 0
      vertex 6.87868 11.1213 4.26
      vertex 7.17372 11.3801 4.26
    endloop
  endfacet
  facet normal -0.659428 0.751768 0
    outer loop
      vertex 6.87868 11.1213 4.26
      vertex 7.17372 11.3801 0
      vertex 6.87868 11.1213 0
    endloop
  endfacet
  facet normal 0.321483 -0.946915 0
    outer loop
      vertex 9.77646 6.10222 0
      vertex 10.148 6.22836 4.26
      vertex 9.77646 6.10222 4.26
    endloop
  endfacet
  facet normal 0.321483 -0.946915 0
    outer loop
      vertex 10.148 6.22836 4.26
      vertex 9.77646 6.10222 0
      vertex 10.148 6.22836 0
    endloop
  endfacet
  facet normal 0.896961 0.44211 0
    outer loop
      vertex 11.7716 10.148 4.26
      vertex 11.5981 10.5 0
      vertex 11.5981 10.5 4.26
    endloop
  endfacet
  facet normal 0.896961 0.44211 0
    outer loop
      vertex 11.5981 10.5 0
      vertex 11.7716 10.148 4.26
      vertex 11.7716 10.148 0
    endloop
  endfacet
  facet normal -0.946928 -0.321444 0
    outer loop
      vertex 6.22836 7.85195 0
      vertex 6.10222 8.22354 4.26
      vertex 6.10222 8.22354 0
    endloop
  endfacet
  facet normal -0.946928 -0.321444 0
    outer loop
      vertex 6.10222 8.22354 4.26
      vertex 6.22836 7.85195 0
      vertex 6.22836 7.85195 4.26
    endloop
  endfacet
  facet normal -0.831477 0.555558 0
    outer loop
      vertex 6.40192 10.5 0
      vertex 6.61994 10.8263 4.26
      vertex 6.61994 10.8263 0
    endloop
  endfacet
  facet normal -0.831477 0.555558 0
    outer loop
      vertex 6.61994 10.8263 4.26
      vertex 6.40192 10.5 0
      vertex 6.40192 10.5 4.26
    endloop
  endfacet
  facet normal 0.997853 -0.0654906 0
    outer loop
      vertex 11.9743 8.60842 4.26
      vertex 12 9 0
      vertex 12 9 4.26
    endloop
  endfacet
  facet normal 0.997853 -0.0654906 0
    outer loop
      vertex 12 9 0
      vertex 11.9743 8.60842 4.26
      vertex 11.9743 8.60842 0
    endloop
  endfacet
  facet normal 0.44211 0.896961 -0
    outer loop
      vertex 10.5 11.5981 0
      vertex 10.148 11.7716 4.26
      vertex 10.5 11.5981 4.26
    endloop
  endfacet
  facet normal 0.44211 0.896961 0
    outer loop
      vertex 10.148 11.7716 4.26
      vertex 10.5 11.5981 0
      vertex 10.148 11.7716 0
    endloop
  endfacet
  facet normal -0.980789 -0.195072 0
    outer loop
      vertex 6.10222 8.22354 0
      vertex 6.02567 8.60842 4.26
      vertex 6.02567 8.60842 0
    endloop
  endfacet
  facet normal -0.980789 -0.195072 0
    outer loop
      vertex 6.02567 8.60842 4.26
      vertex 6.10222 8.22354 0
      vertex 6.10222 8.22354 4.26
    endloop
  endfacet
  facet normal 0.751724 0.659478 0
    outer loop
      vertex 11.3801 10.8263 4.26
      vertex 11.1213 11.1213 0
      vertex 11.1213 11.1213 4.26
    endloop
  endfacet
  facet normal 0.751724 0.659478 0
    outer loop
      vertex 11.1213 11.1213 0
      vertex 11.3801 10.8263 4.26
      vertex 11.3801 10.8263 0
    endloop
  endfacet
  facet normal 0.831501 0.555523 0
    outer loop
      vertex 11.5981 10.5 4.26
      vertex 11.3801 10.8263 0
      vertex 11.3801 10.8263 4.26
    endloop
  endfacet
  facet normal 0.831501 0.555523 0
    outer loop
      vertex 11.3801 10.8263 0
      vertex 11.5981 10.5 4.26
      vertex 11.5981 10.5 0
    endloop
  endfacet
  facet normal 0.555523 0.831501 -0
    outer loop
      vertex 10.8263 11.3801 0
      vertex 10.5 11.5981 4.26
      vertex 10.8263 11.3801 4.26
    endloop
  endfacet
  facet normal 0.555523 0.831501 0
    outer loop
      vertex 10.5 11.5981 4.26
      vertex 10.8263 11.3801 0
      vertex 10.5 11.5981 0
    endloop
  endfacet
  facet normal -0.321444 -0.946928 0
    outer loop
      vertex 7.85195 6.22836 0
      vertex 8.22354 6.10222 4.26
      vertex 7.85195 6.22836 4.26
    endloop
  endfacet
  facet normal -0.321444 -0.946928 -0
    outer loop
      vertex 8.22354 6.10222 4.26
      vertex 7.85195 6.22836 0
      vertex 8.22354 6.10222 0
    endloop
  endfacet
  facet normal -0.997858 -0.0654145 0
    outer loop
      vertex 6.02567 8.60842 0
      vertex 6 9 4.26
      vertex 6 9 0
    endloop
  endfacet
  facet normal -0.997858 -0.0654145 0
    outer loop
      vertex 6 9 4.26
      vertex 6.02567 8.60842 0
      vertex 6.02567 8.60842 4.26
    endloop
  endfacet
  facet normal -0.44216 0.896936 0
    outer loop
      vertex 7.85195 11.7716 0
      vertex 7.5 11.5981 4.26
      vertex 7.85195 11.7716 4.26
    endloop
  endfacet
  facet normal -0.44216 0.896936 0
    outer loop
      vertex 7.5 11.5981 4.26
      vertex 7.85195 11.7716 0
      vertex 7.5 11.5981 0
    endloop
  endfacet
  facet normal -0.0654906 0.997853 0
    outer loop
      vertex 9 12 0
      vertex 8.60842 11.9743 4.26
      vertex 9 12 4.26
    endloop
  endfacet
  facet normal -0.0654906 0.997853 0
    outer loop
      vertex 8.60842 11.9743 4.26
      vertex 9 12 0
      vertex 8.60842 11.9743 0
    endloop
  endfacet
  facet normal -0.980789 0.195072 0
    outer loop
      vertex 6.02567 9.39158 0
      vertex 6.10222 9.77646 4.26
      vertex 6.10222 9.77646 0
    endloop
  endfacet
  facet normal -0.980789 0.195072 0
    outer loop
      vertex 6.10222 9.77646 4.26
      vertex 6.02567 9.39158 0
      vertex 6.02567 9.39158 4.26
    endloop
  endfacet
  facet normal 0.19495 0.980813 -0
    outer loop
      vertex 9.77646 11.8978 0
      vertex 9.39158 11.9743 4.26
      vertex 9.77646 11.8978 4.26
    endloop
  endfacet
  facet normal 0.19495 0.980813 0
    outer loop
      vertex 9.39158 11.9743 4.26
      vertex 9.77646 11.8978 0
      vertex 9.39158 11.9743 0
    endloop
  endfacet
  facet normal 0.32162 0.946869 -0
    outer loop
      vertex 10.148 11.7716 0
      vertex 9.77646 11.8978 4.26
      vertex 10.148 11.7716 4.26
    endloop
  endfacet
  facet normal 0.32162 0.946869 0
    outer loop
      vertex 9.77646 11.8978 4.26
      vertex 10.148 11.7716 0
      vertex 9.77646 11.8978 0
    endloop
  endfacet
  facet normal -0.555547 0.831485 0
    outer loop
      vertex 7.5 11.5981 0
      vertex 7.17372 11.3801 4.26
      vertex 7.5 11.5981 4.26
    endloop
  endfacet
  facet normal -0.555547 0.831485 0
    outer loop
      vertex 7.17372 11.3801 4.26
      vertex 7.5 11.5981 0
      vertex 7.17372 11.3801 0
    endloop
  endfacet
  facet normal 0.0654906 0.997853 -0
    outer loop
      vertex 9.39158 11.9743 0
      vertex 9 12 4.26
      vertex 9.39158 11.9743 4.26
    endloop
  endfacet
  facet normal 0.0654906 0.997853 0
    outer loop
      vertex 9 12 4.26
      vertex 9.39158 11.9743 0
      vertex 9 12 0
    endloop
  endfacet
  facet normal -0.751799 0.659392 0
    outer loop
      vertex 6.61994 10.8263 0
      vertex 6.87868 11.1213 4.26
      vertex 6.87868 11.1213 0
    endloop
  endfacet
  facet normal -0.751799 0.659392 0
    outer loop
      vertex 6.87868 11.1213 4.26
      vertex 6.61994 10.8263 0
      vertex 6.61994 10.8263 4.26
    endloop
  endfacet
  facet normal -0.896875 -0.442283 0
    outer loop
      vertex 6.40192 7.5 0
      vertex 6.22836 7.85195 4.26
      vertex 6.22836 7.85195 0
    endloop
  endfacet
  facet normal -0.896875 -0.442283 0
    outer loop
      vertex 6.22836 7.85195 4.26
      vertex 6.40192 7.5 0
      vertex 6.40192 7.5 4.26
    endloop
  endfacet
  facet normal 0.0654145 -0.997858 0
    outer loop
      vertex 9 6 0
      vertex 9.39158 6.02567 4.26
      vertex 9 6 4.26
    endloop
  endfacet
  facet normal 0.0654145 -0.997858 0
    outer loop
      vertex 9.39158 6.02567 4.26
      vertex 9 6 0
      vertex 9.39158 6.02567 0
    endloop
  endfacet
  facet normal 0.946869 0.32162 0
    outer loop
      vertex 11.8978 9.77646 4.26
      vertex 11.7716 10.148 0
      vertex 11.7716 10.148 4.26
    endloop
  endfacet
  facet normal 0.946869 0.32162 0
    outer loop
      vertex 11.7716 10.148 0
      vertex 11.8978 9.77646 4.26
      vertex 11.8978 9.77646 0
    endloop
  endfacet
  facet normal -0.946915 0.321483 0
    outer loop
      vertex 6.10222 9.77646 0
      vertex 6.22836 10.148 4.26
      vertex 6.22836 10.148 0
    endloop
  endfacet
  facet normal -0.946915 0.321483 0
    outer loop
      vertex 6.22836 10.148 4.26
      vertex 6.10222 9.77646 0
      vertex 6.10222 9.77646 4.26
    endloop
  endfacet
  facet normal 0.831485 -0.555547 0
    outer loop
      vertex 11.3801 7.17372 4.26
      vertex 11.5981 7.5 0
      vertex 11.5981 7.5 4.26
    endloop
  endfacet
  facet normal 0.831485 -0.555547 0
    outer loop
      vertex 11.5981 7.5 0
      vertex 11.3801 7.17372 4.26
      vertex 11.3801 7.17372 0
    endloop
  endfacet
  facet normal 0.195072 -0.980789 0
    outer loop
      vertex 9.39158 6.02567 0
      vertex 9.77646 6.10222 4.26
      vertex 9.39158 6.02567 4.26
    endloop
  endfacet
  facet normal 0.195072 -0.980789 0
    outer loop
      vertex 9.77646 6.10222 4.26
      vertex 9.39158 6.02567 0
      vertex 9.77646 6.10222 0
    endloop
  endfacet
  facet normal 0.555558 -0.831477 0
    outer loop
      vertex 10.5 6.40192 0
      vertex 10.8263 6.61994 4.26
      vertex 10.5 6.40192 4.26
    endloop
  endfacet
  facet normal 0.555558 -0.831477 0
    outer loop
      vertex 10.8263 6.61994 4.26
      vertex 10.5 6.40192 0
      vertex 10.8263 6.61994 0
    endloop
  endfacet
  facet normal -0.831462 -0.555582 0
    outer loop
      vertex 6.61994 7.17372 0
      vertex 6.40192 7.5 4.26
      vertex 6.40192 7.5 0
    endloop
  endfacet
  facet normal -0.831462 -0.555582 0
    outer loop
      vertex 6.40192 7.5 4.26
      vertex 6.61994 7.17372 0
      vertex 6.61994 7.17372 4.26
    endloop
  endfacet
  facet normal 0.659392 -0.751799 0
    outer loop
      vertex 10.8263 6.61994 0
      vertex 11.1213 6.87868 4.26
      vertex 10.8263 6.61994 4.26
    endloop
  endfacet
  facet normal 0.659392 -0.751799 0
    outer loop
      vertex 11.1213 6.87868 4.26
      vertex 10.8263 6.61994 0
      vertex 11.1213 6.87868 0
    endloop
  endfacet
  facet normal -0.751844 -0.659341 0
    outer loop
      vertex 6.87868 6.87868 0
      vertex 6.61994 7.17372 4.26
      vertex 6.61994 7.17372 0
    endloop
  endfacet
  facet normal -0.751844 -0.659341 0
    outer loop
      vertex 6.61994 7.17372 4.26
      vertex 6.87868 6.87868 0
      vertex 6.87868 6.87868 4.26
    endloop
  endfacet
  facet normal -0.0654145 -0.997858 0
    outer loop
      vertex 8.60842 6.02567 0
      vertex 9 6 4.26
      vertex 8.60842 6.02567 4.26
    endloop
  endfacet
  facet normal -0.0654145 -0.997858 -0
    outer loop
      vertex 9 6 4.26
      vertex 8.60842 6.02567 0
      vertex 9 6 0
    endloop
  endfacet
  facet normal -0.19495 0.980813 0
    outer loop
      vertex 8.60842 11.9743 0
      vertex 8.22354 11.8978 4.26
      vertex 8.60842 11.9743 4.26
    endloop
  endfacet
  facet normal -0.19495 0.980813 0
    outer loop
      vertex 8.22354 11.8978 4.26
      vertex 8.60842 11.9743 0
      vertex 8.22354 11.8978 0
    endloop
  endfacet
  facet normal -0.442283 -0.896875 0
    outer loop
      vertex 7.5 6.40192 0
      vertex 7.85195 6.22836 4.26
      vertex 7.5 6.40192 4.26
    endloop
  endfacet
  facet normal -0.442283 -0.896875 -0
    outer loop
      vertex 7.85195 6.22836 4.26
      vertex 7.5 6.40192 0
      vertex 7.85195 6.22836 0
    endloop
  endfacet
  facet normal -0.659341 -0.751844 0
    outer loop
      vertex 6.87868 6.87868 0
      vertex 7.17372 6.61994 4.26
      vertex 6.87868 6.87868 4.26
    endloop
  endfacet
  facet normal -0.659341 -0.751844 -0
    outer loop
      vertex 7.17372 6.61994 4.26
      vertex 6.87868 6.87868 0
      vertex 7.17372 6.61994 0
    endloop
  endfacet
  facet normal -0.195072 -0.980789 0
    outer loop
      vertex 8.22354 6.10222 0
      vertex 8.60842 6.02567 4.26
      vertex 8.22354 6.10222 4.26
    endloop
  endfacet
  facet normal -0.195072 -0.980789 -0
    outer loop
      vertex 8.60842 6.02567 4.26
      vertex 8.22354 6.10222 0
      vertex 8.60842 6.02567 0
    endloop
  endfacet
  facet normal 0 0 1
    outer loop
      vertex 10.65 9 4.26
      vertex 12 9 4.26
      vertex 11.9743 9.39158 4.26
    endloop
  endfacet
  facet normal 0 0 1
    outer loop
      vertex 10.6359 9.21537 4.26
      vertex 11.9743 9.39158 4.26
      vertex 11.8978 9.77646 4.26
    endloop
  endfacet
  facet normal 0 0 1
    outer loop
      vertex 12 9 4.26
      vertex 10.65 9 4.26
      vertex 11.9743 8.60842 4.26
    endloop
  endfacet
  facet normal 0 0 1
    outer loop
      vertex 10.5938 9.42705 4.26
      vertex 11.8978 9.77646 4.26
      vertex 11.7716 10.148 4.26
    endloop
  endfacet
  facet normal -0 0 1
    outer loop
      vertex 10.6359 8.78463 4.26
      vertex 11.9743 8.60842 4.26
      vertex 10.65 9 4.26
    endloop
  endfacet
  facet normal 0 0 1
    outer loop
      vertex 10.5244 9.63143 4.26
      vertex 11.7716 10.148 4.26
      vertex 11.5981 10.5 4.26
    endloop
  endfacet
  facet normal 0 0 1
    outer loop
      vertex 11.9743 8.60842 4.26
      vertex 10.6359 8.78463 4.26
      vertex 11.8978 8.22354 4.26
    endloop
  endfacet
  facet normal 0 0 1
    outer loop
      vertex 10.4289 9.825 4.26
      vertex 11.5981 10.5 4.26
      vertex 11.3801 10.8263 4.26
    endloop
  endfacet
  facet normal -0 0 1
    outer loop
      vertex 10.5938 8.57295 4.26
      vertex 11.8978 8.22354 4.26
      vertex 10.6359 8.78463 4.26
    endloop
  endfacet
  facet normal 0 0 1
    outer loop
      vertex 10.309 10.0045 4.26
      vertex 11.3801 10.8263 4.26
      vertex 11.1213 11.1213 4.26
    endloop
  endfacet
  facet normal 0 0 1
    outer loop
      vertex 11.8978 8.22354 4.26
      vertex 10.5938 8.57295 4.26
      vertex 11.7716 7.85195 4.26
    endloop
  endfacet
  facet normal 0 0 1
    outer loop
      vertex 10.1667 10.1667 4.26
      vertex 11.1213 11.1213 4.26
      vertex 10.8263 11.3801 4.26
    endloop
  endfacet
  facet normal -0 0 1
    outer loop
      vertex 10.5244 8.36857 4.26
      vertex 11.7716 7.85195 4.26
      vertex 10.5938 8.57295 4.26
    endloop
  endfacet
  facet normal 0 0 1
    outer loop
      vertex 11.7716 7.85195 4.26
      vertex 10.5244 8.36857 4.26
      vertex 11.5981 7.5 4.26
    endloop
  endfacet
  facet normal 0 0 1
    outer loop
      vertex 11.9743 9.39158 4.26
      vertex 10.6359 9.21537 4.26
      vertex 10.65 9 4.26
    endloop
  endfacet
  facet normal 0 0 1
    outer loop
      vertex 11.8978 9.77646 4.26
      vertex 10.5938 9.42705 4.26
      vertex 10.6359 9.21537 4.26
    endloop
  endfacet
  facet normal 0 0 1
    outer loop
      vertex 11.7716 10.148 4.26
      vertex 10.5244 9.63143 4.26
      vertex 10.5938 9.42705 4.26
    endloop
  endfacet
  facet normal 0 0 1
    outer loop
      vertex 10.0045 10.309 4.26
      vertex 10.8263 11.3801 4.26
      vertex 10.5 11.5981 4.26
    endloop
  endfacet
  facet normal 0 0 1
    outer loop
      vertex 11.5981 10.5 4.26
      vertex 10.4289 9.825 4.26
      vertex 10.5244 9.63143 4.26
    endloop
  endfacet
  facet normal 0 0 1
    outer loop
      vertex 11.3801 10.8263 4.26
      vertex 10.309 10.0045 4.26
      vertex 10.4289 9.825 4.26
    endloop
  endfacet
  facet normal 0 0 1
    outer loop
      vertex 11.1213 11.1213 4.26
      vertex 10.1667 10.1667 4.26
      vertex 10.309 10.0045 4.26
    endloop
  endfacet
  facet normal 0 0 1
    outer loop
      vertex 9.825 10.4289 4.26
      vertex 10.5 11.5981 4.26
      vertex 10.148 11.7716 4.26
    endloop
  endfacet
  facet normal 0 0 1
    outer loop
      vertex 10.8263 11.3801 4.26
      vertex 10.0045 10.309 4.26
      vertex 10.1667 10.1667 4.26
    endloop
  endfacet
  facet normal 0 0 1
    outer loop
      vertex 10.5 11.5981 4.26
      vertex 9.825 10.4289 4.26
      vertex 10.0045 10.309 4.26
    endloop
  endfacet
  facet normal 0 0 1
    outer loop
      vertex 9.63143 10.5244 4.26
      vertex 10.148 11.7716 4.26
      vertex 9.77646 11.8978 4.26
    endloop
  endfacet
  facet normal 0 0 1
    outer loop
      vertex 10.148 11.7716 4.26
      vertex 9.63143 10.5244 4.26
      vertex 9.825 10.4289 4.26
    endloop
  endfacet
  facet normal 0 0 1
    outer loop
      vertex 9.77646 11.8978 4.26
      vertex 9.42705 10.5938 4.26
      vertex 9.63143 10.5244 4.26
    endloop
  endfacet
  facet normal 0 0 1
    outer loop
      vertex 9.39158 11.9743 4.26
      vertex 9.42705 10.5938 4.26
      vertex 9.77646 11.8978 4.26
    endloop
  endfacet
  facet normal 0 0 1
    outer loop
      vertex 9.39158 11.9743 4.26
      vertex 9.21537 10.6359 4.26
      vertex 9.42705 10.5938 4.26
    endloop
  endfacet
  facet normal 0 0 1
    outer loop
      vertex 9 12 4.26
      vertex 9.21537 10.6359 4.26
      vertex 9.39158 11.9743 4.26
    endloop
  endfacet
  facet normal 0 0 1
    outer loop
      vertex 9 12 4.26
      vertex 9 10.65 4.26
      vertex 9.21537 10.6359 4.26
    endloop
  endfacet
  facet normal 0 0 1
    outer loop
      vertex 9 12 4.26
      vertex 8.78463 10.6359 4.26
      vertex 9 10.65 4.26
    endloop
  endfacet
  facet normal -0 0 1
    outer loop
      vertex 8.60842 11.9743 4.26
      vertex 8.78463 10.6359 4.26
      vertex 9 12 4.26
    endloop
  endfacet
  facet normal 0 0 1
    outer loop
      vertex 8.60842 11.9743 4.26
      vertex 8.57295 10.5938 4.26
      vertex 8.78463 10.6359 4.26
    endloop
  endfacet
  facet normal -0 0 1
    outer loop
      vertex 8.22354 11.8978 4.26
      vertex 8.57295 10.5938 4.26
      vertex 8.60842 11.9743 4.26
    endloop
  endfacet
  facet normal 0 0 1
    outer loop
      vertex 8.57295 10.5938 4.26
      vertex 8.22354 11.8978 4.26
      vertex 8.36857 10.5244 4.26
    endloop
  endfacet
  facet normal -0 0 1
    outer loop
      vertex 7.85195 11.7716 4.26
      vertex 8.36857 10.5244 4.26
      vertex 8.22354 11.8978 4.26
    endloop
  endfacet
  facet normal 0 0 1
    outer loop
      vertex 8.36857 10.5244 4.26
      vertex 7.85195 11.7716 4.26
      vertex 8.175 10.4289 4.26
    endloop
  endfacet
  facet normal -0 0 1
    outer loop
      vertex 7.5 11.5981 4.26
      vertex 8.175 10.4289 4.26
      vertex 7.85195 11.7716 4.26
    endloop
  endfacet
  facet normal 0 0 1
    outer loop
      vertex 8.175 10.4289 4.26
      vertex 7.5 11.5981 4.26
      vertex 7.99554 10.309 4.26
    endloop
  endfacet
  facet normal -0 0 1
    outer loop
      vertex 7.17372 11.3801 4.26
      vertex 7.99554 10.309 4.26
      vertex 7.5 11.5981 4.26
    endloop
  endfacet
  facet normal 0 0 1
    outer loop
      vertex 7.99554 10.309 4.26
      vertex 7.17372 11.3801 4.26
      vertex 7.83327 10.1667 4.26
    endloop
  endfacet
  facet normal -0 0 1
    outer loop
      vertex 6.87868 11.1213 4.26
      vertex 7.83327 10.1667 4.26
      vertex 7.17372 11.3801 4.26
    endloop
  endfacet
  facet normal 0 0 1
    outer loop
      vertex 7.83327 10.1667 4.26
      vertex 6.87868 11.1213 4.26
      vertex 7.69097 10.0045 4.26
    endloop
  endfacet
  facet normal -0 0 1
    outer loop
      vertex 6.61994 10.8263 4.26
      vertex 7.69097 10.0045 4.26
      vertex 6.87868 11.1213 4.26
    endloop
  endfacet
  facet normal 0 0 1
    outer loop
      vertex 7.69097 10.0045 4.26
      vertex 6.61994 10.8263 4.26
      vertex 7.57106 9.825 4.26
    endloop
  endfacet
  facet normal -0 0 1
    outer loop
      vertex 6.40192 10.5 4.26
      vertex 7.57106 9.825 4.26
      vertex 6.61994 10.8263 4.26
    endloop
  endfacet
  facet normal 0 0 1
    outer loop
      vertex 7.57106 9.825 4.26
      vertex 6.40192 10.5 4.26
      vertex 7.4756 9.63143 4.26
    endloop
  endfacet
  facet normal -0 0 1
    outer loop
      vertex 10.4289 8.175 4.26
      vertex 11.5981 7.5 4.26
      vertex 10.5244 8.36857 4.26
    endloop
  endfacet
  facet normal 0 0 1
    outer loop
      vertex 11.5981 7.5 4.26
      vertex 10.4289 8.175 4.26
      vertex 11.3801 7.17372 4.26
    endloop
  endfacet
  facet normal -0 0 1
    outer loop
      vertex 10.309 7.99554 4.26
      vertex 11.3801 7.17372 4.26
      vertex 10.4289 8.175 4.26
    endloop
  endfacet
  facet normal 0 0 1
    outer loop
      vertex 11.3801 7.17372 4.26
      vertex 10.309 7.99554 4.26
      vertex 11.1213 6.87868 4.26
    endloop
  endfacet
  facet normal -0 0 1
    outer loop
      vertex 10.1667 7.83327 4.26
      vertex 11.1213 6.87868 4.26
      vertex 10.309 7.99554 4.26
    endloop
  endfacet
  facet normal 0 0 1
    outer loop
      vertex 11.1213 6.87868 4.26
      vertex 10.1667 7.83327 4.26
      vertex 10.8263 6.61994 4.26
    endloop
  endfacet
  facet normal -0 0 1
    outer loop
      vertex 10.0045 7.69097 4.26
      vertex 10.8263 6.61994 4.26
      vertex 10.1667 7.83327 4.26
    endloop
  endfacet
  facet normal 0 0 1
    outer loop
      vertex 10.8263 6.61994 4.26
      vertex 10.0045 7.69097 4.26
      vertex 10.5 6.40192 4.26
    endloop
  endfacet
  facet normal -0 0 1
    outer loop
      vertex 9.825 7.57106 4.26
      vertex 10.5 6.40192 4.26
      vertex 10.0045 7.69097 4.26
    endloop
  endfacet
  facet normal 0 0 1
    outer loop
      vertex 10.5 6.40192 4.26
      vertex 9.825 7.57106 4.26
      vertex 10.148 6.22836 4.26
    endloop
  endfacet
  facet normal -0 0 1
    outer loop
      vertex 9.63143 7.4756 4.26
      vertex 10.148 6.22836 4.26
      vertex 9.825 7.57106 4.26
    endloop
  endfacet
  facet normal 0 0 1
    outer loop
      vertex 10.148 6.22836 4.26
      vertex 9.63143 7.4756 4.26
      vertex 9.77646 6.10222 4.26
    endloop
  endfacet
  facet normal -0 0 1
    outer loop
      vertex 9.42705 7.40622 4.26
      vertex 9.77646 6.10222 4.26
      vertex 9.63143 7.4756 4.26
    endloop
  endfacet
  facet normal 0 0 1
    outer loop
      vertex 9.42705 7.40622 4.26
      vertex 9.39158 6.02567 4.26
      vertex 9.77646 6.10222 4.26
    endloop
  endfacet
  facet normal -0 0 1
    outer loop
      vertex 9.21537 7.36412 4.26
      vertex 9.39158 6.02567 4.26
      vertex 9.42705 7.40622 4.26
    endloop
  endfacet
  facet normal -0 0 1
    outer loop
      vertex 9 7.35 4.26
      vertex 9.39158 6.02567 4.26
      vertex 9.21537 7.36412 4.26
    endloop
  endfacet
  facet normal 0 0 1
    outer loop
      vertex 9 7.35 4.26
      vertex 9 6 4.26
      vertex 9.39158 6.02567 4.26
    endloop
  endfacet
  facet normal 0 0 1
    outer loop
      vertex 8.78463 7.36412 4.26
      vertex 9 6 4.26
      vertex 9 7.35 4.26
    endloop
  endfacet
  facet normal 0 0 1
    outer loop
      vertex 8.78463 7.36412 4.26
      vertex 8.60842 6.02567 4.26
      vertex 9 6 4.26
    endloop
  endfacet
  facet normal 0 0 1
    outer loop
      vertex 8.57295 7.40622 4.26
      vertex 8.60842 6.02567 4.26
      vertex 8.78463 7.36412 4.26
    endloop
  endfacet
  facet normal 0 0 1
    outer loop
      vertex 8.22354 6.10222 4.26
      vertex 8.57295 7.40622 4.26
      vertex 8.36857 7.4756 4.26
    endloop
  endfacet
  facet normal 0 0 1
    outer loop
      vertex 8.57295 7.40622 4.26
      vertex 8.22354 6.10222 4.26
      vertex 8.60842 6.02567 4.26
    endloop
  endfacet
  facet normal 0 0 1
    outer loop
      vertex 7.85195 6.22836 4.26
      vertex 8.36857 7.4756 4.26
      vertex 8.175 7.57106 4.26
    endloop
  endfacet
  facet normal 0 0 1
    outer loop
      vertex 7.5 6.40192 4.26
      vertex 8.175 7.57106 4.26
      vertex 7.99554 7.69097 4.26
    endloop
  endfacet
  facet normal 0 0 1
    outer loop
      vertex 8.36857 7.4756 4.26
      vertex 7.85195 6.22836 4.26
      vertex 8.22354 6.10222 4.26
    endloop
  endfacet
  facet normal 0 0 1
    outer loop
      vertex 7.17372 6.61994 4.26
      vertex 7.99554 7.69097 4.26
      vertex 7.83327 7.83327 4.26
    endloop
  endfacet
  facet normal 0 0 1
    outer loop
      vertex 6.87868 6.87868 4.26
      vertex 7.83327 7.83327 4.26
      vertex 7.69097 7.99554 4.26
    endloop
  endfacet
  facet normal 0 0 1
    outer loop
      vertex 6.61994 7.17372 4.26
      vertex 7.69097 7.99554 4.26
      vertex 7.57106 8.175 4.26
    endloop
  endfacet
  facet normal 0 0 1
    outer loop
      vertex 8.175 7.57106 4.26
      vertex 7.5 6.40192 4.26
      vertex 7.85195 6.22836 4.26
    endloop
  endfacet
  facet normal 0 0 1
    outer loop
      vertex 6.40192 7.5 4.26
      vertex 7.57106 8.175 4.26
      vertex 7.4756 8.36857 4.26
    endloop
  endfacet
  facet normal 0 0 1
    outer loop
      vertex 6.22836 7.85195 4.26
      vertex 7.4756 8.36857 4.26
      vertex 7.40622 8.57295 4.26
    endloop
  endfacet
  facet normal 0 0 1
    outer loop
      vertex 6.10222 8.22354 4.26
      vertex 7.40622 8.57295 4.26
      vertex 7.36412 8.78463 4.26
    endloop
  endfacet
  facet normal 0 0 1
    outer loop
      vertex 6.02567 8.60842 4.26
      vertex 7.36412 8.78463 4.26
      vertex 7.35 9 4.26
    endloop
  endfacet
  facet normal -0 0 1
    outer loop
      vertex 6.22836 10.148 4.26
      vertex 7.4756 9.63143 4.26
      vertex 6.40192 10.5 4.26
    endloop
  endfacet
  facet normal 0 0 1
    outer loop
      vertex 7.99554 7.69097 4.26
      vertex 7.17372 6.61994 4.26
      vertex 7.5 6.40192 4.26
    endloop
  endfacet
  facet normal 0 0 1
    outer loop
      vertex 7.4756 9.63143 4.26
      vertex 6.22836 10.148 4.26
      vertex 7.40622 9.42705 4.26
    endloop
  endfacet
  facet normal 0 0 1
    outer loop
      vertex 7.83327 7.83327 4.26
      vertex 6.87868 6.87868 4.26
      vertex 7.17372 6.61994 4.26
    endloop
  endfacet
  facet normal -0 0 1
    outer loop
      vertex 6.10222 9.77646 4.26
      vertex 7.40622 9.42705 4.26
      vertex 6.22836 10.148 4.26
    endloop
  endfacet
  facet normal 0 0 1
    outer loop
      vertex 7.69097 7.99554 4.26
      vertex 6.61994 7.17372 4.26
      vertex 6.87868 6.87868 4.26
    endloop
  endfacet
  facet normal 0 0 1
    outer loop
      vertex 7.40622 9.42705 4.26
      vertex 6.10222 9.77646 4.26
      vertex 7.36412 9.21537 4.26
    endloop
  endfacet
  facet normal 0 0 1
    outer loop
      vertex 7.57106 8.175 4.26
      vertex 6.40192 7.5 4.26
      vertex 6.61994 7.17372 4.26
    endloop
  endfacet
  facet normal -0 0 1
    outer loop
      vertex 6.02567 9.39158 4.26
      vertex 7.36412 9.21537 4.26
      vertex 6.10222 9.77646 4.26
    endloop
  endfacet
  facet normal 0 0 1
    outer loop
      vertex 7.4756 8.36857 4.26
      vertex 6.22836 7.85195 4.26
      vertex 6.40192 7.5 4.26
    endloop
  endfacet
  facet normal 0 0 1
    outer loop
      vertex 7.36412 9.21537 4.26
      vertex 6.02567 9.39158 4.26
      vertex 7.35 9 4.26
    endloop
  endfacet
  facet normal 0 0 1
    outer loop
      vertex 7.40622 8.57295 4.26
      vertex 6.10222 8.22354 4.26
      vertex 6.22836 7.85195 4.26
    endloop
  endfacet
  facet normal 0 0 1
    outer loop
      vertex 6 9 4.26
      vertex 7.35 9 4.26
      vertex 6.02567 9.39158 4.26
    endloop
  endfacet
  facet normal 0 0 1
    outer loop
      vertex 7.36412 8.78463 4.26
      vertex 6.02567 8.60842 4.26
      vertex 6.10222 8.22354 4.26
    endloop
  endfacet
  facet normal 0 0 1
    outer loop
      vertex 7.35 9 4.26
      vertex 6 9 4.26
      vertex 6.02567 8.60842 4.26
    endloop
  endfacet
  facet normal 0 0 -1
    outer loop
      vertex 10.65 9 0
      vertex 12 9 0
      vertex 11.9743 8.60842 0
    endloop
  endfacet
  facet normal 0 0 -1
    outer loop
      vertex 10.6359 8.78463 0
      vertex 11.9743 8.60842 0
      vertex 11.8978 8.22354 0
    endloop
  endfacet
  facet normal 0 0 -1
    outer loop
      vertex 12 9 0
      vertex 10.65 9 0
      vertex 11.9743 9.39158 0
    endloop
  endfacet
  facet normal 0 0 -1
    outer loop
      vertex 10.5938 8.57295 0
      vertex 11.8978 8.22354 0
      vertex 11.7716 7.85195 0
    endloop
  endfacet
  facet normal 0 0 -1
    outer loop
      vertex 10.6359 9.21537 0
      vertex 11.9743 9.39158 0
      vertex 10.65 9 0
    endloop
  endfacet
  facet normal 0 0 -1
    outer loop
      vertex 10.5244 8.36857 0
      vertex 11.7716 7.85195 0
      vertex 11.5981 7.5 0
    endloop
  endfacet
  facet normal -0 0 -1
    outer loop
      vertex 11.9743 9.39158 0
      vertex 10.6359 9.21537 0
      vertex 11.8978 9.77646 0
    endloop
  endfacet
  facet normal 0 0 -1
    outer loop
      vertex 10.4289 8.175 0
      vertex 11.5981 7.5 0
      vertex 11.3801 7.17372 0
    endloop
  endfacet
  facet normal 0 0 -1
    outer loop
      vertex 10.5938 9.42705 0
      vertex 11.8978 9.77646 0
      vertex 10.6359 9.21537 0
    endloop
  endfacet
  facet normal 0 0 -1
    outer loop
      vertex 10.309 7.99554 0
      vertex 11.3801 7.17372 0
      vertex 11.1213 6.87868 0
    endloop
  endfacet
  facet normal -0 0 -1
    outer loop
      vertex 11.8978 9.77646 0
      vertex 10.5938 9.42705 0
      vertex 11.7716 10.148 0
    endloop
  endfacet
  facet normal 0 0 -1
    outer loop
      vertex 10.1667 7.83327 0
      vertex 11.1213 6.87868 0
      vertex 10.8263 6.61994 0
    endloop
  endfacet
  facet normal 0 0 -1
    outer loop
      vertex 10.5244 9.63143 0
      vertex 11.7716 10.148 0
      vertex 10.5938 9.42705 0
    endloop
  endfacet
  facet normal -0 0 -1
    outer loop
      vertex 11.7716 10.148 0
      vertex 10.5244 9.63143 0
      vertex 11.5981 10.5 0
    endloop
  endfacet
  facet normal 0 0 -1
    outer loop
      vertex 11.9743 8.60842 0
      vertex 10.6359 8.78463 0
      vertex 10.65 9 0
    endloop
  endfacet
  facet normal 0 0 -1
    outer loop
      vertex 11.8978 8.22354 0
      vertex 10.5938 8.57295 0
      vertex 10.6359 8.78463 0
    endloop
  endfacet
  facet normal 0 0 -1
    outer loop
      vertex 11.7716 7.85195 0
      vertex 10.5244 8.36857 0
      vertex 10.5938 8.57295 0
    endloop
  endfacet
  facet normal 0 0 -1
    outer loop
      vertex 10.0045 7.69097 0
      vertex 10.8263 6.61994 0
      vertex 10.5 6.40192 0
    endloop
  endfacet
  facet normal 0 0 -1
    outer loop
      vertex 11.5981 7.5 0
      vertex 10.4289 8.175 0
      vertex 10.5244 8.36857 0
    endloop
  endfacet
  facet normal 0 0 -1
    outer loop
      vertex 11.3801 7.17372 0
      vertex 10.309 7.99554 0
      vertex 10.4289 8.175 0
    endloop
  endfacet
  facet normal 0 0 -1
    outer loop
      vertex 11.1213 6.87868 0
      vertex 10.1667 7.83327 0
      vertex 10.309 7.99554 0
    endloop
  endfacet
  facet normal 0 0 -1
    outer loop
      vertex 9.825 7.57106 0
      vertex 10.5 6.40192 0
      vertex 10.148 6.22836 0
    endloop
  endfacet
  facet normal 0 0 -1
    outer loop
      vertex 10.8263 6.61994 0
      vertex 10.0045 7.69097 0
      vertex 10.1667 7.83327 0
    endloop
  endfacet
  facet normal 0 0 -1
    outer loop
      vertex 10.5 6.40192 0
      vertex 9.825 7.57106 0
      vertex 10.0045 7.69097 0
    endloop
  endfacet
  facet normal 0 0 -1
    outer loop
      vertex 9.63143 7.4756 0
      vertex 10.148 6.22836 0
      vertex 9.77646 6.10222 0
    endloop
  endfacet
  facet normal 0 0 -1
    outer loop
      vertex 10.148 6.22836 0
      vertex 9.63143 7.4756 0
      vertex 9.825 7.57106 0
    endloop
  endfacet
  facet normal 0 0 -1
    outer loop
      vertex 9.77646 6.10222 0
      vertex 9.42705 7.40622 0
      vertex 9.63143 7.4756 0
    endloop
  endfacet
  facet normal 0 0 -1
    outer loop
      vertex 9.39158 6.02567 0
      vertex 9.42705 7.40622 0
      vertex 9.77646 6.10222 0
    endloop
  endfacet
  facet normal 0 0 -1
    outer loop
      vertex 9.39158 6.02567 0
      vertex 9.21537 7.36412 0
      vertex 9.42705 7.40622 0
    endloop
  endfacet
  facet normal 0 0 -1
    outer loop
      vertex 9 6 0
      vertex 9.21537 7.36412 0
      vertex 9.39158 6.02567 0
    endloop
  endfacet
  facet normal 0 0 -1
    outer loop
      vertex 9 6 0
      vertex 9 7.35 0
      vertex 9.21537 7.36412 0
    endloop
  endfacet
  facet normal 0 0 -1
    outer loop
      vertex 9 6 0
      vertex 8.78463 7.36412 0
      vertex 9 7.35 0
    endloop
  endfacet
  facet normal 0 0 -1
    outer loop
      vertex 8.60842 6.02567 0
      vertex 8.78463 7.36412 0
      vertex 9 6 0
    endloop
  endfacet
  facet normal 0 0 -1
    outer loop
      vertex 8.60842 6.02567 0
      vertex 8.57295 7.40622 0
      vertex 8.78463 7.36412 0
    endloop
  endfacet
  facet normal 0 0 -1
    outer loop
      vertex 8.22354 6.10222 0
      vertex 8.57295 7.40622 0
      vertex 8.60842 6.02567 0
    endloop
  endfacet
  facet normal -0 0 -1
    outer loop
      vertex 8.57295 7.40622 0
      vertex 8.22354 6.10222 0
      vertex 8.36857 7.4756 0
    endloop
  endfacet
  facet normal 0 0 -1
    outer loop
      vertex 7.85195 6.22836 0
      vertex 8.36857 7.4756 0
      vertex 8.22354 6.10222 0
    endloop
  endfacet
  facet normal -0 0 -1
    outer loop
      vertex 8.36857 7.4756 0
      vertex 7.85195 6.22836 0
      vertex 8.175 7.57106 0
    endloop
  endfacet
  facet normal 0 0 -1
    outer loop
      vertex 7.5 6.40192 0
      vertex 8.175 7.57106 0
      vertex 7.85195 6.22836 0
    endloop
  endfacet
  facet normal -0 0 -1
    outer loop
      vertex 8.175 7.57106 0
      vertex 7.5 6.40192 0
      vertex 7.99554 7.69097 0
    endloop
  endfacet
  facet normal 0 0 -1
    outer loop
      vertex 7.17372 6.61994 0
      vertex 7.99554 7.69097 0
      vertex 7.5 6.40192 0
    endloop
  endfacet
  facet normal -0 0 -1
    outer loop
      vertex 7.99554 7.69097 0
      vertex 7.17372 6.61994 0
      vertex 7.83327 7.83327 0
    endloop
  endfacet
  facet normal 0 0 -1
    outer loop
      vertex 6.87868 6.87868 0
      vertex 7.83327 7.83327 0
      vertex 7.17372 6.61994 0
    endloop
  endfacet
  facet normal -0 0 -1
    outer loop
      vertex 7.83327 7.83327 0
      vertex 6.87868 6.87868 0
      vertex 7.69097 7.99554 0
    endloop
  endfacet
  facet normal 0 0 -1
    outer loop
      vertex 6.61994 7.17372 0
      vertex 7.69097 7.99554 0
      vertex 6.87868 6.87868 0
    endloop
  endfacet
  facet normal -0 0 -1
    outer loop
      vertex 7.69097 7.99554 0
      vertex 6.61994 7.17372 0
      vertex 7.57106 8.175 0
    endloop
  endfacet
  facet normal 0 0 -1
    outer loop
      vertex 6.40192 7.5 0
      vertex 7.57106 8.175 0
      vertex 6.61994 7.17372 0
    endloop
  endfacet
  facet normal -0 0 -1
    outer loop
      vertex 7.57106 8.175 0
      vertex 6.40192 7.5 0
      vertex 7.4756 8.36857 0
    endloop
  endfacet
  facet normal 0 0 -1
    outer loop
      vertex 10.4289 9.825 0
      vertex 11.5981 10.5 0
      vertex 10.5244 9.63143 0
    endloop
  endfacet
  facet normal -0 0 -1
    outer loop
      vertex 11.5981 10.5 0
      vertex 10.4289 9.825 0
      vertex 11.3801 10.8263 0
    endloop
  endfacet
  facet normal 0 0 -1
    outer loop
      vertex 10.309 10.0045 0
      vertex 11.3801 10.8263 0
      vertex 10.4289 9.825 0
    endloop
  endfacet
  facet normal -0 0 -1
    outer loop
      vertex 11.3801 10.8263 0
      vertex 10.309 10.0045 0
      vertex 11.1213 11.1213 0
    endloop
  endfacet
  facet normal 0 0 -1
    outer loop
      vertex 10.1667 10.1667 0
      vertex 11.1213 11.1213 0
      vertex 10.309 10.0045 0
    endloop
  endfacet
  facet normal -0 0 -1
    outer loop
      vertex 11.1213 11.1213 0
      vertex 10.1667 10.1667 0
      vertex 10.8263 11.3801 0
    endloop
  endfacet
  facet normal 0 0 -1
    outer loop
      vertex 10.0045 10.309 0
      vertex 10.8263 11.3801 0
      vertex 10.1667 10.1667 0
    endloop
  endfacet
  facet normal -0 0 -1
    outer loop
      vertex 10.8263 11.3801 0
      vertex 10.0045 10.309 0
      vertex 10.5 11.5981 0
    endloop
  endfacet
  facet normal 0 0 -1
    outer loop
      vertex 9.825 10.4289 0
      vertex 10.5 11.5981 0
      vertex 10.0045 10.309 0
    endloop
  endfacet
  facet normal -0 0 -1
    outer loop
      vertex 10.5 11.5981 0
      vertex 9.825 10.4289 0
      vertex 10.148 11.7716 0
    endloop
  endfacet
  facet normal 0 0 -1
    outer loop
      vertex 9.63143 10.5244 0
      vertex 10.148 11.7716 0
      vertex 9.825 10.4289 0
    endloop
  endfacet
  facet normal -0 0 -1
    outer loop
      vertex 10.148 11.7716 0
      vertex 9.63143 10.5244 0
      vertex 9.77646 11.8978 0
    endloop
  endfacet
  facet normal 0 0 -1
    outer loop
      vertex 9.42705 10.5938 0
      vertex 9.77646 11.8978 0
      vertex 9.63143 10.5244 0
    endloop
  endfacet
  facet normal 0 0 -1
    outer loop
      vertex 9.42705 10.5938 0
      vertex 9.39158 11.9743 0
      vertex 9.77646 11.8978 0
    endloop
  endfacet
  facet normal 0 0 -1
    outer loop
      vertex 9.21537 10.6359 0
      vertex 9.39158 11.9743 0
      vertex 9.42705 10.5938 0
    endloop
  endfacet
  facet normal 0 0 -1
    outer loop
      vertex 9 10.65 0
      vertex 9.39158 11.9743 0
      vertex 9.21537 10.6359 0
    endloop
  endfacet
  facet normal 0 0 -1
    outer loop
      vertex 9 10.65 0
      vertex 9 12 0
      vertex 9.39158 11.9743 0
    endloop
  endfacet
  facet normal 0 0 -1
    outer loop
      vertex 8.78463 10.6359 0
      vertex 9 12 0
      vertex 9 10.65 0
    endloop
  endfacet
  facet normal 0 0 -1
    outer loop
      vertex 8.78463 10.6359 0
      vertex 8.60842 11.9743 0
      vertex 9 12 0
    endloop
  endfacet
  facet normal 0 0 -1
    outer loop
      vertex 8.57295 10.5938 0
      vertex 8.60842 11.9743 0
      vertex 8.78463 10.6359 0
    endloop
  endfacet
  facet normal 0 0 -1
    outer loop
      vertex 8.22354 11.8978 0
      vertex 8.57295 10.5938 0
      vertex 8.36857 10.5244 0
    endloop
  endfacet
  facet normal 0 0 -1
    outer loop
      vertex 8.57295 10.5938 0
      vertex 8.22354 11.8978 0
      vertex 8.60842 11.9743 0
    endloop
  endfacet
  facet normal 0 0 -1
    outer loop
      vertex 7.85195 11.7716 0
      vertex 8.36857 10.5244 0
      vertex 8.175 10.4289 0
    endloop
  endfacet
  facet normal 0 0 -1
    outer loop
      vertex 7.5 11.5981 0
      vertex 8.175 10.4289 0
      vertex 7.99554 10.309 0
    endloop
  endfacet
  facet normal 0 0 -1
    outer loop
      vertex 8.36857 10.5244 0
      vertex 7.85195 11.7716 0
      vertex 8.22354 11.8978 0
    endloop
  endfacet
  facet normal 0 0 -1
    outer loop
      vertex 7.17372 11.3801 0
      vertex 7.99554 10.309 0
      vertex 7.83327 10.1667 0
    endloop
  endfacet
  facet normal 0 0 -1
    outer loop
      vertex 6.87868 11.1213 0
      vertex 7.83327 10.1667 0
      vertex 7.69097 10.0045 0
    endloop
  endfacet
  facet normal 0 0 -1
    outer loop
      vertex 6.61994 10.8263 0
      vertex 7.69097 10.0045 0
      vertex 7.57106 9.825 0
    endloop
  endfacet
  facet normal 0 0 -1
    outer loop
      vertex 8.175 10.4289 0
      vertex 7.5 11.5981 0
      vertex 7.85195 11.7716 0
    endloop
  endfacet
  facet normal 0 0 -1
    outer loop
      vertex 6.40192 10.5 0
      vertex 7.57106 9.825 0
      vertex 7.4756 9.63143 0
    endloop
  endfacet
  facet normal 0 0 -1
    outer loop
      vertex 6.22836 10.148 0
      vertex 7.4756 9.63143 0
      vertex 7.40622 9.42705 0
    endloop
  endfacet
  facet normal 0 0 -1
    outer loop
      vertex 6.10222 9.77646 0
      vertex 7.40622 9.42705 0
      vertex 7.36412 9.21537 0
    endloop
  endfacet
  facet normal 0 0 -1
    outer loop
      vertex 6.02567 9.39158 0
      vertex 7.36412 9.21537 0
      vertex 7.35 9 0
    endloop
  endfacet
  facet normal 0 0 -1
    outer loop
      vertex 6.22836 7.85195 0
      vertex 7.4756 8.36857 0
      vertex 6.40192 7.5 0
    endloop
  endfacet
  facet normal 0 0 -1
    outer loop
      vertex 7.99554 10.309 0
      vertex 7.17372 11.3801 0
      vertex 7.5 11.5981 0
    endloop
  endfacet
  facet normal -0 0 -1
    outer loop
      vertex 7.4756 8.36857 0
      vertex 6.22836 7.85195 0
      vertex 7.40622 8.57295 0
    endloop
  endfacet
  facet normal 0 0 -1
    outer loop
      vertex 7.83327 10.1667 0
      vertex 6.87868 11.1213 0
      vertex 7.17372 11.3801 0
    endloop
  endfacet
  facet normal 0 0 -1
    outer loop
      vertex 6.10222 8.22354 0
      vertex 7.40622 8.57295 0
      vertex 6.22836 7.85195 0
    endloop
  endfacet
  facet normal 0 0 -1
    outer loop
      vertex 7.69097 10.0045 0
      vertex 6.61994 10.8263 0
      vertex 6.87868 11.1213 0
    endloop
  endfacet
  facet normal -0 0 -1
    outer loop
      vertex 7.40622 8.57295 0
      vertex 6.10222 8.22354 0
      vertex 7.36412 8.78463 0
    endloop
  endfacet
  facet normal 0 0 -1
    outer loop
      vertex 7.57106 9.825 0
      vertex 6.40192 10.5 0
      vertex 6.61994 10.8263 0
    endloop
  endfacet
  facet normal 0 0 -1
    outer loop
      vertex 6.02567 8.60842 0
      vertex 7.36412 8.78463 0
      vertex 6.10222 8.22354 0
    endloop
  endfacet
  facet normal 0 0 -1
    outer loop
      vertex 7.4756 9.63143 0
      vertex 6.22836 10.148 0
      vertex 6.40192 10.5 0
    endloop
  endfacet
  facet normal -0 0 -1
    outer loop
      vertex 7.36412 8.78463 0
      vertex 6.02567 8.60842 0
      vertex 7.35 9 0
    endloop
  endfacet
  facet normal 0 0 -1
    outer loop
      vertex 7.40622 9.42705 0
      vertex 6.10222 9.77646 0
      vertex 6.22836 10.148 0
    endloop
  endfacet
  facet normal 0 0 -1
    outer loop
      vertex 6 9 0
      vertex 7.35 9 0
      vertex 6.02567 8.60842 0
    endloop
  endfacet
  facet normal 0 0 -1
    outer loop
      vertex 7.36412 9.21537 0
      vertex 6.02567 9.39158 0
      vertex 6.10222 9.77646 0
    endloop
  endfacet
  facet normal 0 0 -1
    outer loop
      vertex 7.35 9 0
      vertex 6 9 0
      vertex 6.02567 9.39158 0
    endloop
  endfacet
  facet normal -0.555582 -0.831462 0
    outer loop
      vertex 7.17372 6.61994 0
      vertex 7.5 6.40192 4.26
      vertex 7.17372 6.61994 4.26
    endloop
  endfacet
  facet normal -0.555582 -0.831462 -0
    outer loop
      vertex 7.5 6.40192 4.26
      vertex 7.17372 6.61994 0
      vertex 7.5 6.40192 0
    endloop
  endfacet
  facet normal -0.0654211 0.997858 0
    outer loop
      vertex 9.21537 7.36412 0
      vertex 9 7.35 4.26
      vertex 9.21537 7.36412 4.26
    endloop
  endfacet
  facet normal -0.0654211 0.997858 0
    outer loop
      vertex 9 7.35 4.26
      vertex 9.21537 7.36412 0
      vertex 9 7.35 0
    endloop
  endfacet
  facet normal -0.98079 -0.195065 0
    outer loop
      vertex 10.6359 9.21537 0
      vertex 10.5938 9.42705 4.26
      vertex 10.5938 9.42705 0
    endloop
  endfacet
  facet normal -0.98079 -0.195065 0
    outer loop
      vertex 10.5938 9.42705 4.26
      vertex 10.6359 9.21537 0
      vertex 10.6359 9.21537 4.26
    endloop
  endfacet
  facet normal -0.997864 -0.0653289 0
    outer loop
      vertex 10.65 9 0
      vertex 10.6359 9.21537 4.26
      vertex 10.6359 9.21537 0
    endloop
  endfacet
  facet normal -0.997864 -0.0653289 0
    outer loop
      vertex 10.6359 9.21537 4.26
      vertex 10.65 9 0
      vertex 10.65 9 4.26
    endloop
  endfacet
  facet normal -0.946899 -0.321532 0
    outer loop
      vertex 10.5938 9.42705 0
      vertex 10.5244 9.63143 4.26
      vertex 10.5244 9.63143 0
    endloop
  endfacet
  facet normal -0.946899 -0.321532 0
    outer loop
      vertex 10.5244 9.63143 4.26
      vertex 10.5938 9.42705 0
      vertex 10.5938 9.42705 4.26
    endloop
  endfacet
  facet normal -0.0653289 -0.997864 0
    outer loop
      vertex 9 10.65 0
      vertex 9.21537 10.6359 4.26
      vertex 9 10.65 4.26
    endloop
  endfacet
  facet normal -0.0653289 -0.997864 -0
    outer loop
      vertex 9.21537 10.6359 4.26
      vertex 9 10.65 0
      vertex 9.21537 10.6359 0
    endloop
  endfacet
  facet normal 0.659328 0.751856 -0
    outer loop
      vertex 7.99554 7.69097 0
      vertex 7.83327 7.83327 4.26
      vertex 7.99554 7.69097 4.26
    endloop
  endfacet
  facet normal 0.659328 0.751856 0
    outer loop
      vertex 7.83327 7.83327 4.26
      vertex 7.99554 7.69097 0
      vertex 7.83327 7.83327 0
    endloop
  endfacet
  facet normal 0.997858 0.0654211 0
    outer loop
      vertex 7.36412 8.78463 4.26
      vertex 7.35 9 0
      vertex 7.35 9 4.26
    endloop
  endfacet
  facet normal 0.997858 0.0654211 0
    outer loop
      vertex 7.35 9 0
      vertex 7.36412 8.78463 4.26
      vertex 7.36412 8.78463 0
    endloop
  endfacet
  facet normal 0.659328 -0.751856 0
    outer loop
      vertex 7.83327 10.1667 0
      vertex 7.99554 10.309 4.26
      vertex 7.83327 10.1667 4.26
    endloop
  endfacet
  facet normal 0.659328 -0.751856 0
    outer loop
      vertex 7.99554 10.309 4.26
      vertex 7.83327 10.1667 0
      vertex 7.99554 10.309 0
    endloop
  endfacet
  facet normal -0.751715 -0.659488 0
    outer loop
      vertex 10.309 10.0045 0
      vertex 10.1667 10.1667 4.26
      vertex 10.1667 10.1667 0
    endloop
  endfacet
  facet normal -0.751715 -0.659488 0
    outer loop
      vertex 10.1667 10.1667 4.26
      vertex 10.309 10.0045 0
      vertex 10.309 10.0045 4.26
    endloop
  endfacet
  facet normal -0.997864 0.0653289 0
    outer loop
      vertex 10.6359 8.78463 0
      vertex 10.65 9 4.26
      vertex 10.65 9 0
    endloop
  endfacet
  facet normal -0.997864 0.0653289 0
    outer loop
      vertex 10.65 9 4.26
      vertex 10.6359 8.78463 0
      vertex 10.6359 8.78463 4.26
    endloop
  endfacet
  facet normal -0.442445 -0.896796 0
    outer loop
      vertex 9.63143 10.5244 0
      vertex 9.825 10.4289 4.26
      vertex 9.63143 10.5244 4.26
    endloop
  endfacet
  facet normal -0.442445 -0.896796 -0
    outer loop
      vertex 9.825 10.4289 4.26
      vertex 9.63143 10.5244 0
      vertex 9.825 10.4289 0
    endloop
  endfacet
  facet normal -0.896796 0.442445 0
    outer loop
      vertex 10.4289 8.175 0
      vertex 10.5244 8.36857 4.26
      vertex 10.5244 8.36857 0
    endloop
  endfacet
  facet normal -0.896796 0.442445 0
    outer loop
      vertex 10.5244 8.36857 4.26
      vertex 10.4289 8.175 0
      vertex 10.4289 8.175 4.26
    endloop
  endfacet
  facet normal 0.321449 0.946927 -0
    outer loop
      vertex 8.57295 7.40622 0
      vertex 8.36857 7.4756 4.26
      vertex 8.57295 7.40622 4.26
    endloop
  endfacet
  facet normal 0.321449 0.946927 0
    outer loop
      vertex 8.36857 7.4756 4.26
      vertex 8.57295 7.40622 0
      vertex 8.36857 7.4756 0
    endloop
  endfacet
  facet normal -0.831551 -0.555448 0
    outer loop
      vertex 10.4289 9.825 0
      vertex 10.309 10.0045 4.26
      vertex 10.309 10.0045 0
    endloop
  endfacet
  facet normal -0.831551 -0.555448 0
    outer loop
      vertex 10.309 10.0045 4.26
      vertex 10.4289 9.825 0
      vertex 10.4289 9.825 4.26
    endloop
  endfacet
  facet normal -0.896796 -0.442445 0
    outer loop
      vertex 10.5244 9.63143 0
      vertex 10.4289 9.825 4.26
      vertex 10.4289 9.825 0
    endloop
  endfacet
  facet normal -0.896796 -0.442445 0
    outer loop
      vertex 10.4289 9.825 4.26
      vertex 10.5244 9.63143 0
      vertex 10.5244 9.63143 4.26
    endloop
  endfacet
  facet normal 0.831472 0.555566 0
    outer loop
      vertex 7.69097 7.99554 4.26
      vertex 7.57106 8.175 0
      vertex 7.57106 8.175 4.26
    endloop
  endfacet
  facet normal 0.831472 0.555566 0
    outer loop
      vertex 7.57106 8.175 0
      vertex 7.69097 7.99554 4.26
      vertex 7.69097 7.99554 0
    endloop
  endfacet
  facet normal -0.442296 0.896869 0
    outer loop
      vertex 9.825 7.57106 0
      vertex 9.63143 7.4756 4.26
      vertex 9.825 7.57106 4.26
    endloop
  endfacet
  facet normal -0.442296 0.896869 0
    outer loop
      vertex 9.63143 7.4756 4.26
      vertex 9.825 7.57106 0
      vertex 9.63143 7.4756 0
    endloop
  endfacet
  facet normal 0.997858 -0.0654211 0
    outer loop
      vertex 7.35 9 4.26
      vertex 7.36412 9.21537 0
      vertex 7.36412 9.21537 4.26
    endloop
  endfacet
  facet normal 0.997858 -0.0654211 0
    outer loop
      vertex 7.36412 9.21537 0
      vertex 7.35 9 4.26
      vertex 7.35 9 0
    endloop
  endfacet
  facet normal 0.442445 -0.896796 0
    outer loop
      vertex 8.175 10.4289 0
      vertex 8.36857 10.5244 4.26
      vertex 8.175 10.4289 4.26
    endloop
  endfacet
  facet normal 0.442445 -0.896796 0
    outer loop
      vertex 8.36857 10.5244 4.26
      vertex 8.175 10.4289 0
      vertex 8.36857 10.5244 0
    endloop
  endfacet
  facet normal -0.195065 -0.98079 0
    outer loop
      vertex 9.21537 10.6359 0
      vertex 9.42705 10.5938 4.26
      vertex 9.21537 10.6359 4.26
    endloop
  endfacet
  facet normal -0.195065 -0.98079 -0
    outer loop
      vertex 9.42705 10.5938 4.26
      vertex 9.21537 10.6359 0
      vertex 9.42705 10.5938 0
    endloop
  endfacet
  facet normal 0.751715 -0.659488 0
    outer loop
      vertex 7.69097 10.0045 4.26
      vertex 7.83327 10.1667 0
      vertex 7.83327 10.1667 4.26
    endloop
  endfacet
  facet normal 0.751715 -0.659488 0
    outer loop
      vertex 7.83327 10.1667 0
      vertex 7.69097 10.0045 4.26
      vertex 7.69097 10.0045 0
    endloop
  endfacet
  facet normal 0.946927 0.321449 0
    outer loop
      vertex 7.4756 8.36857 4.26
      vertex 7.40622 8.57295 0
      vertex 7.40622 8.57295 4.26
    endloop
  endfacet
  facet normal 0.946927 0.321449 0
    outer loop
      vertex 7.40622 8.57295 0
      vertex 7.4756 8.36857 4.26
      vertex 7.4756 8.36857 0
    endloop
  endfacet
  facet normal -0.946899 0.321532 0
    outer loop
      vertex 10.5244 8.36857 0
      vertex 10.5938 8.57295 4.26
      vertex 10.5938 8.57295 0
    endloop
  endfacet
  facet normal -0.946899 0.321532 0
    outer loop
      vertex 10.5938 8.57295 4.26
      vertex 10.5244 8.36857 0
      vertex 10.5244 8.36857 4.26
    endloop
  endfacet
  facet normal 0.98079 -0.195065 0
    outer loop
      vertex 7.36412 9.21537 4.26
      vertex 7.40622 9.42705 0
      vertex 7.40622 9.42705 4.26
    endloop
  endfacet
  facet normal 0.98079 -0.195065 0
    outer loop
      vertex 7.40622 9.42705 0
      vertex 7.36412 9.21537 4.26
      vertex 7.36412 9.21537 0
    endloop
  endfacet
  facet normal 0.442296 0.896869 -0
    outer loop
      vertex 8.36857 7.4756 0
      vertex 8.175 7.57106 4.26
      vertex 8.36857 7.4756 4.26
    endloop
  endfacet
  facet normal 0.442296 0.896869 0
    outer loop
      vertex 8.175 7.57106 4.26
      vertex 8.36857 7.4756 0
      vertex 8.175 7.57106 0
    endloop
  endfacet
  facet normal 0.555534 -0.831494 0
    outer loop
      vertex 7.99554 10.309 0
      vertex 8.175 10.4289 4.26
      vertex 7.99554 10.309 4.26
    endloop
  endfacet
  facet normal 0.555534 -0.831494 0
    outer loop
      vertex 8.175 10.4289 4.26
      vertex 7.99554 10.309 0
      vertex 8.175 10.4289 0
    endloop
  endfacet
  facet normal -0.659488 0.751715 0
    outer loop
      vertex 10.1667 7.83327 0
      vertex 10.0045 7.69097 4.26
      vertex 10.1667 7.83327 4.26
    endloop
  endfacet
  facet normal -0.659488 0.751715 0
    outer loop
      vertex 10.0045 7.69097 4.26
      vertex 10.1667 7.83327 0
      vertex 10.0045 7.69097 0
    endloop
  endfacet
  facet normal 0.321532 -0.946899 0
    outer loop
      vertex 8.36857 10.5244 0
      vertex 8.57295 10.5938 4.26
      vertex 8.36857 10.5244 4.26
    endloop
  endfacet
  facet normal 0.321532 -0.946899 0
    outer loop
      vertex 8.57295 10.5938 4.26
      vertex 8.36857 10.5244 0
      vertex 8.57295 10.5938 0
    endloop
  endfacet
  facet normal -0.831494 0.555534 0
    outer loop
      vertex 10.309 7.99554 0
      vertex 10.4289 8.175 4.26
      vertex 10.4289 8.175 0
    endloop
  endfacet
  facet normal -0.831494 0.555534 0
    outer loop
      vertex 10.4289 8.175 4.26
      vertex 10.309 7.99554 0
      vertex 10.309 7.99554 4.26
    endloop
  endfacet
  facet normal -0.55548 0.83153 0
    outer loop
      vertex 10.0045 7.69097 0
      vertex 9.825 7.57106 4.26
      vertex 10.0045 7.69097 4.26
    endloop
  endfacet
  facet normal -0.55548 0.83153 0
    outer loop
      vertex 9.825 7.57106 4.26
      vertex 10.0045 7.69097 0
      vertex 9.825 7.57106 0
    endloop
  endfacet
  facet normal -0.751856 0.659328 0
    outer loop
      vertex 10.1667 7.83327 0
      vertex 10.309 7.99554 4.26
      vertex 10.309 7.99554 0
    endloop
  endfacet
  facet normal -0.751856 0.659328 0
    outer loop
      vertex 10.309 7.99554 4.26
      vertex 10.1667 7.83327 0
      vertex 10.1667 7.83327 4.26
    endloop
  endfacet
  facet normal -0.98079 0.195065 0
    outer loop
      vertex 10.5938 8.57295 0
      vertex 10.6359 8.78463 4.26
      vertex 10.6359 8.78463 0
    endloop
  endfacet
  facet normal -0.98079 0.195065 0
    outer loop
      vertex 10.6359 8.78463 4.26
      vertex 10.5938 8.57295 0
      vertex 10.5938 8.57295 4.26
    endloop
  endfacet
  facet normal 0.0653289 -0.997864 0
    outer loop
      vertex 8.78463 10.6359 0
      vertex 9 10.65 4.26
      vertex 8.78463 10.6359 4.26
    endloop
  endfacet
  facet normal 0.0653289 -0.997864 0
    outer loop
      vertex 9 10.65 4.26
      vertex 8.78463 10.6359 0
      vertex 9 10.65 0
    endloop
  endfacet
  facet normal 0.896869 0.442296 0
    outer loop
      vertex 7.57106 8.175 4.26
      vertex 7.4756 8.36857 0
      vertex 7.4756 8.36857 4.26
    endloop
  endfacet
  facet normal 0.896869 0.442296 0
    outer loop
      vertex 7.4756 8.36857 0
      vertex 7.57106 8.175 4.26
      vertex 7.57106 8.175 0
    endloop
  endfacet
  facet normal 0.896869 -0.442296 0
    outer loop
      vertex 7.4756 9.63143 4.26
      vertex 7.57106 9.825 0
      vertex 7.57106 9.825 4.26
    endloop
  endfacet
  facet normal 0.896869 -0.442296 0
    outer loop
      vertex 7.57106 9.825 0
      vertex 7.4756 9.63143 4.26
      vertex 7.4756 9.63143 0
    endloop
  endfacet
  facet normal -0.555448 -0.831551 0
    outer loop
      vertex 9.825 10.4289 0
      vertex 10.0045 10.309 4.26
      vertex 9.825 10.4289 4.26
    endloop
  endfacet
  facet normal -0.555448 -0.831551 -0
    outer loop
      vertex 10.0045 10.309 4.26
      vertex 9.825 10.4289 0
      vertex 10.0045 10.309 0
    endloop
  endfacet
  facet normal 0.98079 0.195065 0
    outer loop
      vertex 7.40622 8.57295 4.26
      vertex 7.36412 8.78463 0
      vertex 7.36412 8.78463 4.26
    endloop
  endfacet
  facet normal 0.98079 0.195065 0
    outer loop
      vertex 7.36412 8.78463 0
      vertex 7.40622 8.57295 4.26
      vertex 7.40622 8.57295 0
    endloop
  endfacet
  facet normal -0.321449 0.946927 0
    outer loop
      vertex 9.63143 7.4756 0
      vertex 9.42705 7.40622 4.26
      vertex 9.63143 7.4756 4.26
    endloop
  endfacet
  facet normal -0.321449 0.946927 0
    outer loop
      vertex 9.42705 7.40622 4.26
      vertex 9.63143 7.4756 0
      vertex 9.42705 7.40622 0
    endloop
  endfacet
  facet normal -0.659488 -0.751715 0
    outer loop
      vertex 10.0045 10.309 0
      vertex 10.1667 10.1667 4.26
      vertex 10.0045 10.309 4.26
    endloop
  endfacet
  facet normal -0.659488 -0.751715 -0
    outer loop
      vertex 10.1667 10.1667 4.26
      vertex 10.0045 10.309 0
      vertex 10.1667 10.1667 0
    endloop
  endfacet
  facet normal -0.195065 0.98079 0
    outer loop
      vertex 9.42705 7.40622 0
      vertex 9.21537 7.36412 4.26
      vertex 9.42705 7.40622 4.26
    endloop
  endfacet
  facet normal -0.195065 0.98079 0
    outer loop
      vertex 9.21537 7.36412 4.26
      vertex 9.42705 7.40622 0
      vertex 9.21537 7.36412 0
    endloop
  endfacet
  facet normal 0.946927 -0.321449 0
    outer loop
      vertex 7.40622 9.42705 4.26
      vertex 7.4756 9.63143 0
      vertex 7.4756 9.63143 4.26
    endloop
  endfacet
  facet normal 0.946927 -0.321449 0
    outer loop
      vertex 7.4756 9.63143 0
      vertex 7.40622 9.42705 4.26
      vertex 7.40622 9.42705 0
    endloop
  endfacet
  facet normal 0.195065 -0.98079 0
    outer loop
      vertex 8.57295 10.5938 0
      vertex 8.78463 10.6359 4.26
      vertex 8.57295 10.5938 4.26
    endloop
  endfacet
  facet normal 0.195065 -0.98079 0
    outer loop
      vertex 8.78463 10.6359 4.26
      vertex 8.57295 10.5938 0
      vertex 8.78463 10.6359 0
    endloop
  endfacet
  facet normal 0.0654211 0.997858 -0
    outer loop
      vertex 9 7.35 0
      vertex 8.78463 7.36412 4.26
      vertex 9 7.35 4.26
    endloop
  endfacet
  facet normal 0.0654211 0.997858 0
    outer loop
      vertex 8.78463 7.36412 4.26
      vertex 9 7.35 0
      vertex 8.78463 7.36412 0
    endloop
  endfacet
  facet normal 0.751856 0.659328 0
    outer loop
      vertex 7.83327 7.83327 4.26
      vertex 7.69097 7.99554 0
      vertex 7.69097 7.99554 4.26
    endloop
  endfacet
  facet normal 0.751856 0.659328 0
    outer loop
      vertex 7.69097 7.99554 0
      vertex 7.83327 7.83327 4.26
      vertex 7.83327 7.83327 0
    endloop
  endfacet
  facet normal 0.195065 0.98079 -0
    outer loop
      vertex 8.78463 7.36412 0
      vertex 8.57295 7.40622 4.26
      vertex 8.78463 7.36412 4.26
    endloop
  endfacet
  facet normal 0.195065 0.98079 0
    outer loop
      vertex 8.57295 7.40622 4.26
      vertex 8.78463 7.36412 0
      vertex 8.57295 7.40622 0
    endloop
  endfacet
  facet normal 0.555566 0.831472 -0
    outer loop
      vertex 8.175 7.57106 0
      vertex 7.99554 7.69097 4.26
      vertex 8.175 7.57106 4.26
    endloop
  endfacet
  facet normal 0.555566 0.831472 0
    outer loop
      vertex 7.99554 7.69097 4.26
      vertex 8.175 7.57106 0
      vertex 7.99554 7.69097 0
    endloop
  endfacet
  facet normal -0.321532 -0.946899 0
    outer loop
      vertex 9.42705 10.5938 0
      vertex 9.63143 10.5244 4.26
      vertex 9.42705 10.5938 4.26
    endloop
  endfacet
  facet normal -0.321532 -0.946899 -0
    outer loop
      vertex 9.63143 10.5244 4.26
      vertex 9.42705 10.5938 0
      vertex 9.63143 10.5244 0
    endloop
  endfacet
  facet normal 0.83153 -0.55548 0
    outer loop
      vertex 7.57106 9.825 4.26
      vertex 7.69097 10.0045 0
      vertex 7.69097 10.0045 4.26
    endloop
  endfacet
  facet normal 0.83153 -0.55548 0
    outer loop
      vertex 7.69097 10.0045 0
      vertex 7.57106 9.825 4.26
      vertex 7.57106 9.825 0
    endloop
  endfacet
endsolid OpenSCAD_Model
