solid OpenSCAD_Model
  facet normal 0.290404 0.956904 -0
    outer loop
      vertex -10.3519 -26.2284 24.25
      vertex -10.9147 -26.0576 27.25
      vertex -10.3519 -26.2284 27.25
    endloop
  endfacet
  facet normal 0.290404 0.956904 0
    outer loop
      vertex -10.9147 -26.0576 27.25
      vertex -10.3519 -26.2284 24.25
      vertex -10.9147 -26.0576 24.25
    endloop
  endfacet
  facet normal 0 0 1
    outer loop
      vertex -10.4 -29 27.25
      vertex -8.5 -29 27.25
      vertex -8.55764 -28.4147 27.25
    endloop
  endfacet
  facet normal 0 0 1
    outer loop
      vertex -10.4375 -28.7153 27.25
      vertex -8.55764 -28.4147 27.25
      vertex -8.72836 -27.8519 27.25
    endloop
  endfacet
  facet normal 0 0 1
    outer loop
      vertex -8.5 -29 27.25
      vertex -10.4 -29 27.25
      vertex -8.55764 -29.5853 27.25
    endloop
  endfacet
  facet normal 0 0 1
    outer loop
      vertex -10.5474 -28.45 27.25
      vertex -8.72836 -27.8519 27.25
      vertex -9.00559 -27.3333 27.25
    endloop
  endfacet
  facet normal -0 0 1
    outer loop
      vertex -10.4375 -29.2847 27.25
      vertex -8.55764 -29.5853 27.25
      vertex -10.4 -29 27.25
    endloop
  endfacet
  facet normal 0 0 1
    outer loop
      vertex -10.7222 -28.2222 27.25
      vertex -9.00559 -27.3333 27.25
      vertex -9.37868 -26.8787 27.25
    endloop
  endfacet
  facet normal 0 0 1
    outer loop
      vertex -8.55764 -29.5853 27.25
      vertex -10.4375 -29.2847 27.25
      vertex -8.72836 -30.148 27.25
    endloop
  endfacet
  facet normal 0 0 1
    outer loop
      vertex -10.7222 -28.2222 27.25
      vertex -9.37868 -26.8787 27.25
      vertex -9.83329 -26.5056 27.25
    endloop
  endfacet
  facet normal -0 0 1
    outer loop
      vertex -10.5474 -29.55 27.25
      vertex -8.72836 -30.148 27.25
      vertex -10.4375 -29.2847 27.25
    endloop
  endfacet
  facet normal 0 0 1
    outer loop
      vertex -10.95 -28.0474 27.25
      vertex -9.83329 -26.5056 27.25
      vertex -10.3519 -26.2284 27.25
    endloop
  endfacet
  facet normal 0 0 1
    outer loop
      vertex -8.72836 -30.148 27.25
      vertex -10.5474 -29.55 27.25
      vertex -9.00559 -30.6667 27.25
    endloop
  endfacet
  facet normal -0 0 1
    outer loop
      vertex -10.7222 -29.7778 27.25
      vertex -9.00559 -30.6667 27.25
      vertex -10.5474 -29.55 27.25
    endloop
  endfacet
  facet normal 0 0 1
    outer loop
      vertex -8.55764 -28.4147 27.25
      vertex -10.4375 -28.7153 27.25
      vertex -10.4 -29 27.25
    endloop
  endfacet
  facet normal 0 0 1
    outer loop
      vertex -8.72836 -27.8519 27.25
      vertex -10.5474 -28.45 27.25
      vertex -10.4375 -28.7153 27.25
    endloop
  endfacet
  facet normal 0 0 1
    outer loop
      vertex -9.00559 -27.3333 27.25
      vertex -10.7222 -28.2222 27.25
      vertex -10.5474 -28.45 27.25
    endloop
  endfacet
  facet normal 0 0 1
    outer loop
      vertex -11.2153 -27.9375 27.25
      vertex -10.3519 -26.2284 27.25
      vertex -10.9147 -26.0576 27.25
    endloop
  endfacet
  facet normal 0 0 1
    outer loop
      vertex -9.83329 -26.5056 27.25
      vertex -10.95 -28.0474 27.25
      vertex -10.7222 -28.2222 27.25
    endloop
  endfacet
  facet normal 0 0 1
    outer loop
      vertex -10.3519 -26.2284 27.25
      vertex -11.2153 -27.9375 27.25
      vertex -10.95 -28.0474 27.25
    endloop
  endfacet
  facet normal 0 0 1
    outer loop
      vertex -11.5 -27.9 27.25
      vertex -10.9147 -26.0576 27.25
      vertex -11.5 -26 27.25
    endloop
  endfacet
  facet normal 0 0 1
    outer loop
      vertex -10.9147 -26.0576 27.25
      vertex -11.5 -27.9 27.25
      vertex -11.2153 -27.9375 27.25
    endloop
  endfacet
  facet normal -0 0 1
    outer loop
      vertex -12.0853 -26.0576 27.25
      vertex -11.5 -27.9 27.25
      vertex -11.5 -26 27.25
    endloop
  endfacet
  facet normal 0 0 1
    outer loop
      vertex -11.5 -27.9 27.25
      vertex -12.0853 -26.0576 27.25
      vertex -11.7847 -27.9375 27.25
    endloop
  endfacet
  facet normal -0 0 1
    outer loop
      vertex -12.648 -26.2284 27.25
      vertex -11.7847 -27.9375 27.25
      vertex -12.0853 -26.0576 27.25
    endloop
  endfacet
  facet normal 0 0 1
    outer loop
      vertex -11.7847 -27.9375 27.25
      vertex -12.648 -26.2284 27.25
      vertex -12.05 -28.0474 27.25
    endloop
  endfacet
  facet normal -0 0 1
    outer loop
      vertex -13.1667 -26.5056 27.25
      vertex -12.05 -28.0474 27.25
      vertex -12.648 -26.2284 27.25
    endloop
  endfacet
  facet normal 0 0 1
    outer loop
      vertex -12.05 -28.0474 27.25
      vertex -13.1667 -26.5056 27.25
      vertex -12.2778 -28.2222 27.25
    endloop
  endfacet
  facet normal -0 0 1
    outer loop
      vertex -13.9944 -27.3333 27.25
      vertex -12.2778 -28.2222 27.25
      vertex -13.6213 -26.8787 27.25
    endloop
  endfacet
  facet normal -0 0 1
    outer loop
      vertex -13.6213 -26.8787 27.25
      vertex -12.2778 -28.2222 27.25
      vertex -13.1667 -26.5056 27.25
    endloop
  endfacet
  facet normal 0 0 1
    outer loop
      vertex -9.00559 -30.6667 27.25
      vertex -10.7222 -29.7778 27.25
      vertex -9.37868 -31.1213 27.25
    endloop
  endfacet
  facet normal 0 0 1
    outer loop
      vertex -9.37868 -31.1213 27.25
      vertex -10.7222 -29.7778 27.25
      vertex -9.83329 -31.4944 27.25
    endloop
  endfacet
  facet normal -0 0 1
    outer loop
      vertex -10.95 -29.9526 27.25
      vertex -9.83329 -31.4944 27.25
      vertex -10.7222 -29.7778 27.25
    endloop
  endfacet
  facet normal 0 0 1
    outer loop
      vertex -9.83329 -31.4944 27.25
      vertex -10.95 -29.9526 27.25
      vertex -10.3519 -31.7716 27.25
    endloop
  endfacet
  facet normal -0 0 1
    outer loop
      vertex -11.2153 -30.0625 27.25
      vertex -10.3519 -31.7716 27.25
      vertex -10.95 -29.9526 27.25
    endloop
  endfacet
  facet normal 0 0 1
    outer loop
      vertex -10.3519 -31.7716 27.25
      vertex -11.2153 -30.0625 27.25
      vertex -10.9147 -31.9424 27.25
    endloop
  endfacet
  facet normal -0 0 1
    outer loop
      vertex -11.5 -30.1 27.25
      vertex -10.9147 -31.9424 27.25
      vertex -11.2153 -30.0625 27.25
    endloop
  endfacet
  facet normal 0 0 1
    outer loop
      vertex -11.5 -30.1 27.25
      vertex -11.5 -32 27.25
      vertex -10.9147 -31.9424 27.25
    endloop
  endfacet
  facet normal 0 0 1
    outer loop
      vertex -12.0853 -31.9424 27.25
      vertex -11.5 -30.1 27.25
      vertex -11.7847 -30.0625 27.25
    endloop
  endfacet
  facet normal 0 0 1
    outer loop
      vertex -12.648 -31.7716 27.25
      vertex -11.7847 -30.0625 27.25
      vertex -12.05 -29.9526 27.25
    endloop
  endfacet
  facet normal 0 0 1
    outer loop
      vertex -11.5 -30.1 27.25
      vertex -12.0853 -31.9424 27.25
      vertex -11.5 -32 27.25
    endloop
  endfacet
  facet normal 0 0 1
    outer loop
      vertex -13.1667 -31.4944 27.25
      vertex -12.05 -29.9526 27.25
      vertex -12.2778 -29.7778 27.25
    endloop
  endfacet
  facet normal 0 0 1
    outer loop
      vertex -13.9944 -30.6667 27.25
      vertex -12.2778 -29.7778 27.25
      vertex -12.4526 -29.55 27.25
    endloop
  endfacet
  facet normal 0 0 1
    outer loop
      vertex -14.2716 -30.148 27.25
      vertex -12.4526 -29.55 27.25
      vertex -12.5625 -29.2847 27.25
    endloop
  endfacet
  facet normal 0 0 1
    outer loop
      vertex -11.7847 -30.0625 27.25
      vertex -12.648 -31.7716 27.25
      vertex -12.0853 -31.9424 27.25
    endloop
  endfacet
  facet normal 0 0 1
    outer loop
      vertex -14.4424 -29.5853 27.25
      vertex -12.5625 -29.2847 27.25
      vertex -12.6 -29 27.25
    endloop
  endfacet
  facet normal 0 0 1
    outer loop
      vertex -12.2778 -28.2222 27.25
      vertex -13.9944 -27.3333 27.25
      vertex -12.4526 -28.45 27.25
    endloop
  endfacet
  facet normal -0 0 1
    outer loop
      vertex -14.2716 -27.8519 27.25
      vertex -12.4526 -28.45 27.25
      vertex -13.9944 -27.3333 27.25
    endloop
  endfacet
  facet normal 0 0 1
    outer loop
      vertex -12.05 -29.9526 27.25
      vertex -13.1667 -31.4944 27.25
      vertex -12.648 -31.7716 27.25
    endloop
  endfacet
  facet normal 0 0 1
    outer loop
      vertex -12.4526 -28.45 27.25
      vertex -14.2716 -27.8519 27.25
      vertex -12.5625 -28.7153 27.25
    endloop
  endfacet
  facet normal 0 0 1
    outer loop
      vertex -12.2778 -29.7778 27.25
      vertex -13.6213 -31.1213 27.25
      vertex -13.1667 -31.4944 27.25
    endloop
  endfacet
  facet normal -0 0 1
    outer loop
      vertex -14.4424 -28.4147 27.25
      vertex -12.5625 -28.7153 27.25
      vertex -14.2716 -27.8519 27.25
    endloop
  endfacet
  facet normal 0 0 1
    outer loop
      vertex -12.2778 -29.7778 27.25
      vertex -13.9944 -30.6667 27.25
      vertex -13.6213 -31.1213 27.25
    endloop
  endfacet
  facet normal 0 0 1
    outer loop
      vertex -12.5625 -28.7153 27.25
      vertex -14.4424 -28.4147 27.25
      vertex -12.6 -29 27.25
    endloop
  endfacet
  facet normal 0 0 1
    outer loop
      vertex -12.4526 -29.55 27.25
      vertex -14.2716 -30.148 27.25
      vertex -13.9944 -30.6667 27.25
    endloop
  endfacet
  facet normal 0 0 1
    outer loop
      vertex -14.5 -29 27.25
      vertex -12.6 -29 27.25
      vertex -14.4424 -28.4147 27.25
    endloop
  endfacet
  facet normal 0 0 1
    outer loop
      vertex -12.5625 -29.2847 27.25
      vertex -14.4424 -29.5853 27.25
      vertex -14.2716 -30.148 27.25
    endloop
  endfacet
  facet normal 0 0 1
    outer loop
      vertex -12.6 -29 27.25
      vertex -14.5 -29 27.25
      vertex -14.4424 -29.5853 27.25
    endloop
  endfacet
  facet normal 0.956942 0.290279 0
    outer loop
      vertex -8.55764 -28.4147 27.25
      vertex -8.72836 -27.8519 24.25
      vertex -8.72836 -27.8519 27.25
    endloop
  endfacet
  facet normal 0.956942 0.290279 0
    outer loop
      vertex -8.72836 -27.8519 24.25
      vertex -8.55764 -28.4147 27.25
      vertex -8.55764 -28.4147 24.25
    endloop
  endfacet
  facet normal 0.995186 0.0980053 0
    outer loop
      vertex -8.5 -29 27.25
      vertex -8.55764 -28.4147 24.25
      vertex -8.55764 -28.4147 27.25
    endloop
  endfacet
  facet normal 0.995186 0.0980053 0
    outer loop
      vertex -8.55764 -28.4147 24.25
      vertex -8.5 -29 27.25
      vertex -8.5 -29 24.25
    endloop
  endfacet
  facet normal 0.881898 0.47144 0
    outer loop
      vertex -8.72836 -27.8519 27.25
      vertex -9.00559 -27.3333 24.25
      vertex -9.00559 -27.3333 27.25
    endloop
  endfacet
  facet normal 0.881898 0.47144 0
    outer loop
      vertex -9.00559 -27.3333 24.25
      vertex -8.72836 -27.8519 27.25
      vertex -8.72836 -27.8519 24.25
    endloop
  endfacet
  facet normal -0.881957 -0.471329 0
    outer loop
      vertex -13.9944 -30.6667 24.25
      vertex -14.2716 -30.148 27.25
      vertex -14.2716 -30.148 24.25
    endloop
  endfacet
  facet normal -0.881957 -0.471329 0
    outer loop
      vertex -14.2716 -30.148 27.25
      vertex -13.9944 -30.6667 24.25
      vertex -13.9944 -30.6667 27.25
    endloop
  endfacet
  facet normal -0.471329 -0.881957 0
    outer loop
      vertex -13.1667 -31.4944 24.25
      vertex -12.648 -31.7716 27.25
      vertex -13.1667 -31.4944 27.25
    endloop
  endfacet
  facet normal -0.471329 -0.881957 -0
    outer loop
      vertex -12.648 -31.7716 27.25
      vertex -13.1667 -31.4944 24.25
      vertex -12.648 -31.7716 24.25
    endloop
  endfacet
  facet normal 0.097938 -0.995193 0
    outer loop
      vertex -11.5 -32 24.25
      vertex -10.9147 -31.9424 27.25
      vertex -11.5 -32 27.25
    endloop
  endfacet
  facet normal 0.097938 -0.995193 0
    outer loop
      vertex -10.9147 -31.9424 27.25
      vertex -11.5 -32 24.25
      vertex -10.9147 -31.9424 24.25
    endloop
  endfacet
  facet normal 0.634405 0.773001 -0
    outer loop
      vertex -9.37868 -26.8787 24.25
      vertex -9.83329 -26.5056 27.25
      vertex -9.37868 -26.8787 27.25
    endloop
  endfacet
  facet normal 0.634405 0.773001 0
    outer loop
      vertex -9.83329 -26.5056 27.25
      vertex -9.37868 -26.8787 24.25
      vertex -9.83329 -26.5056 24.25
    endloop
  endfacet
  facet normal 0.290404 -0.956904 0
    outer loop
      vertex -10.9147 -31.9424 24.25
      vertex -10.3519 -31.7716 27.25
      vertex -10.9147 -31.9424 27.25
    endloop
  endfacet
  facet normal 0.290404 -0.956904 0
    outer loop
      vertex -10.3519 -31.7716 27.25
      vertex -10.9147 -31.9424 24.25
      vertex -10.3519 -31.7716 24.25
    endloop
  endfacet
  facet normal 0.773003 -0.634403 0
    outer loop
      vertex -9.37868 -31.1213 27.25
      vertex -9.00559 -30.6667 24.25
      vertex -9.00559 -30.6667 27.25
    endloop
  endfacet
  facet normal 0.773003 -0.634403 0
    outer loop
      vertex -9.00559 -30.6667 24.25
      vertex -9.37868 -31.1213 27.25
      vertex -9.37868 -31.1213 24.25
    endloop
  endfacet
  facet normal 0.471393 -0.881923 0
    outer loop
      vertex -10.3519 -31.7716 24.25
      vertex -9.83329 -31.4944 27.25
      vertex -10.3519 -31.7716 27.25
    endloop
  endfacet
  facet normal 0.471393 -0.881923 0
    outer loop
      vertex -9.83329 -31.4944 27.25
      vertex -10.3519 -31.7716 24.25
      vertex -9.83329 -31.4944 24.25
    endloop
  endfacet
  facet normal 0.995186 -0.0980053 0
    outer loop
      vertex -8.55764 -29.5853 27.25
      vertex -8.5 -29 24.25
      vertex -8.5 -29 27.25
    endloop
  endfacet
  facet normal 0.995186 -0.0980053 0
    outer loop
      vertex -8.5 -29 24.25
      vertex -8.55764 -29.5853 27.25
      vertex -8.55764 -29.5853 24.25
    endloop
  endfacet
  facet normal -0.956904 0.290404 0
    outer loop
      vertex -14.4424 -28.4147 24.25
      vertex -14.2716 -27.8519 27.25
      vertex -14.2716 -27.8519 24.25
    endloop
  endfacet
  facet normal -0.956904 0.290404 0
    outer loop
      vertex -14.2716 -27.8519 27.25
      vertex -14.4424 -28.4147 24.25
      vertex -14.4424 -28.4147 27.25
    endloop
  endfacet
  facet normal 0.097938 0.995193 -0
    outer loop
      vertex -10.9147 -26.0576 24.25
      vertex -11.5 -26 27.25
      vertex -10.9147 -26.0576 27.25
    endloop
  endfacet
  facet normal 0.097938 0.995193 0
    outer loop
      vertex -11.5 -26 27.25
      vertex -10.9147 -26.0576 24.25
      vertex -11.5 -26 24.25
    endloop
  endfacet
  facet normal -0.471329 0.881957 0
    outer loop
      vertex -12.648 -26.2284 24.25
      vertex -13.1667 -26.5056 27.25
      vertex -12.648 -26.2284 27.25
    endloop
  endfacet
  facet normal -0.471329 0.881957 0
    outer loop
      vertex -13.1667 -26.5056 27.25
      vertex -12.648 -26.2284 24.25
      vertex -13.1667 -26.5056 24.25
    endloop
  endfacet
  facet normal -0.634413 0.772994 0
    outer loop
      vertex -13.1667 -26.5056 24.25
      vertex -13.6213 -26.8787 27.25
      vertex -13.1667 -26.5056 27.25
    endloop
  endfacet
  facet normal -0.634413 0.772994 0
    outer loop
      vertex -13.6213 -26.8787 27.25
      vertex -13.1667 -26.5056 24.25
      vertex -13.6213 -26.8787 24.25
    endloop
  endfacet
  facet normal -0.097938 -0.995193 0
    outer loop
      vertex -12.0853 -31.9424 24.25
      vertex -11.5 -32 27.25
      vertex -12.0853 -31.9424 27.25
    endloop
  endfacet
  facet normal -0.097938 -0.995193 -0
    outer loop
      vertex -11.5 -32 27.25
      vertex -12.0853 -31.9424 24.25
      vertex -11.5 -32 24.25
    endloop
  endfacet
  facet normal -0.290451 -0.95689 0
    outer loop
      vertex -12.648 -31.7716 24.25
      vertex -12.0853 -31.9424 27.25
      vertex -12.648 -31.7716 27.25
    endloop
  endfacet
  facet normal -0.290451 -0.95689 -0
    outer loop
      vertex -12.0853 -31.9424 27.25
      vertex -12.648 -31.7716 24.25
      vertex -12.0853 -31.9424 24.25
    endloop
  endfacet
  facet normal 0.881936 -0.471369 0
    outer loop
      vertex -9.00559 -30.6667 27.25
      vertex -8.72836 -30.148 24.25
      vertex -8.72836 -30.148 27.25
    endloop
  endfacet
  facet normal 0.881936 -0.471369 0
    outer loop
      vertex -8.72836 -30.148 24.25
      vertex -9.00559 -30.6667 27.25
      vertex -9.00559 -30.6667 24.25
    endloop
  endfacet
  facet normal -0.634413 -0.772994 0
    outer loop
      vertex -13.6213 -31.1213 24.25
      vertex -13.1667 -31.4944 27.25
      vertex -13.6213 -31.1213 27.25
    endloop
  endfacet
  facet normal -0.634413 -0.772994 -0
    outer loop
      vertex -13.1667 -31.4944 27.25
      vertex -13.6213 -31.1213 24.25
      vertex -13.1667 -31.4944 24.25
    endloop
  endfacet
  facet normal 0.956928 -0.290326 0
    outer loop
      vertex -8.72836 -30.148 27.25
      vertex -8.55764 -29.5853 24.25
      vertex -8.55764 -29.5853 27.25
    endloop
  endfacet
  facet normal 0.956928 -0.290326 0
    outer loop
      vertex -8.55764 -29.5853 24.25
      vertex -8.72836 -30.148 27.25
      vertex -8.72836 -30.148 24.25
    endloop
  endfacet
  facet normal -0.95689 -0.290451 0
    outer loop
      vertex -14.2716 -30.148 24.25
      vertex -14.4424 -29.5853 27.25
      vertex -14.4424 -29.5853 24.25
    endloop
  endfacet
  facet normal -0.95689 -0.290451 0
    outer loop
      vertex -14.4424 -29.5853 27.25
      vertex -14.2716 -30.148 24.25
      vertex -14.2716 -30.148 27.25
    endloop
  endfacet
  facet normal -0.290451 0.95689 0
    outer loop
      vertex -12.0853 -26.0576 24.25
      vertex -12.648 -26.2284 27.25
      vertex -12.0853 -26.0576 27.25
    endloop
  endfacet
  facet normal -0.290451 0.95689 0
    outer loop
      vertex -12.648 -26.2284 27.25
      vertex -12.0853 -26.0576 24.25
      vertex -12.648 -26.2284 24.25
    endloop
  endfacet
  facet normal -0.995193 0.097938 0
    outer loop
      vertex -14.5 -29 24.25
      vertex -14.4424 -28.4147 27.25
      vertex -14.4424 -28.4147 24.25
    endloop
  endfacet
  facet normal -0.995193 0.097938 0
    outer loop
      vertex -14.4424 -28.4147 27.25
      vertex -14.5 -29 24.25
      vertex -14.5 -29 27.25
    endloop
  endfacet
  facet normal 0.773003 0.634403 0
    outer loop
      vertex -9.00559 -27.3333 27.25
      vertex -9.37868 -26.8787 24.25
      vertex -9.37868 -26.8787 27.25
    endloop
  endfacet
  facet normal 0.773003 0.634403 0
    outer loop
      vertex -9.37868 -26.8787 24.25
      vertex -9.00559 -27.3333 27.25
      vertex -9.00559 -27.3333 24.25
    endloop
  endfacet
  facet normal 0.634405 -0.773001 0
    outer loop
      vertex -9.83329 -31.4944 24.25
      vertex -9.37868 -31.1213 27.25
      vertex -9.83329 -31.4944 27.25
    endloop
  endfacet
  facet normal 0.634405 -0.773001 0
    outer loop
      vertex -9.37868 -31.1213 27.25
      vertex -9.83329 -31.4944 24.25
      vertex -9.37868 -31.1213 24.25
    endloop
  endfacet
  facet normal 0.471393 0.881923 -0
    outer loop
      vertex -9.83329 -26.5056 24.25
      vertex -10.3519 -26.2284 27.25
      vertex -9.83329 -26.5056 27.25
    endloop
  endfacet
  facet normal 0.471393 0.881923 0
    outer loop
      vertex -10.3519 -26.2284 27.25
      vertex -9.83329 -26.5056 24.25
      vertex -10.3519 -26.2284 24.25
    endloop
  endfacet
  facet normal -0.772994 0.634413 0
    outer loop
      vertex -13.9944 -27.3333 24.25
      vertex -13.6213 -26.8787 27.25
      vertex -13.6213 -26.8787 24.25
    endloop
  endfacet
  facet normal -0.772994 0.634413 0
    outer loop
      vertex -13.6213 -26.8787 27.25
      vertex -13.9944 -27.3333 24.25
      vertex -13.9944 -27.3333 27.25
    endloop
  endfacet
  facet normal -0.097938 0.995193 0
    outer loop
      vertex -11.5 -26 24.25
      vertex -12.0853 -26.0576 27.25
      vertex -11.5 -26 27.25
    endloop
  endfacet
  facet normal -0.097938 0.995193 0
    outer loop
      vertex -12.0853 -26.0576 27.25
      vertex -11.5 -26 24.25
      vertex -12.0853 -26.0576 24.25
    endloop
  endfacet
  facet normal -0.995193 -0.097938 0
    outer loop
      vertex -14.4424 -29.5853 24.25
      vertex -14.5 -29 27.25
      vertex -14.5 -29 24.25
    endloop
  endfacet
  facet normal -0.995193 -0.097938 0
    outer loop
      vertex -14.5 -29 27.25
      vertex -14.4424 -29.5853 24.25
      vertex -14.4424 -29.5853 27.25
    endloop
  endfacet
  facet normal -0.772994 -0.634413 0
    outer loop
      vertex -13.6213 -31.1213 24.25
      vertex -13.9944 -30.6667 27.25
      vertex -13.9944 -30.6667 24.25
    endloop
  endfacet
  facet normal -0.772994 -0.634413 0
    outer loop
      vertex -13.9944 -30.6667 27.25
      vertex -13.6213 -31.1213 24.25
      vertex -13.6213 -31.1213 27.25
    endloop
  endfacet
  facet normal -0.881919 0.4714 0
    outer loop
      vertex -14.2716 -27.8519 24.25
      vertex -13.9944 -27.3333 27.25
      vertex -13.9944 -27.3333 24.25
    endloop
  endfacet
  facet normal -0.881919 0.4714 0
    outer loop
      vertex -13.9944 -27.3333 27.25
      vertex -14.2716 -27.8519 24.25
      vertex -14.2716 -27.8519 27.25
    endloop
  endfacet
  facet normal 0 0 1
    outer loop
      vertex 9.37868 26.8787 24.25
      vertex -9.37868 26.8787 24.25
      vertex 9.83329 26.5056 24.25
    endloop
  endfacet
  facet normal 0 0 1
    outer loop
      vertex 10.3519 -26.2284 24.25
      vertex -8.55764 -28.4147 24.25
      vertex -8.5 -29 24.25
    endloop
  endfacet
  facet normal 0 0 1
    outer loop
      vertex -9.83329 26.5056 24.25
      vertex 9.83329 26.5056 24.25
      vertex -9.37868 26.8787 24.25
    endloop
  endfacet
  facet normal 0 0 1
    outer loop
      vertex 10.3519 -26.2284 24.25
      vertex -8.72836 -27.8519 24.25
      vertex -8.55764 -28.4147 24.25
    endloop
  endfacet
  facet normal 0 0 1
    outer loop
      vertex 9.83329 26.5056 24.25
      vertex -9.83329 26.5056 24.25
      vertex 10.3519 26.2284 24.25
    endloop
  endfacet
  facet normal 0 0 1
    outer loop
      vertex 10.3519 -26.2284 24.25
      vertex -9.00559 -27.3333 24.25
      vertex -8.72836 -27.8519 24.25
    endloop
  endfacet
  facet normal 0 0 1
    outer loop
      vertex -10.3519 26.2284 24.25
      vertex 10.3519 26.2284 24.25
      vertex -9.83329 26.5056 24.25
    endloop
  endfacet
  facet normal 0 0 1
    outer loop
      vertex 10.3519 -26.2284 24.25
      vertex -9.37868 -26.8787 24.25
      vertex -9.00559 -27.3333 24.25
    endloop
  endfacet
  facet normal 0 0 1
    outer loop
      vertex 10.3519 26.2284 24.25
      vertex -10.3519 26.2284 24.25
      vertex 10.3519 -26.2284 24.25
    endloop
  endfacet
  facet normal 0 0 1
    outer loop
      vertex 10.3519 -26.2284 24.25
      vertex -9.83329 -26.5056 24.25
      vertex -9.37868 -26.8787 24.25
    endloop
  endfacet
  facet normal 0 0 1
    outer loop
      vertex -10.3519 -26.2284 24.25
      vertex 10.3519 -26.2284 24.25
      vertex -10.3519 26.2284 24.25
    endloop
  endfacet
  facet normal 0 0 1
    outer loop
      vertex 10.3519 -26.2284 24.25
      vertex -10.3519 -26.2284 24.25
      vertex -9.83329 -26.5056 24.25
    endloop
  endfacet
  facet normal -0 0 1
    outer loop
      vertex -10.9147 26.0576 24.25
      vertex -10.3519 -26.2284 24.25
      vertex -10.3519 26.2284 24.25
    endloop
  endfacet
  facet normal 0 0 1
    outer loop
      vertex -10.9147 26.0576 24.25
      vertex -10.9147 -26.0576 24.25
      vertex -10.3519 -26.2284 24.25
    endloop
  endfacet
  facet normal -0 0 1
    outer loop
      vertex -11.5 26 24.25
      vertex -10.9147 -26.0576 24.25
      vertex -10.9147 26.0576 24.25
    endloop
  endfacet
  facet normal 0 0 1
    outer loop
      vertex -11.5 26 24.25
      vertex -11.5 -26 24.25
      vertex -10.9147 -26.0576 24.25
    endloop
  endfacet
  facet normal 0 0 1
    outer loop
      vertex -12.0853 26.0576 24.25
      vertex -11.5 -26 24.25
      vertex -11.5 26 24.25
    endloop
  endfacet
  facet normal 0 0 1
    outer loop
      vertex -12.0853 26.0576 24.25
      vertex -12.0853 -26.0576 24.25
      vertex -11.5 -26 24.25
    endloop
  endfacet
  facet normal 0 0 1
    outer loop
      vertex -12.648 26.2284 24.25
      vertex -12.0853 -26.0576 24.25
      vertex -12.0853 26.0576 24.25
    endloop
  endfacet
  facet normal 0 0 1
    outer loop
      vertex -12.648 26.2284 24.25
      vertex -12.648 -26.2284 24.25
      vertex -12.0853 -26.0576 24.25
    endloop
  endfacet
  facet normal 0 0 1
    outer loop
      vertex -13.1667 26.5056 24.25
      vertex -12.648 -26.2284 24.25
      vertex -12.648 26.2284 24.25
    endloop
  endfacet
  facet normal 0 0 1
    outer loop
      vertex -13.1667 26.5056 24.25
      vertex -13.1667 -26.5056 24.25
      vertex -12.648 -26.2284 24.25
    endloop
  endfacet
  facet normal 0 0 1
    outer loop
      vertex -13.6213 26.8787 24.25
      vertex -13.1667 -26.5056 24.25
      vertex -13.1667 26.5056 24.25
    endloop
  endfacet
  facet normal 0 0 1
    outer loop
      vertex -13.6213 26.8787 24.25
      vertex -13.6213 -26.8787 24.25
      vertex -13.1667 -26.5056 24.25
    endloop
  endfacet
  facet normal 0 0 1
    outer loop
      vertex -13.9944 27.3333 24.25
      vertex -13.6213 -26.8787 24.25
      vertex -13.6213 26.8787 24.25
    endloop
  endfacet
  facet normal 0 0 1
    outer loop
      vertex -13.9944 27.3333 24.25
      vertex -13.9944 -27.3333 24.25
      vertex -13.6213 -26.8787 24.25
    endloop
  endfacet
  facet normal 0 0 1
    outer loop
      vertex -14.2716 27.8519 24.25
      vertex -13.9944 -27.3333 24.25
      vertex -13.9944 27.3333 24.25
    endloop
  endfacet
  facet normal 0 0 1
    outer loop
      vertex -14.2716 27.8519 24.25
      vertex -14.2716 -27.8519 24.25
      vertex -13.9944 -27.3333 24.25
    endloop
  endfacet
  facet normal 0 0 1
    outer loop
      vertex -17 34 24.25
      vertex -14.2716 27.8519 24.25
      vertex -14.4424 28.4147 24.25
    endloop
  endfacet
  facet normal 0 0 1
    outer loop
      vertex -14.2716 27.8519 24.25
      vertex -17 34 24.25
      vertex -14.2716 -27.8519 24.25
    endloop
  endfacet
  facet normal 0 0 1
    outer loop
      vertex -17 34 24.25
      vertex -14.4424 28.4147 24.25
      vertex -14.5 29 24.25
    endloop
  endfacet
  facet normal 0 0 1
    outer loop
      vertex -17 -34 24.25
      vertex -14.2716 -27.8519 24.25
      vertex -17 34 24.25
    endloop
  endfacet
  facet normal 0 0 1
    outer loop
      vertex 14.25 34 24.25
      vertex 13.9944 30.6667 24.25
      vertex 14.25 30.1885 24.25
    endloop
  endfacet
  facet normal 0 0 1
    outer loop
      vertex 14.25 34 24.25
      vertex 13.6213 31.1213 24.25
      vertex 13.9944 30.6667 24.25
    endloop
  endfacet
  facet normal 0 0 1
    outer loop
      vertex 14.25 34 24.25
      vertex 13.1667 31.4944 24.25
      vertex 13.6213 31.1213 24.25
    endloop
  endfacet
  facet normal 0 0 1
    outer loop
      vertex 14.25 34 24.25
      vertex 12.648 31.7716 24.25
      vertex 13.1667 31.4944 24.25
    endloop
  endfacet
  facet normal 0 0 1
    outer loop
      vertex 14.25 34 24.25
      vertex 12.0853 31.9424 24.25
      vertex 12.648 31.7716 24.25
    endloop
  endfacet
  facet normal 0 0 1
    outer loop
      vertex 14.25 34 24.25
      vertex 11.5 32 24.25
      vertex 12.0853 31.9424 24.25
    endloop
  endfacet
  facet normal 0 0 1
    outer loop
      vertex 14.25 34 24.25
      vertex 10.9147 31.9424 24.25
      vertex 11.5 32 24.25
    endloop
  endfacet
  facet normal 0 0 1
    outer loop
      vertex 14.25 34 24.25
      vertex 10.3519 31.7716 24.25
      vertex 10.9147 31.9424 24.25
    endloop
  endfacet
  facet normal 0 0 1
    outer loop
      vertex -10.3519 31.7716 24.25
      vertex 10.3519 31.7716 24.25
      vertex 14.25 34 24.25
    endloop
  endfacet
  facet normal 0 0 1
    outer loop
      vertex 8.72836 -27.8519 24.25
      vertex -8.5 -29 24.25
      vertex 8.55764 -28.4147 24.25
    endloop
  endfacet
  facet normal 0 0 1
    outer loop
      vertex 8.55764 29.5853 24.25
      vertex -8.5 29 24.25
      vertex 8.5 29 24.25
    endloop
  endfacet
  facet normal 0 0 1
    outer loop
      vertex -8.55764 29.5853 24.25
      vertex 8.55764 29.5853 24.25
      vertex 8.72836 30.148 24.25
    endloop
  endfacet
  facet normal 0 0 1
    outer loop
      vertex -8.72836 30.148 24.25
      vertex 8.72836 30.148 24.25
      vertex 9.00559 30.6667 24.25
    endloop
  endfacet
  facet normal 0 0 1
    outer loop
      vertex -9.00559 30.6667 24.25
      vertex 9.00559 30.6667 24.25
      vertex 9.37868 31.1213 24.25
    endloop
  endfacet
  facet normal 0 0 1
    outer loop
      vertex -9.37868 31.1213 24.25
      vertex 9.37868 31.1213 24.25
      vertex 9.83329 31.4944 24.25
    endloop
  endfacet
  facet normal 0 0 1
    outer loop
      vertex 10.3519 31.7716 24.25
      vertex -10.3519 31.7716 24.25
      vertex 9.83329 31.4944 24.25
    endloop
  endfacet
  facet normal 0 0 1
    outer loop
      vertex 8.55764 29.5853 24.25
      vertex -8.55764 29.5853 24.25
      vertex -8.5 29 24.25
    endloop
  endfacet
  facet normal 0 0 1
    outer loop
      vertex 8.72836 30.148 24.25
      vertex -8.72836 30.148 24.25
      vertex -8.55764 29.5853 24.25
    endloop
  endfacet
  facet normal 0 0 1
    outer loop
      vertex 9.00559 30.6667 24.25
      vertex -9.00559 30.6667 24.25
      vertex -8.72836 30.148 24.25
    endloop
  endfacet
  facet normal 0 0 1
    outer loop
      vertex 9.37868 31.1213 24.25
      vertex -9.37868 31.1213 24.25
      vertex -9.00559 30.6667 24.25
    endloop
  endfacet
  facet normal 0 0 1
    outer loop
      vertex 9.83329 31.4944 24.25
      vertex -9.83329 31.4944 24.25
      vertex -9.37868 31.1213 24.25
    endloop
  endfacet
  facet normal 0 0 1
    outer loop
      vertex 9.83329 31.4944 24.25
      vertex -10.3519 31.7716 24.25
      vertex -9.83329 31.4944 24.25
    endloop
  endfacet
  facet normal 0 0 1
    outer loop
      vertex 14.25 34 24.25
      vertex -10.9147 31.9424 24.25
      vertex -10.3519 31.7716 24.25
    endloop
  endfacet
  facet normal -0 0 1
    outer loop
      vertex -17 34 24.25
      vertex -10.9147 31.9424 24.25
      vertex 14.25 34 24.25
    endloop
  endfacet
  facet normal 0 0 1
    outer loop
      vertex -14.2716 -27.8519 24.25
      vertex -17 -34 24.25
      vertex -14.4424 -28.4147 24.25
    endloop
  endfacet
  facet normal 0 0 1
    outer loop
      vertex -14.4424 29.5853 24.25
      vertex -17 34 24.25
      vertex -14.5 29 24.25
    endloop
  endfacet
  facet normal 0 0 1
    outer loop
      vertex -14.2716 30.148 24.25
      vertex -17 34 24.25
      vertex -14.4424 29.5853 24.25
    endloop
  endfacet
  facet normal 0 0 1
    outer loop
      vertex -13.9944 30.6667 24.25
      vertex -17 34 24.25
      vertex -14.2716 30.148 24.25
    endloop
  endfacet
  facet normal 0 0 1
    outer loop
      vertex -13.6213 31.1213 24.25
      vertex -17 34 24.25
      vertex -13.9944 30.6667 24.25
    endloop
  endfacet
  facet normal 0 0 1
    outer loop
      vertex -13.1667 31.4944 24.25
      vertex -17 34 24.25
      vertex -13.6213 31.1213 24.25
    endloop
  endfacet
  facet normal 0 0 1
    outer loop
      vertex -12.648 31.7716 24.25
      vertex -17 34 24.25
      vertex -13.1667 31.4944 24.25
    endloop
  endfacet
  facet normal 0 0 1
    outer loop
      vertex -12.0853 31.9424 24.25
      vertex -17 34 24.25
      vertex -12.648 31.7716 24.25
    endloop
  endfacet
  facet normal 0 0 1
    outer loop
      vertex -11.5 32 24.25
      vertex -17 34 24.25
      vertex -12.0853 31.9424 24.25
    endloop
  endfacet
  facet normal 0 0 1
    outer loop
      vertex -10.9147 31.9424 24.25
      vertex -17 34 24.25
      vertex -11.5 32 24.25
    endloop
  endfacet
  facet normal -0 0 1
    outer loop
      vertex 13.9944 27.3333 24.25
      vertex 14.25 -27.8115 24.25
      vertex 14.25 27.8115 24.25
    endloop
  endfacet
  facet normal 0 0 1
    outer loop
      vertex 13.9944 27.3333 24.25
      vertex 13.9944 -27.3333 24.25
      vertex 14.25 -27.8115 24.25
    endloop
  endfacet
  facet normal -0 0 1
    outer loop
      vertex 13.6213 26.8787 24.25
      vertex 13.9944 -27.3333 24.25
      vertex 13.9944 27.3333 24.25
    endloop
  endfacet
  facet normal 0 0 1
    outer loop
      vertex 13.6213 26.8787 24.25
      vertex 13.6213 -26.8787 24.25
      vertex 13.9944 -27.3333 24.25
    endloop
  endfacet
  facet normal -0 0 1
    outer loop
      vertex 13.1667 26.5056 24.25
      vertex 13.6213 -26.8787 24.25
      vertex 13.6213 26.8787 24.25
    endloop
  endfacet
  facet normal 0 0 1
    outer loop
      vertex 13.1667 26.5056 24.25
      vertex 13.1667 -26.5056 24.25
      vertex 13.6213 -26.8787 24.25
    endloop
  endfacet
  facet normal -0 0 1
    outer loop
      vertex 12.648 26.2284 24.25
      vertex 13.1667 -26.5056 24.25
      vertex 13.1667 26.5056 24.25
    endloop
  endfacet
  facet normal 0 0 1
    outer loop
      vertex 12.648 26.2284 24.25
      vertex 12.648 -26.2284 24.25
      vertex 13.1667 -26.5056 24.25
    endloop
  endfacet
  facet normal -0 0 1
    outer loop
      vertex 12.0853 26.0576 24.25
      vertex 12.648 -26.2284 24.25
      vertex 12.648 26.2284 24.25
    endloop
  endfacet
  facet normal 0 0 1
    outer loop
      vertex 12.0853 26.0576 24.25
      vertex 12.0853 -26.0576 24.25
      vertex 12.648 -26.2284 24.25
    endloop
  endfacet
  facet normal -0 0 1
    outer loop
      vertex 11.5 26 24.25
      vertex 12.0853 -26.0576 24.25
      vertex 12.0853 26.0576 24.25
    endloop
  endfacet
  facet normal 0 0 1
    outer loop
      vertex 11.5 26 24.25
      vertex 11.5 -26 24.25
      vertex 12.0853 -26.0576 24.25
    endloop
  endfacet
  facet normal 0 0 1
    outer loop
      vertex 10.9147 26.0576 24.25
      vertex 11.5 -26 24.25
      vertex 11.5 26 24.25
    endloop
  endfacet
  facet normal 0 0 1
    outer loop
      vertex 10.9147 26.0576 24.25
      vertex 10.9147 -26.0576 24.25
      vertex 11.5 -26 24.25
    endloop
  endfacet
  facet normal 0 0 1
    outer loop
      vertex 10.3519 26.2284 24.25
      vertex 10.9147 -26.0576 24.25
      vertex 10.9147 26.0576 24.25
    endloop
  endfacet
  facet normal 0 0 1
    outer loop
      vertex 10.3519 26.2284 24.25
      vertex 10.3519 -26.2284 24.25
      vertex 10.9147 -26.0576 24.25
    endloop
  endfacet
  facet normal 0 0 1
    outer loop
      vertex -9.00559 27.3333 24.25
      vertex 9.00559 27.3333 24.25
      vertex -8.72836 27.8519 24.25
    endloop
  endfacet
  facet normal 0 0 1
    outer loop
      vertex 9.00559 27.3333 24.25
      vertex -9.00559 27.3333 24.25
      vertex 9.37868 26.8787 24.25
    endloop
  endfacet
  facet normal 0 0 1
    outer loop
      vertex 8.72836 27.8519 24.25
      vertex -8.72836 27.8519 24.25
      vertex 9.00559 27.3333 24.25
    endloop
  endfacet
  facet normal 0 0 1
    outer loop
      vertex -9.37868 26.8787 24.25
      vertex 9.37868 26.8787 24.25
      vertex -9.00559 27.3333 24.25
    endloop
  endfacet
  facet normal 0 0 1
    outer loop
      vertex -8.72836 27.8519 24.25
      vertex 8.72836 27.8519 24.25
      vertex -8.55764 28.4147 24.25
    endloop
  endfacet
  facet normal 0 0 1
    outer loop
      vertex 10.3519 -26.2284 24.25
      vertex -8.5 -29 24.25
      vertex 9.83329 -26.5056 24.25
    endloop
  endfacet
  facet normal 0 0 1
    outer loop
      vertex 8.55764 28.4147 24.25
      vertex -8.55764 28.4147 24.25
      vertex 8.72836 27.8519 24.25
    endloop
  endfacet
  facet normal 0 0 1
    outer loop
      vertex 9.83329 -26.5056 24.25
      vertex -8.5 -29 24.25
      vertex 9.37868 -26.8787 24.25
    endloop
  endfacet
  facet normal 0 0 1
    outer loop
      vertex -8.55764 28.4147 24.25
      vertex 8.55764 28.4147 24.25
      vertex -8.5 29 24.25
    endloop
  endfacet
  facet normal 0 0 1
    outer loop
      vertex 9.37868 -26.8787 24.25
      vertex -8.5 -29 24.25
      vertex 9.00559 -27.3333 24.25
    endloop
  endfacet
  facet normal -0 0 1
    outer loop
      vertex -8.5 29 24.25
      vertex 8.55764 28.4147 24.25
      vertex 8.5 29 24.25
    endloop
  endfacet
  facet normal 0 0 1
    outer loop
      vertex 9.00559 -27.3333 24.25
      vertex -8.5 -29 24.25
      vertex 8.72836 -27.8519 24.25
    endloop
  endfacet
  facet normal -0 0 1
    outer loop
      vertex 13.9944 -30.6667 24.25
      vertex 14.25 -34 24.25
      vertex 14.25 -30.1885 24.25
    endloop
  endfacet
  facet normal -0 0 1
    outer loop
      vertex 13.6213 -31.1213 24.25
      vertex 14.25 -34 24.25
      vertex 13.9944 -30.6667 24.25
    endloop
  endfacet
  facet normal -0 0 1
    outer loop
      vertex 13.1667 -31.4944 24.25
      vertex 14.25 -34 24.25
      vertex 13.6213 -31.1213 24.25
    endloop
  endfacet
  facet normal -0 0 1
    outer loop
      vertex 12.648 -31.7716 24.25
      vertex 14.25 -34 24.25
      vertex 13.1667 -31.4944 24.25
    endloop
  endfacet
  facet normal -0 0 1
    outer loop
      vertex 12.0853 -31.9424 24.25
      vertex 14.25 -34 24.25
      vertex 12.648 -31.7716 24.25
    endloop
  endfacet
  facet normal -0 0 1
    outer loop
      vertex 11.5 -32 24.25
      vertex 14.25 -34 24.25
      vertex 12.0853 -31.9424 24.25
    endloop
  endfacet
  facet normal 0 0 1
    outer loop
      vertex 10.9147 -31.9424 24.25
      vertex 14.25 -34 24.25
      vertex 11.5 -32 24.25
    endloop
  endfacet
  facet normal 0 0 1
    outer loop
      vertex 10.3519 -31.7716 24.25
      vertex 14.25 -34 24.25
      vertex 10.9147 -31.9424 24.25
    endloop
  endfacet
  facet normal 0 0 1
    outer loop
      vertex -10.3519 -31.7716 24.25
      vertex 10.3519 -31.7716 24.25
      vertex 9.83329 -31.4944 24.25
    endloop
  endfacet
  facet normal 0 0 1
    outer loop
      vertex 8.55764 -28.4147 24.25
      vertex -8.5 -29 24.25
      vertex 8.5 -29 24.25
    endloop
  endfacet
  facet normal 0 0 1
    outer loop
      vertex 8.5 -29 24.25
      vertex -8.5 -29 24.25
      vertex 8.55764 -29.5853 24.25
    endloop
  endfacet
  facet normal 0 0 1
    outer loop
      vertex -8.55764 -29.5853 24.25
      vertex 8.55764 -29.5853 24.25
      vertex -8.5 -29 24.25
    endloop
  endfacet
  facet normal 0 0 1
    outer loop
      vertex 8.55764 -29.5853 24.25
      vertex -8.55764 -29.5853 24.25
      vertex 8.72836 -30.148 24.25
    endloop
  endfacet
  facet normal 0 0 1
    outer loop
      vertex -8.72836 -30.148 24.25
      vertex 8.72836 -30.148 24.25
      vertex -8.55764 -29.5853 24.25
    endloop
  endfacet
  facet normal 0 0 1
    outer loop
      vertex 8.72836 -30.148 24.25
      vertex -8.72836 -30.148 24.25
      vertex 9.00559 -30.6667 24.25
    endloop
  endfacet
  facet normal 0 0 1
    outer loop
      vertex -9.00559 -30.6667 24.25
      vertex 9.00559 -30.6667 24.25
      vertex -8.72836 -30.148 24.25
    endloop
  endfacet
  facet normal 0 0 1
    outer loop
      vertex 9.00559 -30.6667 24.25
      vertex -9.00559 -30.6667 24.25
      vertex 9.37868 -31.1213 24.25
    endloop
  endfacet
  facet normal 0 0 1
    outer loop
      vertex -9.37868 -31.1213 24.25
      vertex 9.37868 -31.1213 24.25
      vertex -9.00559 -30.6667 24.25
    endloop
  endfacet
  facet normal 0 0 1
    outer loop
      vertex 9.37868 -31.1213 24.25
      vertex -9.37868 -31.1213 24.25
      vertex 9.83329 -31.4944 24.25
    endloop
  endfacet
  facet normal 0 0 1
    outer loop
      vertex -9.83329 -31.4944 24.25
      vertex 9.83329 -31.4944 24.25
      vertex -9.37868 -31.1213 24.25
    endloop
  endfacet
  facet normal 0 0 1
    outer loop
      vertex -10.3519 -31.7716 24.25
      vertex 9.83329 -31.4944 24.25
      vertex -9.83329 -31.4944 24.25
    endloop
  endfacet
  facet normal 0 0 1
    outer loop
      vertex 10.3519 -31.7716 24.25
      vertex -10.3519 -31.7716 24.25
      vertex 14.25 -34 24.25
    endloop
  endfacet
  facet normal -0 0 1
    outer loop
      vertex -10.9147 -31.9424 24.25
      vertex 14.25 -34 24.25
      vertex -10.3519 -31.7716 24.25
    endloop
  endfacet
  facet normal 0 0 1
    outer loop
      vertex -17 -34 24.25
      vertex -10.9147 -31.9424 24.25
      vertex -11.5 -32 24.25
    endloop
  endfacet
  facet normal 0 0 1
    outer loop
      vertex -10.9147 -31.9424 24.25
      vertex -17 -34 24.25
      vertex 14.25 -34 24.25
    endloop
  endfacet
  facet normal 0 0 1
    outer loop
      vertex -12.0853 -31.9424 24.25
      vertex -17 -34 24.25
      vertex -11.5 -32 24.25
    endloop
  endfacet
  facet normal 0 0 1
    outer loop
      vertex -12.648 -31.7716 24.25
      vertex -17 -34 24.25
      vertex -12.0853 -31.9424 24.25
    endloop
  endfacet
  facet normal 0 0 1
    outer loop
      vertex -13.1667 -31.4944 24.25
      vertex -17 -34 24.25
      vertex -12.648 -31.7716 24.25
    endloop
  endfacet
  facet normal 0 0 1
    outer loop
      vertex -13.6213 -31.1213 24.25
      vertex -17 -34 24.25
      vertex -13.1667 -31.4944 24.25
    endloop
  endfacet
  facet normal 0 0 1
    outer loop
      vertex -13.9944 -30.6667 24.25
      vertex -17 -34 24.25
      vertex -13.6213 -31.1213 24.25
    endloop
  endfacet
  facet normal 0 0 1
    outer loop
      vertex -14.2716 -30.148 24.25
      vertex -17 -34 24.25
      vertex -13.9944 -30.6667 24.25
    endloop
  endfacet
  facet normal 0 0 1
    outer loop
      vertex -14.4424 -29.5853 24.25
      vertex -17 -34 24.25
      vertex -14.2716 -30.148 24.25
    endloop
  endfacet
  facet normal 0 0 1
    outer loop
      vertex -14.5 -29 24.25
      vertex -17 -34 24.25
      vertex -14.4424 -29.5853 24.25
    endloop
  endfacet
  facet normal 0 0 1
    outer loop
      vertex -14.4424 -28.4147 24.25
      vertex -17 -34 24.25
      vertex -14.5 -29 24.25
    endloop
  endfacet
  facet normal 0 0 -1
    outer loop
      vertex 14.4424 28.4147 24.25
      vertex 14.4424 29.5853 24.25
      vertex 14.5 29 24.25
    endloop
  endfacet
  facet normal 0 0 -1
    outer loop
      vertex 14.25 27.8115 24.25
      vertex 14.4424 28.4147 24.25
      vertex 14.2716 27.8519 24.25
    endloop
  endfacet
  facet normal -0 0 -1
    outer loop
      vertex 14.4424 28.4147 24.25
      vertex 14.25 27.8115 24.25
      vertex 14.4424 29.5853 24.25
    endloop
  endfacet
  facet normal 0 0 -1
    outer loop
      vertex 14.25 30.1885 24.25
      vertex 14.4424 29.5853 24.25
      vertex 14.25 27.8115 24.25
    endloop
  endfacet
  facet normal 0 0 -1
    outer loop
      vertex 14.4424 29.5853 24.25
      vertex 14.25 30.1885 24.25
      vertex 14.2716 30.148 24.25
    endloop
  endfacet
  facet normal 0 0 -1
    outer loop
      vertex 14.4424 -29.5853 24.25
      vertex 14.4424 -28.4147 24.25
      vertex 14.5 -29 24.25
    endloop
  endfacet
  facet normal 0 0 -1
    outer loop
      vertex 14.25 -30.1885 24.25
      vertex 14.4424 -29.5853 24.25
      vertex 14.2716 -30.148 24.25
    endloop
  endfacet
  facet normal -0 0 -1
    outer loop
      vertex 14.4424 -29.5853 24.25
      vertex 14.25 -30.1885 24.25
      vertex 14.4424 -28.4147 24.25
    endloop
  endfacet
  facet normal 0 0 -1
    outer loop
      vertex 14.25 -27.8115 24.25
      vertex 14.4424 -28.4147 24.25
      vertex 14.25 -30.1885 24.25
    endloop
  endfacet
  facet normal 0 0 -1
    outer loop
      vertex 14.4424 -28.4147 24.25
      vertex 14.25 -27.8115 24.25
      vertex 14.2716 -27.8519 24.25
    endloop
  endfacet
  facet normal 0.956928 0.290326 0
    outer loop
      vertex -8.55764 29.5853 27.25
      vertex -8.72836 30.148 24.25
      vertex -8.72836 30.148 27.25
    endloop
  endfacet
  facet normal 0.956928 0.290326 0
    outer loop
      vertex -8.72836 30.148 24.25
      vertex -8.55764 29.5853 27.25
      vertex -8.55764 29.5853 24.25
    endloop
  endfacet
  facet normal 0.995186 0.0980053 0
    outer loop
      vertex -8.5 29 27.25
      vertex -8.55764 29.5853 24.25
      vertex -8.55764 29.5853 27.25
    endloop
  endfacet
  facet normal 0.995186 0.0980053 0
    outer loop
      vertex -8.55764 29.5853 24.25
      vertex -8.5 29 27.25
      vertex -8.5 29 24.25
    endloop
  endfacet
  facet normal 0.881936 0.471369 0
    outer loop
      vertex -8.72836 30.148 27.25
      vertex -9.00559 30.6667 24.25
      vertex -9.00559 30.6667 27.25
    endloop
  endfacet
  facet normal 0.881936 0.471369 0
    outer loop
      vertex -9.00559 30.6667 24.25
      vertex -8.72836 30.148 27.25
      vertex -8.72836 30.148 24.25
    endloop
  endfacet
  facet normal -0.634413 0.772994 0
    outer loop
      vertex -13.1667 31.4944 24.25
      vertex -13.6213 31.1213 27.25
      vertex -13.1667 31.4944 27.25
    endloop
  endfacet
  facet normal -0.634413 0.772994 0
    outer loop
      vertex -13.6213 31.1213 27.25
      vertex -13.1667 31.4944 24.25
      vertex -13.6213 31.1213 24.25
    endloop
  endfacet
  facet normal 0.471393 0.881923 -0
    outer loop
      vertex -9.83329 31.4944 24.25
      vertex -10.3519 31.7716 27.25
      vertex -9.83329 31.4944 27.25
    endloop
  endfacet
  facet normal 0.471393 0.881923 0
    outer loop
      vertex -10.3519 31.7716 27.25
      vertex -9.83329 31.4944 24.25
      vertex -10.3519 31.7716 24.25
    endloop
  endfacet
  facet normal 0.290404 -0.956904 0
    outer loop
      vertex -10.9147 26.0576 24.25
      vertex -10.3519 26.2284 27.25
      vertex -10.9147 26.0576 27.25
    endloop
  endfacet
  facet normal 0.290404 -0.956904 0
    outer loop
      vertex -10.3519 26.2284 27.25
      vertex -10.9147 26.0576 24.25
      vertex -10.3519 26.2284 24.25
    endloop
  endfacet
  facet normal -0.772994 -0.634413 0
    outer loop
      vertex -13.6213 26.8787 24.25
      vertex -13.9944 27.3333 27.25
      vertex -13.9944 27.3333 24.25
    endloop
  endfacet
  facet normal -0.772994 -0.634413 0
    outer loop
      vertex -13.9944 27.3333 27.25
      vertex -13.6213 26.8787 24.25
      vertex -13.6213 26.8787 27.25
    endloop
  endfacet
  facet normal 0.995186 -0.0980053 0
    outer loop
      vertex -8.55764 28.4147 27.25
      vertex -8.5 29 24.25
      vertex -8.5 29 27.25
    endloop
  endfacet
  facet normal 0.995186 -0.0980053 0
    outer loop
      vertex -8.5 29 24.25
      vertex -8.55764 28.4147 27.25
      vertex -8.55764 28.4147 24.25
    endloop
  endfacet
  facet normal -0.290451 0.95689 0
    outer loop
      vertex -12.0853 31.9424 24.25
      vertex -12.648 31.7716 27.25
      vertex -12.0853 31.9424 27.25
    endloop
  endfacet
  facet normal -0.290451 0.95689 0
    outer loop
      vertex -12.648 31.7716 27.25
      vertex -12.0853 31.9424 24.25
      vertex -12.648 31.7716 24.25
    endloop
  endfacet
  facet normal 0.773003 0.634403 0
    outer loop
      vertex -9.00559 30.6667 27.25
      vertex -9.37868 31.1213 24.25
      vertex -9.37868 31.1213 27.25
    endloop
  endfacet
  facet normal 0.773003 0.634403 0
    outer loop
      vertex -9.37868 31.1213 24.25
      vertex -9.00559 30.6667 27.25
      vertex -9.00559 30.6667 24.25
    endloop
  endfacet
  facet normal 0.881898 -0.47144 0
    outer loop
      vertex -9.00559 27.3333 27.25
      vertex -8.72836 27.8519 24.25
      vertex -8.72836 27.8519 27.25
    endloop
  endfacet
  facet normal 0.881898 -0.47144 0
    outer loop
      vertex -8.72836 27.8519 24.25
      vertex -9.00559 27.3333 27.25
      vertex -9.00559 27.3333 24.25
    endloop
  endfacet
  facet normal 0.956942 -0.290279 0
    outer loop
      vertex -8.72836 27.8519 27.25
      vertex -8.55764 28.4147 24.25
      vertex -8.55764 28.4147 27.25
    endloop
  endfacet
  facet normal 0.956942 -0.290279 0
    outer loop
      vertex -8.55764 28.4147 24.25
      vertex -8.72836 27.8519 27.25
      vertex -8.72836 27.8519 24.25
    endloop
  endfacet
  facet normal -0.634413 -0.772994 0
    outer loop
      vertex -13.6213 26.8787 24.25
      vertex -13.1667 26.5056 27.25
      vertex -13.6213 26.8787 27.25
    endloop
  endfacet
  facet normal -0.634413 -0.772994 -0
    outer loop
      vertex -13.1667 26.5056 27.25
      vertex -13.6213 26.8787 24.25
      vertex -13.1667 26.5056 24.25
    endloop
  endfacet
  facet normal 0.097938 -0.995193 0
    outer loop
      vertex -11.5 26 24.25
      vertex -10.9147 26.0576 27.25
      vertex -11.5 26 27.25
    endloop
  endfacet
  facet normal 0.097938 -0.995193 0
    outer loop
      vertex -10.9147 26.0576 27.25
      vertex -11.5 26 24.25
      vertex -10.9147 26.0576 24.25
    endloop
  endfacet
  facet normal -0.097938 -0.995193 0
    outer loop
      vertex -12.0853 26.0576 24.25
      vertex -11.5 26 27.25
      vertex -12.0853 26.0576 27.25
    endloop
  endfacet
  facet normal -0.097938 -0.995193 -0
    outer loop
      vertex -11.5 26 27.25
      vertex -12.0853 26.0576 24.25
      vertex -11.5 26 24.25
    endloop
  endfacet
  facet normal -0.772994 0.634413 0
    outer loop
      vertex -13.9944 30.6667 24.25
      vertex -13.6213 31.1213 27.25
      vertex -13.6213 31.1213 24.25
    endloop
  endfacet
  facet normal -0.772994 0.634413 0
    outer loop
      vertex -13.6213 31.1213 27.25
      vertex -13.9944 30.6667 24.25
      vertex -13.9944 30.6667 27.25
    endloop
  endfacet
  facet normal -0.995193 0.097938 0
    outer loop
      vertex -14.5 29 24.25
      vertex -14.4424 29.5853 27.25
      vertex -14.4424 29.5853 24.25
    endloop
  endfacet
  facet normal -0.995193 0.097938 0
    outer loop
      vertex -14.4424 29.5853 27.25
      vertex -14.5 29 24.25
      vertex -14.5 29 27.25
    endloop
  endfacet
  facet normal 0.097938 0.995193 -0
    outer loop
      vertex -10.9147 31.9424 24.25
      vertex -11.5 32 27.25
      vertex -10.9147 31.9424 27.25
    endloop
  endfacet
  facet normal 0.097938 0.995193 0
    outer loop
      vertex -11.5 32 27.25
      vertex -10.9147 31.9424 24.25
      vertex -11.5 32 24.25
    endloop
  endfacet
  facet normal 0.634405 -0.773001 0
    outer loop
      vertex -9.83329 26.5056 24.25
      vertex -9.37868 26.8787 27.25
      vertex -9.83329 26.5056 27.25
    endloop
  endfacet
  facet normal 0.634405 -0.773001 0
    outer loop
      vertex -9.37868 26.8787 27.25
      vertex -9.83329 26.5056 24.25
      vertex -9.37868 26.8787 24.25
    endloop
  endfacet
  facet normal -0.881957 0.471329 0
    outer loop
      vertex -14.2716 30.148 24.25
      vertex -13.9944 30.6667 27.25
      vertex -13.9944 30.6667 24.25
    endloop
  endfacet
  facet normal -0.881957 0.471329 0
    outer loop
      vertex -13.9944 30.6667 27.25
      vertex -14.2716 30.148 24.25
      vertex -14.2716 30.148 27.25
    endloop
  endfacet
  facet normal -0.881919 -0.4714 0
    outer loop
      vertex -13.9944 27.3333 24.25
      vertex -14.2716 27.8519 27.25
      vertex -14.2716 27.8519 24.25
    endloop
  endfacet
  facet normal -0.881919 -0.4714 0
    outer loop
      vertex -14.2716 27.8519 27.25
      vertex -13.9944 27.3333 24.25
      vertex -13.9944 27.3333 27.25
    endloop
  endfacet
  facet normal -0.471329 0.881957 0
    outer loop
      vertex -12.648 31.7716 24.25
      vertex -13.1667 31.4944 27.25
      vertex -12.648 31.7716 27.25
    endloop
  endfacet
  facet normal -0.471329 0.881957 0
    outer loop
      vertex -13.1667 31.4944 27.25
      vertex -12.648 31.7716 24.25
      vertex -13.1667 31.4944 24.25
    endloop
  endfacet
  facet normal -0.290451 -0.95689 0
    outer loop
      vertex -12.648 26.2284 24.25
      vertex -12.0853 26.0576 27.25
      vertex -12.648 26.2284 27.25
    endloop
  endfacet
  facet normal -0.290451 -0.95689 -0
    outer loop
      vertex -12.0853 26.0576 27.25
      vertex -12.648 26.2284 24.25
      vertex -12.0853 26.0576 24.25
    endloop
  endfacet
  facet normal 0.290404 0.956904 -0
    outer loop
      vertex -10.3519 31.7716 24.25
      vertex -10.9147 31.9424 27.25
      vertex -10.3519 31.7716 27.25
    endloop
  endfacet
  facet normal 0.290404 0.956904 0
    outer loop
      vertex -10.9147 31.9424 27.25
      vertex -10.3519 31.7716 24.25
      vertex -10.9147 31.9424 24.25
    endloop
  endfacet
  facet normal 0.634405 0.773001 -0
    outer loop
      vertex -9.37868 31.1213 24.25
      vertex -9.83329 31.4944 27.25
      vertex -9.37868 31.1213 27.25
    endloop
  endfacet
  facet normal 0.634405 0.773001 0
    outer loop
      vertex -9.83329 31.4944 27.25
      vertex -9.37868 31.1213 24.25
      vertex -9.83329 31.4944 24.25
    endloop
  endfacet
  facet normal -0.097938 0.995193 0
    outer loop
      vertex -11.5 32 24.25
      vertex -12.0853 31.9424 27.25
      vertex -11.5 32 27.25
    endloop
  endfacet
  facet normal -0.097938 0.995193 0
    outer loop
      vertex -12.0853 31.9424 27.25
      vertex -11.5 32 24.25
      vertex -12.0853 31.9424 24.25
    endloop
  endfacet
  facet normal -0.956904 -0.290404 0
    outer loop
      vertex -14.2716 27.8519 24.25
      vertex -14.4424 28.4147 27.25
      vertex -14.4424 28.4147 24.25
    endloop
  endfacet
  facet normal -0.956904 -0.290404 0
    outer loop
      vertex -14.4424 28.4147 27.25
      vertex -14.2716 27.8519 24.25
      vertex -14.2716 27.8519 27.25
    endloop
  endfacet
  facet normal -0.995193 -0.097938 0
    outer loop
      vertex -14.4424 28.4147 24.25
      vertex -14.5 29 27.25
      vertex -14.5 29 24.25
    endloop
  endfacet
  facet normal -0.995193 -0.097938 0
    outer loop
      vertex -14.5 29 27.25
      vertex -14.4424 28.4147 24.25
      vertex -14.4424 28.4147 27.25
    endloop
  endfacet
  facet normal 0.773003 -0.634403 0
    outer loop
      vertex -9.37868 26.8787 27.25
      vertex -9.00559 27.3333 24.25
      vertex -9.00559 27.3333 27.25
    endloop
  endfacet
  facet normal 0.773003 -0.634403 0
    outer loop
      vertex -9.00559 27.3333 24.25
      vertex -9.37868 26.8787 27.25
      vertex -9.37868 26.8787 24.25
    endloop
  endfacet
  facet normal -0.471329 -0.881957 0
    outer loop
      vertex -13.1667 26.5056 24.25
      vertex -12.648 26.2284 27.25
      vertex -13.1667 26.5056 27.25
    endloop
  endfacet
  facet normal -0.471329 -0.881957 -0
    outer loop
      vertex -12.648 26.2284 27.25
      vertex -13.1667 26.5056 24.25
      vertex -12.648 26.2284 24.25
    endloop
  endfacet
  facet normal 0 0 1
    outer loop
      vertex -10.4 29 27.25
      vertex -8.5 29 27.25
      vertex -8.55764 29.5853 27.25
    endloop
  endfacet
  facet normal 0 0 1
    outer loop
      vertex -10.4375 29.2847 27.25
      vertex -8.55764 29.5853 27.25
      vertex -8.72836 30.148 27.25
    endloop
  endfacet
  facet normal 0 0 1
    outer loop
      vertex -8.5 29 27.25
      vertex -10.4 29 27.25
      vertex -8.55764 28.4147 27.25
    endloop
  endfacet
  facet normal 0 0 1
    outer loop
      vertex -10.5474 29.55 27.25
      vertex -8.72836 30.148 27.25
      vertex -9.00559 30.6667 27.25
    endloop
  endfacet
  facet normal -0 0 1
    outer loop
      vertex -10.4375 28.7153 27.25
      vertex -8.55764 28.4147 27.25
      vertex -10.4 29 27.25
    endloop
  endfacet
  facet normal 0 0 1
    outer loop
      vertex -10.7222 29.7778 27.25
      vertex -9.00559 30.6667 27.25
      vertex -9.37868 31.1213 27.25
    endloop
  endfacet
  facet normal 0 0 1
    outer loop
      vertex -8.55764 28.4147 27.25
      vertex -10.4375 28.7153 27.25
      vertex -8.72836 27.8519 27.25
    endloop
  endfacet
  facet normal 0 0 1
    outer loop
      vertex -10.7222 29.7778 27.25
      vertex -9.37868 31.1213 27.25
      vertex -9.83329 31.4944 27.25
    endloop
  endfacet
  facet normal -0 0 1
    outer loop
      vertex -10.5474 28.45 27.25
      vertex -8.72836 27.8519 27.25
      vertex -10.4375 28.7153 27.25
    endloop
  endfacet
  facet normal 0 0 1
    outer loop
      vertex -10.95 29.9526 27.25
      vertex -9.83329 31.4944 27.25
      vertex -10.3519 31.7716 27.25
    endloop
  endfacet
  facet normal 0 0 1
    outer loop
      vertex -8.72836 27.8519 27.25
      vertex -10.5474 28.45 27.25
      vertex -9.00559 27.3333 27.25
    endloop
  endfacet
  facet normal -0 0 1
    outer loop
      vertex -10.7222 28.2222 27.25
      vertex -9.00559 27.3333 27.25
      vertex -10.5474 28.45 27.25
    endloop
  endfacet
  facet normal 0 0 1
    outer loop
      vertex -8.55764 29.5853 27.25
      vertex -10.4375 29.2847 27.25
      vertex -10.4 29 27.25
    endloop
  endfacet
  facet normal 0 0 1
    outer loop
      vertex -8.72836 30.148 27.25
      vertex -10.5474 29.55 27.25
      vertex -10.4375 29.2847 27.25
    endloop
  endfacet
  facet normal 0 0 1
    outer loop
      vertex -9.00559 30.6667 27.25
      vertex -10.7222 29.7778 27.25
      vertex -10.5474 29.55 27.25
    endloop
  endfacet
  facet normal 0 0 1
    outer loop
      vertex -11.2153 30.0625 27.25
      vertex -10.3519 31.7716 27.25
      vertex -10.9147 31.9424 27.25
    endloop
  endfacet
  facet normal 0 0 1
    outer loop
      vertex -9.83329 31.4944 27.25
      vertex -10.95 29.9526 27.25
      vertex -10.7222 29.7778 27.25
    endloop
  endfacet
  facet normal 0 0 1
    outer loop
      vertex -10.3519 31.7716 27.25
      vertex -11.2153 30.0625 27.25
      vertex -10.95 29.9526 27.25
    endloop
  endfacet
  facet normal 0 0 1
    outer loop
      vertex -11.5 30.1 27.25
      vertex -10.9147 31.9424 27.25
      vertex -11.5 32 27.25
    endloop
  endfacet
  facet normal 0 0 1
    outer loop
      vertex -10.9147 31.9424 27.25
      vertex -11.5 30.1 27.25
      vertex -11.2153 30.0625 27.25
    endloop
  endfacet
  facet normal -0 0 1
    outer loop
      vertex -12.0853 31.9424 27.25
      vertex -11.5 30.1 27.25
      vertex -11.5 32 27.25
    endloop
  endfacet
  facet normal 0 0 1
    outer loop
      vertex -11.5 30.1 27.25
      vertex -12.0853 31.9424 27.25
      vertex -11.7847 30.0625 27.25
    endloop
  endfacet
  facet normal -0 0 1
    outer loop
      vertex -12.648 31.7716 27.25
      vertex -11.7847 30.0625 27.25
      vertex -12.0853 31.9424 27.25
    endloop
  endfacet
  facet normal 0 0 1
    outer loop
      vertex -11.7847 30.0625 27.25
      vertex -12.648 31.7716 27.25
      vertex -12.05 29.9526 27.25
    endloop
  endfacet
  facet normal -0 0 1
    outer loop
      vertex -13.1667 31.4944 27.25
      vertex -12.05 29.9526 27.25
      vertex -12.648 31.7716 27.25
    endloop
  endfacet
  facet normal 0 0 1
    outer loop
      vertex -12.05 29.9526 27.25
      vertex -13.1667 31.4944 27.25
      vertex -12.2778 29.7778 27.25
    endloop
  endfacet
  facet normal -0 0 1
    outer loop
      vertex -13.9944 30.6667 27.25
      vertex -12.2778 29.7778 27.25
      vertex -13.6213 31.1213 27.25
    endloop
  endfacet
  facet normal -0 0 1
    outer loop
      vertex -13.6213 31.1213 27.25
      vertex -12.2778 29.7778 27.25
      vertex -13.1667 31.4944 27.25
    endloop
  endfacet
  facet normal 0 0 1
    outer loop
      vertex -9.00559 27.3333 27.25
      vertex -10.7222 28.2222 27.25
      vertex -9.37868 26.8787 27.25
    endloop
  endfacet
  facet normal 0 0 1
    outer loop
      vertex -9.37868 26.8787 27.25
      vertex -10.7222 28.2222 27.25
      vertex -9.83329 26.5056 27.25
    endloop
  endfacet
  facet normal -0 0 1
    outer loop
      vertex -10.95 28.0474 27.25
      vertex -9.83329 26.5056 27.25
      vertex -10.7222 28.2222 27.25
    endloop
  endfacet
  facet normal 0 0 1
    outer loop
      vertex -9.83329 26.5056 27.25
      vertex -10.95 28.0474 27.25
      vertex -10.3519 26.2284 27.25
    endloop
  endfacet
  facet normal -0 0 1
    outer loop
      vertex -11.2153 27.9375 27.25
      vertex -10.3519 26.2284 27.25
      vertex -10.95 28.0474 27.25
    endloop
  endfacet
  facet normal 0 0 1
    outer loop
      vertex -10.3519 26.2284 27.25
      vertex -11.2153 27.9375 27.25
      vertex -10.9147 26.0576 27.25
    endloop
  endfacet
  facet normal -0 0 1
    outer loop
      vertex -11.5 27.9 27.25
      vertex -10.9147 26.0576 27.25
      vertex -11.2153 27.9375 27.25
    endloop
  endfacet
  facet normal 0 0 1
    outer loop
      vertex -11.5 27.9 27.25
      vertex -11.5 26 27.25
      vertex -10.9147 26.0576 27.25
    endloop
  endfacet
  facet normal 0 0 1
    outer loop
      vertex -12.0853 26.0576 27.25
      vertex -11.5 27.9 27.25
      vertex -11.7847 27.9375 27.25
    endloop
  endfacet
  facet normal 0 0 1
    outer loop
      vertex -12.648 26.2284 27.25
      vertex -11.7847 27.9375 27.25
      vertex -12.05 28.0474 27.25
    endloop
  endfacet
  facet normal 0 0 1
    outer loop
      vertex -11.5 27.9 27.25
      vertex -12.0853 26.0576 27.25
      vertex -11.5 26 27.25
    endloop
  endfacet
  facet normal 0 0 1
    outer loop
      vertex -13.1667 26.5056 27.25
      vertex -12.05 28.0474 27.25
      vertex -12.2778 28.2222 27.25
    endloop
  endfacet
  facet normal 0 0 1
    outer loop
      vertex -13.9944 27.3333 27.25
      vertex -12.2778 28.2222 27.25
      vertex -12.4526 28.45 27.25
    endloop
  endfacet
  facet normal 0 0 1
    outer loop
      vertex -14.2716 27.8519 27.25
      vertex -12.4526 28.45 27.25
      vertex -12.5625 28.7153 27.25
    endloop
  endfacet
  facet normal 0 0 1
    outer loop
      vertex -11.7847 27.9375 27.25
      vertex -12.648 26.2284 27.25
      vertex -12.0853 26.0576 27.25
    endloop
  endfacet
  facet normal 0 0 1
    outer loop
      vertex -14.4424 28.4147 27.25
      vertex -12.5625 28.7153 27.25
      vertex -12.6 29 27.25
    endloop
  endfacet
  facet normal 0 0 1
    outer loop
      vertex -12.2778 29.7778 27.25
      vertex -13.9944 30.6667 27.25
      vertex -12.4526 29.55 27.25
    endloop
  endfacet
  facet normal -0 0 1
    outer loop
      vertex -14.2716 30.148 27.25
      vertex -12.4526 29.55 27.25
      vertex -13.9944 30.6667 27.25
    endloop
  endfacet
  facet normal 0 0 1
    outer loop
      vertex -12.05 28.0474 27.25
      vertex -13.1667 26.5056 27.25
      vertex -12.648 26.2284 27.25
    endloop
  endfacet
  facet normal 0 0 1
    outer loop
      vertex -12.4526 29.55 27.25
      vertex -14.2716 30.148 27.25
      vertex -12.5625 29.2847 27.25
    endloop
  endfacet
  facet normal 0 0 1
    outer loop
      vertex -12.2778 28.2222 27.25
      vertex -13.6213 26.8787 27.25
      vertex -13.1667 26.5056 27.25
    endloop
  endfacet
  facet normal -0 0 1
    outer loop
      vertex -14.4424 29.5853 27.25
      vertex -12.5625 29.2847 27.25
      vertex -14.2716 30.148 27.25
    endloop
  endfacet
  facet normal 0 0 1
    outer loop
      vertex -12.2778 28.2222 27.25
      vertex -13.9944 27.3333 27.25
      vertex -13.6213 26.8787 27.25
    endloop
  endfacet
  facet normal 0 0 1
    outer loop
      vertex -12.5625 29.2847 27.25
      vertex -14.4424 29.5853 27.25
      vertex -12.6 29 27.25
    endloop
  endfacet
  facet normal 0 0 1
    outer loop
      vertex -12.4526 28.45 27.25
      vertex -14.2716 27.8519 27.25
      vertex -13.9944 27.3333 27.25
    endloop
  endfacet
  facet normal 0 0 1
    outer loop
      vertex -14.5 29 27.25
      vertex -12.6 29 27.25
      vertex -14.4424 29.5853 27.25
    endloop
  endfacet
  facet normal 0 0 1
    outer loop
      vertex -12.5625 28.7153 27.25
      vertex -14.4424 28.4147 27.25
      vertex -14.2716 27.8519 27.25
    endloop
  endfacet
  facet normal 0 0 1
    outer loop
      vertex -12.6 29 27.25
      vertex -14.5 29 27.25
      vertex -14.4424 28.4147 27.25
    endloop
  endfacet
  facet normal 0.471393 -0.881923 0
    outer loop
      vertex -10.3519 26.2284 24.25
      vertex -9.83329 26.5056 27.25
      vertex -10.3519 26.2284 27.25
    endloop
  endfacet
  facet normal 0.471393 -0.881923 0
    outer loop
      vertex -9.83329 26.5056 27.25
      vertex -10.3519 26.2284 24.25
      vertex -9.83329 26.5056 24.25
    endloop
  endfacet
  facet normal -0.95689 0.290451 0
    outer loop
      vertex -14.4424 29.5853 24.25
      vertex -14.2716 30.148 27.25
      vertex -14.2716 30.148 24.25
    endloop
  endfacet
  facet normal -0.95689 0.290451 0
    outer loop
      vertex -14.2716 30.148 27.25
      vertex -14.4424 29.5853 24.25
      vertex -14.4424 29.5853 27.25
    endloop
  endfacet
  facet normal 0.097938 0.995193 -0
    outer loop
      vertex 12.0853 -26.0576 24.25
      vertex 11.5 -26 27.25
      vertex 12.0853 -26.0576 27.25
    endloop
  endfacet
  facet normal 0.097938 0.995193 0
    outer loop
      vertex 11.5 -26 27.25
      vertex 12.0853 -26.0576 24.25
      vertex 11.5 -26 24.25
    endloop
  endfacet
  facet normal 0.772994 -0.634413 0
    outer loop
      vertex 13.6213 -31.1213 27.25
      vertex 13.9944 -30.6667 24.25
      vertex 13.9944 -30.6667 27.25
    endloop
  endfacet
  facet normal 0.772994 -0.634413 0
    outer loop
      vertex 13.9944 -30.6667 24.25
      vertex 13.6213 -31.1213 27.25
      vertex 13.6213 -31.1213 24.25
    endloop
  endfacet
  facet normal 0.956904 0.290404 0
    outer loop
      vertex 14.4424 -28.4147 27.25
      vertex 14.2716 -27.8519 24.25
      vertex 14.2716 -27.8519 27.25
    endloop
  endfacet
  facet normal 0.956904 0.290404 0
    outer loop
      vertex 14.2716 -27.8519 24.25
      vertex 14.4424 -28.4147 27.25
      vertex 14.4424 -28.4147 24.25
    endloop
  endfacet
  facet normal 0.995193 0.097938 0
    outer loop
      vertex 14.5 -29 27.25
      vertex 14.4424 -28.4147 24.25
      vertex 14.4424 -28.4147 27.25
    endloop
  endfacet
  facet normal 0.995193 0.097938 0
    outer loop
      vertex 14.4424 -28.4147 24.25
      vertex 14.5 -29 27.25
      vertex 14.5 -29 24.25
    endloop
  endfacet
  facet normal 0.881924 0.471392 0
    outer loop
      vertex 13.9944 -27.3333 27.25
      vertex 14.25 -27.8115 24.25
      vertex 13.9944 -27.3333 24.25
    endloop
  endfacet
  facet normal 0.881919 0.4714 -1.63255e-06
    outer loop
      vertex 14.2716 -27.8519 27.25
      vertex 14.25 -27.8115 24.25
      vertex 13.9944 -27.3333 27.25
    endloop
  endfacet
  facet normal 0.881869 0.471494 0
    outer loop
      vertex 14.25 -27.8115 24.25
      vertex 14.2716 -27.8519 27.25
      vertex 14.2716 -27.8519 24.25
    endloop
  endfacet
  facet normal -0.290404 0.956904 0
    outer loop
      vertex 10.9147 -26.0576 24.25
      vertex 10.3519 -26.2284 27.25
      vertex 10.9147 -26.0576 27.25
    endloop
  endfacet
  facet normal -0.290404 0.956904 0
    outer loop
      vertex 10.3519 -26.2284 27.25
      vertex 10.9147 -26.0576 24.25
      vertex 10.3519 -26.2284 24.25
    endloop
  endfacet
  facet normal 0.995193 -0.097938 0
    outer loop
      vertex 14.4424 -29.5853 27.25
      vertex 14.5 -29 24.25
      vertex 14.5 -29 27.25
    endloop
  endfacet
  facet normal 0.995193 -0.097938 0
    outer loop
      vertex 14.5 -29 24.25
      vertex 14.4424 -29.5853 27.25
      vertex 14.4424 -29.5853 24.25
    endloop
  endfacet
  facet normal -0.097938 -0.995193 0
    outer loop
      vertex 10.9147 -31.9424 24.25
      vertex 11.5 -32 27.25
      vertex 10.9147 -31.9424 27.25
    endloop
  endfacet
  facet normal -0.097938 -0.995193 -0
    outer loop
      vertex 11.5 -32 27.25
      vertex 10.9147 -31.9424 24.25
      vertex 11.5 -32 24.25
    endloop
  endfacet
  facet normal -0.471393 -0.881923 0
    outer loop
      vertex 9.83329 -31.4944 24.25
      vertex 10.3519 -31.7716 27.25
      vertex 9.83329 -31.4944 27.25
    endloop
  endfacet
  facet normal -0.471393 -0.881923 -0
    outer loop
      vertex 10.3519 -31.7716 27.25
      vertex 9.83329 -31.4944 24.25
      vertex 10.3519 -31.7716 24.25
    endloop
  endfacet
  facet normal -0.881936 -0.471369 0
    outer loop
      vertex 9.00559 -30.6667 24.25
      vertex 8.72836 -30.148 27.25
      vertex 8.72836 -30.148 24.25
    endloop
  endfacet
  facet normal -0.881936 -0.471369 0
    outer loop
      vertex 8.72836 -30.148 27.25
      vertex 9.00559 -30.6667 24.25
      vertex 9.00559 -30.6667 27.25
    endloop
  endfacet
  facet normal 0.95689 -0.290451 0
    outer loop
      vertex 14.2716 -30.148 27.25
      vertex 14.4424 -29.5853 24.25
      vertex 14.4424 -29.5853 27.25
    endloop
  endfacet
  facet normal 0.95689 -0.290451 0
    outer loop
      vertex 14.4424 -29.5853 24.25
      vertex 14.2716 -30.148 27.25
      vertex 14.2716 -30.148 24.25
    endloop
  endfacet
  facet normal 0.290451 0.95689 -0
    outer loop
      vertex 12.648 -26.2284 24.25
      vertex 12.0853 -26.0576 27.25
      vertex 12.648 -26.2284 27.25
    endloop
  endfacet
  facet normal 0.290451 0.95689 0
    outer loop
      vertex 12.0853 -26.0576 27.25
      vertex 12.648 -26.2284 24.25
      vertex 12.0853 -26.0576 24.25
    endloop
  endfacet
  facet normal 0.290451 -0.95689 0
    outer loop
      vertex 12.0853 -31.9424 24.25
      vertex 12.648 -31.7716 27.25
      vertex 12.0853 -31.9424 27.25
    endloop
  endfacet
  facet normal 0.290451 -0.95689 0
    outer loop
      vertex 12.648 -31.7716 27.25
      vertex 12.0853 -31.9424 24.25
      vertex 12.648 -31.7716 24.25
    endloop
  endfacet
  facet normal -0.290404 -0.956904 0
    outer loop
      vertex 10.3519 -31.7716 24.25
      vertex 10.9147 -31.9424 27.25
      vertex 10.3519 -31.7716 27.25
    endloop
  endfacet
  facet normal -0.290404 -0.956904 -0
    outer loop
      vertex 10.9147 -31.9424 27.25
      vertex 10.3519 -31.7716 24.25
      vertex 10.9147 -31.9424 24.25
    endloop
  endfacet
  facet normal -0.634405 0.773001 0
    outer loop
      vertex 9.83329 -26.5056 24.25
      vertex 9.37868 -26.8787 27.25
      vertex 9.83329 -26.5056 27.25
    endloop
  endfacet
  facet normal -0.634405 0.773001 0
    outer loop
      vertex 9.37868 -26.8787 27.25
      vertex 9.83329 -26.5056 24.25
      vertex 9.37868 -26.8787 24.25
    endloop
  endfacet
  facet normal 0.772994 0.634413 0
    outer loop
      vertex 13.9944 -27.3333 27.25
      vertex 13.6213 -26.8787 24.25
      vertex 13.6213 -26.8787 27.25
    endloop
  endfacet
  facet normal 0.772994 0.634413 0
    outer loop
      vertex 13.6213 -26.8787 24.25
      vertex 13.9944 -27.3333 27.25
      vertex 13.9944 -27.3333 24.25
    endloop
  endfacet
  facet normal -0.471393 0.881923 0
    outer loop
      vertex 10.3519 -26.2284 24.25
      vertex 9.83329 -26.5056 27.25
      vertex 10.3519 -26.2284 27.25
    endloop
  endfacet
  facet normal -0.471393 0.881923 0
    outer loop
      vertex 9.83329 -26.5056 27.25
      vertex 10.3519 -26.2284 24.25
      vertex 9.83329 -26.5056 24.25
    endloop
  endfacet
  facet normal 0.471329 -0.881957 0
    outer loop
      vertex 12.648 -31.7716 24.25
      vertex 13.1667 -31.4944 27.25
      vertex 12.648 -31.7716 27.25
    endloop
  endfacet
  facet normal 0.471329 -0.881957 0
    outer loop
      vertex 13.1667 -31.4944 27.25
      vertex 12.648 -31.7716 24.25
      vertex 13.1667 -31.4944 24.25
    endloop
  endfacet
  facet normal -0.956942 0.290279 0
    outer loop
      vertex 8.55764 -28.4147 24.25
      vertex 8.72836 -27.8519 27.25
      vertex 8.72836 -27.8519 24.25
    endloop
  endfacet
  facet normal -0.956942 0.290279 0
    outer loop
      vertex 8.72836 -27.8519 27.25
      vertex 8.55764 -28.4147 24.25
      vertex 8.55764 -28.4147 27.25
    endloop
  endfacet
  facet normal 0.882353 -0.470588 0
    outer loop
      vertex 14.2716 -30.148 27.25
      vertex 14.25 -30.1885 24.25
      vertex 14.2716 -30.148 24.25
    endloop
  endfacet
  facet normal 0.881957 -0.471329 1.28544e-05
    outer loop
      vertex 13.9944 -30.6667 27.25
      vertex 14.25 -30.1885 24.25
      vertex 14.2716 -30.148 27.25
    endloop
  endfacet
  facet normal 0.881924 -0.471392 0
    outer loop
      vertex 14.25 -30.1885 24.25
      vertex 13.9944 -30.6667 27.25
      vertex 13.9944 -30.6667 24.25
    endloop
  endfacet
  facet normal 0.634413 0.772994 -0
    outer loop
      vertex 13.6213 -26.8787 24.25
      vertex 13.1667 -26.5056 27.25
      vertex 13.6213 -26.8787 27.25
    endloop
  endfacet
  facet normal 0.634413 0.772994 0
    outer loop
      vertex 13.1667 -26.5056 27.25
      vertex 13.6213 -26.8787 24.25
      vertex 13.1667 -26.5056 24.25
    endloop
  endfacet
  facet normal 0.634413 -0.772994 0
    outer loop
      vertex 13.1667 -31.4944 24.25
      vertex 13.6213 -31.1213 27.25
      vertex 13.1667 -31.4944 27.25
    endloop
  endfacet
  facet normal 0.634413 -0.772994 0
    outer loop
      vertex 13.6213 -31.1213 27.25
      vertex 13.1667 -31.4944 24.25
      vertex 13.6213 -31.1213 24.25
    endloop
  endfacet
  facet normal 0.471329 0.881957 -0
    outer loop
      vertex 13.1667 -26.5056 24.25
      vertex 12.648 -26.2284 27.25
      vertex 13.1667 -26.5056 27.25
    endloop
  endfacet
  facet normal 0.471329 0.881957 0
    outer loop
      vertex 12.648 -26.2284 27.25
      vertex 13.1667 -26.5056 24.25
      vertex 12.648 -26.2284 24.25
    endloop
  endfacet
  facet normal 0.097938 -0.995193 0
    outer loop
      vertex 11.5 -32 24.25
      vertex 12.0853 -31.9424 27.25
      vertex 11.5 -32 27.25
    endloop
  endfacet
  facet normal 0.097938 -0.995193 0
    outer loop
      vertex 12.0853 -31.9424 27.25
      vertex 11.5 -32 24.25
      vertex 12.0853 -31.9424 24.25
    endloop
  endfacet
  facet normal -0.956928 -0.290326 0
    outer loop
      vertex 8.72836 -30.148 24.25
      vertex 8.55764 -29.5853 27.25
      vertex 8.55764 -29.5853 24.25
    endloop
  endfacet
  facet normal -0.956928 -0.290326 0
    outer loop
      vertex 8.55764 -29.5853 27.25
      vertex 8.72836 -30.148 24.25
      vertex 8.72836 -30.148 27.25
    endloop
  endfacet
  facet normal -0.881898 0.47144 0
    outer loop
      vertex 8.72836 -27.8519 24.25
      vertex 9.00559 -27.3333 27.25
      vertex 9.00559 -27.3333 24.25
    endloop
  endfacet
  facet normal -0.881898 0.47144 0
    outer loop
      vertex 9.00559 -27.3333 27.25
      vertex 8.72836 -27.8519 24.25
      vertex 8.72836 -27.8519 27.25
    endloop
  endfacet
  facet normal -0.773003 0.634403 0
    outer loop
      vertex 9.00559 -27.3333 24.25
      vertex 9.37868 -26.8787 27.25
      vertex 9.37868 -26.8787 24.25
    endloop
  endfacet
  facet normal -0.773003 0.634403 0
    outer loop
      vertex 9.37868 -26.8787 27.25
      vertex 9.00559 -27.3333 24.25
      vertex 9.00559 -27.3333 27.25
    endloop
  endfacet
  facet normal -0.773003 -0.634403 0
    outer loop
      vertex 9.37868 -31.1213 24.25
      vertex 9.00559 -30.6667 27.25
      vertex 9.00559 -30.6667 24.25
    endloop
  endfacet
  facet normal -0.773003 -0.634403 0
    outer loop
      vertex 9.00559 -30.6667 27.25
      vertex 9.37868 -31.1213 24.25
      vertex 9.37868 -31.1213 27.25
    endloop
  endfacet
  facet normal -0.634405 -0.773001 0
    outer loop
      vertex 9.37868 -31.1213 24.25
      vertex 9.83329 -31.4944 27.25
      vertex 9.37868 -31.1213 27.25
    endloop
  endfacet
  facet normal -0.634405 -0.773001 -0
    outer loop
      vertex 9.83329 -31.4944 27.25
      vertex 9.37868 -31.1213 24.25
      vertex 9.83329 -31.4944 24.25
    endloop
  endfacet
  facet normal -0.995186 -0.0980053 0
    outer loop
      vertex 8.55764 -29.5853 24.25
      vertex 8.5 -29 27.25
      vertex 8.5 -29 24.25
    endloop
  endfacet
  facet normal -0.995186 -0.0980053 0
    outer loop
      vertex 8.5 -29 27.25
      vertex 8.55764 -29.5853 24.25
      vertex 8.55764 -29.5853 27.25
    endloop
  endfacet
  facet normal -0.995186 0.0980053 0
    outer loop
      vertex 8.5 -29 24.25
      vertex 8.55764 -28.4147 27.25
      vertex 8.55764 -28.4147 24.25
    endloop
  endfacet
  facet normal -0.995186 0.0980053 0
    outer loop
      vertex 8.55764 -28.4147 27.25
      vertex 8.5 -29 24.25
      vertex 8.5 -29 27.25
    endloop
  endfacet
  facet normal -0.097938 0.995193 0
    outer loop
      vertex 11.5 -26 24.25
      vertex 10.9147 -26.0576 27.25
      vertex 11.5 -26 27.25
    endloop
  endfacet
  facet normal -0.097938 0.995193 0
    outer loop
      vertex 10.9147 -26.0576 27.25
      vertex 11.5 -26 24.25
      vertex 10.9147 -26.0576 24.25
    endloop
  endfacet
  facet normal 0 0 1
    outer loop
      vertex 12.6 -29 27.25
      vertex 14.5 -29 27.25
      vertex 14.4424 -28.4147 27.25
    endloop
  endfacet
  facet normal 0 0 1
    outer loop
      vertex 12.5625 -28.7153 27.25
      vertex 14.4424 -28.4147 27.25
      vertex 14.2716 -27.8519 27.25
    endloop
  endfacet
  facet normal 0 0 1
    outer loop
      vertex 14.5 -29 27.25
      vertex 12.6 -29 27.25
      vertex 14.4424 -29.5853 27.25
    endloop
  endfacet
  facet normal 0 0 1
    outer loop
      vertex 12.4526 -28.45 27.25
      vertex 14.2716 -27.8519 27.25
      vertex 13.9944 -27.3333 27.25
    endloop
  endfacet
  facet normal -0 0 1
    outer loop
      vertex 12.5625 -29.2847 27.25
      vertex 14.4424 -29.5853 27.25
      vertex 12.6 -29 27.25
    endloop
  endfacet
  facet normal 0 0 1
    outer loop
      vertex 12.2778 -28.2222 27.25
      vertex 13.9944 -27.3333 27.25
      vertex 13.6213 -26.8787 27.25
    endloop
  endfacet
  facet normal 0 0 1
    outer loop
      vertex 14.4424 -29.5853 27.25
      vertex 12.5625 -29.2847 27.25
      vertex 14.2716 -30.148 27.25
    endloop
  endfacet
  facet normal 0 0 1
    outer loop
      vertex 12.2778 -28.2222 27.25
      vertex 13.6213 -26.8787 27.25
      vertex 13.1667 -26.5056 27.25
    endloop
  endfacet
  facet normal -0 0 1
    outer loop
      vertex 12.4526 -29.55 27.25
      vertex 14.2716 -30.148 27.25
      vertex 12.5625 -29.2847 27.25
    endloop
  endfacet
  facet normal 0 0 1
    outer loop
      vertex 12.05 -28.0474 27.25
      vertex 13.1667 -26.5056 27.25
      vertex 12.648 -26.2284 27.25
    endloop
  endfacet
  facet normal 0 0 1
    outer loop
      vertex 14.2716 -30.148 27.25
      vertex 12.4526 -29.55 27.25
      vertex 13.9944 -30.6667 27.25
    endloop
  endfacet
  facet normal -0 0 1
    outer loop
      vertex 12.2778 -29.7778 27.25
      vertex 13.9944 -30.6667 27.25
      vertex 12.4526 -29.55 27.25
    endloop
  endfacet
  facet normal 0 0 1
    outer loop
      vertex 14.4424 -28.4147 27.25
      vertex 12.5625 -28.7153 27.25
      vertex 12.6 -29 27.25
    endloop
  endfacet
  facet normal 0 0 1
    outer loop
      vertex 14.2716 -27.8519 27.25
      vertex 12.4526 -28.45 27.25
      vertex 12.5625 -28.7153 27.25
    endloop
  endfacet
  facet normal 0 0 1
    outer loop
      vertex 13.9944 -27.3333 27.25
      vertex 12.2778 -28.2222 27.25
      vertex 12.4526 -28.45 27.25
    endloop
  endfacet
  facet normal 0 0 1
    outer loop
      vertex 11.7847 -27.9375 27.25
      vertex 12.648 -26.2284 27.25
      vertex 12.0853 -26.0576 27.25
    endloop
  endfacet
  facet normal 0 0 1
    outer loop
      vertex 13.1667 -26.5056 27.25
      vertex 12.05 -28.0474 27.25
      vertex 12.2778 -28.2222 27.25
    endloop
  endfacet
  facet normal 0 0 1
    outer loop
      vertex 12.648 -26.2284 27.25
      vertex 11.7847 -27.9375 27.25
      vertex 12.05 -28.0474 27.25
    endloop
  endfacet
  facet normal 0 0 1
    outer loop
      vertex 11.5 -27.9 27.25
      vertex 12.0853 -26.0576 27.25
      vertex 11.5 -26 27.25
    endloop
  endfacet
  facet normal 0 0 1
    outer loop
      vertex 12.0853 -26.0576 27.25
      vertex 11.5 -27.9 27.25
      vertex 11.7847 -27.9375 27.25
    endloop
  endfacet
  facet normal -0 0 1
    outer loop
      vertex 10.9147 -26.0576 27.25
      vertex 11.5 -27.9 27.25
      vertex 11.5 -26 27.25
    endloop
  endfacet
  facet normal 0 0 1
    outer loop
      vertex 11.5 -27.9 27.25
      vertex 10.9147 -26.0576 27.25
      vertex 11.2153 -27.9375 27.25
    endloop
  endfacet
  facet normal -0 0 1
    outer loop
      vertex 10.3519 -26.2284 27.25
      vertex 11.2153 -27.9375 27.25
      vertex 10.9147 -26.0576 27.25
    endloop
  endfacet
  facet normal 0 0 1
    outer loop
      vertex 11.2153 -27.9375 27.25
      vertex 10.3519 -26.2284 27.25
      vertex 10.95 -28.0474 27.25
    endloop
  endfacet
  facet normal -0 0 1
    outer loop
      vertex 9.83329 -26.5056 27.25
      vertex 10.95 -28.0474 27.25
      vertex 10.3519 -26.2284 27.25
    endloop
  endfacet
  facet normal 0 0 1
    outer loop
      vertex 10.95 -28.0474 27.25
      vertex 9.83329 -26.5056 27.25
      vertex 10.7222 -28.2222 27.25
    endloop
  endfacet
  facet normal -0 0 1
    outer loop
      vertex 9.00559 -27.3333 27.25
      vertex 10.7222 -28.2222 27.25
      vertex 9.37868 -26.8787 27.25
    endloop
  endfacet
  facet normal -0 0 1
    outer loop
      vertex 9.37868 -26.8787 27.25
      vertex 10.7222 -28.2222 27.25
      vertex 9.83329 -26.5056 27.25
    endloop
  endfacet
  facet normal 0 0 1
    outer loop
      vertex 13.9944 -30.6667 27.25
      vertex 12.2778 -29.7778 27.25
      vertex 13.6213 -31.1213 27.25
    endloop
  endfacet
  facet normal 0 0 1
    outer loop
      vertex 13.6213 -31.1213 27.25
      vertex 12.2778 -29.7778 27.25
      vertex 13.1667 -31.4944 27.25
    endloop
  endfacet
  facet normal -0 0 1
    outer loop
      vertex 12.05 -29.9526 27.25
      vertex 13.1667 -31.4944 27.25
      vertex 12.2778 -29.7778 27.25
    endloop
  endfacet
  facet normal 0 0 1
    outer loop
      vertex 13.1667 -31.4944 27.25
      vertex 12.05 -29.9526 27.25
      vertex 12.648 -31.7716 27.25
    endloop
  endfacet
  facet normal -0 0 1
    outer loop
      vertex 11.7847 -30.0625 27.25
      vertex 12.648 -31.7716 27.25
      vertex 12.05 -29.9526 27.25
    endloop
  endfacet
  facet normal 0 0 1
    outer loop
      vertex 12.648 -31.7716 27.25
      vertex 11.7847 -30.0625 27.25
      vertex 12.0853 -31.9424 27.25
    endloop
  endfacet
  facet normal -0 0 1
    outer loop
      vertex 11.5 -30.1 27.25
      vertex 12.0853 -31.9424 27.25
      vertex 11.7847 -30.0625 27.25
    endloop
  endfacet
  facet normal 0 0 1
    outer loop
      vertex 11.5 -30.1 27.25
      vertex 11.5 -32 27.25
      vertex 12.0853 -31.9424 27.25
    endloop
  endfacet
  facet normal 0 0 1
    outer loop
      vertex 10.9147 -31.9424 27.25
      vertex 11.5 -30.1 27.25
      vertex 11.2153 -30.0625 27.25
    endloop
  endfacet
  facet normal 0 0 1
    outer loop
      vertex 10.3519 -31.7716 27.25
      vertex 11.2153 -30.0625 27.25
      vertex 10.95 -29.9526 27.25
    endloop
  endfacet
  facet normal 0 0 1
    outer loop
      vertex 11.5 -30.1 27.25
      vertex 10.9147 -31.9424 27.25
      vertex 11.5 -32 27.25
    endloop
  endfacet
  facet normal 0 0 1
    outer loop
      vertex 9.83329 -31.4944 27.25
      vertex 10.95 -29.9526 27.25
      vertex 10.7222 -29.7778 27.25
    endloop
  endfacet
  facet normal 0 0 1
    outer loop
      vertex 9.00559 -30.6667 27.25
      vertex 10.7222 -29.7778 27.25
      vertex 10.5474 -29.55 27.25
    endloop
  endfacet
  facet normal 0 0 1
    outer loop
      vertex 8.72836 -30.148 27.25
      vertex 10.5474 -29.55 27.25
      vertex 10.4375 -29.2847 27.25
    endloop
  endfacet
  facet normal 0 0 1
    outer loop
      vertex 11.2153 -30.0625 27.25
      vertex 10.3519 -31.7716 27.25
      vertex 10.9147 -31.9424 27.25
    endloop
  endfacet
  facet normal 0 0 1
    outer loop
      vertex 8.55764 -29.5853 27.25
      vertex 10.4375 -29.2847 27.25
      vertex 10.4 -29 27.25
    endloop
  endfacet
  facet normal 0 0 1
    outer loop
      vertex 10.7222 -28.2222 27.25
      vertex 9.00559 -27.3333 27.25
      vertex 10.5474 -28.45 27.25
    endloop
  endfacet
  facet normal -0 0 1
    outer loop
      vertex 8.72836 -27.8519 27.25
      vertex 10.5474 -28.45 27.25
      vertex 9.00559 -27.3333 27.25
    endloop
  endfacet
  facet normal 0 0 1
    outer loop
      vertex 10.95 -29.9526 27.25
      vertex 9.83329 -31.4944 27.25
      vertex 10.3519 -31.7716 27.25
    endloop
  endfacet
  facet normal 0 0 1
    outer loop
      vertex 10.5474 -28.45 27.25
      vertex 8.72836 -27.8519 27.25
      vertex 10.4375 -28.7153 27.25
    endloop
  endfacet
  facet normal 0 0 1
    outer loop
      vertex 10.7222 -29.7778 27.25
      vertex 9.37868 -31.1213 27.25
      vertex 9.83329 -31.4944 27.25
    endloop
  endfacet
  facet normal -0 0 1
    outer loop
      vertex 8.55764 -28.4147 27.25
      vertex 10.4375 -28.7153 27.25
      vertex 8.72836 -27.8519 27.25
    endloop
  endfacet
  facet normal 0 0 1
    outer loop
      vertex 10.7222 -29.7778 27.25
      vertex 9.00559 -30.6667 27.25
      vertex 9.37868 -31.1213 27.25
    endloop
  endfacet
  facet normal 0 0 1
    outer loop
      vertex 10.4375 -28.7153 27.25
      vertex 8.55764 -28.4147 27.25
      vertex 10.4 -29 27.25
    endloop
  endfacet
  facet normal 0 0 1
    outer loop
      vertex 10.5474 -29.55 27.25
      vertex 8.72836 -30.148 27.25
      vertex 9.00559 -30.6667 27.25
    endloop
  endfacet
  facet normal 0 0 1
    outer loop
      vertex 8.5 -29 27.25
      vertex 10.4 -29 27.25
      vertex 8.55764 -28.4147 27.25
    endloop
  endfacet
  facet normal 0 0 1
    outer loop
      vertex 10.4375 -29.2847 27.25
      vertex 8.55764 -29.5853 27.25
      vertex 8.72836 -30.148 27.25
    endloop
  endfacet
  facet normal 0 0 1
    outer loop
      vertex 10.4 -29 27.25
      vertex 8.5 -29 27.25
      vertex 8.55764 -29.5853 27.25
    endloop
  endfacet
  facet normal 0.290451 -0.95689 0
    outer loop
      vertex 12.0853 26.0576 24.25
      vertex 12.648 26.2284 27.25
      vertex 12.0853 26.0576 27.25
    endloop
  endfacet
  facet normal 0.290451 -0.95689 0
    outer loop
      vertex 12.648 26.2284 27.25
      vertex 12.0853 26.0576 24.25
      vertex 12.648 26.2284 24.25
    endloop
  endfacet
  facet normal 0.95689 0.290451 0
    outer loop
      vertex 14.4424 29.5853 27.25
      vertex 14.2716 30.148 24.25
      vertex 14.2716 30.148 27.25
    endloop
  endfacet
  facet normal 0.95689 0.290451 0
    outer loop
      vertex 14.2716 30.148 24.25
      vertex 14.4424 29.5853 27.25
      vertex 14.4424 29.5853 24.25
    endloop
  endfacet
  facet normal 0.995193 0.097938 0
    outer loop
      vertex 14.5 29 27.25
      vertex 14.4424 29.5853 24.25
      vertex 14.4424 29.5853 27.25
    endloop
  endfacet
  facet normal 0.995193 0.097938 0
    outer loop
      vertex 14.4424 29.5853 24.25
      vertex 14.5 29 27.25
      vertex 14.5 29 24.25
    endloop
  endfacet
  facet normal 0.881924 0.471392 0
    outer loop
      vertex 13.9944 30.6667 27.25
      vertex 14.25 30.1885 24.25
      vertex 13.9944 30.6667 24.25
    endloop
  endfacet
  facet normal 0.881957 0.471329 1.28544e-05
    outer loop
      vertex 14.2716 30.148 27.25
      vertex 14.25 30.1885 24.25
      vertex 13.9944 30.6667 27.25
    endloop
  endfacet
  facet normal 0.882353 0.470588 0
    outer loop
      vertex 14.25 30.1885 24.25
      vertex 14.2716 30.148 27.25
      vertex 14.2716 30.148 24.25
    endloop
  endfacet
  facet normal -0.881898 -0.47144 0
    outer loop
      vertex 9.00559 27.3333 24.25
      vertex 8.72836 27.8519 27.25
      vertex 8.72836 27.8519 24.25
    endloop
  endfacet
  facet normal -0.881898 -0.47144 0
    outer loop
      vertex 8.72836 27.8519 27.25
      vertex 9.00559 27.3333 24.25
      vertex 9.00559 27.3333 27.25
    endloop
  endfacet
  facet normal 0.290451 0.95689 -0
    outer loop
      vertex 12.648 31.7716 24.25
      vertex 12.0853 31.9424 27.25
      vertex 12.648 31.7716 27.25
    endloop
  endfacet
  facet normal 0.290451 0.95689 0
    outer loop
      vertex 12.0853 31.9424 27.25
      vertex 12.648 31.7716 24.25
      vertex 12.0853 31.9424 24.25
    endloop
  endfacet
  facet normal -0.097938 0.995193 0
    outer loop
      vertex 11.5 32 24.25
      vertex 10.9147 31.9424 27.25
      vertex 11.5 32 27.25
    endloop
  endfacet
  facet normal -0.097938 0.995193 0
    outer loop
      vertex 10.9147 31.9424 27.25
      vertex 11.5 32 24.25
      vertex 10.9147 31.9424 24.25
    endloop
  endfacet
  facet normal -0.471393 -0.881923 0
    outer loop
      vertex 9.83329 26.5056 24.25
      vertex 10.3519 26.2284 27.25
      vertex 9.83329 26.5056 27.25
    endloop
  endfacet
  facet normal -0.471393 -0.881923 -0
    outer loop
      vertex 10.3519 26.2284 27.25
      vertex 9.83329 26.5056 24.25
      vertex 10.3519 26.2284 24.25
    endloop
  endfacet
  facet normal -0.471393 0.881923 0
    outer loop
      vertex 10.3519 31.7716 24.25
      vertex 9.83329 31.4944 27.25
      vertex 10.3519 31.7716 27.25
    endloop
  endfacet
  facet normal -0.471393 0.881923 0
    outer loop
      vertex 9.83329 31.4944 27.25
      vertex 10.3519 31.7716 24.25
      vertex 9.83329 31.4944 24.25
    endloop
  endfacet
  facet normal 0.471329 -0.881957 0
    outer loop
      vertex 12.648 26.2284 24.25
      vertex 13.1667 26.5056 27.25
      vertex 12.648 26.2284 27.25
    endloop
  endfacet
  facet normal 0.471329 -0.881957 0
    outer loop
      vertex 13.1667 26.5056 27.25
      vertex 12.648 26.2284 24.25
      vertex 13.1667 26.5056 24.25
    endloop
  endfacet
  facet normal -0.773003 0.634403 0
    outer loop
      vertex 9.00559 30.6667 24.25
      vertex 9.37868 31.1213 27.25
      vertex 9.37868 31.1213 24.25
    endloop
  endfacet
  facet normal -0.773003 0.634403 0
    outer loop
      vertex 9.37868 31.1213 27.25
      vertex 9.00559 30.6667 24.25
      vertex 9.00559 30.6667 27.25
    endloop
  endfacet
  facet normal 0.772994 0.634413 0
    outer loop
      vertex 13.9944 30.6667 27.25
      vertex 13.6213 31.1213 24.25
      vertex 13.6213 31.1213 27.25
    endloop
  endfacet
  facet normal 0.772994 0.634413 0
    outer loop
      vertex 13.6213 31.1213 24.25
      vertex 13.9944 30.6667 27.25
      vertex 13.9944 30.6667 24.25
    endloop
  endfacet
  facet normal 0.772994 -0.634413 0
    outer loop
      vertex 13.6213 26.8787 27.25
      vertex 13.9944 27.3333 24.25
      vertex 13.9944 27.3333 27.25
    endloop
  endfacet
  facet normal 0.772994 -0.634413 0
    outer loop
      vertex 13.9944 27.3333 24.25
      vertex 13.6213 26.8787 27.25
      vertex 13.6213 26.8787 24.25
    endloop
  endfacet
  facet normal -0.097938 -0.995193 0
    outer loop
      vertex 10.9147 26.0576 24.25
      vertex 11.5 26 27.25
      vertex 10.9147 26.0576 27.25
    endloop
  endfacet
  facet normal -0.097938 -0.995193 -0
    outer loop
      vertex 11.5 26 27.25
      vertex 10.9147 26.0576 24.25
      vertex 11.5 26 24.25
    endloop
  endfacet
  facet normal -0.290404 0.956904 0
    outer loop
      vertex 10.9147 31.9424 24.25
      vertex 10.3519 31.7716 27.25
      vertex 10.9147 31.9424 27.25
    endloop
  endfacet
  facet normal -0.290404 0.956904 0
    outer loop
      vertex 10.3519 31.7716 27.25
      vertex 10.9147 31.9424 24.25
      vertex 10.3519 31.7716 24.25
    endloop
  endfacet
  facet normal 0.634413 -0.772994 0
    outer loop
      vertex 13.1667 26.5056 24.25
      vertex 13.6213 26.8787 27.25
      vertex 13.1667 26.5056 27.25
    endloop
  endfacet
  facet normal 0.634413 -0.772994 0
    outer loop
      vertex 13.6213 26.8787 27.25
      vertex 13.1667 26.5056 24.25
      vertex 13.6213 26.8787 24.25
    endloop
  endfacet
  facet normal 0.995193 -0.097938 0
    outer loop
      vertex 14.4424 28.4147 27.25
      vertex 14.5 29 24.25
      vertex 14.5 29 27.25
    endloop
  endfacet
  facet normal 0.995193 -0.097938 0
    outer loop
      vertex 14.5 29 24.25
      vertex 14.4424 28.4147 27.25
      vertex 14.4424 28.4147 24.25
    endloop
  endfacet
  facet normal -0.290404 -0.956904 0
    outer loop
      vertex 10.3519 26.2284 24.25
      vertex 10.9147 26.0576 27.25
      vertex 10.3519 26.2284 27.25
    endloop
  endfacet
  facet normal -0.290404 -0.956904 -0
    outer loop
      vertex 10.9147 26.0576 27.25
      vertex 10.3519 26.2284 24.25
      vertex 10.9147 26.0576 24.25
    endloop
  endfacet
  facet normal 0 0 1
    outer loop
      vertex 12.6 29 27.25
      vertex 14.5 29 27.25
      vertex 14.4424 29.5853 27.25
    endloop
  endfacet
  facet normal 0 0 1
    outer loop
      vertex 12.5625 29.2847 27.25
      vertex 14.4424 29.5853 27.25
      vertex 14.2716 30.148 27.25
    endloop
  endfacet
  facet normal 0 0 1
    outer loop
      vertex 14.5 29 27.25
      vertex 12.6 29 27.25
      vertex 14.4424 28.4147 27.25
    endloop
  endfacet
  facet normal 0 0 1
    outer loop
      vertex 12.4526 29.55 27.25
      vertex 14.2716 30.148 27.25
      vertex 13.9944 30.6667 27.25
    endloop
  endfacet
  facet normal -0 0 1
    outer loop
      vertex 12.5625 28.7153 27.25
      vertex 14.4424 28.4147 27.25
      vertex 12.6 29 27.25
    endloop
  endfacet
  facet normal 0 0 1
    outer loop
      vertex 12.2778 29.7778 27.25
      vertex 13.9944 30.6667 27.25
      vertex 13.6213 31.1213 27.25
    endloop
  endfacet
  facet normal 0 0 1
    outer loop
      vertex 14.4424 28.4147 27.25
      vertex 12.5625 28.7153 27.25
      vertex 14.2716 27.8519 27.25
    endloop
  endfacet
  facet normal 0 0 1
    outer loop
      vertex 12.2778 29.7778 27.25
      vertex 13.6213 31.1213 27.25
      vertex 13.1667 31.4944 27.25
    endloop
  endfacet
  facet normal -0 0 1
    outer loop
      vertex 12.4526 28.45 27.25
      vertex 14.2716 27.8519 27.25
      vertex 12.5625 28.7153 27.25
    endloop
  endfacet
  facet normal 0 0 1
    outer loop
      vertex 12.05 29.9526 27.25
      vertex 13.1667 31.4944 27.25
      vertex 12.648 31.7716 27.25
    endloop
  endfacet
  facet normal 0 0 1
    outer loop
      vertex 14.2716 27.8519 27.25
      vertex 12.4526 28.45 27.25
      vertex 13.9944 27.3333 27.25
    endloop
  endfacet
  facet normal -0 0 1
    outer loop
      vertex 12.2778 28.2222 27.25
      vertex 13.9944 27.3333 27.25
      vertex 12.4526 28.45 27.25
    endloop
  endfacet
  facet normal 0 0 1
    outer loop
      vertex 14.4424 29.5853 27.25
      vertex 12.5625 29.2847 27.25
      vertex 12.6 29 27.25
    endloop
  endfacet
  facet normal 0 0 1
    outer loop
      vertex 14.2716 30.148 27.25
      vertex 12.4526 29.55 27.25
      vertex 12.5625 29.2847 27.25
    endloop
  endfacet
  facet normal 0 0 1
    outer loop
      vertex 13.9944 30.6667 27.25
      vertex 12.2778 29.7778 27.25
      vertex 12.4526 29.55 27.25
    endloop
  endfacet
  facet normal 0 0 1
    outer loop
      vertex 11.7847 30.0625 27.25
      vertex 12.648 31.7716 27.25
      vertex 12.0853 31.9424 27.25
    endloop
  endfacet
  facet normal 0 0 1
    outer loop
      vertex 13.1667 31.4944 27.25
      vertex 12.05 29.9526 27.25
      vertex 12.2778 29.7778 27.25
    endloop
  endfacet
  facet normal 0 0 1
    outer loop
      vertex 12.648 31.7716 27.25
      vertex 11.7847 30.0625 27.25
      vertex 12.05 29.9526 27.25
    endloop
  endfacet
  facet normal 0 0 1
    outer loop
      vertex 11.5 30.1 27.25
      vertex 12.0853 31.9424 27.25
      vertex 11.5 32 27.25
    endloop
  endfacet
  facet normal 0 0 1
    outer loop
      vertex 12.0853 31.9424 27.25
      vertex 11.5 30.1 27.25
      vertex 11.7847 30.0625 27.25
    endloop
  endfacet
  facet normal -0 0 1
    outer loop
      vertex 10.9147 31.9424 27.25
      vertex 11.5 30.1 27.25
      vertex 11.5 32 27.25
    endloop
  endfacet
  facet normal 0 0 1
    outer loop
      vertex 11.5 30.1 27.25
      vertex 10.9147 31.9424 27.25
      vertex 11.2153 30.0625 27.25
    endloop
  endfacet
  facet normal -0 0 1
    outer loop
      vertex 10.3519 31.7716 27.25
      vertex 11.2153 30.0625 27.25
      vertex 10.9147 31.9424 27.25
    endloop
  endfacet
  facet normal 0 0 1
    outer loop
      vertex 11.2153 30.0625 27.25
      vertex 10.3519 31.7716 27.25
      vertex 10.95 29.9526 27.25
    endloop
  endfacet
  facet normal -0 0 1
    outer loop
      vertex 9.83329 31.4944 27.25
      vertex 10.95 29.9526 27.25
      vertex 10.3519 31.7716 27.25
    endloop
  endfacet
  facet normal 0 0 1
    outer loop
      vertex 10.95 29.9526 27.25
      vertex 9.83329 31.4944 27.25
      vertex 10.7222 29.7778 27.25
    endloop
  endfacet
  facet normal -0 0 1
    outer loop
      vertex 9.00559 30.6667 27.25
      vertex 10.7222 29.7778 27.25
      vertex 9.37868 31.1213 27.25
    endloop
  endfacet
  facet normal -0 0 1
    outer loop
      vertex 9.37868 31.1213 27.25
      vertex 10.7222 29.7778 27.25
      vertex 9.83329 31.4944 27.25
    endloop
  endfacet
  facet normal 0 0 1
    outer loop
      vertex 13.9944 27.3333 27.25
      vertex 12.2778 28.2222 27.25
      vertex 13.6213 26.8787 27.25
    endloop
  endfacet
  facet normal 0 0 1
    outer loop
      vertex 13.6213 26.8787 27.25
      vertex 12.2778 28.2222 27.25
      vertex 13.1667 26.5056 27.25
    endloop
  endfacet
  facet normal -0 0 1
    outer loop
      vertex 12.05 28.0474 27.25
      vertex 13.1667 26.5056 27.25
      vertex 12.2778 28.2222 27.25
    endloop
  endfacet
  facet normal 0 0 1
    outer loop
      vertex 13.1667 26.5056 27.25
      vertex 12.05 28.0474 27.25
      vertex 12.648 26.2284 27.25
    endloop
  endfacet
  facet normal -0 0 1
    outer loop
      vertex 11.7847 27.9375 27.25
      vertex 12.648 26.2284 27.25
      vertex 12.05 28.0474 27.25
    endloop
  endfacet
  facet normal 0 0 1
    outer loop
      vertex 12.648 26.2284 27.25
      vertex 11.7847 27.9375 27.25
      vertex 12.0853 26.0576 27.25
    endloop
  endfacet
  facet normal -0 0 1
    outer loop
      vertex 11.5 27.9 27.25
      vertex 12.0853 26.0576 27.25
      vertex 11.7847 27.9375 27.25
    endloop
  endfacet
  facet normal 0 0 1
    outer loop
      vertex 11.5 27.9 27.25
      vertex 11.5 26 27.25
      vertex 12.0853 26.0576 27.25
    endloop
  endfacet
  facet normal 0 0 1
    outer loop
      vertex 10.9147 26.0576 27.25
      vertex 11.5 27.9 27.25
      vertex 11.2153 27.9375 27.25
    endloop
  endfacet
  facet normal 0 0 1
    outer loop
      vertex 10.3519 26.2284 27.25
      vertex 11.2153 27.9375 27.25
      vertex 10.95 28.0474 27.25
    endloop
  endfacet
  facet normal 0 0 1
    outer loop
      vertex 11.5 27.9 27.25
      vertex 10.9147 26.0576 27.25
      vertex 11.5 26 27.25
    endloop
  endfacet
  facet normal 0 0 1
    outer loop
      vertex 9.83329 26.5056 27.25
      vertex 10.95 28.0474 27.25
      vertex 10.7222 28.2222 27.25
    endloop
  endfacet
  facet normal 0 0 1
    outer loop
      vertex 9.00559 27.3333 27.25
      vertex 10.7222 28.2222 27.25
      vertex 10.5474 28.45 27.25
    endloop
  endfacet
  facet normal 0 0 1
    outer loop
      vertex 8.72836 27.8519 27.25
      vertex 10.5474 28.45 27.25
      vertex 10.4375 28.7153 27.25
    endloop
  endfacet
  facet normal 0 0 1
    outer loop
      vertex 11.2153 27.9375 27.25
      vertex 10.3519 26.2284 27.25
      vertex 10.9147 26.0576 27.25
    endloop
  endfacet
  facet normal 0 0 1
    outer loop
      vertex 8.55764 28.4147 27.25
      vertex 10.4375 28.7153 27.25
      vertex 10.4 29 27.25
    endloop
  endfacet
  facet normal 0 0 1
    outer loop
      vertex 10.7222 29.7778 27.25
      vertex 9.00559 30.6667 27.25
      vertex 10.5474 29.55 27.25
    endloop
  endfacet
  facet normal -0 0 1
    outer loop
      vertex 8.72836 30.148 27.25
      vertex 10.5474 29.55 27.25
      vertex 9.00559 30.6667 27.25
    endloop
  endfacet
  facet normal 0 0 1
    outer loop
      vertex 10.95 28.0474 27.25
      vertex 9.83329 26.5056 27.25
      vertex 10.3519 26.2284 27.25
    endloop
  endfacet
  facet normal 0 0 1
    outer loop
      vertex 10.5474 29.55 27.25
      vertex 8.72836 30.148 27.25
      vertex 10.4375 29.2847 27.25
    endloop
  endfacet
  facet normal 0 0 1
    outer loop
      vertex 10.7222 28.2222 27.25
      vertex 9.37868 26.8787 27.25
      vertex 9.83329 26.5056 27.25
    endloop
  endfacet
  facet normal -0 0 1
    outer loop
      vertex 8.55764 29.5853 27.25
      vertex 10.4375 29.2847 27.25
      vertex 8.72836 30.148 27.25
    endloop
  endfacet
  facet normal 0 0 1
    outer loop
      vertex 10.7222 28.2222 27.25
      vertex 9.00559 27.3333 27.25
      vertex 9.37868 26.8787 27.25
    endloop
  endfacet
  facet normal 0 0 1
    outer loop
      vertex 10.4375 29.2847 27.25
      vertex 8.55764 29.5853 27.25
      vertex 10.4 29 27.25
    endloop
  endfacet
  facet normal 0 0 1
    outer loop
      vertex 10.5474 28.45 27.25
      vertex 8.72836 27.8519 27.25
      vertex 9.00559 27.3333 27.25
    endloop
  endfacet
  facet normal 0 0 1
    outer loop
      vertex 8.5 29 27.25
      vertex 10.4 29 27.25
      vertex 8.55764 29.5853 27.25
    endloop
  endfacet
  facet normal 0 0 1
    outer loop
      vertex 10.4375 28.7153 27.25
      vertex 8.55764 28.4147 27.25
      vertex 8.72836 27.8519 27.25
    endloop
  endfacet
  facet normal 0 0 1
    outer loop
      vertex 10.4 29 27.25
      vertex 8.5 29 27.25
      vertex 8.55764 28.4147 27.25
    endloop
  endfacet
  facet normal 0.956904 -0.290404 0
    outer loop
      vertex 14.2716 27.8519 27.25
      vertex 14.4424 28.4147 24.25
      vertex 14.4424 28.4147 27.25
    endloop
  endfacet
  facet normal 0.956904 -0.290404 0
    outer loop
      vertex 14.4424 28.4147 24.25
      vertex 14.2716 27.8519 27.25
      vertex 14.2716 27.8519 24.25
    endloop
  endfacet
  facet normal -0.956942 -0.290279 0
    outer loop
      vertex 8.72836 27.8519 24.25
      vertex 8.55764 28.4147 27.25
      vertex 8.55764 28.4147 24.25
    endloop
  endfacet
  facet normal -0.956942 -0.290279 0
    outer loop
      vertex 8.55764 28.4147 27.25
      vertex 8.72836 27.8519 24.25
      vertex 8.72836 27.8519 27.25
    endloop
  endfacet
  facet normal 0.881869 -0.471494 0
    outer loop
      vertex 14.2716 27.8519 27.25
      vertex 14.25 27.8115 24.25
      vertex 14.2716 27.8519 24.25
    endloop
  endfacet
  facet normal 0.881919 -0.4714 -1.63255e-06
    outer loop
      vertex 13.9944 27.3333 27.25
      vertex 14.25 27.8115 24.25
      vertex 14.2716 27.8519 27.25
    endloop
  endfacet
  facet normal 0.881924 -0.471392 0
    outer loop
      vertex 14.25 27.8115 24.25
      vertex 13.9944 27.3333 27.25
      vertex 13.9944 27.3333 24.25
    endloop
  endfacet
  facet normal -0.995186 0.0980053 0
    outer loop
      vertex 8.5 29 24.25
      vertex 8.55764 29.5853 27.25
      vertex 8.55764 29.5853 24.25
    endloop
  endfacet
  facet normal -0.995186 0.0980053 0
    outer loop
      vertex 8.55764 29.5853 27.25
      vertex 8.5 29 24.25
      vertex 8.5 29 27.25
    endloop
  endfacet
  facet normal 0.097938 0.995193 -0
    outer loop
      vertex 12.0853 31.9424 24.25
      vertex 11.5 32 27.25
      vertex 12.0853 31.9424 27.25
    endloop
  endfacet
  facet normal 0.097938 0.995193 0
    outer loop
      vertex 11.5 32 27.25
      vertex 12.0853 31.9424 24.25
      vertex 11.5 32 24.25
    endloop
  endfacet
  facet normal -0.634405 0.773001 0
    outer loop
      vertex 9.83329 31.4944 24.25
      vertex 9.37868 31.1213 27.25
      vertex 9.83329 31.4944 27.25
    endloop
  endfacet
  facet normal -0.634405 0.773001 0
    outer loop
      vertex 9.37868 31.1213 27.25
      vertex 9.83329 31.4944 24.25
      vertex 9.37868 31.1213 24.25
    endloop
  endfacet
  facet normal 0.634413 0.772994 -0
    outer loop
      vertex 13.6213 31.1213 24.25
      vertex 13.1667 31.4944 27.25
      vertex 13.6213 31.1213 27.25
    endloop
  endfacet
  facet normal 0.634413 0.772994 0
    outer loop
      vertex 13.1667 31.4944 27.25
      vertex 13.6213 31.1213 24.25
      vertex 13.1667 31.4944 24.25
    endloop
  endfacet
  facet normal 0.097938 -0.995193 0
    outer loop
      vertex 11.5 26 24.25
      vertex 12.0853 26.0576 27.25
      vertex 11.5 26 27.25
    endloop
  endfacet
  facet normal 0.097938 -0.995193 0
    outer loop
      vertex 12.0853 26.0576 27.25
      vertex 11.5 26 24.25
      vertex 12.0853 26.0576 24.25
    endloop
  endfacet
  facet normal 0.471329 0.881957 -0
    outer loop
      vertex 13.1667 31.4944 24.25
      vertex 12.648 31.7716 27.25
      vertex 13.1667 31.4944 27.25
    endloop
  endfacet
  facet normal 0.471329 0.881957 0
    outer loop
      vertex 12.648 31.7716 27.25
      vertex 13.1667 31.4944 24.25
      vertex 12.648 31.7716 24.25
    endloop
  endfacet
  facet normal -0.773003 -0.634403 0
    outer loop
      vertex 9.37868 26.8787 24.25
      vertex 9.00559 27.3333 27.25
      vertex 9.00559 27.3333 24.25
    endloop
  endfacet
  facet normal -0.773003 -0.634403 0
    outer loop
      vertex 9.00559 27.3333 27.25
      vertex 9.37868 26.8787 24.25
      vertex 9.37868 26.8787 27.25
    endloop
  endfacet
  facet normal -0.634405 -0.773001 0
    outer loop
      vertex 9.37868 26.8787 24.25
      vertex 9.83329 26.5056 27.25
      vertex 9.37868 26.8787 27.25
    endloop
  endfacet
  facet normal -0.634405 -0.773001 -0
    outer loop
      vertex 9.83329 26.5056 27.25
      vertex 9.37868 26.8787 24.25
      vertex 9.83329 26.5056 24.25
    endloop
  endfacet
  facet normal -0.956928 0.290326 0
    outer loop
      vertex 8.55764 29.5853 24.25
      vertex 8.72836 30.148 27.25
      vertex 8.72836 30.148 24.25
    endloop
  endfacet
  facet normal -0.956928 0.290326 0
    outer loop
      vertex 8.72836 30.148 27.25
      vertex 8.55764 29.5853 24.25
      vertex 8.55764 29.5853 27.25
    endloop
  endfacet
  facet normal -0.881936 0.471369 0
    outer loop
      vertex 8.72836 30.148 24.25
      vertex 9.00559 30.6667 27.25
      vertex 9.00559 30.6667 24.25
    endloop
  endfacet
  facet normal -0.881936 0.471369 0
    outer loop
      vertex 9.00559 30.6667 27.25
      vertex 8.72836 30.148 24.25
      vertex 8.72836 30.148 27.25
    endloop
  endfacet
  facet normal -0.995186 -0.0980053 0
    outer loop
      vertex 8.55764 28.4147 24.25
      vertex 8.5 29 27.25
      vertex 8.5 29 24.25
    endloop
  endfacet
  facet normal -0.995186 -0.0980053 0
    outer loop
      vertex 8.5 29 27.25
      vertex 8.55764 28.4147 24.25
      vertex 8.55764 28.4147 27.25
    endloop
  endfacet
  facet normal 1 0 0
    outer loop
      vertex 14.25 12.91 -1.5
      vertex 14.25 14.0524 7.45933
      vertex 14.25 13.7118 7.3437
    endloop
  endfacet
  facet normal 1 0 0
    outer loop
      vertex 14.25 12.91 -1.5
      vertex 14.25 13.7118 7.3437
      vertex 14.25 13.3589 7.27353
    endloop
  endfacet
  facet normal 1 0 0
    outer loop
      vertex 14.25 12.91 -1.5
      vertex 14.25 13.3589 7.27353
      vertex 14.25 13 7.25
    endloop
  endfacet
  facet normal 1 0 0
    outer loop
      vertex 14.25 14.0524 7.45933
      vertex 14.25 12.91 -1.5
      vertex 14.25 13.91 -2.5
    endloop
  endfacet
  facet normal 1 0 0
    outer loop
      vertex 14.25 13 7.25
      vertex 14.25 12.9 -1.5
      vertex 14.25 12.91 -1.5
    endloop
  endfacet
  facet normal 1 0 0
    outer loop
      vertex 14.25 12.6411 7.27353
      vertex 14.25 12.9 -1.5
      vertex 14.25 13 7.25
    endloop
  endfacet
  facet normal 1 0 0
    outer loop
      vertex 14.25 12.2882 7.3437
      vertex 14.25 12.9 -1.5
      vertex 14.25 12.6411 7.27353
    endloop
  endfacet
  facet normal 1 0 0
    outer loop
      vertex 14.25 11.9476 7.45933
      vertex 14.25 12.9 -1.5
      vertex 14.25 12.2882 7.3437
    endloop
  endfacet
  facet normal 1 0 0
    outer loop
      vertex 14.25 11.625 7.61843
      vertex 14.25 12.9 -1.5
      vertex 14.25 11.9476 7.45933
    endloop
  endfacet
  facet normal 1 0 0
    outer loop
      vertex 14.25 11.3259 7.81828
      vertex 14.25 12.9 -1.5
      vertex 14.25 11.625 7.61843
    endloop
  endfacet
  facet normal 1 0 0
    outer loop
      vertex 14.25 11.0555 8.05546
      vertex 14.25 12.9 -1.5
      vertex 14.25 11.3259 7.81828
    endloop
  endfacet
  facet normal 1 0 0
    outer loop
      vertex 14.25 10.8183 8.32591
      vertex 14.25 12.9 -1.5
      vertex 14.25 11.0555 8.05546
    endloop
  endfacet
  facet normal 1 -0 0
    outer loop
      vertex 14.25 -10.8183 8.32591
      vertex 14.25 12.9 -1.5
      vertex 14.25 10.8183 8.32591
    endloop
  endfacet
  facet normal 1 0 0
    outer loop
      vertex 14.25 -10.8183 8.32591
      vertex 14.25 10.8183 8.32591
      vertex 14.25 10.6184 8.625
    endloop
  endfacet
  facet normal 1 0 0
    outer loop
      vertex 14.25 -10.6184 8.625
      vertex 14.25 10.6184 8.625
      vertex 14.25 10.4593 8.94762
    endloop
  endfacet
  facet normal 1 0 0
    outer loop
      vertex 14.25 -10.4593 8.94762
      vertex 14.25 10.4593 8.94762
      vertex 14.25 10.3437 9.28825
    endloop
  endfacet
  facet normal 1 0 0
    outer loop
      vertex 14.25 -10.3437 9.28825
      vertex 14.25 10.3437 9.28825
      vertex 14.25 10.2735 9.64105
    endloop
  endfacet
  facet normal 1 -0 0
    outer loop
      vertex 14.25 -10.25 10
      vertex 14.25 10.2735 9.64105
      vertex 14.25 10.25 10
    endloop
  endfacet
  facet normal 1 0 0
    outer loop
      vertex 14.25 -10.2735 9.64105
      vertex 14.25 10.2735 9.64105
      vertex 14.25 -10.25 10
    endloop
  endfacet
  facet normal 1 0 0
    outer loop
      vertex 14.25 -10.3437 9.28825
      vertex 14.25 10.2735 9.64105
      vertex 14.25 -10.2735 9.64105
    endloop
  endfacet
  facet normal 1 0 0
    outer loop
      vertex 14.25 10.3437 9.28825
      vertex 14.25 -10.3437 9.28825
      vertex 14.25 -10.4593 8.94762
    endloop
  endfacet
  facet normal 1 0 0
    outer loop
      vertex 14.25 10.4593 8.94762
      vertex 14.25 -10.4593 8.94762
      vertex 14.25 -10.6184 8.625
    endloop
  endfacet
  facet normal 1 0 0
    outer loop
      vertex 14.25 10.6184 8.625
      vertex 14.25 -10.6184 8.625
      vertex 14.25 -10.8183 8.32591
    endloop
  endfacet
  facet normal 1 0 0
    outer loop
      vertex 14.25 12.9 -1.5
      vertex 14.25 -10.8183 8.32591
      vertex 14.25 -11.0555 8.05546
    endloop
  endfacet
  facet normal 1 -0 0
    outer loop
      vertex 14.25 -11.3259 7.81828
      vertex 14.25 12.9 -1.5
      vertex 14.25 -11.0555 8.05546
    endloop
  endfacet
  facet normal 1 -0 0
    outer loop
      vertex 14.25 -11.625 7.61843
      vertex 14.25 12.9 -1.5
      vertex 14.25 -11.3259 7.81828
    endloop
  endfacet
  facet normal 1 0 0
    outer loop
      vertex 14.25 12.9 -1.5
      vertex 14.25 -11.625 7.61843
      vertex 14.25 12.9 -12
    endloop
  endfacet
  facet normal 1 0 0
    outer loop
      vertex 14.25 -20 -12
      vertex 14.25 -11.625 7.61843
      vertex 14.25 -11.9476 7.45933
    endloop
  endfacet
  facet normal 1 0 0
    outer loop
      vertex 14.25 -20 -12
      vertex 14.25 -11.9476 7.45933
      vertex 14.25 -12.2882 7.3437
    endloop
  endfacet
  facet normal 1 0 0
    outer loop
      vertex 14.25 -20 -12
      vertex 14.25 -12.2882 7.3437
      vertex 14.25 -12.6411 7.27353
    endloop
  endfacet
  facet normal 1 0 0
    outer loop
      vertex 14.25 -20 -12
      vertex 14.25 -12.6411 7.27353
      vertex 14.25 -13 7.25
    endloop
  endfacet
  facet normal 1 0 0
    outer loop
      vertex 14.25 -20 -12
      vertex 14.25 -13 7.25
      vertex 14.25 -13.3589 7.27353
    endloop
  endfacet
  facet normal 1 0 0
    outer loop
      vertex 14.25 -20 -12
      vertex 14.25 -13.3589 7.27353
      vertex 14.25 -13.7118 7.3437
    endloop
  endfacet
  facet normal 1 0 0
    outer loop
      vertex 14.25 -20 -12
      vertex 14.25 -13.7118 7.3437
      vertex 14.25 -14.0524 7.45933
    endloop
  endfacet
  facet normal 1 0 0
    outer loop
      vertex 14.25 -20 -12
      vertex 14.25 -14.0524 7.45933
      vertex 14.25 -14.375 7.61843
    endloop
  endfacet
  facet normal 1 0 0
    outer loop
      vertex 14.25 -20 -12
      vertex 14.25 -14.375 7.61843
      vertex 14.25 -14.6741 7.81828
    endloop
  endfacet
  facet normal 1 0 0
    outer loop
      vertex 14.25 -20 20.25
      vertex 14.25 -15.7265 9.64105
      vertex 14.25 -15.75 10
    endloop
  endfacet
  facet normal 1 0 0
    outer loop
      vertex 14.25 -20 -12
      vertex 14.25 -15.7265 9.64105
      vertex 14.25 -20 20.25
    endloop
  endfacet
  facet normal 1 0 0
    outer loop
      vertex 14.25 -15.7265 9.64105
      vertex 14.25 -20 -12
      vertex 14.25 -15.6563 9.28825
    endloop
  endfacet
  facet normal 1 0 0
    outer loop
      vertex 14.25 -11.625 7.61843
      vertex 14.25 -20 -12
      vertex 14.25 12.9 -12
    endloop
  endfacet
  facet normal 1 0 0
    outer loop
      vertex 14.25 -14.9445 8.05546
      vertex 14.25 -20 -12
      vertex 14.25 -14.6741 7.81828
    endloop
  endfacet
  facet normal 1 0 0
    outer loop
      vertex 14.25 -15.1817 8.32591
      vertex 14.25 -20 -12
      vertex 14.25 -14.9445 8.05546
    endloop
  endfacet
  facet normal 1 0 0
    outer loop
      vertex 14.25 -15.3816 8.625
      vertex 14.25 -20 -12
      vertex 14.25 -15.1817 8.32591
    endloop
  endfacet
  facet normal 1 0 0
    outer loop
      vertex 14.25 -15.5407 8.94762
      vertex 14.25 -20 -12
      vertex 14.25 -15.3816 8.625
    endloop
  endfacet
  facet normal 1 0 0
    outer loop
      vertex 14.25 -15.6563 9.28825
      vertex 14.25 -20 -12
      vertex 14.25 -15.5407 8.94762
    endloop
  endfacet
  facet normal 1 -0 0
    outer loop
      vertex 14.25 30.1885 24.25
      vertex 14.25 34 20.25
      vertex 14.25 34 24.25
    endloop
  endfacet
  facet normal 1 -0 0
    outer loop
      vertex 14.25 27.8115 24.25
      vertex 14.25 34 20.25
      vertex 14.25 30.1885 24.25
    endloop
  endfacet
  facet normal 1 0 0
    outer loop
      vertex 14.25 27.8115 24.25
      vertex 14.25 20 20.25
      vertex 14.25 34 20.25
    endloop
  endfacet
  facet normal 1 0 0
    outer loop
      vertex 14.25 15.7265 9.64105
      vertex 14.25 20 20.25
      vertex 14.25 15.75 10
    endloop
  endfacet
  facet normal 1 0 0
    outer loop
      vertex 14.25 20 20.25
      vertex 14.25 15.7265 10.3589
      vertex 14.25 15.75 10
    endloop
  endfacet
  facet normal 1 0 0
    outer loop
      vertex 14.25 20 20.25
      vertex 14.25 15.6563 10.7118
      vertex 14.25 15.7265 10.3589
    endloop
  endfacet
  facet normal 1 0 0
    outer loop
      vertex 14.25 20 20.25
      vertex 14.25 15.5407 11.0524
      vertex 14.25 15.6563 10.7118
    endloop
  endfacet
  facet normal 1 0 0
    outer loop
      vertex 14.25 20 20.25
      vertex 14.25 15.3816 11.375
      vertex 14.25 15.5407 11.0524
    endloop
  endfacet
  facet normal 1 0 0
    outer loop
      vertex 14.25 20 20.25
      vertex 14.25 15.1817 11.6741
      vertex 14.25 15.3816 11.375
    endloop
  endfacet
  facet normal 1 0 0
    outer loop
      vertex 14.25 20 20.25
      vertex 14.25 14.9445 11.9445
      vertex 14.25 15.1817 11.6741
    endloop
  endfacet
  facet normal 1 0 0
    outer loop
      vertex 14.25 20 20.25
      vertex 14.25 14.6741 12.1817
      vertex 14.25 14.9445 11.9445
    endloop
  endfacet
  facet normal 1 0 0
    outer loop
      vertex 14.25 20 20.25
      vertex 14.25 14.375 12.3816
      vertex 14.25 14.6741 12.1817
    endloop
  endfacet
  facet normal 1 0 0
    outer loop
      vertex 14.25 20 20.25
      vertex 14.25 14.0524 12.5407
      vertex 14.25 14.375 12.3816
    endloop
  endfacet
  facet normal 1 0 0
    outer loop
      vertex 14.25 20 20.25
      vertex 14.25 13.7118 12.6563
      vertex 14.25 14.0524 12.5407
    endloop
  endfacet
  facet normal 1 0 0
    outer loop
      vertex 14.25 20 20.25
      vertex 14.25 13.3589 12.7265
      vertex 14.25 13.7118 12.6563
    endloop
  endfacet
  facet normal 1 0 0
    outer loop
      vertex 14.25 20 20.25
      vertex 14.25 13 12.75
      vertex 14.25 13.3589 12.7265
    endloop
  endfacet
  facet normal 1 0 0
    outer loop
      vertex 14.25 20 20.25
      vertex 14.25 12.6411 12.7265
      vertex 14.25 13 12.75
    endloop
  endfacet
  facet normal 1 0 0
    outer loop
      vertex 14.25 20 20.25
      vertex 14.25 12.2882 12.6563
      vertex 14.25 12.6411 12.7265
    endloop
  endfacet
  facet normal 1 0 0
    outer loop
      vertex 14.25 20 20.25
      vertex 14.25 11.9476 12.5407
      vertex 14.25 12.2882 12.6563
    endloop
  endfacet
  facet normal 1 0 0
    outer loop
      vertex 14.25 20 20.25
      vertex 14.25 11.625 12.3816
      vertex 14.25 11.9476 12.5407
    endloop
  endfacet
  facet normal 1 0 0
    outer loop
      vertex 14.25 -11.625 12.3816
      vertex 14.25 11.625 12.3816
      vertex 14.25 20 20.25
    endloop
  endfacet
  facet normal 1 0 0
    outer loop
      vertex 14.25 11.625 12.3816
      vertex 14.25 -11.625 12.3816
      vertex 14.25 11.3259 12.1817
    endloop
  endfacet
  facet normal 1 0 0
    outer loop
      vertex 14.25 10.2735 10.3589
      vertex 14.25 -10.25 10
      vertex 14.25 10.25 10
    endloop
  endfacet
  facet normal 1 0 0
    outer loop
      vertex 14.25 -10.2735 10.3589
      vertex 14.25 10.2735 10.3589
      vertex 14.25 10.3437 10.7118
    endloop
  endfacet
  facet normal 1 0 0
    outer loop
      vertex 14.25 -10.3437 10.7118
      vertex 14.25 10.3437 10.7118
      vertex 14.25 10.4593 11.0524
    endloop
  endfacet
  facet normal 1 0 0
    outer loop
      vertex 14.25 -10.4593 11.0524
      vertex 14.25 10.4593 11.0524
      vertex 14.25 10.6184 11.375
    endloop
  endfacet
  facet normal 1 0 0
    outer loop
      vertex 14.25 -10.6184 11.375
      vertex 14.25 10.6184 11.375
      vertex 14.25 10.8183 11.6741
    endloop
  endfacet
  facet normal 1 0 0
    outer loop
      vertex 14.25 -10.8183 11.6741
      vertex 14.25 10.8183 11.6741
      vertex 14.25 11.0555 11.9445
    endloop
  endfacet
  facet normal 1 0 -0
    outer loop
      vertex 14.25 -11.3259 12.1817
      vertex 14.25 11.3259 12.1817
      vertex 14.25 -11.625 12.3816
    endloop
  endfacet
  facet normal 1 0 0
    outer loop
      vertex 14.25 -20 20.25
      vertex 14.25 20 20.25
      vertex 14.25 27.8115 24.25
    endloop
  endfacet
  facet normal 1 0 0
    outer loop
      vertex 14.25 10.2735 10.3589
      vertex 14.25 -10.2735 10.3589
      vertex 14.25 -10.25 10
    endloop
  endfacet
  facet normal 1 0 0
    outer loop
      vertex 14.25 10.3437 10.7118
      vertex 14.25 -10.3437 10.7118
      vertex 14.25 -10.2735 10.3589
    endloop
  endfacet
  facet normal 1 0 0
    outer loop
      vertex 14.25 10.4593 11.0524
      vertex 14.25 -10.4593 11.0524
      vertex 14.25 -10.3437 10.7118
    endloop
  endfacet
  facet normal 1 0 0
    outer loop
      vertex 14.25 10.6184 11.375
      vertex 14.25 -10.6184 11.375
      vertex 14.25 -10.4593 11.0524
    endloop
  endfacet
  facet normal 1 0 0
    outer loop
      vertex 14.25 10.8183 11.6741
      vertex 14.25 -10.8183 11.6741
      vertex 14.25 -10.6184 11.375
    endloop
  endfacet
  facet normal 1 0 0
    outer loop
      vertex 14.25 11.0555 11.9445
      vertex 14.25 -11.0555 11.9445
      vertex 14.25 -10.8183 11.6741
    endloop
  endfacet
  facet normal 1 0 0
    outer loop
      vertex 14.25 11.0555 11.9445
      vertex 14.25 -11.3259 12.1817
      vertex 14.25 -11.0555 11.9445
    endloop
  endfacet
  facet normal 1 0 0
    outer loop
      vertex 14.25 11.3259 12.1817
      vertex 14.25 -11.3259 12.1817
      vertex 14.25 11.0555 11.9445
    endloop
  endfacet
  facet normal 1 0 0
    outer loop
      vertex 14.25 20 20.25
      vertex 14.25 -20 20.25
      vertex 14.25 -11.625 12.3816
    endloop
  endfacet
  facet normal 1 0 0
    outer loop
      vertex 14.25 -11.625 12.3816
      vertex 14.25 -20 20.25
      vertex 14.25 -11.9476 12.5407
    endloop
  endfacet
  facet normal 1 0 0
    outer loop
      vertex 14.25 -11.9476 12.5407
      vertex 14.25 -20 20.25
      vertex 14.25 -12.2882 12.6563
    endloop
  endfacet
  facet normal 1 0 0
    outer loop
      vertex 14.25 -12.2882 12.6563
      vertex 14.25 -20 20.25
      vertex 14.25 -12.6411 12.7265
    endloop
  endfacet
  facet normal 1 0 0
    outer loop
      vertex 14.25 -12.6411 12.7265
      vertex 14.25 -20 20.25
      vertex 14.25 -13 12.75
    endloop
  endfacet
  facet normal 1 0 0
    outer loop
      vertex 14.25 -13 12.75
      vertex 14.25 -20 20.25
      vertex 14.25 -13.3589 12.7265
    endloop
  endfacet
  facet normal 1 0 0
    outer loop
      vertex 14.25 -15.7265 10.3589
      vertex 14.25 -20 20.25
      vertex 14.25 -15.75 10
    endloop
  endfacet
  facet normal 1 0 0
    outer loop
      vertex 14.25 -15.6563 10.7118
      vertex 14.25 -20 20.25
      vertex 14.25 -15.7265 10.3589
    endloop
  endfacet
  facet normal 1 0 0
    outer loop
      vertex 14.25 -15.5407 11.0524
      vertex 14.25 -20 20.25
      vertex 14.25 -15.6563 10.7118
    endloop
  endfacet
  facet normal 1 0 0
    outer loop
      vertex 14.25 -15.3816 11.375
      vertex 14.25 -20 20.25
      vertex 14.25 -15.5407 11.0524
    endloop
  endfacet
  facet normal 1 0 0
    outer loop
      vertex 14.25 -15.1817 11.6741
      vertex 14.25 -20 20.25
      vertex 14.25 -15.3816 11.375
    endloop
  endfacet
  facet normal 1 0 0
    outer loop
      vertex 14.25 -14.9445 11.9445
      vertex 14.25 -20 20.25
      vertex 14.25 -15.1817 11.6741
    endloop
  endfacet
  facet normal 1 0 0
    outer loop
      vertex 14.25 -14.6741 12.1817
      vertex 14.25 -20 20.25
      vertex 14.25 -14.9445 11.9445
    endloop
  endfacet
  facet normal 1 0 0
    outer loop
      vertex 14.25 -14.375 12.3816
      vertex 14.25 -20 20.25
      vertex 14.25 -14.6741 12.1817
    endloop
  endfacet
  facet normal 1 0 0
    outer loop
      vertex 14.25 -14.0524 12.5407
      vertex 14.25 -20 20.25
      vertex 14.25 -14.375 12.3816
    endloop
  endfacet
  facet normal 1 0 0
    outer loop
      vertex 14.25 -13.7118 12.6563
      vertex 14.25 -20 20.25
      vertex 14.25 -14.0524 12.5407
    endloop
  endfacet
  facet normal 1 0 0
    outer loop
      vertex 14.25 -13.3589 12.7265
      vertex 14.25 -20 20.25
      vertex 14.25 -13.7118 12.6563
    endloop
  endfacet
  facet normal 1 -0 0
    outer loop
      vertex 14.25 -27.8115 24.25
      vertex 14.25 -20 20.25
      vertex 14.25 27.8115 24.25
    endloop
  endfacet
  facet normal 1 0 0
    outer loop
      vertex 14.25 -34 20.25
      vertex 14.25 -27.8115 24.25
      vertex 14.25 -30.1885 24.25
    endloop
  endfacet
  facet normal 1 0 0
    outer loop
      vertex 14.25 -34 20.25
      vertex 14.25 -30.1885 24.25
      vertex 14.25 -34 24.25
    endloop
  endfacet
  facet normal 1 0 0
    outer loop
      vertex 14.25 -27.8115 24.25
      vertex 14.25 -34 20.25
      vertex 14.25 -20 20.25
    endloop
  endfacet
  facet normal 1 0 0
    outer loop
      vertex 14.25 20 20.25
      vertex 14.25 15.7265 9.64105
      vertex 14.25 20 -12
    endloop
  endfacet
  facet normal 1 -0 0
    outer loop
      vertex 14.25 15.6563 9.28825
      vertex 14.25 20 -12
      vertex 14.25 15.7265 9.64105
    endloop
  endfacet
  facet normal 1 -0 0
    outer loop
      vertex 14.25 15.5407 8.94762
      vertex 14.25 20 -12
      vertex 14.25 15.6563 9.28825
    endloop
  endfacet
  facet normal 1 -0 0
    outer loop
      vertex 14.25 15.3816 8.625
      vertex 14.25 20 -12
      vertex 14.25 15.5407 8.94762
    endloop
  endfacet
  facet normal 1 0 0
    outer loop
      vertex 14.25 13.91 -2.5
      vertex 14.25 15.3816 8.625
      vertex 14.25 15.1817 8.32591
    endloop
  endfacet
  facet normal 1 0 0
    outer loop
      vertex 14.25 13.91 -2.5
      vertex 14.25 15.1817 8.32591
      vertex 14.25 14.9445 8.05546
    endloop
  endfacet
  facet normal 1 0 0
    outer loop
      vertex 14.25 13.91 -2.5
      vertex 14.25 14.9445 8.05546
      vertex 14.25 14.6741 7.81828
    endloop
  endfacet
  facet normal 1 0 0
    outer loop
      vertex 14.25 13.91 -2.5
      vertex 14.25 14.6741 7.81828
      vertex 14.25 14.375 7.61843
    endloop
  endfacet
  facet normal 1 0 0
    outer loop
      vertex 14.25 13.91 -2.5
      vertex 14.25 14.375 7.61843
      vertex 14.25 14.0524 7.45933
    endloop
  endfacet
  facet normal 1 0 0
    outer loop
      vertex 14.25 15.3816 8.625
      vertex 14.25 13.91 -2.5
      vertex 14.25 20 -12
    endloop
  endfacet
  facet normal 1 -0 0
    outer loop
      vertex 14.25 13.91 -11.5
      vertex 14.25 20 -12
      vertex 14.25 13.91 -2.5
    endloop
  endfacet
  facet normal 1 0 0
    outer loop
      vertex 14.25 20 -12
      vertex 14.25 13.91 -11.5
      vertex 14.25 13.41 -12
    endloop
  endfacet
  facet normal 0 0 -1
    outer loop
      vertex 14.25 20 20.25
      vertex 12.6 29 20.25
      vertex 14.25 34 20.25
    endloop
  endfacet
  facet normal 0 0 -1
    outer loop
      vertex 14.25 20 20.25
      vertex 12.5625 28.7153 20.25
      vertex 12.6 29 20.25
    endloop
  endfacet
  facet normal 0 0 -1
    outer loop
      vertex 14.25 20 20.25
      vertex 12.4526 28.45 20.25
      vertex 12.5625 28.7153 20.25
    endloop
  endfacet
  facet normal 0 0 -1
    outer loop
      vertex 14.25 20 20.25
      vertex 12.2778 28.2222 20.25
      vertex 12.4526 28.45 20.25
    endloop
  endfacet
  facet normal 0 0 -1
    outer loop
      vertex 14.25 20 20.25
      vertex 12.05 28.0474 20.25
      vertex 12.2778 28.2222 20.25
    endloop
  endfacet
  facet normal 0 0 -1
    outer loop
      vertex 14.25 20 20.25
      vertex 11.7847 27.9375 20.25
      vertex 12.05 28.0474 20.25
    endloop
  endfacet
  facet normal 0 0 -1
    outer loop
      vertex 10.25 20 20.25
      vertex 11.7847 27.9375 20.25
      vertex 14.25 20 20.25
    endloop
  endfacet
  facet normal 0 0 -1
    outer loop
      vertex 11.7847 27.9375 20.25
      vertex 10.25 20 20.25
      vertex 11.5 27.9 20.25
    endloop
  endfacet
  facet normal -0 0 -1
    outer loop
      vertex 11.5 27.9 20.25
      vertex 10.25 20 20.25
      vertex 11.2153 27.9375 20.25
    endloop
  endfacet
  facet normal -0 0 -1
    outer loop
      vertex 11.2153 27.9375 20.25
      vertex 10.25 20 20.25
      vertex 10.95 28.0474 20.25
    endloop
  endfacet
  facet normal -0 0 -1
    outer loop
      vertex 10.95 28.0474 20.25
      vertex 10.25 20 20.25
      vertex 10.7222 28.2222 20.25
    endloop
  endfacet
  facet normal -0 0 -1
    outer loop
      vertex 10.4375 28.7153 20.25
      vertex 10.25 20 20.25
      vertex 10.4 29 20.25
    endloop
  endfacet
  facet normal -0 0 -1
    outer loop
      vertex 10.5474 28.45 20.25
      vertex 10.25 20 20.25
      vertex 10.4375 28.7153 20.25
    endloop
  endfacet
  facet normal -0 0 -1
    outer loop
      vertex 10.7222 28.2222 20.25
      vertex 10.25 20 20.25
      vertex 10.5474 28.45 20.25
    endloop
  endfacet
  facet normal 0 0 -1
    outer loop
      vertex 12.5625 29.2847 20.25
      vertex 14.25 34 20.25
      vertex 12.6 29 20.25
    endloop
  endfacet
  facet normal 0 0 -1
    outer loop
      vertex 12.4526 29.55 20.25
      vertex 14.25 34 20.25
      vertex 12.5625 29.2847 20.25
    endloop
  endfacet
  facet normal 0 0 -1
    outer loop
      vertex 12.2778 29.7778 20.25
      vertex 14.25 34 20.25
      vertex 12.4526 29.55 20.25
    endloop
  endfacet
  facet normal 0 0 -1
    outer loop
      vertex 12.05 29.9526 20.25
      vertex 14.25 34 20.25
      vertex 12.2778 29.7778 20.25
    endloop
  endfacet
  facet normal 0 0 -1
    outer loop
      vertex 11.7847 30.0625 20.25
      vertex 14.25 34 20.25
      vertex 12.05 29.9526 20.25
    endloop
  endfacet
  facet normal 0 0 -1
    outer loop
      vertex 10.25 34 20.25
      vertex 11.7847 30.0625 20.25
      vertex 11.5 30.1 20.25
    endloop
  endfacet
  facet normal 0 0 -1
    outer loop
      vertex 10.25 34 20.25
      vertex 11.5 30.1 20.25
      vertex 11.2153 30.0625 20.25
    endloop
  endfacet
  facet normal 0 0 -1
    outer loop
      vertex 10.25 34 20.25
      vertex 11.2153 30.0625 20.25
      vertex 10.95 29.9526 20.25
    endloop
  endfacet
  facet normal 0 0 -1
    outer loop
      vertex 10.25 34 20.25
      vertex 10.95 29.9526 20.25
      vertex 10.7222 29.7778 20.25
    endloop
  endfacet
  facet normal 0 0 -1
    outer loop
      vertex 11.7847 30.0625 20.25
      vertex 10.25 34 20.25
      vertex 14.25 34 20.25
    endloop
  endfacet
  facet normal 0 0 -1
    outer loop
      vertex 10.5474 29.55 20.25
      vertex 10.25 34 20.25
      vertex 10.7222 29.7778 20.25
    endloop
  endfacet
  facet normal 0 0 -1
    outer loop
      vertex 10.4375 29.2847 20.25
      vertex 10.25 34 20.25
      vertex 10.5474 29.55 20.25
    endloop
  endfacet
  facet normal 0 0 -1
    outer loop
      vertex 10.4 29 20.25
      vertex 10.25 34 20.25
      vertex 10.4375 29.2847 20.25
    endloop
  endfacet
  facet normal 0 0 -1
    outer loop
      vertex 10.25 34 20.25
      vertex 10.4 29 20.25
      vertex 10.25 20 20.25
    endloop
  endfacet
  facet normal 0 0 -1
    outer loop
      vertex 14.25 -34 20.25
      vertex 12.6 -29 20.25
      vertex 14.25 -20 20.25
    endloop
  endfacet
  facet normal 0 0 -1
    outer loop
      vertex 14.25 -34 20.25
      vertex 12.5625 -29.2847 20.25
      vertex 12.6 -29 20.25
    endloop
  endfacet
  facet normal 0 0 -1
    outer loop
      vertex 14.25 -34 20.25
      vertex 12.4526 -29.55 20.25
      vertex 12.5625 -29.2847 20.25
    endloop
  endfacet
  facet normal 0 0 -1
    outer loop
      vertex 14.25 -34 20.25
      vertex 12.2778 -29.7778 20.25
      vertex 12.4526 -29.55 20.25
    endloop
  endfacet
  facet normal 0 0 -1
    outer loop
      vertex 14.25 -34 20.25
      vertex 12.05 -29.9526 20.25
      vertex 12.2778 -29.7778 20.25
    endloop
  endfacet
  facet normal 0 0 -1
    outer loop
      vertex 14.25 -34 20.25
      vertex 11.7847 -30.0625 20.25
      vertex 12.05 -29.9526 20.25
    endloop
  endfacet
  facet normal 0 0 -1
    outer loop
      vertex 10.25 -34 20.25
      vertex 11.7847 -30.0625 20.25
      vertex 14.25 -34 20.25
    endloop
  endfacet
  facet normal 0 0 -1
    outer loop
      vertex 11.7847 -30.0625 20.25
      vertex 10.25 -34 20.25
      vertex 11.5 -30.1 20.25
    endloop
  endfacet
  facet normal -0 0 -1
    outer loop
      vertex 11.5 -30.1 20.25
      vertex 10.25 -34 20.25
      vertex 11.2153 -30.0625 20.25
    endloop
  endfacet
  facet normal -0 0 -1
    outer loop
      vertex 11.2153 -30.0625 20.25
      vertex 10.25 -34 20.25
      vertex 10.95 -29.9526 20.25
    endloop
  endfacet
  facet normal -0 0 -1
    outer loop
      vertex 10.4375 -29.2847 20.25
      vertex 10.25 -34 20.25
      vertex 10.4 -29 20.25
    endloop
  endfacet
  facet normal -0 0 -1
    outer loop
      vertex 10.5474 -29.55 20.25
      vertex 10.25 -34 20.25
      vertex 10.4375 -29.2847 20.25
    endloop
  endfacet
  facet normal -0 0 -1
    outer loop
      vertex 10.7222 -29.7778 20.25
      vertex 10.25 -34 20.25
      vertex 10.5474 -29.55 20.25
    endloop
  endfacet
  facet normal -0 0 -1
    outer loop
      vertex 10.95 -29.9526 20.25
      vertex 10.25 -34 20.25
      vertex 10.7222 -29.7778 20.25
    endloop
  endfacet
  facet normal 0 0 -1
    outer loop
      vertex 12.5625 -28.7153 20.25
      vertex 14.25 -20 20.25
      vertex 12.6 -29 20.25
    endloop
  endfacet
  facet normal 0 0 -1
    outer loop
      vertex 12.4526 -28.45 20.25
      vertex 14.25 -20 20.25
      vertex 12.5625 -28.7153 20.25
    endloop
  endfacet
  facet normal 0 0 -1
    outer loop
      vertex 12.2778 -28.2222 20.25
      vertex 14.25 -20 20.25
      vertex 12.4526 -28.45 20.25
    endloop
  endfacet
  facet normal 0 0 -1
    outer loop
      vertex 12.05 -28.0474 20.25
      vertex 14.25 -20 20.25
      vertex 12.2778 -28.2222 20.25
    endloop
  endfacet
  facet normal 0 0 -1
    outer loop
      vertex 11.7847 -27.9375 20.25
      vertex 14.25 -20 20.25
      vertex 12.05 -28.0474 20.25
    endloop
  endfacet
  facet normal 0 0 -1
    outer loop
      vertex 10.25 -20 20.25
      vertex 11.7847 -27.9375 20.25
      vertex 11.5 -27.9 20.25
    endloop
  endfacet
  facet normal 0 0 -1
    outer loop
      vertex 10.25 -20 20.25
      vertex 11.5 -27.9 20.25
      vertex 11.2153 -27.9375 20.25
    endloop
  endfacet
  facet normal 0 0 -1
    outer loop
      vertex 10.25 -20 20.25
      vertex 11.2153 -27.9375 20.25
      vertex 10.95 -28.0474 20.25
    endloop
  endfacet
  facet normal 0 0 -1
    outer loop
      vertex 10.25 -20 20.25
      vertex 10.95 -28.0474 20.25
      vertex 10.7222 -28.2222 20.25
    endloop
  endfacet
  facet normal 0 0 -1
    outer loop
      vertex 10.25 -20 20.25
      vertex 10.7222 -28.2222 20.25
      vertex 10.5474 -28.45 20.25
    endloop
  endfacet
  facet normal 0 0 -1
    outer loop
      vertex 11.7847 -27.9375 20.25
      vertex 10.25 -20 20.25
      vertex 14.25 -20 20.25
    endloop
  endfacet
  facet normal 0 0 -1
    outer loop
      vertex 10.4375 -28.7153 20.25
      vertex 10.25 -20 20.25
      vertex 10.5474 -28.45 20.25
    endloop
  endfacet
  facet normal 0 0 -1
    outer loop
      vertex 10.4 -29 20.25
      vertex 10.25 -20 20.25
      vertex 10.4375 -28.7153 20.25
    endloop
  endfacet
  facet normal 0 0 -1
    outer loop
      vertex 10.25 -20 20.25
      vertex 10.4 -29 20.25
      vertex 10.25 -34 20.25
    endloop
  endfacet
  facet normal 0 0 -1
    outer loop
      vertex -10.7222 -28.2222 20.25
      vertex 10.25 -20 20.25
      vertex -10.5474 -28.45 20.25
    endloop
  endfacet
  facet normal 0 0 -1
    outer loop
      vertex 10.25 20 20.25
      vertex -10.4375 28.7153 20.25
      vertex -10.4 29 20.25
    endloop
  endfacet
  facet normal 0 0 -1
    outer loop
      vertex -10.95 -28.0474 20.25
      vertex 10.25 -20 20.25
      vertex -10.7222 -28.2222 20.25
    endloop
  endfacet
  facet normal 0 0 -1
    outer loop
      vertex 10.25 20 20.25
      vertex -10.5474 28.45 20.25
      vertex -10.4375 28.7153 20.25
    endloop
  endfacet
  facet normal 0 0 -1
    outer loop
      vertex -11.2153 -27.9375 20.25
      vertex 10.25 -20 20.25
      vertex -10.95 -28.0474 20.25
    endloop
  endfacet
  facet normal 0 0 -1
    outer loop
      vertex 10.25 20 20.25
      vertex -10.7222 28.2222 20.25
      vertex -10.5474 28.45 20.25
    endloop
  endfacet
  facet normal 0 0 -1
    outer loop
      vertex -11.5 -27.9 20.25
      vertex 10.25 -20 20.25
      vertex -11.2153 -27.9375 20.25
    endloop
  endfacet
  facet normal 0 0 -1
    outer loop
      vertex 10.25 20 20.25
      vertex -10.95 28.0474 20.25
      vertex -10.7222 28.2222 20.25
    endloop
  endfacet
  facet normal -0 0 -1
    outer loop
      vertex 10.25 -20 20.25
      vertex -11.5 -27.9 20.25
      vertex 10.25 20 20.25
    endloop
  endfacet
  facet normal 0 0 -1
    outer loop
      vertex 10.25 20 20.25
      vertex -11.2153 27.9375 20.25
      vertex -10.95 28.0474 20.25
    endloop
  endfacet
  facet normal 0 0 -1
    outer loop
      vertex -11.5 27.9 20.25
      vertex 10.25 20 20.25
      vertex -11.5 -27.9 20.25
    endloop
  endfacet
  facet normal 0 0 -1
    outer loop
      vertex 10.25 20 20.25
      vertex -11.5 27.9 20.25
      vertex -11.2153 27.9375 20.25
    endloop
  endfacet
  facet normal 0 0 -1
    outer loop
      vertex -11.7847 -27.9375 20.25
      vertex -11.5 27.9 20.25
      vertex -11.5 -27.9 20.25
    endloop
  endfacet
  facet normal 0 0 -1
    outer loop
      vertex -11.7847 -27.9375 20.25
      vertex -11.7847 27.9375 20.25
      vertex -11.5 27.9 20.25
    endloop
  endfacet
  facet normal 0 0 -1
    outer loop
      vertex -12.05 -28.0474 20.25
      vertex -11.7847 27.9375 20.25
      vertex -11.7847 -27.9375 20.25
    endloop
  endfacet
  facet normal 0 0 -1
    outer loop
      vertex -12.05 -28.0474 20.25
      vertex -12.05 28.0474 20.25
      vertex -11.7847 27.9375 20.25
    endloop
  endfacet
  facet normal 0 0 -1
    outer loop
      vertex -12.2778 -28.2222 20.25
      vertex -12.05 28.0474 20.25
      vertex -12.05 -28.0474 20.25
    endloop
  endfacet
  facet normal 0 0 -1
    outer loop
      vertex -12.2778 -28.2222 20.25
      vertex -12.2778 28.2222 20.25
      vertex -12.05 28.0474 20.25
    endloop
  endfacet
  facet normal 0 0 -1
    outer loop
      vertex -12.4526 -28.45 20.25
      vertex -12.2778 28.2222 20.25
      vertex -12.2778 -28.2222 20.25
    endloop
  endfacet
  facet normal 0 0 -1
    outer loop
      vertex -12.4526 -28.45 20.25
      vertex -12.4526 28.45 20.25
      vertex -12.2778 28.2222 20.25
    endloop
  endfacet
  facet normal 0 0 -1
    outer loop
      vertex -17 -34 20.25
      vertex -12.4526 -28.45 20.25
      vertex -12.5625 -28.7153 20.25
    endloop
  endfacet
  facet normal -0 0 -1
    outer loop
      vertex -12.4526 -28.45 20.25
      vertex -17 -34 20.25
      vertex -12.4526 28.45 20.25
    endloop
  endfacet
  facet normal 0 0 -1
    outer loop
      vertex -17 -34 20.25
      vertex -12.5625 -28.7153 20.25
      vertex -12.6 -29 20.25
    endloop
  endfacet
  facet normal 0 0 -1
    outer loop
      vertex -17 34 20.25
      vertex -12.4526 28.45 20.25
      vertex -17 -34 20.25
    endloop
  endfacet
  facet normal 0 0 -1
    outer loop
      vertex -10.4375 -28.7153 20.25
      vertex 10.25 -34 20.25
      vertex -10.4 -29 20.25
    endloop
  endfacet
  facet normal 0 0 -1
    outer loop
      vertex 10.25 -34 20.25
      vertex -10.4375 -28.7153 20.25
      vertex 10.25 -20 20.25
    endloop
  endfacet
  facet normal 0 0 -1
    outer loop
      vertex -10.5474 -28.45 20.25
      vertex 10.25 -20 20.25
      vertex -10.4375 -28.7153 20.25
    endloop
  endfacet
  facet normal 0 0 -1
    outer loop
      vertex 10.25 -34 20.25
      vertex -10.4375 -29.2847 20.25
      vertex -10.4 -29 20.25
    endloop
  endfacet
  facet normal 0 0 -1
    outer loop
      vertex 10.25 -34 20.25
      vertex -10.5474 -29.55 20.25
      vertex -10.4375 -29.2847 20.25
    endloop
  endfacet
  facet normal 0 0 -1
    outer loop
      vertex 10.25 -34 20.25
      vertex -10.7222 -29.7778 20.25
      vertex -10.5474 -29.55 20.25
    endloop
  endfacet
  facet normal 0 0 -1
    outer loop
      vertex 10.25 -34 20.25
      vertex -10.95 -29.9526 20.25
      vertex -10.7222 -29.7778 20.25
    endloop
  endfacet
  facet normal 0 0 -1
    outer loop
      vertex -17 -34 20.25
      vertex -10.95 -29.9526 20.25
      vertex 10.25 -34 20.25
    endloop
  endfacet
  facet normal 0 0 -1
    outer loop
      vertex -10.95 -29.9526 20.25
      vertex -17 -34 20.25
      vertex -11.2153 -30.0625 20.25
    endloop
  endfacet
  facet normal 0 0 -1
    outer loop
      vertex -11.2153 -30.0625 20.25
      vertex -17 -34 20.25
      vertex -11.5 -30.1 20.25
    endloop
  endfacet
  facet normal 0 0 -1
    outer loop
      vertex -12.4526 28.45 20.25
      vertex -17 34 20.25
      vertex -12.5625 28.7153 20.25
    endloop
  endfacet
  facet normal -0 0 -1
    outer loop
      vertex -12.5625 -29.2847 20.25
      vertex -17 -34 20.25
      vertex -12.6 -29 20.25
    endloop
  endfacet
  facet normal -0 0 -1
    outer loop
      vertex -12.4526 -29.55 20.25
      vertex -17 -34 20.25
      vertex -12.5625 -29.2847 20.25
    endloop
  endfacet
  facet normal -0 0 -1
    outer loop
      vertex -12.2778 -29.7778 20.25
      vertex -17 -34 20.25
      vertex -12.4526 -29.55 20.25
    endloop
  endfacet
  facet normal -0 0 -1
    outer loop
      vertex -12.05 -29.9526 20.25
      vertex -17 -34 20.25
      vertex -12.2778 -29.7778 20.25
    endloop
  endfacet
  facet normal -0 0 -1
    outer loop
      vertex -11.7847 -30.0625 20.25
      vertex -17 -34 20.25
      vertex -12.05 -29.9526 20.25
    endloop
  endfacet
  facet normal -0 0 -1
    outer loop
      vertex -11.5 -30.1 20.25
      vertex -17 -34 20.25
      vertex -11.7847 -30.0625 20.25
    endloop
  endfacet
  facet normal 0 0 -1
    outer loop
      vertex 10.25 20 20.25
      vertex -10.4 29 20.25
      vertex 10.25 34 20.25
    endloop
  endfacet
  facet normal 0 0 -1
    outer loop
      vertex -10.4375 29.2847 20.25
      vertex 10.25 34 20.25
      vertex -10.4 29 20.25
    endloop
  endfacet
  facet normal 0 0 -1
    outer loop
      vertex -10.5474 29.55 20.25
      vertex 10.25 34 20.25
      vertex -10.4375 29.2847 20.25
    endloop
  endfacet
  facet normal 0 0 -1
    outer loop
      vertex -10.7222 29.7778 20.25
      vertex 10.25 34 20.25
      vertex -10.5474 29.55 20.25
    endloop
  endfacet
  facet normal 0 0 -1
    outer loop
      vertex -10.95 29.9526 20.25
      vertex 10.25 34 20.25
      vertex -10.7222 29.7778 20.25
    endloop
  endfacet
  facet normal 0 0 -1
    outer loop
      vertex -17 34 20.25
      vertex -10.95 29.9526 20.25
      vertex -11.2153 30.0625 20.25
    endloop
  endfacet
  facet normal 0 0 -1
    outer loop
      vertex -17 34 20.25
      vertex -11.2153 30.0625 20.25
      vertex -11.5 30.1 20.25
    endloop
  endfacet
  facet normal 0 0 -1
    outer loop
      vertex -17 34 20.25
      vertex -11.5 30.1 20.25
      vertex -11.7847 30.0625 20.25
    endloop
  endfacet
  facet normal 0 0 -1
    outer loop
      vertex -10.95 29.9526 20.25
      vertex -17 34 20.25
      vertex 10.25 34 20.25
    endloop
  endfacet
  facet normal 0 0 -1
    outer loop
      vertex -12.05 29.9526 20.25
      vertex -17 34 20.25
      vertex -11.7847 30.0625 20.25
    endloop
  endfacet
  facet normal 0 0 -1
    outer loop
      vertex -12.2778 29.7778 20.25
      vertex -17 34 20.25
      vertex -12.05 29.9526 20.25
    endloop
  endfacet
  facet normal 0 0 -1
    outer loop
      vertex -12.4526 29.55 20.25
      vertex -17 34 20.25
      vertex -12.2778 29.7778 20.25
    endloop
  endfacet
  facet normal 0 0 -1
    outer loop
      vertex -12.5625 29.2847 20.25
      vertex -17 34 20.25
      vertex -12.4526 29.55 20.25
    endloop
  endfacet
  facet normal 0 0 -1
    outer loop
      vertex -12.6 29 20.25
      vertex -17 34 20.25
      vertex -12.5625 29.2847 20.25
    endloop
  endfacet
  facet normal 0 0 -1
    outer loop
      vertex -12.5625 28.7153 20.25
      vertex -17 34 20.25
      vertex -12.6 29 20.25
    endloop
  endfacet
  facet normal -1 0 0
    outer loop
      vertex -17 -34 20.25
      vertex -17 34 24.25
      vertex -17 34 20.25
    endloop
  endfacet
  facet normal -1 -0 0
    outer loop
      vertex -17 34 24.25
      vertex -17 -34 20.25
      vertex -17 -34 24.25
    endloop
  endfacet
  facet normal 0 1 0
    outer loop
      vertex 10.25 34 20.25
      vertex 14.25 34 24.25
      vertex 14.25 34 20.25
    endloop
  endfacet
  facet normal 0 1 0
    outer loop
      vertex 14.25 34 24.25
      vertex 10.25 34 20.25
      vertex -17 34 24.25
    endloop
  endfacet
  facet normal 0 1 0
    outer loop
      vertex -17 34 24.25
      vertex 10.25 34 20.25
      vertex -17 34 20.25
    endloop
  endfacet
  facet normal 0 -1 0
    outer loop
      vertex 10.25 -34 20.25
      vertex -17 -34 24.25
      vertex -17 -34 20.25
    endloop
  endfacet
  facet normal 0 -1 0
    outer loop
      vertex -17 -34 24.25
      vertex 10.25 -34 20.25
      vertex 14.25 -34 24.25
    endloop
  endfacet
  facet normal 0 -1 -0
    outer loop
      vertex 14.25 -34 24.25
      vertex 10.25 -34 20.25
      vertex 14.25 -34 20.25
    endloop
  endfacet
  facet normal 0 0 -1
    outer loop
      vertex 10.5 13.41 -12
      vertex 14.25 20 -12
      vertex 14.25 13.41 -12
    endloop
  endfacet
  facet normal -0 0 -1
    outer loop
      vertex 14.25 20 -12
      vertex 10.5 13.41 -12
      vertex 10.5 20 -12
    endloop
  endfacet
  facet normal 0 0 -1
    outer loop
      vertex 14.25 -20 -12
      vertex 10.5 -9 -12
      vertex 14.25 12.9 -12
    endloop
  endfacet
  facet normal 0 0 -1
    outer loop
      vertex 10.25 -15.4 -12
      vertex 14.25 -20 -12
      vertex 10.25 -20 -12
    endloop
  endfacet
  facet normal 0 0 -1
    outer loop
      vertex 14.25 -20 -12
      vertex 10.25 -15.4 -12
      vertex 10.5 -9 -12
    endloop
  endfacet
  facet normal 0 0 -1
    outer loop
      vertex 10.25 -15.4 -12
      vertex -13.5 -9 -12
      vertex 10.5 -9 -12
    endloop
  endfacet
  facet normal 0 0 -1
    outer loop
      vertex -13.5 -9 -12
      vertex -18.25 12.9 -12
      vertex -13.5 12.9 -12
    endloop
  endfacet
  facet normal 0 0 -1
    outer loop
      vertex -18.75 15.4 -12
      vertex -18.25 12.9 -12
      vertex -18.75 -15.4 -12
    endloop
  endfacet
  facet normal -0 0 -1
    outer loop
      vertex -13.5 -9 -12
      vertex -18.75 -15.4 -12
      vertex -18.25 12.9 -12
    endloop
  endfacet
  facet normal 0 0 -1
    outer loop
      vertex -18.75 -15.4 -12
      vertex -13.5 -9 -12
      vertex 10.25 -15.4 -12
    endloop
  endfacet
  facet normal -0 0 -1
    outer loop
      vertex 14.25 12.9 -12
      vertex 10.5 -9 -12
      vertex 10.5 12.9 -12
    endloop
  endfacet
  facet normal 0 0 -1
    outer loop
      vertex -17.75 13.41 -12
      vertex -13.5 15.4 -12
      vertex -13.5 13.41 -12
    endloop
  endfacet
  facet normal 0 0 -1
    outer loop
      vertex -17.75 13.41 -12
      vertex -18.75 15.4 -12
      vertex -13.5 15.4 -12
    endloop
  endfacet
  facet normal 0 0 -1
    outer loop
      vertex -18.25 12.91 -12
      vertex -18.75 15.4 -12
      vertex -17.75 13.41 -12
    endloop
  endfacet
  facet normal 0 0 -1
    outer loop
      vertex -18.25 12.9 -12
      vertex -18.75 15.4 -12
      vertex -18.25 12.91 -12
    endloop
  endfacet
  facet normal -1 0 0
    outer loop
      vertex 10.25 -15.4 -12
      vertex 10.25 -20 -12
      vertex 10.25 -15.4 -2
    endloop
  endfacet
  facet normal -1 0 0
    outer loop
      vertex 10.25 12.9 -2
      vertex 10.25 -15.4 -2
      vertex 10.25 12.9 -1.5
    endloop
  endfacet
  facet normal -1 0 0
    outer loop
      vertex 10.25 15.4 -2
      vertex 10.25 20 -4
      vertex 10.25 15.41 -4
    endloop
  endfacet
  facet normal -1 0 0
    outer loop
      vertex 10.25 15.4 -2
      vertex 10.25 15.41 -4
      vertex 10.25 15.4 -3.99
    endloop
  endfacet
  facet normal -1 0 0
    outer loop
      vertex 10.25 20 -4
      vertex 10.25 15.4 -2
      vertex 10.25 20 0
    endloop
  endfacet
  facet normal -1 0 0
    outer loop
      vertex 10.25 12.91 -1.5
      vertex 10.25 15.4 -2
      vertex 10.25 13.41 -2
    endloop
  endfacet
  facet normal -1 0 0
    outer loop
      vertex 10.25 15.4 -2
      vertex 10.25 12.91 -1.5
      vertex 10.25 20 0
    endloop
  endfacet
  facet normal -1 0 0
    outer loop
      vertex 10.25 12.9 -1.5
      vertex 10.25 20 0
      vertex 10.25 12.91 -1.5
    endloop
  endfacet
  facet normal -1 0 0
    outer loop
      vertex 10.25 -20 0
      vertex 10.25 12.9 -1.5
      vertex 10.25 -15.4 -2
    endloop
  endfacet
  facet normal -1 0 0
    outer loop
      vertex 10.25 12.9 -1.5
      vertex 10.25 -20 0
      vertex 10.25 20 0
    endloop
  endfacet
  facet normal -1 0 0
    outer loop
      vertex 10.25 -20 0
      vertex 10.25 -15.4 -2
      vertex 10.25 -20 -12
    endloop
  endfacet
  facet normal -1 0 0
    outer loop
      vertex 10.25 20 0
      vertex 10.25 15.75 10
      vertex 10.25 20 20.25
    endloop
  endfacet
  facet normal -1 0 0
    outer loop
      vertex 10.25 20 0
      vertex 10.25 15.7265 9.64105
      vertex 10.25 15.75 10
    endloop
  endfacet
  facet normal -1 0 0
    outer loop
      vertex 10.25 20 0
      vertex 10.25 15.6563 9.28825
      vertex 10.25 15.7265 9.64105
    endloop
  endfacet
  facet normal -1 0 0
    outer loop
      vertex 10.25 20 0
      vertex 10.25 15.5407 8.94762
      vertex 10.25 15.6563 9.28825
    endloop
  endfacet
  facet normal -1 0 0
    outer loop
      vertex 10.25 20 0
      vertex 10.25 15.3816 8.625
      vertex 10.25 15.5407 8.94762
    endloop
  endfacet
  facet normal -1 0 0
    outer loop
      vertex 10.25 20 0
      vertex 10.25 15.1817 8.32591
      vertex 10.25 15.3816 8.625
    endloop
  endfacet
  facet normal -1 0 0
    outer loop
      vertex 10.25 20 0
      vertex 10.25 14.9445 8.05546
      vertex 10.25 15.1817 8.32591
    endloop
  endfacet
  facet normal -1 0 0
    outer loop
      vertex 10.25 20 0
      vertex 10.25 14.6741 7.81828
      vertex 10.25 14.9445 8.05546
    endloop
  endfacet
  facet normal -1 0 0
    outer loop
      vertex 10.25 20 0
      vertex 10.25 14.375 7.61843
      vertex 10.25 14.6741 7.81828
    endloop
  endfacet
  facet normal -1 0 0
    outer loop
      vertex 10.25 20 0
      vertex 10.25 14.0524 7.45933
      vertex 10.25 14.375 7.61843
    endloop
  endfacet
  facet normal -1 0 0
    outer loop
      vertex 10.25 20 0
      vertex 10.25 13.7118 7.3437
      vertex 10.25 14.0524 7.45933
    endloop
  endfacet
  facet normal -1 0 0
    outer loop
      vertex 10.25 20 0
      vertex 10.25 13.3589 7.27353
      vertex 10.25 13.7118 7.3437
    endloop
  endfacet
  facet normal -1 0 0
    outer loop
      vertex 10.25 20 0
      vertex 10.25 13 7.25
      vertex 10.25 13.3589 7.27353
    endloop
  endfacet
  facet normal -1 0 0
    outer loop
      vertex 10.25 20 0
      vertex 10.25 12.6411 7.27353
      vertex 10.25 13 7.25
    endloop
  endfacet
  facet normal -1 0 0
    outer loop
      vertex 10.25 20 0
      vertex 10.25 12.2882 7.3437
      vertex 10.25 12.6411 7.27353
    endloop
  endfacet
  facet normal -1 0 0
    outer loop
      vertex 10.25 20 0
      vertex 10.25 11.9476 7.45933
      vertex 10.25 12.2882 7.3437
    endloop
  endfacet
  facet normal -1 0 0
    outer loop
      vertex 10.25 20 0
      vertex 10.25 11.625 7.61843
      vertex 10.25 11.9476 7.45933
    endloop
  endfacet
  facet normal -1 0 0
    outer loop
      vertex 10.25 -11.625 7.61843
      vertex 10.25 11.625 7.61843
      vertex 10.25 20 0
    endloop
  endfacet
  facet normal -1 0 0
    outer loop
      vertex 10.25 11.625 7.61843
      vertex 10.25 -11.625 7.61843
      vertex 10.25 11.3259 7.81828
    endloop
  endfacet
  facet normal -1 0 0
    outer loop
      vertex 10.25 10.2735 9.64105
      vertex 10.25 -10.25 10
      vertex 10.25 10.25 10
    endloop
  endfacet
  facet normal -1 0 0
    outer loop
      vertex 10.25 -10.2735 9.64105
      vertex 10.25 10.2735 9.64105
      vertex 10.25 10.3437 9.28825
    endloop
  endfacet
  facet normal -1 0 0
    outer loop
      vertex 10.25 -10.3437 9.28825
      vertex 10.25 10.3437 9.28825
      vertex 10.25 10.4593 8.94762
    endloop
  endfacet
  facet normal -1 0 0
    outer loop
      vertex 10.25 -10.4593 8.94762
      vertex 10.25 10.4593 8.94762
      vertex 10.25 10.6184 8.625
    endloop
  endfacet
  facet normal -1 0 0
    outer loop
      vertex 10.25 -10.6184 8.625
      vertex 10.25 10.6184 8.625
      vertex 10.25 10.8183 8.32591
    endloop
  endfacet
  facet normal -1 0 0
    outer loop
      vertex 10.25 -10.8183 8.32591
      vertex 10.25 10.8183 8.32591
      vertex 10.25 11.0555 8.05546
    endloop
  endfacet
  facet normal -1 0 -0
    outer loop
      vertex 10.25 -11.3259 7.81828
      vertex 10.25 11.3259 7.81828
      vertex 10.25 -11.625 7.61843
    endloop
  endfacet
  facet normal -1 0 0
    outer loop
      vertex 10.25 10.2735 9.64105
      vertex 10.25 -10.2735 9.64105
      vertex 10.25 -10.25 10
    endloop
  endfacet
  facet normal -1 0 0
    outer loop
      vertex 10.25 10.3437 9.28825
      vertex 10.25 -10.3437 9.28825
      vertex 10.25 -10.2735 9.64105
    endloop
  endfacet
  facet normal -1 0 0
    outer loop
      vertex 10.25 10.4593 8.94762
      vertex 10.25 -10.4593 8.94762
      vertex 10.25 -10.3437 9.28825
    endloop
  endfacet
  facet normal -1 0 0
    outer loop
      vertex 10.25 10.6184 8.625
      vertex 10.25 -10.6184 8.625
      vertex 10.25 -10.4593 8.94762
    endloop
  endfacet
  facet normal -1 0 0
    outer loop
      vertex 10.25 10.8183 8.32591
      vertex 10.25 -10.8183 8.32591
      vertex 10.25 -10.6184 8.625
    endloop
  endfacet
  facet normal -1 0 0
    outer loop
      vertex 10.25 11.0555 8.05546
      vertex 10.25 -11.0555 8.05546
      vertex 10.25 -10.8183 8.32591
    endloop
  endfacet
  facet normal -1 -0 0
    outer loop
      vertex 10.25 11.0555 8.05546
      vertex 10.25 -11.3259 7.81828
      vertex 10.25 -11.0555 8.05546
    endloop
  endfacet
  facet normal -1 0 0
    outer loop
      vertex 10.25 11.3259 7.81828
      vertex 10.25 -11.3259 7.81828
      vertex 10.25 11.0555 8.05546
    endloop
  endfacet
  facet normal -1 0 0
    outer loop
      vertex 10.25 -20 0
      vertex 10.25 -11.625 7.61843
      vertex 10.25 20 0
    endloop
  endfacet
  facet normal -1 0 0
    outer loop
      vertex 10.25 -11.625 7.61843
      vertex 10.25 -20 0
      vertex 10.25 -11.9476 7.45933
    endloop
  endfacet
  facet normal -1 0 0
    outer loop
      vertex 10.25 -11.9476 7.45933
      vertex 10.25 -20 0
      vertex 10.25 -12.2882 7.3437
    endloop
  endfacet
  facet normal -1 0 0
    outer loop
      vertex 10.25 -12.2882 7.3437
      vertex 10.25 -20 0
      vertex 10.25 -12.6411 7.27353
    endloop
  endfacet
  facet normal -1 0 0
    outer loop
      vertex 10.25 -12.6411 7.27353
      vertex 10.25 -20 0
      vertex 10.25 -13 7.25
    endloop
  endfacet
  facet normal -1 -0 0
    outer loop
      vertex 10.25 -13 7.25
      vertex 10.25 -20 0
      vertex 10.25 -13.3589 7.27353
    endloop
  endfacet
  facet normal -1 -0 0
    outer loop
      vertex 10.25 -15.7265 9.64105
      vertex 10.25 -20 0
      vertex 10.25 -15.75 10
    endloop
  endfacet
  facet normal -1 -0 0
    outer loop
      vertex 10.25 -15.6563 9.28825
      vertex 10.25 -20 0
      vertex 10.25 -15.7265 9.64105
    endloop
  endfacet
  facet normal -1 -0 0
    outer loop
      vertex 10.25 -15.5407 8.94762
      vertex 10.25 -20 0
      vertex 10.25 -15.6563 9.28825
    endloop
  endfacet
  facet normal -1 -0 0
    outer loop
      vertex 10.25 -15.3816 8.625
      vertex 10.25 -20 0
      vertex 10.25 -15.5407 8.94762
    endloop
  endfacet
  facet normal -1 -0 0
    outer loop
      vertex 10.25 -15.1817 8.32591
      vertex 10.25 -20 0
      vertex 10.25 -15.3816 8.625
    endloop
  endfacet
  facet normal -1 -0 0
    outer loop
      vertex 10.25 -14.9445 8.05546
      vertex 10.25 -20 0
      vertex 10.25 -15.1817 8.32591
    endloop
  endfacet
  facet normal -1 -0 0
    outer loop
      vertex 10.25 -14.6741 7.81828
      vertex 10.25 -20 0
      vertex 10.25 -14.9445 8.05546
    endloop
  endfacet
  facet normal -1 -0 0
    outer loop
      vertex 10.25 -14.375 7.61843
      vertex 10.25 -20 0
      vertex 10.25 -14.6741 7.81828
    endloop
  endfacet
  facet normal -1 -0 0
    outer loop
      vertex 10.25 -14.0524 7.45933
      vertex 10.25 -20 0
      vertex 10.25 -14.375 7.61843
    endloop
  endfacet
  facet normal -1 -0 0
    outer loop
      vertex 10.25 -13.7118 7.3437
      vertex 10.25 -20 0
      vertex 10.25 -14.0524 7.45933
    endloop
  endfacet
  facet normal -1 -0 0
    outer loop
      vertex 10.25 -13.3589 7.27353
      vertex 10.25 -20 0
      vertex 10.25 -13.7118 7.3437
    endloop
  endfacet
  facet normal -1 0 0
    outer loop
      vertex 10.25 15.7265 10.3589
      vertex 10.25 20 20.25
      vertex 10.25 15.75 10
    endloop
  endfacet
  facet normal -1 0 0
    outer loop
      vertex 10.25 15.6563 10.7118
      vertex 10.25 20 20.25
      vertex 10.25 15.7265 10.3589
    endloop
  endfacet
  facet normal -1 0 0
    outer loop
      vertex 10.25 15.5407 11.0524
      vertex 10.25 20 20.25
      vertex 10.25 15.6563 10.7118
    endloop
  endfacet
  facet normal -1 0 0
    outer loop
      vertex 10.25 15.3816 11.375
      vertex 10.25 20 20.25
      vertex 10.25 15.5407 11.0524
    endloop
  endfacet
  facet normal -1 0 0
    outer loop
      vertex 10.25 15.1817 11.6741
      vertex 10.25 20 20.25
      vertex 10.25 15.3816 11.375
    endloop
  endfacet
  facet normal -1 0 0
    outer loop
      vertex 10.25 14.9445 11.9445
      vertex 10.25 20 20.25
      vertex 10.25 15.1817 11.6741
    endloop
  endfacet
  facet normal -1 0 0
    outer loop
      vertex 10.25 14.6741 12.1817
      vertex 10.25 20 20.25
      vertex 10.25 14.9445 11.9445
    endloop
  endfacet
  facet normal -1 0 0
    outer loop
      vertex 10.25 14.375 12.3816
      vertex 10.25 20 20.25
      vertex 10.25 14.6741 12.1817
    endloop
  endfacet
  facet normal -1 0 0
    outer loop
      vertex 10.25 14.0524 12.5407
      vertex 10.25 20 20.25
      vertex 10.25 14.375 12.3816
    endloop
  endfacet
  facet normal -1 0 0
    outer loop
      vertex 10.25 13.7118 12.6563
      vertex 10.25 20 20.25
      vertex 10.25 14.0524 12.5407
    endloop
  endfacet
  facet normal -1 0 0
    outer loop
      vertex 10.25 13.3589 12.7265
      vertex 10.25 20 20.25
      vertex 10.25 13.7118 12.6563
    endloop
  endfacet
  facet normal -1 0 0
    outer loop
      vertex 10.25 13 12.75
      vertex 10.25 20 20.25
      vertex 10.25 13.3589 12.7265
    endloop
  endfacet
  facet normal -1 0 0
    outer loop
      vertex 10.25 12.6411 12.7265
      vertex 10.25 20 20.25
      vertex 10.25 13 12.75
    endloop
  endfacet
  facet normal -1 0 0
    outer loop
      vertex 10.25 12.2882 12.6563
      vertex 10.25 20 20.25
      vertex 10.25 12.6411 12.7265
    endloop
  endfacet
  facet normal -1 0 0
    outer loop
      vertex 10.25 11.9476 12.5407
      vertex 10.25 20 20.25
      vertex 10.25 12.2882 12.6563
    endloop
  endfacet
  facet normal -1 0 0
    outer loop
      vertex 10.25 11.625 12.3816
      vertex 10.25 20 20.25
      vertex 10.25 11.9476 12.5407
    endloop
  endfacet
  facet normal -1 0 0
    outer loop
      vertex 10.25 -11.625 12.3816
      vertex 10.25 11.625 12.3816
      vertex 10.25 11.3259 12.1817
    endloop
  endfacet
  facet normal -1 0 0
    outer loop
      vertex 10.25 -11.3259 12.1817
      vertex 10.25 11.3259 12.1817
      vertex 10.25 11.0555 11.9445
    endloop
  endfacet
  facet normal -1 0 0
    outer loop
      vertex 10.25 -10.25 10
      vertex 10.25 10.2735 10.3589
      vertex 10.25 10.25 10
    endloop
  endfacet
  facet normal -1 0 0
    outer loop
      vertex 10.25 -10.2735 10.3589
      vertex 10.25 10.2735 10.3589
      vertex 10.25 -10.25 10
    endloop
  endfacet
  facet normal -1 0 0
    outer loop
      vertex 10.25 10.2735 10.3589
      vertex 10.25 -10.2735 10.3589
      vertex 10.25 10.3437 10.7118
    endloop
  endfacet
  facet normal -1 0 0
    outer loop
      vertex 10.25 -10.3437 10.7118
      vertex 10.25 10.3437 10.7118
      vertex 10.25 -10.2735 10.3589
    endloop
  endfacet
  facet normal -1 0 0
    outer loop
      vertex 10.25 10.3437 10.7118
      vertex 10.25 -10.3437 10.7118
      vertex 10.25 10.4593 11.0524
    endloop
  endfacet
  facet normal -1 0 0
    outer loop
      vertex 10.25 -10.4593 11.0524
      vertex 10.25 10.4593 11.0524
      vertex 10.25 -10.3437 10.7118
    endloop
  endfacet
  facet normal -1 0 0
    outer loop
      vertex 10.25 10.4593 11.0524
      vertex 10.25 -10.4593 11.0524
      vertex 10.25 10.6184 11.375
    endloop
  endfacet
  facet normal -1 0 0
    outer loop
      vertex 10.25 -10.6184 11.375
      vertex 10.25 10.6184 11.375
      vertex 10.25 -10.4593 11.0524
    endloop
  endfacet
  facet normal -1 0 0
    outer loop
      vertex 10.25 10.6184 11.375
      vertex 10.25 -10.6184 11.375
      vertex 10.25 10.8183 11.6741
    endloop
  endfacet
  facet normal -1 0 0
    outer loop
      vertex 10.25 -10.8183 11.6741
      vertex 10.25 10.8183 11.6741
      vertex 10.25 -10.6184 11.375
    endloop
  endfacet
  facet normal -1 0 0
    outer loop
      vertex 10.25 10.8183 11.6741
      vertex 10.25 -10.8183 11.6741
      vertex 10.25 11.0555 11.9445
    endloop
  endfacet
  facet normal -1 0 0
    outer loop
      vertex 10.25 -11.0555 11.9445
      vertex 10.25 11.0555 11.9445
      vertex 10.25 -10.8183 11.6741
    endloop
  endfacet
  facet normal -1 0 0
    outer loop
      vertex 10.25 -11.3259 12.1817
      vertex 10.25 11.0555 11.9445
      vertex 10.25 -11.0555 11.9445
    endloop
  endfacet
  facet normal -1 0 0
    outer loop
      vertex 10.25 11.3259 12.1817
      vertex 10.25 -11.3259 12.1817
      vertex 10.25 -11.625 12.3816
    endloop
  endfacet
  facet normal -1 0 0
    outer loop
      vertex 10.25 11.625 12.3816
      vertex 10.25 -11.625 12.3816
      vertex 10.25 20 20.25
    endloop
  endfacet
  facet normal -1 0 0
    outer loop
      vertex 10.25 -20 20.25
      vertex 10.25 -11.625 12.3816
      vertex 10.25 -11.9476 12.5407
    endloop
  endfacet
  facet normal -1 0 0
    outer loop
      vertex 10.25 -20 20.25
      vertex 10.25 -11.9476 12.5407
      vertex 10.25 -12.2882 12.6563
    endloop
  endfacet
  facet normal -1 0 0
    outer loop
      vertex 10.25 -20 20.25
      vertex 10.25 -12.2882 12.6563
      vertex 10.25 -12.6411 12.7265
    endloop
  endfacet
  facet normal -1 0 0
    outer loop
      vertex 10.25 -20 20.25
      vertex 10.25 -12.6411 12.7265
      vertex 10.25 -13 12.75
    endloop
  endfacet
  facet normal -1 0 0
    outer loop
      vertex 10.25 -20 20.25
      vertex 10.25 -13 12.75
      vertex 10.25 -13.3589 12.7265
    endloop
  endfacet
  facet normal -1 0 0
    outer loop
      vertex 10.25 -20 20.25
      vertex 10.25 -13.3589 12.7265
      vertex 10.25 -13.7118 12.6563
    endloop
  endfacet
  facet normal -1 0 0
    outer loop
      vertex 10.25 -20 20.25
      vertex 10.25 -15.75 10
      vertex 10.25 -20 0
    endloop
  endfacet
  facet normal -1 0 0
    outer loop
      vertex 10.25 -15.75 10
      vertex 10.25 -20 20.25
      vertex 10.25 -15.7265 10.3589
    endloop
  endfacet
  facet normal -1 0 0
    outer loop
      vertex 10.25 -15.7265 10.3589
      vertex 10.25 -20 20.25
      vertex 10.25 -15.6563 10.7118
    endloop
  endfacet
  facet normal -1 0 0
    outer loop
      vertex 10.25 -11.625 12.3816
      vertex 10.25 -20 20.25
      vertex 10.25 20 20.25
    endloop
  endfacet
  facet normal -1 0 0
    outer loop
      vertex 10.25 -14.0524 12.5407
      vertex 10.25 -20 20.25
      vertex 10.25 -13.7118 12.6563
    endloop
  endfacet
  facet normal -1 0 0
    outer loop
      vertex 10.25 -14.375 12.3816
      vertex 10.25 -20 20.25
      vertex 10.25 -14.0524 12.5407
    endloop
  endfacet
  facet normal -1 0 0
    outer loop
      vertex 10.25 -14.6741 12.1817
      vertex 10.25 -20 20.25
      vertex 10.25 -14.375 12.3816
    endloop
  endfacet
  facet normal -1 0 0
    outer loop
      vertex 10.25 -14.9445 11.9445
      vertex 10.25 -20 20.25
      vertex 10.25 -14.6741 12.1817
    endloop
  endfacet
  facet normal -1 0 0
    outer loop
      vertex 10.25 -15.1817 11.6741
      vertex 10.25 -20 20.25
      vertex 10.25 -14.9445 11.9445
    endloop
  endfacet
  facet normal -1 0 0
    outer loop
      vertex 10.25 -15.3816 11.375
      vertex 10.25 -20 20.25
      vertex 10.25 -15.1817 11.6741
    endloop
  endfacet
  facet normal -1 0 0
    outer loop
      vertex 10.25 -15.5407 11.0524
      vertex 10.25 -20 20.25
      vertex 10.25 -15.3816 11.375
    endloop
  endfacet
  facet normal -1 0 0
    outer loop
      vertex 10.25 -15.6563 10.7118
      vertex 10.25 -20 20.25
      vertex 10.25 -15.5407 11.0524
    endloop
  endfacet
  facet normal 0 1 0
    outer loop
      vertex 14.25 20 20.25
      vertex 10.25 20 0
      vertex 10.25 20 20.25
    endloop
  endfacet
  facet normal 0 1 0
    outer loop
      vertex 14.25 20 20.25
      vertex 12.75 20 -4
      vertex 10.25 20 0
    endloop
  endfacet
  facet normal 0 1 -0
    outer loop
      vertex 14.25 20 -12
      vertex 12.75 20 -4
      vertex 14.25 20 20.25
    endloop
  endfacet
  facet normal 0 1 0
    outer loop
      vertex 12.75 20 -4
      vertex 14.25 20 -12
      vertex 12.75 20 -10
    endloop
  endfacet
  facet normal 0 1 0
    outer loop
      vertex 10.5 20 -12
      vertex 12.75 20 -10
      vertex 14.25 20 -12
    endloop
  endfacet
  facet normal 0 1 0
    outer loop
      vertex 12.75 20 -10
      vertex 10.5 20 -12
      vertex 10.5 20 -10
    endloop
  endfacet
  facet normal 0 1 0
    outer loop
      vertex 10.25 20 0
      vertex 12.75 20 -4
      vertex 10.25 20 -4
    endloop
  endfacet
  facet normal 0 -1 0
    outer loop
      vertex 10.25 -20 0
      vertex 14.25 -20 20.25
      vertex 10.25 -20 20.25
    endloop
  endfacet
  facet normal 0 -1 0
    outer loop
      vertex 14.25 -20 -12
      vertex 10.25 -20 0
      vertex 10.25 -20 -12
    endloop
  endfacet
  facet normal 0 -1 0
    outer loop
      vertex 10.25 -20 0
      vertex 14.25 -20 -12
      vertex 14.25 -20 20.25
    endloop
  endfacet
  facet normal 0 0 1
    outer loop
      vertex -12.75 15.4 -2
      vertex -17.75 13.41 -2
      vertex -12.75 13.41 -2
    endloop
  endfacet
  facet normal 0 0 1
    outer loop
      vertex -18.25 12.91 -2
      vertex -18.75 15.4 -2
      vertex -18.25 12.9 -2
    endloop
  endfacet
  facet normal 0 0 1
    outer loop
      vertex -17.75 13.41 -2
      vertex -18.75 15.4 -2
      vertex -18.25 12.91 -2
    endloop
  endfacet
  facet normal -0 0 1
    outer loop
      vertex -18.75 15.4 -2
      vertex -17.75 13.41 -2
      vertex -12.75 15.4 -2
    endloop
  endfacet
  facet normal 0 0 1
    outer loop
      vertex -12.75 12.9 -2
      vertex -18.25 12.9 -2
      vertex -12.75 -9.4 -2
    endloop
  endfacet
  facet normal 0 0 1
    outer loop
      vertex 9.75 -9.4 -2
      vertex 10.25 12.9 -2
      vertex 9.75 12.9 -2
    endloop
  endfacet
  facet normal 0 0 1
    outer loop
      vertex 10.25 12.9 -2
      vertex 9.75 -9.4 -2
      vertex 10.25 -15.4 -2
    endloop
  endfacet
  facet normal -0 0 1
    outer loop
      vertex -12.75 -9.4 -2
      vertex 10.25 -15.4 -2
      vertex 9.75 -9.4 -2
    endloop
  endfacet
  facet normal 0 0 1
    outer loop
      vertex -12.75 -9.4 -2
      vertex -18.75 -15.4 -2
      vertex 10.25 -15.4 -2
    endloop
  endfacet
  facet normal 0 0 1
    outer loop
      vertex -18.25 12.9 -2
      vertex -18.75 -15.4 -2
      vertex -12.75 -9.4 -2
    endloop
  endfacet
  facet normal 0 0 1
    outer loop
      vertex -18.75 -15.4 -2
      vertex -18.25 12.9 -2
      vertex -18.75 15.4 -2
    endloop
  endfacet
  facet normal -0 0 1
    outer loop
      vertex 9.75 15.4 -2
      vertex 10.25 13.41 -2
      vertex 10.25 15.4 -2
    endloop
  endfacet
  facet normal 0 0 1
    outer loop
      vertex 10.25 13.41 -2
      vertex 9.75 15.4 -2
      vertex 9.75 13.41 -2
    endloop
  endfacet
  facet normal -1 0 0
    outer loop
      vertex -18.75 -15.4 -12
      vertex -18.75 15.4 -2
      vertex -18.75 15.4 -12
    endloop
  endfacet
  facet normal -1 -0 0
    outer loop
      vertex -18.75 15.4 -2
      vertex -18.75 -15.4 -12
      vertex -18.75 -15.4 -2
    endloop
  endfacet
  facet normal 0 1 0
    outer loop
      vertex -13.5 15.4 -10.01
      vertex -13.5 15.4 -12
      vertex -15.76 15.4 -10.01
    endloop
  endfacet
  facet normal 0 1 0
    outer loop
      vertex -15.76 15.4 -3.99
      vertex -12.75 15.4 -2
      vertex -12.75 15.4 -3.99
    endloop
  endfacet
  facet normal 0 1 0
    outer loop
      vertex -12.75 15.4 -2
      vertex -15.76 15.4 -3.99
      vertex -18.75 15.4 -2
    endloop
  endfacet
  facet normal 0 1 -0
    outer loop
      vertex -15.76 15.4 -10.01
      vertex -18.75 15.4 -2
      vertex -15.76 15.4 -3.99
    endloop
  endfacet
  facet normal 0 1 0
    outer loop
      vertex -15.76 15.4 -10.01
      vertex -18.75 15.4 -12
      vertex -18.75 15.4 -2
    endloop
  endfacet
  facet normal 0 1 0
    outer loop
      vertex -18.75 15.4 -12
      vertex -15.76 15.4 -10.01
      vertex -13.5 15.4 -12
    endloop
  endfacet
  facet normal 0 1 -0
    outer loop
      vertex 10.25 15.4 -3.99
      vertex 9.75 15.4 -2
      vertex 10.25 15.4 -2
    endloop
  endfacet
  facet normal 0 1 0
    outer loop
      vertex 9.75 15.4 -2
      vertex 10.25 15.4 -3.99
      vertex 9.75 15.4 -3.99
    endloop
  endfacet
  facet normal 0 -1 0
    outer loop
      vertex -18.75 -15.4 -12
      vertex 10.25 -15.4 -2
      vertex -18.75 -15.4 -2
    endloop
  endfacet
  facet normal 0 -1 -0
    outer loop
      vertex 10.25 -15.4 -2
      vertex -18.75 -15.4 -12
      vertex 10.25 -15.4 -12
    endloop
  endfacet
  facet normal 0 -0.321469 0.94692
    outer loop
      vertex 10.25 -11.9476 7.45933
      vertex 14.25 -12.2882 7.3437
      vertex 14.25 -11.9476 7.45933
    endloop
  endfacet
  facet normal 0 -0.321469 0.94692
    outer loop
      vertex 14.25 -12.2882 7.3437
      vertex 10.25 -11.9476 7.45933
      vertex 10.25 -12.2882 7.3437
    endloop
  endfacet
  facet normal 0 -0.946954 0.321369
    outer loop
      vertex 10.25 -10.4593 8.94762
      vertex 14.25 -10.3437 9.28825
      vertex 10.25 -10.3437 9.28825
    endloop
  endfacet
  facet normal 0 -0.946954 0.321369
    outer loop
      vertex 14.25 -10.3437 9.28825
      vertex 10.25 -10.4593 8.94762
      vertex 14.25 -10.4593 8.94762
    endloop
  endfacet
  facet normal -0 0.442314 0.89686
    outer loop
      vertex 10.25 -14.0524 7.45933
      vertex 14.25 -14.375 7.61843
      vertex 14.25 -14.0524 7.45933
    endloop
  endfacet
  facet normal 0 0.442314 0.89686
    outer loop
      vertex 14.25 -14.375 7.61843
      vertex 10.25 -14.0524 7.45933
      vertex 10.25 -14.375 7.61843
    endloop
  endfacet
  facet normal 0 -0.8314 0.555675
    outer loop
      vertex 10.25 -10.8183 8.32591
      vertex 14.25 -10.6184 8.625
      vertex 10.25 -10.6184 8.625
    endloop
  endfacet
  facet normal 0 -0.8314 0.555675
    outer loop
      vertex 14.25 -10.6184 8.625
      vertex 10.25 -10.8183 8.32591
      vertex 14.25 -10.8183 8.32591
    endloop
  endfacet
  facet normal 0 -0.065421 0.997858
    outer loop
      vertex 10.25 -12.6411 7.27353
      vertex 14.25 -13 7.25
      vertex 14.25 -12.6411 7.27353
    endloop
  endfacet
  facet normal 0 -0.065421 0.997858
    outer loop
      vertex 14.25 -13 7.25
      vertex 10.25 -12.6411 7.27353
      vertex 10.25 -13 7.25
    endloop
  endfacet
  facet normal -0 0.19502 0.980799
    outer loop
      vertex 10.25 -13.3589 7.27353
      vertex 14.25 -13.7118 7.3437
      vertex 14.25 -13.3589 7.27353
    endloop
  endfacet
  facet normal 0 0.19502 0.980799
    outer loop
      vertex 14.25 -13.7118 7.3437
      vertex 10.25 -13.3589 7.27353
      vertex 10.25 -13.7118 7.3437
    endloop
  endfacet
  facet normal 0 -0.89686 -0.442314
    outer loop
      vertex 10.25 -10.4593 11.0524
      vertex 14.25 -10.6184 11.375
      vertex 10.25 -10.6184 11.375
    endloop
  endfacet
  facet normal 0 -0.89686 -0.442314
    outer loop
      vertex 14.25 -10.6184 11.375
      vertex 10.25 -10.4593 11.0524
      vertex 14.25 -10.4593 11.0524
    endloop
  endfacet
  facet normal 0 0.946954 0.321369
    outer loop
      vertex 14.25 -15.5407 8.94762
      vertex 10.25 -15.6563 9.28825
      vertex 14.25 -15.6563 9.28825
    endloop
  endfacet
  facet normal 0 0.946954 0.321369
    outer loop
      vertex 10.25 -15.6563 9.28825
      vertex 14.25 -15.5407 8.94762
      vertex 10.25 -15.5407 8.94762
    endloop
  endfacet
  facet normal 0 0.980773 0.195154
    outer loop
      vertex 14.25 -15.6563 9.28825
      vertex 10.25 -15.7265 9.64105
      vertex 14.25 -15.7265 9.64105
    endloop
  endfacet
  facet normal 0 0.980773 0.195154
    outer loop
      vertex 10.25 -15.7265 9.64105
      vertex 14.25 -15.6563 9.28825
      vertex 10.25 -15.6563 9.28825
    endloop
  endfacet
  facet normal -0 0.321469 0.94692
    outer loop
      vertex 10.25 -13.7118 7.3437
      vertex 14.25 -14.0524 7.45933
      vertex 14.25 -13.7118 7.3437
    endloop
  endfacet
  facet normal 0 0.321469 0.94692
    outer loop
      vertex 14.25 -14.0524 7.45933
      vertex 10.25 -13.7118 7.3437
      vertex 10.25 -14.0524 7.45933
    endloop
  endfacet
  facet normal 0 -0.442314 0.89686
    outer loop
      vertex 10.25 -11.625 7.61843
      vertex 14.25 -11.9476 7.45933
      vertex 14.25 -11.625 7.61843
    endloop
  endfacet
  facet normal 0 -0.442314 0.89686
    outer loop
      vertex 14.25 -11.9476 7.45933
      vertex 10.25 -11.625 7.61843
      vertex 10.25 -11.9476 7.45933
    endloop
  endfacet
  facet normal 0 0.997864 0.0653289
    outer loop
      vertex 14.25 -15.7265 9.64105
      vertex 10.25 -15.75 10
      vertex 14.25 -15.75 10
    endloop
  endfacet
  facet normal 0 0.997864 0.0653289
    outer loop
      vertex 10.25 -15.75 10
      vertex 14.25 -15.7265 9.64105
      vertex 10.25 -15.7265 9.64105
    endloop
  endfacet
  facet normal 0 -0.980773 0.195154
    outer loop
      vertex 10.25 -10.3437 9.28825
      vertex 14.25 -10.2735 9.64105
      vertex 10.25 -10.2735 9.64105
    endloop
  endfacet
  facet normal 0 -0.980773 0.195154
    outer loop
      vertex 14.25 -10.2735 9.64105
      vertex 10.25 -10.3437 9.28825
      vertex 14.25 -10.3437 9.28825
    endloop
  endfacet
  facet normal 0 -0.751749 -0.659449
    outer loop
      vertex 10.25 -10.8183 11.6741
      vertex 14.25 -11.0555 11.9445
      vertex 10.25 -11.0555 11.9445
    endloop
  endfacet
  facet normal 0 -0.751749 -0.659449
    outer loop
      vertex 14.25 -11.0555 11.9445
      vertex 10.25 -10.8183 11.6741
      vertex 14.25 -10.8183 11.6741
    endloop
  endfacet
  facet normal 0 0.831408 -0.555662
    outer loop
      vertex 14.25 -15.3816 11.375
      vertex 10.25 -15.1817 11.6741
      vertex 14.25 -15.1817 11.6741
    endloop
  endfacet
  facet normal 0 0.831408 -0.555662
    outer loop
      vertex 10.25 -15.1817 11.6741
      vertex 14.25 -15.3816 11.375
      vertex 10.25 -15.3816 11.375
    endloop
  endfacet
  facet normal 0 -0.946945 -0.321394
    outer loop
      vertex 10.25 -10.3437 10.7118
      vertex 14.25 -10.4593 11.0524
      vertex 10.25 -10.4593 11.0524
    endloop
  endfacet
  facet normal 0 -0.946945 -0.321394
    outer loop
      vertex 14.25 -10.4593 11.0524
      vertex 10.25 -10.3437 10.7118
      vertex 14.25 -10.3437 10.7118
    endloop
  endfacet
  facet normal 0 0.321394 -0.946945
    outer loop
      vertex 10.25 -14.0524 12.5407
      vertex 14.25 -13.7118 12.6563
      vertex 14.25 -14.0524 12.5407
    endloop
  endfacet
  facet normal 0 0.321394 -0.946945
    outer loop
      vertex 14.25 -13.7118 12.6563
      vertex 10.25 -14.0524 12.5407
      vertex 10.25 -13.7118 12.6563
    endloop
  endfacet
  facet normal 0 0.8314 0.555675
    outer loop
      vertex 14.25 -15.1817 8.32591
      vertex 10.25 -15.3816 8.625
      vertex 14.25 -15.3816 8.625
    endloop
  endfacet
  facet normal 0 0.8314 0.555675
    outer loop
      vertex 10.25 -15.3816 8.625
      vertex 14.25 -15.1817 8.32591
      vertex 10.25 -15.1817 8.32591
    endloop
  endfacet
  facet normal 0 -0.997864 0.0653289
    outer loop
      vertex 10.25 -10.2735 9.64105
      vertex 14.25 -10.25 10
      vertex 10.25 -10.25 10
    endloop
  endfacet
  facet normal 0 -0.997864 0.0653289
    outer loop
      vertex 14.25 -10.25 10
      vertex 10.25 -10.2735 9.64105
      vertex 14.25 -10.2735 9.64105
    endloop
  endfacet
  facet normal 0 -0.195101 -0.980783
    outer loop
      vertex 10.25 -12.6411 12.7265
      vertex 14.25 -12.2882 12.6563
      vertex 14.25 -12.6411 12.7265
    endloop
  endfacet
  facet normal -0 -0.195101 -0.980783
    outer loop
      vertex 14.25 -12.2882 12.6563
      vertex 10.25 -12.6411 12.7265
      vertex 10.25 -12.2882 12.6563
    endloop
  endfacet
  facet normal 0 0.195101 -0.980783
    outer loop
      vertex 10.25 -13.7118 12.6563
      vertex 14.25 -13.3589 12.7265
      vertex 14.25 -13.7118 12.6563
    endloop
  endfacet
  facet normal 0 0.195101 -0.980783
    outer loop
      vertex 14.25 -13.3589 12.7265
      vertex 10.25 -13.7118 12.6563
      vertex 10.25 -13.3589 12.7265
    endloop
  endfacet
  facet normal 0 0.997863 -0.0653379
    outer loop
      vertex 14.25 -15.75 10
      vertex 10.25 -15.7265 10.3589
      vertex 14.25 -15.7265 10.3589
    endloop
  endfacet
  facet normal 0 0.997863 -0.0653379
    outer loop
      vertex 10.25 -15.7265 10.3589
      vertex 14.25 -15.75 10
      vertex 10.25 -15.75 10
    endloop
  endfacet
  facet normal 0 -0.896871 0.442292
    outer loop
      vertex 10.25 -10.6184 8.625
      vertex 14.25 -10.4593 8.94762
      vertex 10.25 -10.4593 8.94762
    endloop
  endfacet
  facet normal 0 -0.896871 0.442292
    outer loop
      vertex 14.25 -10.4593 8.94762
      vertex 10.25 -10.6184 8.625
      vertex 14.25 -10.6184 8.625
    endloop
  endfacet
  facet normal 0 -0.555566 0.831472
    outer loop
      vertex 10.25 -11.3259 7.81828
      vertex 14.25 -11.625 7.61843
      vertex 14.25 -11.3259 7.81828
    endloop
  endfacet
  facet normal 0 -0.555566 0.831472
    outer loop
      vertex 14.25 -11.625 7.61843
      vertex 10.25 -11.3259 7.81828
      vertex 10.25 -11.625 7.61843
    endloop
  endfacet
  facet normal 0 -0.831408 -0.555662
    outer loop
      vertex 10.25 -10.6184 11.375
      vertex 14.25 -10.8183 11.6741
      vertex 10.25 -10.8183 11.6741
    endloop
  endfacet
  facet normal 0 -0.831408 -0.555662
    outer loop
      vertex 14.25 -10.8183 11.6741
      vertex 10.25 -10.6184 11.375
      vertex 14.25 -10.6184 11.375
    endloop
  endfacet
  facet normal -0 0.065421 0.997858
    outer loop
      vertex 10.25 -13 7.25
      vertex 14.25 -13.3589 7.27353
      vertex 14.25 -13 7.25
    endloop
  endfacet
  facet normal 0 0.065421 0.997858
    outer loop
      vertex 14.25 -13.3589 7.27353
      vertex 10.25 -13 7.25
      vertex 10.25 -13.3589 7.27353
    endloop
  endfacet
  facet normal 0 0.75181 0.65938
    outer loop
      vertex 14.25 -14.9445 8.05546
      vertex 10.25 -15.1817 8.32591
      vertex 14.25 -15.1817 8.32591
    endloop
  endfacet
  facet normal 0 0.75181 0.65938
    outer loop
      vertex 10.25 -15.1817 8.32591
      vertex 14.25 -14.9445 8.05546
      vertex 10.25 -14.9445 8.05546
    endloop
  endfacet
  facet normal 0 -0.75181 0.65938
    outer loop
      vertex 10.25 -11.0555 8.05546
      vertex 14.25 -10.8183 8.32591
      vertex 10.25 -10.8183 8.32591
    endloop
  endfacet
  facet normal 0 -0.75181 0.65938
    outer loop
      vertex 14.25 -10.8183 8.32591
      vertex 10.25 -11.0555 8.05546
      vertex 14.25 -11.0555 8.05546
    endloop
  endfacet
  facet normal 0 0.751749 -0.659449
    outer loop
      vertex 14.25 -15.1817 11.6741
      vertex 10.25 -14.9445 11.9445
      vertex 14.25 -14.9445 11.9445
    endloop
  endfacet
  facet normal 0 0.751749 -0.659449
    outer loop
      vertex 10.25 -14.9445 11.9445
      vertex 14.25 -15.1817 11.6741
      vertex 10.25 -15.1817 11.6741
    endloop
  endfacet
  facet normal 0 -0.19502 0.980799
    outer loop
      vertex 10.25 -12.2882 7.3437
      vertex 14.25 -12.6411 7.27353
      vertex 14.25 -12.2882 7.3437
    endloop
  endfacet
  facet normal 0 -0.19502 0.980799
    outer loop
      vertex 14.25 -12.6411 7.27353
      vertex 10.25 -12.2882 7.3437
      vertex 10.25 -12.6411 7.27353
    endloop
  endfacet
  facet normal 0 -0.0653379 -0.997863
    outer loop
      vertex 10.25 -13 12.75
      vertex 14.25 -12.6411 12.7265
      vertex 14.25 -13 12.75
    endloop
  endfacet
  facet normal -0 -0.0653379 -0.997863
    outer loop
      vertex 14.25 -12.6411 12.7265
      vertex 10.25 -13 12.75
      vertex 10.25 -12.6411 12.7265
    endloop
  endfacet
  facet normal 0 -0.980783 -0.195101
    outer loop
      vertex 10.25 -10.2735 10.3589
      vertex 14.25 -10.3437 10.7118
      vertex 10.25 -10.3437 10.7118
    endloop
  endfacet
  facet normal 0 -0.980783 -0.195101
    outer loop
      vertex 14.25 -10.3437 10.7118
      vertex 10.25 -10.2735 10.3589
      vertex 14.25 -10.2735 10.3589
    endloop
  endfacet
  facet normal 0 0.442314 -0.89686
    outer loop
      vertex 10.25 -14.375 12.3816
      vertex 14.25 -14.0524 12.5407
      vertex 14.25 -14.375 12.3816
    endloop
  endfacet
  facet normal 0 0.442314 -0.89686
    outer loop
      vertex 14.25 -14.0524 12.5407
      vertex 10.25 -14.375 12.3816
      vertex 10.25 -14.0524 12.5407
    endloop
  endfacet
  facet normal -0 0.555566 0.831472
    outer loop
      vertex 10.25 -14.375 7.61843
      vertex 14.25 -14.6741 7.81828
      vertex 14.25 -14.375 7.61843
    endloop
  endfacet
  facet normal 0 0.555566 0.831472
    outer loop
      vertex 14.25 -14.6741 7.81828
      vertex 10.25 -14.375 7.61843
      vertex 10.25 -14.6741 7.81828
    endloop
  endfacet
  facet normal 0 -0.659417 0.751777
    outer loop
      vertex 10.25 -11.0555 8.05546
      vertex 14.25 -11.3259 7.81828
      vertex 14.25 -11.0555 8.05546
    endloop
  endfacet
  facet normal 0 -0.659417 0.751777
    outer loop
      vertex 14.25 -11.3259 7.81828
      vertex 10.25 -11.0555 8.05546
      vertex 10.25 -11.3259 7.81828
    endloop
  endfacet
  facet normal 0 -0.321394 -0.946945
    outer loop
      vertex 10.25 -12.2882 12.6563
      vertex 14.25 -11.9476 12.5407
      vertex 14.25 -12.2882 12.6563
    endloop
  endfacet
  facet normal -0 -0.321394 -0.946945
    outer loop
      vertex 14.25 -11.9476 12.5407
      vertex 10.25 -12.2882 12.6563
      vertex 10.25 -11.9476 12.5407
    endloop
  endfacet
  facet normal 0 -0.997863 -0.0653379
    outer loop
      vertex 10.25 -10.25 10
      vertex 14.25 -10.2735 10.3589
      vertex 10.25 -10.2735 10.3589
    endloop
  endfacet
  facet normal 0 -0.997863 -0.0653379
    outer loop
      vertex 14.25 -10.2735 10.3589
      vertex 10.25 -10.25 10
      vertex 14.25 -10.25 10
    endloop
  endfacet
  facet normal -0 0.659417 0.751777
    outer loop
      vertex 10.25 -14.6741 7.81828
      vertex 14.25 -14.9445 8.05546
      vertex 14.25 -14.6741 7.81828
    endloop
  endfacet
  facet normal 0 0.659417 0.751777
    outer loop
      vertex 14.25 -14.9445 8.05546
      vertex 10.25 -14.6741 7.81828
      vertex 10.25 -14.9445 8.05546
    endloop
  endfacet
  facet normal 0 0.896871 0.442292
    outer loop
      vertex 14.25 -15.3816 8.625
      vertex 10.25 -15.5407 8.94762
      vertex 14.25 -15.5407 8.94762
    endloop
  endfacet
  facet normal 0 0.896871 0.442292
    outer loop
      vertex 10.25 -15.5407 8.94762
      vertex 14.25 -15.3816 8.625
      vertex 10.25 -15.3816 8.625
    endloop
  endfacet
  facet normal 0 0.0653379 -0.997863
    outer loop
      vertex 10.25 -13.3589 12.7265
      vertex 14.25 -13 12.75
      vertex 14.25 -13.3589 12.7265
    endloop
  endfacet
  facet normal 0 0.0653379 -0.997863
    outer loop
      vertex 14.25 -13 12.75
      vertex 10.25 -13.3589 12.7265
      vertex 10.25 -13 12.75
    endloop
  endfacet
  facet normal 0 -0.555662 -0.831408
    outer loop
      vertex 10.25 -11.625 12.3816
      vertex 14.25 -11.3259 12.1817
      vertex 14.25 -11.625 12.3816
    endloop
  endfacet
  facet normal -0 -0.555662 -0.831408
    outer loop
      vertex 14.25 -11.3259 12.1817
      vertex 10.25 -11.625 12.3816
      vertex 10.25 -11.3259 12.1817
    endloop
  endfacet
  facet normal 0 0.980783 -0.195101
    outer loop
      vertex 14.25 -15.7265 10.3589
      vertex 10.25 -15.6563 10.7118
      vertex 14.25 -15.6563 10.7118
    endloop
  endfacet
  facet normal 0 0.980783 -0.195101
    outer loop
      vertex 10.25 -15.6563 10.7118
      vertex 14.25 -15.7265 10.3589
      vertex 10.25 -15.7265 10.3589
    endloop
  endfacet
  facet normal 0 0.89686 -0.442314
    outer loop
      vertex 14.25 -15.5407 11.0524
      vertex 10.25 -15.3816 11.375
      vertex 14.25 -15.3816 11.375
    endloop
  endfacet
  facet normal 0 0.89686 -0.442314
    outer loop
      vertex 10.25 -15.3816 11.375
      vertex 14.25 -15.5407 11.0524
      vertex 10.25 -15.5407 11.0524
    endloop
  endfacet
  facet normal 0 0.659449 -0.751749
    outer loop
      vertex 10.25 -14.9445 11.9445
      vertex 14.25 -14.6741 12.1817
      vertex 14.25 -14.9445 11.9445
    endloop
  endfacet
  facet normal 0 0.659449 -0.751749
    outer loop
      vertex 14.25 -14.6741 12.1817
      vertex 10.25 -14.9445 11.9445
      vertex 10.25 -14.6741 12.1817
    endloop
  endfacet
  facet normal 0 0.555662 -0.831408
    outer loop
      vertex 10.25 -14.6741 12.1817
      vertex 14.25 -14.375 12.3816
      vertex 14.25 -14.6741 12.1817
    endloop
  endfacet
  facet normal 0 0.555662 -0.831408
    outer loop
      vertex 14.25 -14.375 12.3816
      vertex 10.25 -14.6741 12.1817
      vertex 10.25 -14.375 12.3816
    endloop
  endfacet
  facet normal 0 0.946945 -0.321394
    outer loop
      vertex 14.25 -15.6563 10.7118
      vertex 10.25 -15.5407 11.0524
      vertex 14.25 -15.5407 11.0524
    endloop
  endfacet
  facet normal 0 0.946945 -0.321394
    outer loop
      vertex 10.25 -15.5407 11.0524
      vertex 14.25 -15.6563 10.7118
      vertex 10.25 -15.6563 10.7118
    endloop
  endfacet
  facet normal 0 -0.659449 -0.751749
    outer loop
      vertex 10.25 -11.3259 12.1817
      vertex 14.25 -11.0555 11.9445
      vertex 14.25 -11.3259 12.1817
    endloop
  endfacet
  facet normal -0 -0.659449 -0.751749
    outer loop
      vertex 14.25 -11.0555 11.9445
      vertex 10.25 -11.3259 12.1817
      vertex 10.25 -11.0555 11.9445
    endloop
  endfacet
  facet normal 0 -0.442314 -0.89686
    outer loop
      vertex 10.25 -11.9476 12.5407
      vertex 14.25 -11.625 12.3816
      vertex 14.25 -11.9476 12.5407
    endloop
  endfacet
  facet normal -0 -0.442314 -0.89686
    outer loop
      vertex 14.25 -11.625 12.3816
      vertex 10.25 -11.9476 12.5407
      vertex 10.25 -11.625 12.3816
    endloop
  endfacet
  facet normal 0 -0.321469 0.94692
    outer loop
      vertex 10.25 14.0524 7.45933
      vertex 14.25 13.7118 7.3437
      vertex 14.25 14.0524 7.45933
    endloop
  endfacet
  facet normal 0 -0.321469 0.94692
    outer loop
      vertex 14.25 13.7118 7.3437
      vertex 10.25 14.0524 7.45933
      vertex 10.25 13.7118 7.3437
    endloop
  endfacet
  facet normal 0 0.75181 0.65938
    outer loop
      vertex 14.25 11.0555 8.05546
      vertex 10.25 10.8183 8.32591
      vertex 14.25 10.8183 8.32591
    endloop
  endfacet
  facet normal 0 0.75181 0.65938
    outer loop
      vertex 10.25 10.8183 8.32591
      vertex 14.25 11.0555 8.05546
      vertex 10.25 11.0555 8.05546
    endloop
  endfacet
  facet normal 0 -0.8314 0.555675
    outer loop
      vertex 10.25 15.1817 8.32591
      vertex 14.25 15.3816 8.625
      vertex 10.25 15.3816 8.625
    endloop
  endfacet
  facet normal 0 -0.8314 0.555675
    outer loop
      vertex 14.25 15.3816 8.625
      vertex 10.25 15.1817 8.32591
      vertex 14.25 15.1817 8.32591
    endloop
  endfacet
  facet normal 0 0.195101 -0.980783
    outer loop
      vertex 10.25 12.2882 12.6563
      vertex 14.25 12.6411 12.7265
      vertex 14.25 12.2882 12.6563
    endloop
  endfacet
  facet normal 0 0.195101 -0.980783
    outer loop
      vertex 14.25 12.6411 12.7265
      vertex 10.25 12.2882 12.6563
      vertex 10.25 12.6411 12.7265
    endloop
  endfacet
  facet normal 0 0.980773 0.195154
    outer loop
      vertex 14.25 10.3437 9.28825
      vertex 10.25 10.2735 9.64105
      vertex 14.25 10.2735 9.64105
    endloop
  endfacet
  facet normal 0 0.980773 0.195154
    outer loop
      vertex 10.25 10.2735 9.64105
      vertex 14.25 10.3437 9.28825
      vertex 10.25 10.3437 9.28825
    endloop
  endfacet
  facet normal 0 -0.065421 0.997858
    outer loop
      vertex 10.25 13.3589 7.27353
      vertex 14.25 13 7.25
      vertex 14.25 13.3589 7.27353
    endloop
  endfacet
  facet normal 0 -0.065421 0.997858
    outer loop
      vertex 14.25 13 7.25
      vertex 10.25 13.3589 7.27353
      vertex 10.25 13 7.25
    endloop
  endfacet
  facet normal 0 0.831408 -0.555662
    outer loop
      vertex 14.25 10.6184 11.375
      vertex 10.25 10.8183 11.6741
      vertex 14.25 10.8183 11.6741
    endloop
  endfacet
  facet normal 0 0.831408 -0.555662
    outer loop
      vertex 10.25 10.8183 11.6741
      vertex 14.25 10.6184 11.375
      vertex 10.25 10.6184 11.375
    endloop
  endfacet
  facet normal 0 -0.980773 0.195154
    outer loop
      vertex 10.25 15.6563 9.28825
      vertex 14.25 15.7265 9.64105
      vertex 10.25 15.7265 9.64105
    endloop
  endfacet
  facet normal 0 -0.980773 0.195154
    outer loop
      vertex 14.25 15.7265 9.64105
      vertex 10.25 15.6563 9.28825
      vertex 14.25 15.6563 9.28825
    endloop
  endfacet
  facet normal -0 0.065421 0.997858
    outer loop
      vertex 10.25 13 7.25
      vertex 14.25 12.6411 7.27353
      vertex 14.25 13 7.25
    endloop
  endfacet
  facet normal 0 0.065421 0.997858
    outer loop
      vertex 14.25 12.6411 7.27353
      vertex 10.25 13 7.25
      vertex 10.25 12.6411 7.27353
    endloop
  endfacet
  facet normal -0 0.321469 0.94692
    outer loop
      vertex 10.25 12.2882 7.3437
      vertex 14.25 11.9476 7.45933
      vertex 14.25 12.2882 7.3437
    endloop
  endfacet
  facet normal 0 0.321469 0.94692
    outer loop
      vertex 14.25 11.9476 7.45933
      vertex 10.25 12.2882 7.3437
      vertex 10.25 11.9476 7.45933
    endloop
  endfacet
  facet normal -0 0.19502 0.980799
    outer loop
      vertex 10.25 12.6411 7.27353
      vertex 14.25 12.2882 7.3437
      vertex 14.25 12.6411 7.27353
    endloop
  endfacet
  facet normal 0 0.19502 0.980799
    outer loop
      vertex 14.25 12.2882 7.3437
      vertex 10.25 12.6411 7.27353
      vertex 10.25 12.2882 7.3437
    endloop
  endfacet
  facet normal 0 -0.831408 -0.555662
    outer loop
      vertex 10.25 15.3816 11.375
      vertex 14.25 15.1817 11.6741
      vertex 10.25 15.1817 11.6741
    endloop
  endfacet
  facet normal 0 -0.831408 -0.555662
    outer loop
      vertex 14.25 15.1817 11.6741
      vertex 10.25 15.3816 11.375
      vertex 14.25 15.3816 11.375
    endloop
  endfacet
  facet normal 0 -0.997863 -0.0653379
    outer loop
      vertex 10.25 15.75 10
      vertex 14.25 15.7265 10.3589
      vertex 10.25 15.7265 10.3589
    endloop
  endfacet
  facet normal 0 -0.997863 -0.0653379
    outer loop
      vertex 14.25 15.7265 10.3589
      vertex 10.25 15.75 10
      vertex 14.25 15.75 10
    endloop
  endfacet
  facet normal 0 0.89686 -0.442314
    outer loop
      vertex 14.25 10.4593 11.0524
      vertex 10.25 10.6184 11.375
      vertex 14.25 10.6184 11.375
    endloop
  endfacet
  facet normal 0 0.89686 -0.442314
    outer loop
      vertex 10.25 10.6184 11.375
      vertex 14.25 10.4593 11.0524
      vertex 10.25 10.4593 11.0524
    endloop
  endfacet
  facet normal -0 0.442314 0.89686
    outer loop
      vertex 10.25 11.9476 7.45933
      vertex 14.25 11.625 7.61843
      vertex 14.25 11.9476 7.45933
    endloop
  endfacet
  facet normal 0 0.442314 0.89686
    outer loop
      vertex 14.25 11.625 7.61843
      vertex 10.25 11.9476 7.45933
      vertex 10.25 11.625 7.61843
    endloop
  endfacet
  facet normal 0 0.980783 -0.195101
    outer loop
      vertex 14.25 10.2735 10.3589
      vertex 10.25 10.3437 10.7118
      vertex 14.25 10.3437 10.7118
    endloop
  endfacet
  facet normal 0 0.980783 -0.195101
    outer loop
      vertex 10.25 10.3437 10.7118
      vertex 14.25 10.2735 10.3589
      vertex 10.25 10.2735 10.3589
    endloop
  endfacet
  facet normal 0 -0.896871 0.442292
    outer loop
      vertex 10.25 15.3816 8.625
      vertex 14.25 15.5407 8.94762
      vertex 10.25 15.5407 8.94762
    endloop
  endfacet
  facet normal 0 -0.896871 0.442292
    outer loop
      vertex 14.25 15.5407 8.94762
      vertex 10.25 15.3816 8.625
      vertex 14.25 15.3816 8.625
    endloop
  endfacet
  facet normal 0 -0.19502 0.980799
    outer loop
      vertex 10.25 13.7118 7.3437
      vertex 14.25 13.3589 7.27353
      vertex 14.25 13.7118 7.3437
    endloop
  endfacet
  facet normal 0 -0.19502 0.980799
    outer loop
      vertex 14.25 13.3589 7.27353
      vertex 10.25 13.7118 7.3437
      vertex 10.25 13.3589 7.27353
    endloop
  endfacet
  facet normal 0 -0.89686 -0.442314
    outer loop
      vertex 10.25 15.5407 11.0524
      vertex 14.25 15.3816 11.375
      vertex 10.25 15.3816 11.375
    endloop
  endfacet
  facet normal 0 -0.89686 -0.442314
    outer loop
      vertex 14.25 15.3816 11.375
      vertex 10.25 15.5407 11.0524
      vertex 14.25 15.5407 11.0524
    endloop
  endfacet
  facet normal 0 -0.442314 0.89686
    outer loop
      vertex 10.25 14.375 7.61843
      vertex 14.25 14.0524 7.45933
      vertex 14.25 14.375 7.61843
    endloop
  endfacet
  facet normal 0 -0.442314 0.89686
    outer loop
      vertex 14.25 14.0524 7.45933
      vertex 10.25 14.375 7.61843
      vertex 10.25 14.0524 7.45933
    endloop
  endfacet
  facet normal 0 -0.659417 0.751777
    outer loop
      vertex 10.25 14.9445 8.05546
      vertex 14.25 14.6741 7.81828
      vertex 14.25 14.9445 8.05546
    endloop
  endfacet
  facet normal 0 -0.659417 0.751777
    outer loop
      vertex 14.25 14.6741 7.81828
      vertex 10.25 14.9445 8.05546
      vertex 10.25 14.6741 7.81828
    endloop
  endfacet
  facet normal 0 0.8314 0.555675
    outer loop
      vertex 14.25 10.8183 8.32591
      vertex 10.25 10.6184 8.625
      vertex 14.25 10.6184 8.625
    endloop
  endfacet
  facet normal 0 0.8314 0.555675
    outer loop
      vertex 10.25 10.6184 8.625
      vertex 14.25 10.8183 8.32591
      vertex 10.25 10.8183 8.32591
    endloop
  endfacet
  facet normal 0 0.946954 0.321369
    outer loop
      vertex 14.25 10.4593 8.94762
      vertex 10.25 10.3437 9.28825
      vertex 14.25 10.3437 9.28825
    endloop
  endfacet
  facet normal 0 0.946954 0.321369
    outer loop
      vertex 10.25 10.3437 9.28825
      vertex 14.25 10.4593 8.94762
      vertex 10.25 10.4593 8.94762
    endloop
  endfacet
  facet normal 0 0.896871 0.442292
    outer loop
      vertex 14.25 10.6184 8.625
      vertex 10.25 10.4593 8.94762
      vertex 14.25 10.4593 8.94762
    endloop
  endfacet
  facet normal 0 0.896871 0.442292
    outer loop
      vertex 10.25 10.4593 8.94762
      vertex 14.25 10.6184 8.625
      vertex 10.25 10.6184 8.625
    endloop
  endfacet
  facet normal 0 0.751749 -0.659449
    outer loop
      vertex 14.25 10.8183 11.6741
      vertex 10.25 11.0555 11.9445
      vertex 14.25 11.0555 11.9445
    endloop
  endfacet
  facet normal 0 0.751749 -0.659449
    outer loop
      vertex 10.25 11.0555 11.9445
      vertex 14.25 10.8183 11.6741
      vertex 10.25 10.8183 11.6741
    endloop
  endfacet
  facet normal 0 -0.751749 -0.659449
    outer loop
      vertex 10.25 15.1817 11.6741
      vertex 14.25 14.9445 11.9445
      vertex 10.25 14.9445 11.9445
    endloop
  endfacet
  facet normal 0 -0.751749 -0.659449
    outer loop
      vertex 14.25 14.9445 11.9445
      vertex 10.25 15.1817 11.6741
      vertex 14.25 15.1817 11.6741
    endloop
  endfacet
  facet normal 0 -0.980783 -0.195101
    outer loop
      vertex 10.25 15.7265 10.3589
      vertex 14.25 15.6563 10.7118
      vertex 10.25 15.6563 10.7118
    endloop
  endfacet
  facet normal 0 -0.980783 -0.195101
    outer loop
      vertex 14.25 15.6563 10.7118
      vertex 10.25 15.7265 10.3589
      vertex 14.25 15.7265 10.3589
    endloop
  endfacet
  facet normal 0 -0.75181 0.65938
    outer loop
      vertex 10.25 14.9445 8.05546
      vertex 14.25 15.1817 8.32591
      vertex 10.25 15.1817 8.32591
    endloop
  endfacet
  facet normal 0 -0.75181 0.65938
    outer loop
      vertex 14.25 15.1817 8.32591
      vertex 10.25 14.9445 8.05546
      vertex 14.25 14.9445 8.05546
    endloop
  endfacet
  facet normal 0 -0.321394 -0.946945
    outer loop
      vertex 10.25 13.7118 12.6563
      vertex 14.25 14.0524 12.5407
      vertex 14.25 13.7118 12.6563
    endloop
  endfacet
  facet normal -0 -0.321394 -0.946945
    outer loop
      vertex 14.25 14.0524 12.5407
      vertex 10.25 13.7118 12.6563
      vertex 10.25 14.0524 12.5407
    endloop
  endfacet
  facet normal 0 -0.946945 -0.321394
    outer loop
      vertex 10.25 15.6563 10.7118
      vertex 14.25 15.5407 11.0524
      vertex 10.25 15.5407 11.0524
    endloop
  endfacet
  facet normal 0 -0.946945 -0.321394
    outer loop
      vertex 14.25 15.5407 11.0524
      vertex 10.25 15.6563 10.7118
      vertex 14.25 15.6563 10.7118
    endloop
  endfacet
  facet normal 0 -0.555566 0.831472
    outer loop
      vertex 10.25 14.6741 7.81828
      vertex 14.25 14.375 7.61843
      vertex 14.25 14.6741 7.81828
    endloop
  endfacet
  facet normal 0 -0.555566 0.831472
    outer loop
      vertex 14.25 14.375 7.61843
      vertex 10.25 14.6741 7.81828
      vertex 10.25 14.375 7.61843
    endloop
  endfacet
  facet normal -0 0.555566 0.831472
    outer loop
      vertex 10.25 11.625 7.61843
      vertex 14.25 11.3259 7.81828
      vertex 14.25 11.625 7.61843
    endloop
  endfacet
  facet normal 0 0.555566 0.831472
    outer loop
      vertex 14.25 11.3259 7.81828
      vertex 10.25 11.625 7.61843
      vertex 10.25 11.3259 7.81828
    endloop
  endfacet
  facet normal 0 -0.997864 0.0653289
    outer loop
      vertex 10.25 15.7265 9.64105
      vertex 14.25 15.75 10
      vertex 10.25 15.75 10
    endloop
  endfacet
  facet normal 0 -0.997864 0.0653289
    outer loop
      vertex 14.25 15.75 10
      vertex 10.25 15.7265 9.64105
      vertex 14.25 15.7265 9.64105
    endloop
  endfacet
  facet normal -0 0.659417 0.751777
    outer loop
      vertex 10.25 11.3259 7.81828
      vertex 14.25 11.0555 8.05546
      vertex 14.25 11.3259 7.81828
    endloop
  endfacet
  facet normal 0 0.659417 0.751777
    outer loop
      vertex 14.25 11.0555 8.05546
      vertex 10.25 11.3259 7.81828
      vertex 10.25 11.0555 8.05546
    endloop
  endfacet
  facet normal 0 0.321394 -0.946945
    outer loop
      vertex 10.25 11.9476 12.5407
      vertex 14.25 12.2882 12.6563
      vertex 14.25 11.9476 12.5407
    endloop
  endfacet
  facet normal 0 0.321394 -0.946945
    outer loop
      vertex 14.25 12.2882 12.6563
      vertex 10.25 11.9476 12.5407
      vertex 10.25 12.2882 12.6563
    endloop
  endfacet
  facet normal 0 -0.946954 0.321369
    outer loop
      vertex 10.25 15.5407 8.94762
      vertex 14.25 15.6563 9.28825
      vertex 10.25 15.6563 9.28825
    endloop
  endfacet
  facet normal 0 -0.946954 0.321369
    outer loop
      vertex 14.25 15.6563 9.28825
      vertex 10.25 15.5407 8.94762
      vertex 14.25 15.5407 8.94762
    endloop
  endfacet
  facet normal 0 0.659449 -0.751749
    outer loop
      vertex 10.25 11.0555 11.9445
      vertex 14.25 11.3259 12.1817
      vertex 14.25 11.0555 11.9445
    endloop
  endfacet
  facet normal 0 0.659449 -0.751749
    outer loop
      vertex 14.25 11.3259 12.1817
      vertex 10.25 11.0555 11.9445
      vertex 10.25 11.3259 12.1817
    endloop
  endfacet
  facet normal 0 0.555662 -0.831408
    outer loop
      vertex 10.25 11.3259 12.1817
      vertex 14.25 11.625 12.3816
      vertex 14.25 11.3259 12.1817
    endloop
  endfacet
  facet normal 0 0.555662 -0.831408
    outer loop
      vertex 14.25 11.625 12.3816
      vertex 10.25 11.3259 12.1817
      vertex 10.25 11.625 12.3816
    endloop
  endfacet
  facet normal 0 -0.442314 -0.89686
    outer loop
      vertex 10.25 14.0524 12.5407
      vertex 14.25 14.375 12.3816
      vertex 14.25 14.0524 12.5407
    endloop
  endfacet
  facet normal -0 -0.442314 -0.89686
    outer loop
      vertex 14.25 14.375 12.3816
      vertex 10.25 14.0524 12.5407
      vertex 10.25 14.375 12.3816
    endloop
  endfacet
  facet normal 0 0.997863 -0.0653379
    outer loop
      vertex 14.25 10.25 10
      vertex 10.25 10.2735 10.3589
      vertex 14.25 10.2735 10.3589
    endloop
  endfacet
  facet normal 0 0.997863 -0.0653379
    outer loop
      vertex 10.25 10.2735 10.3589
      vertex 14.25 10.25 10
      vertex 10.25 10.25 10
    endloop
  endfacet
  facet normal 0 -0.195101 -0.980783
    outer loop
      vertex 10.25 13.3589 12.7265
      vertex 14.25 13.7118 12.6563
      vertex 14.25 13.3589 12.7265
    endloop
  endfacet
  facet normal -0 -0.195101 -0.980783
    outer loop
      vertex 14.25 13.7118 12.6563
      vertex 10.25 13.3589 12.7265
      vertex 10.25 13.7118 12.6563
    endloop
  endfacet
  facet normal 0 0.442314 -0.89686
    outer loop
      vertex 10.25 11.625 12.3816
      vertex 14.25 11.9476 12.5407
      vertex 14.25 11.625 12.3816
    endloop
  endfacet
  facet normal 0 0.442314 -0.89686
    outer loop
      vertex 14.25 11.9476 12.5407
      vertex 10.25 11.625 12.3816
      vertex 10.25 11.9476 12.5407
    endloop
  endfacet
  facet normal 0 -0.555662 -0.831408
    outer loop
      vertex 10.25 14.375 12.3816
      vertex 14.25 14.6741 12.1817
      vertex 14.25 14.375 12.3816
    endloop
  endfacet
  facet normal -0 -0.555662 -0.831408
    outer loop
      vertex 14.25 14.6741 12.1817
      vertex 10.25 14.375 12.3816
      vertex 10.25 14.6741 12.1817
    endloop
  endfacet
  facet normal 0 0.997864 0.0653289
    outer loop
      vertex 14.25 10.2735 9.64105
      vertex 10.25 10.25 10
      vertex 14.25 10.25 10
    endloop
  endfacet
  facet normal 0 0.997864 0.0653289
    outer loop
      vertex 10.25 10.25 10
      vertex 14.25 10.2735 9.64105
      vertex 10.25 10.2735 9.64105
    endloop
  endfacet
  facet normal 0 0.0653379 -0.997863
    outer loop
      vertex 10.25 12.6411 12.7265
      vertex 14.25 13 12.75
      vertex 14.25 12.6411 12.7265
    endloop
  endfacet
  facet normal 0 0.0653379 -0.997863
    outer loop
      vertex 14.25 13 12.75
      vertex 10.25 12.6411 12.7265
      vertex 10.25 13 12.75
    endloop
  endfacet
  facet normal 0 0.946945 -0.321394
    outer loop
      vertex 14.25 10.3437 10.7118
      vertex 10.25 10.4593 11.0524
      vertex 14.25 10.4593 11.0524
    endloop
  endfacet
  facet normal 0 0.946945 -0.321394
    outer loop
      vertex 10.25 10.4593 11.0524
      vertex 14.25 10.3437 10.7118
      vertex 10.25 10.3437 10.7118
    endloop
  endfacet
  facet normal 0 -0.0653379 -0.997863
    outer loop
      vertex 10.25 13 12.75
      vertex 14.25 13.3589 12.7265
      vertex 14.25 13 12.75
    endloop
  endfacet
  facet normal -0 -0.0653379 -0.997863
    outer loop
      vertex 14.25 13.3589 12.7265
      vertex 10.25 13 12.75
      vertex 10.25 13.3589 12.7265
    endloop
  endfacet
  facet normal 0 -0.659449 -0.751749
    outer loop
      vertex 10.25 14.6741 12.1817
      vertex 14.25 14.9445 11.9445
      vertex 14.25 14.6741 12.1817
    endloop
  endfacet
  facet normal -0 -0.659449 -0.751749
    outer loop
      vertex 14.25 14.9445 11.9445
      vertex 10.25 14.6741 12.1817
      vertex 10.25 14.9445 11.9445
    endloop
  endfacet
  facet normal -0.923868 -0.382711 0
    outer loop
      vertex -10.4375 -28.7153 20.25
      vertex -10.5474 -28.45 27.25
      vertex -10.5474 -28.45 20.25
    endloop
  endfacet
  facet normal -0.923868 -0.382711 0
    outer loop
      vertex -10.5474 -28.45 27.25
      vertex -10.4375 -28.7153 20.25
      vertex -10.4375 -28.7153 27.25
    endloop
  endfacet
  facet normal 0.608768 0.793348 -0
    outer loop
      vertex -12.05 -29.9526 20.25
      vertex -12.2778 -29.7778 27.25
      vertex -12.05 -29.9526 27.25
    endloop
  endfacet
  facet normal 0.608768 0.793348 0
    outer loop
      vertex -12.2778 -29.7778 27.25
      vertex -12.05 -29.9526 20.25
      vertex -12.2778 -29.7778 20.25
    endloop
  endfacet
  facet normal 0.793348 -0.608768 0
    outer loop
      vertex -12.4526 -28.45 27.25
      vertex -12.2778 -28.2222 20.25
      vertex -12.2778 -28.2222 27.25
    endloop
  endfacet
  facet normal 0.793348 -0.608768 0
    outer loop
      vertex -12.2778 -28.2222 20.25
      vertex -12.4526 -28.45 27.25
      vertex -12.4526 -28.45 20.25
    endloop
  endfacet
  facet normal 0.991437 -0.13059 0
    outer loop
      vertex -12.6 -29 27.25
      vertex -12.5625 -28.7153 20.25
      vertex -12.5625 -28.7153 27.25
    endloop
  endfacet
  facet normal 0.991437 -0.13059 0
    outer loop
      vertex -12.5625 -28.7153 20.25
      vertex -12.6 -29 27.25
      vertex -12.6 -29 20.25
    endloop
  endfacet
  facet normal -0.991437 0.13059 0
    outer loop
      vertex -10.4375 -29.2847 20.25
      vertex -10.4 -29 27.25
      vertex -10.4 -29 20.25
    endloop
  endfacet
  facet normal -0.991437 0.13059 0
    outer loop
      vertex -10.4 -29 27.25
      vertex -10.4375 -29.2847 20.25
      vertex -10.4375 -29.2847 27.25
    endloop
  endfacet
  facet normal 0.991437 0.13059 0
    outer loop
      vertex -12.5625 -29.2847 27.25
      vertex -12.6 -29 20.25
      vertex -12.6 -29 27.25
    endloop
  endfacet
  facet normal 0.991437 0.13059 0
    outer loop
      vertex -12.6 -29 20.25
      vertex -12.5625 -29.2847 27.25
      vertex -12.5625 -29.2847 20.25
    endloop
  endfacet
  facet normal -0.991437 -0.13059 0
    outer loop
      vertex -10.4 -29 20.25
      vertex -10.4375 -28.7153 27.25
      vertex -10.4375 -28.7153 20.25
    endloop
  endfacet
  facet normal -0.991437 -0.13059 0
    outer loop
      vertex -10.4375 -28.7153 27.25
      vertex -10.4 -29 20.25
      vertex -10.4 -29 27.25
    endloop
  endfacet
  facet normal -0.608768 0.793348 0
    outer loop
      vertex -10.7222 -29.7778 20.25
      vertex -10.95 -29.9526 27.25
      vertex -10.7222 -29.7778 27.25
    endloop
  endfacet
  facet normal -0.608768 0.793348 0
    outer loop
      vertex -10.95 -29.9526 27.25
      vertex -10.7222 -29.7778 20.25
      vertex -10.95 -29.9526 20.25
    endloop
  endfacet
  facet normal -0.608768 -0.793348 0
    outer loop
      vertex -10.95 -28.0474 20.25
      vertex -10.7222 -28.2222 27.25
      vertex -10.95 -28.0474 27.25
    endloop
  endfacet
  facet normal -0.608768 -0.793348 -0
    outer loop
      vertex -10.7222 -28.2222 27.25
      vertex -10.95 -28.0474 20.25
      vertex -10.7222 -28.2222 20.25
    endloop
  endfacet
  facet normal -0.793348 0.608768 0
    outer loop
      vertex -10.7222 -29.7778 20.25
      vertex -10.5474 -29.55 27.25
      vertex -10.5474 -29.55 20.25
    endloop
  endfacet
  facet normal -0.793348 0.608768 0
    outer loop
      vertex -10.5474 -29.55 27.25
      vertex -10.7222 -29.7778 20.25
      vertex -10.7222 -29.7778 27.25
    endloop
  endfacet
  facet normal -0.793348 -0.608768 0
    outer loop
      vertex -10.5474 -28.45 20.25
      vertex -10.7222 -28.2222 27.25
      vertex -10.7222 -28.2222 20.25
    endloop
  endfacet
  facet normal -0.793348 -0.608768 0
    outer loop
      vertex -10.7222 -28.2222 27.25
      vertex -10.5474 -28.45 20.25
      vertex -10.5474 -28.45 27.25
    endloop
  endfacet
  facet normal 0.382711 0.923868 -0
    outer loop
      vertex -11.7847 -30.0625 20.25
      vertex -12.05 -29.9526 27.25
      vertex -11.7847 -30.0625 27.25
    endloop
  endfacet
  facet normal 0.382711 0.923868 0
    outer loop
      vertex -12.05 -29.9526 27.25
      vertex -11.7847 -30.0625 20.25
      vertex -12.05 -29.9526 20.25
    endloop
  endfacet
  facet normal -0.13059 0.991437 0
    outer loop
      vertex -11.2153 -30.0625 20.25
      vertex -11.5 -30.1 27.25
      vertex -11.2153 -30.0625 27.25
    endloop
  endfacet
  facet normal -0.13059 0.991437 0
    outer loop
      vertex -11.5 -30.1 27.25
      vertex -11.2153 -30.0625 20.25
      vertex -11.5 -30.1 20.25
    endloop
  endfacet
  facet normal -0.382711 -0.923868 0
    outer loop
      vertex -11.2153 -27.9375 20.25
      vertex -10.95 -28.0474 27.25
      vertex -11.2153 -27.9375 27.25
    endloop
  endfacet
  facet normal -0.382711 -0.923868 -0
    outer loop
      vertex -10.95 -28.0474 27.25
      vertex -11.2153 -27.9375 20.25
      vertex -10.95 -28.0474 20.25
    endloop
  endfacet
  facet normal 0.608768 -0.793348 0
    outer loop
      vertex -12.2778 -28.2222 20.25
      vertex -12.05 -28.0474 27.25
      vertex -12.2778 -28.2222 27.25
    endloop
  endfacet
  facet normal 0.608768 -0.793348 0
    outer loop
      vertex -12.05 -28.0474 27.25
      vertex -12.2778 -28.2222 20.25
      vertex -12.05 -28.0474 20.25
    endloop
  endfacet
  facet normal 0.382711 -0.923868 0
    outer loop
      vertex -12.05 -28.0474 20.25
      vertex -11.7847 -27.9375 27.25
      vertex -12.05 -28.0474 27.25
    endloop
  endfacet
  facet normal 0.382711 -0.923868 0
    outer loop
      vertex -11.7847 -27.9375 27.25
      vertex -12.05 -28.0474 20.25
      vertex -11.7847 -27.9375 20.25
    endloop
  endfacet
  facet normal 0.13059 0.991437 -0
    outer loop
      vertex -11.5 -30.1 20.25
      vertex -11.7847 -30.0625 27.25
      vertex -11.5 -30.1 27.25
    endloop
  endfacet
  facet normal 0.13059 0.991437 0
    outer loop
      vertex -11.7847 -30.0625 27.25
      vertex -11.5 -30.1 20.25
      vertex -11.7847 -30.0625 20.25
    endloop
  endfacet
  facet normal 0.923868 -0.382711 0
    outer loop
      vertex -12.5625 -28.7153 27.25
      vertex -12.4526 -28.45 20.25
      vertex -12.4526 -28.45 27.25
    endloop
  endfacet
  facet normal 0.923868 -0.382711 0
    outer loop
      vertex -12.4526 -28.45 20.25
      vertex -12.5625 -28.7153 27.25
      vertex -12.5625 -28.7153 20.25
    endloop
  endfacet
  facet normal -0.923868 0.382711 0
    outer loop
      vertex -10.5474 -29.55 20.25
      vertex -10.4375 -29.2847 27.25
      vertex -10.4375 -29.2847 20.25
    endloop
  endfacet
  facet normal -0.923868 0.382711 0
    outer loop
      vertex -10.4375 -29.2847 27.25
      vertex -10.5474 -29.55 20.25
      vertex -10.5474 -29.55 27.25
    endloop
  endfacet
  facet normal 0.923868 0.382711 0
    outer loop
      vertex -12.4526 -29.55 27.25
      vertex -12.5625 -29.2847 20.25
      vertex -12.5625 -29.2847 27.25
    endloop
  endfacet
  facet normal 0.923868 0.382711 0
    outer loop
      vertex -12.5625 -29.2847 20.25
      vertex -12.4526 -29.55 27.25
      vertex -12.4526 -29.55 20.25
    endloop
  endfacet
  facet normal 0.793348 0.608768 0
    outer loop
      vertex -12.2778 -29.7778 27.25
      vertex -12.4526 -29.55 20.25
      vertex -12.4526 -29.55 27.25
    endloop
  endfacet
  facet normal 0.793348 0.608768 0
    outer loop
      vertex -12.4526 -29.55 20.25
      vertex -12.2778 -29.7778 27.25
      vertex -12.2778 -29.7778 20.25
    endloop
  endfacet
  facet normal -0.382711 0.923868 0
    outer loop
      vertex -10.95 -29.9526 20.25
      vertex -11.2153 -30.0625 27.25
      vertex -10.95 -29.9526 27.25
    endloop
  endfacet
  facet normal -0.382711 0.923868 0
    outer loop
      vertex -11.2153 -30.0625 27.25
      vertex -10.95 -29.9526 20.25
      vertex -11.2153 -30.0625 20.25
    endloop
  endfacet
  facet normal -0.13059 -0.991437 0
    outer loop
      vertex -11.5 -27.9 20.25
      vertex -11.2153 -27.9375 27.25
      vertex -11.5 -27.9 27.25
    endloop
  endfacet
  facet normal -0.13059 -0.991437 -0
    outer loop
      vertex -11.2153 -27.9375 27.25
      vertex -11.5 -27.9 20.25
      vertex -11.2153 -27.9375 20.25
    endloop
  endfacet
  facet normal 0.13059 -0.991437 0
    outer loop
      vertex -11.7847 -27.9375 20.25
      vertex -11.5 -27.9 27.25
      vertex -11.7847 -27.9375 27.25
    endloop
  endfacet
  facet normal 0.13059 -0.991437 0
    outer loop
      vertex -11.5 -27.9 27.25
      vertex -11.7847 -27.9375 20.25
      vertex -11.5 -27.9 20.25
    endloop
  endfacet
  facet normal -0.923868 -0.382711 0
    outer loop
      vertex -10.4375 29.2847 20.25
      vertex -10.5474 29.55 27.25
      vertex -10.5474 29.55 20.25
    endloop
  endfacet
  facet normal -0.923868 -0.382711 0
    outer loop
      vertex -10.5474 29.55 27.25
      vertex -10.4375 29.2847 20.25
      vertex -10.4375 29.2847 27.25
    endloop
  endfacet
  facet normal -0.991437 -0.13059 0
    outer loop
      vertex -10.4 29 20.25
      vertex -10.4375 29.2847 27.25
      vertex -10.4375 29.2847 20.25
    endloop
  endfacet
  facet normal -0.991437 -0.13059 0
    outer loop
      vertex -10.4375 29.2847 27.25
      vertex -10.4 29 20.25
      vertex -10.4 29 27.25
    endloop
  endfacet
  facet normal -0.793348 -0.608768 0
    outer loop
      vertex -10.5474 29.55 20.25
      vertex -10.7222 29.7778 27.25
      vertex -10.7222 29.7778 20.25
    endloop
  endfacet
  facet normal -0.793348 -0.608768 0
    outer loop
      vertex -10.7222 29.7778 27.25
      vertex -10.5474 29.55 20.25
      vertex -10.5474 29.55 27.25
    endloop
  endfacet
  facet normal -0.608768 -0.793348 0
    outer loop
      vertex -10.95 29.9526 20.25
      vertex -10.7222 29.7778 27.25
      vertex -10.95 29.9526 27.25
    endloop
  endfacet
  facet normal -0.608768 -0.793348 -0
    outer loop
      vertex -10.7222 29.7778 27.25
      vertex -10.95 29.9526 20.25
      vertex -10.7222 29.7778 20.25
    endloop
  endfacet
  facet normal 0.923868 -0.382711 0
    outer loop
      vertex -12.5625 29.2847 27.25
      vertex -12.4526 29.55 20.25
      vertex -12.4526 29.55 27.25
    endloop
  endfacet
  facet normal 0.923868 -0.382711 0
    outer loop
      vertex -12.4526 29.55 20.25
      vertex -12.5625 29.2847 27.25
      vertex -12.5625 29.2847 20.25
    endloop
  endfacet
  facet normal 0.793348 -0.608768 0
    outer loop
      vertex -12.4526 29.55 27.25
      vertex -12.2778 29.7778 20.25
      vertex -12.2778 29.7778 27.25
    endloop
  endfacet
  facet normal 0.793348 -0.608768 0
    outer loop
      vertex -12.2778 29.7778 20.25
      vertex -12.4526 29.55 27.25
      vertex -12.4526 29.55 20.25
    endloop
  endfacet
  facet normal 0.13059 0.991437 -0
    outer loop
      vertex -11.5 27.9 20.25
      vertex -11.7847 27.9375 27.25
      vertex -11.5 27.9 27.25
    endloop
  endfacet
  facet normal 0.13059 0.991437 0
    outer loop
      vertex -11.7847 27.9375 27.25
      vertex -11.5 27.9 20.25
      vertex -11.7847 27.9375 20.25
    endloop
  endfacet
  facet normal 0.923868 0.382711 0
    outer loop
      vertex -12.4526 28.45 27.25
      vertex -12.5625 28.7153 20.25
      vertex -12.5625 28.7153 27.25
    endloop
  endfacet
  facet normal 0.923868 0.382711 0
    outer loop
      vertex -12.5625 28.7153 20.25
      vertex -12.4526 28.45 27.25
      vertex -12.4526 28.45 20.25
    endloop
  endfacet
  facet normal -0.923868 0.382711 0
    outer loop
      vertex -10.5474 28.45 20.25
      vertex -10.4375 28.7153 27.25
      vertex -10.4375 28.7153 20.25
    endloop
  endfacet
  facet normal -0.923868 0.382711 0
    outer loop
      vertex -10.4375 28.7153 27.25
      vertex -10.5474 28.45 20.25
      vertex -10.5474 28.45 27.25
    endloop
  endfacet
  facet normal 0.608768 -0.793348 0
    outer loop
      vertex -12.2778 29.7778 20.25
      vertex -12.05 29.9526 27.25
      vertex -12.2778 29.7778 27.25
    endloop
  endfacet
  facet normal 0.608768 -0.793348 0
    outer loop
      vertex -12.05 29.9526 27.25
      vertex -12.2778 29.7778 20.25
      vertex -12.05 29.9526 20.25
    endloop
  endfacet
  facet normal -0.991437 0.13059 0
    outer loop
      vertex -10.4375 28.7153 20.25
      vertex -10.4 29 27.25
      vertex -10.4 29 20.25
    endloop
  endfacet
  facet normal -0.991437 0.13059 0
    outer loop
      vertex -10.4 29 27.25
      vertex -10.4375 28.7153 20.25
      vertex -10.4375 28.7153 27.25
    endloop
  endfacet
  facet normal 0.382711 -0.923868 0
    outer loop
      vertex -12.05 29.9526 20.25
      vertex -11.7847 30.0625 27.25
      vertex -12.05 29.9526 27.25
    endloop
  endfacet
  facet normal 0.382711 -0.923868 0
    outer loop
      vertex -11.7847 30.0625 27.25
      vertex -12.05 29.9526 20.25
      vertex -11.7847 30.0625 20.25
    endloop
  endfacet
  facet normal -0.382711 -0.923868 0
    outer loop
      vertex -11.2153 30.0625 20.25
      vertex -10.95 29.9526 27.25
      vertex -11.2153 30.0625 27.25
    endloop
  endfacet
  facet normal -0.382711 -0.923868 -0
    outer loop
      vertex -10.95 29.9526 27.25
      vertex -11.2153 30.0625 20.25
      vertex -10.95 29.9526 20.25
    endloop
  endfacet
  facet normal 0.608768 0.793348 -0
    outer loop
      vertex -12.05 28.0474 20.25
      vertex -12.2778 28.2222 27.25
      vertex -12.05 28.0474 27.25
    endloop
  endfacet
  facet normal 0.608768 0.793348 0
    outer loop
      vertex -12.2778 28.2222 27.25
      vertex -12.05 28.0474 20.25
      vertex -12.2778 28.2222 20.25
    endloop
  endfacet
  facet normal -0.382711 0.923868 0
    outer loop
      vertex -10.95 28.0474 20.25
      vertex -11.2153 27.9375 27.25
      vertex -10.95 28.0474 27.25
    endloop
  endfacet
  facet normal -0.382711 0.923868 0
    outer loop
      vertex -11.2153 27.9375 27.25
      vertex -10.95 28.0474 20.25
      vertex -11.2153 27.9375 20.25
    endloop
  endfacet
  facet normal -0.608768 0.793348 0
    outer loop
      vertex -10.7222 28.2222 20.25
      vertex -10.95 28.0474 27.25
      vertex -10.7222 28.2222 27.25
    endloop
  endfacet
  facet normal -0.608768 0.793348 0
    outer loop
      vertex -10.95 28.0474 27.25
      vertex -10.7222 28.2222 20.25
      vertex -10.95 28.0474 20.25
    endloop
  endfacet
  facet normal -0.13059 -0.991437 0
    outer loop
      vertex -11.5 30.1 20.25
      vertex -11.2153 30.0625 27.25
      vertex -11.5 30.1 27.25
    endloop
  endfacet
  facet normal -0.13059 -0.991437 -0
    outer loop
      vertex -11.2153 30.0625 27.25
      vertex -11.5 30.1 20.25
      vertex -11.2153 30.0625 20.25
    endloop
  endfacet
  facet normal 0.991437 -0.13059 0
    outer loop
      vertex -12.6 29 27.25
      vertex -12.5625 29.2847 20.25
      vertex -12.5625 29.2847 27.25
    endloop
  endfacet
  facet normal 0.991437 -0.13059 0
    outer loop
      vertex -12.5625 29.2847 20.25
      vertex -12.6 29 27.25
      vertex -12.6 29 20.25
    endloop
  endfacet
  facet normal 0.13059 -0.991437 0
    outer loop
      vertex -11.7847 30.0625 20.25
      vertex -11.5 30.1 27.25
      vertex -11.7847 30.0625 27.25
    endloop
  endfacet
  facet normal 0.13059 -0.991437 0
    outer loop
      vertex -11.5 30.1 27.25
      vertex -11.7847 30.0625 20.25
      vertex -11.5 30.1 20.25
    endloop
  endfacet
  facet normal -0.793348 0.608768 0
    outer loop
      vertex -10.7222 28.2222 20.25
      vertex -10.5474 28.45 27.25
      vertex -10.5474 28.45 20.25
    endloop
  endfacet
  facet normal -0.793348 0.608768 0
    outer loop
      vertex -10.5474 28.45 27.25
      vertex -10.7222 28.2222 20.25
      vertex -10.7222 28.2222 27.25
    endloop
  endfacet
  facet normal 0.793348 0.608768 0
    outer loop
      vertex -12.2778 28.2222 27.25
      vertex -12.4526 28.45 20.25
      vertex -12.4526 28.45 27.25
    endloop
  endfacet
  facet normal 0.793348 0.608768 0
    outer loop
      vertex -12.4526 28.45 20.25
      vertex -12.2778 28.2222 27.25
      vertex -12.2778 28.2222 20.25
    endloop
  endfacet
  facet normal 0.382711 0.923868 -0
    outer loop
      vertex -11.7847 27.9375 20.25
      vertex -12.05 28.0474 27.25
      vertex -11.7847 27.9375 27.25
    endloop
  endfacet
  facet normal 0.382711 0.923868 0
    outer loop
      vertex -12.05 28.0474 27.25
      vertex -11.7847 27.9375 20.25
      vertex -12.05 28.0474 20.25
    endloop
  endfacet
  facet normal 0.991437 0.13059 0
    outer loop
      vertex -12.5625 28.7153 27.25
      vertex -12.6 29 20.25
      vertex -12.6 29 27.25
    endloop
  endfacet
  facet normal 0.991437 0.13059 0
    outer loop
      vertex -12.6 29 20.25
      vertex -12.5625 28.7153 27.25
      vertex -12.5625 28.7153 20.25
    endloop
  endfacet
  facet normal -0.13059 0.991437 0
    outer loop
      vertex -11.2153 27.9375 20.25
      vertex -11.5 27.9 27.25
      vertex -11.2153 27.9375 27.25
    endloop
  endfacet
  facet normal -0.13059 0.991437 0
    outer loop
      vertex -11.5 27.9 27.25
      vertex -11.2153 27.9375 20.25
      vertex -11.5 27.9 20.25
    endloop
  endfacet
  facet normal -0.923868 -0.382711 0
    outer loop
      vertex 12.5625 -28.7153 20.25
      vertex 12.4526 -28.45 27.25
      vertex 12.4526 -28.45 20.25
    endloop
  endfacet
  facet normal -0.923868 -0.382711 0
    outer loop
      vertex 12.4526 -28.45 27.25
      vertex 12.5625 -28.7153 20.25
      vertex 12.5625 -28.7153 27.25
    endloop
  endfacet
  facet normal -0.991437 -0.13059 0
    outer loop
      vertex 12.6 -29 20.25
      vertex 12.5625 -28.7153 27.25
      vertex 12.5625 -28.7153 20.25
    endloop
  endfacet
  facet normal -0.991437 -0.13059 0
    outer loop
      vertex 12.5625 -28.7153 27.25
      vertex 12.6 -29 20.25
      vertex 12.6 -29 27.25
    endloop
  endfacet
  facet normal -0.793348 -0.608768 0
    outer loop
      vertex 12.4526 -28.45 20.25
      vertex 12.2778 -28.2222 27.25
      vertex 12.2778 -28.2222 20.25
    endloop
  endfacet
  facet normal -0.793348 -0.608768 0
    outer loop
      vertex 12.2778 -28.2222 27.25
      vertex 12.4526 -28.45 20.25
      vertex 12.4526 -28.45 27.25
    endloop
  endfacet
  facet normal -0.13059 -0.991437 0
    outer loop
      vertex 11.5 -27.9 20.25
      vertex 11.7847 -27.9375 27.25
      vertex 11.5 -27.9 27.25
    endloop
  endfacet
  facet normal -0.13059 -0.991437 -0
    outer loop
      vertex 11.7847 -27.9375 27.25
      vertex 11.5 -27.9 20.25
      vertex 11.7847 -27.9375 20.25
    endloop
  endfacet
  facet normal -0.793348 0.608768 0
    outer loop
      vertex 12.2778 -29.7778 20.25
      vertex 12.4526 -29.55 27.25
      vertex 12.4526 -29.55 20.25
    endloop
  endfacet
  facet normal -0.793348 0.608768 0
    outer loop
      vertex 12.4526 -29.55 27.25
      vertex 12.2778 -29.7778 20.25
      vertex 12.2778 -29.7778 27.25
    endloop
  endfacet
  facet normal -0.608768 -0.793348 0
    outer loop
      vertex 12.05 -28.0474 20.25
      vertex 12.2778 -28.2222 27.25
      vertex 12.05 -28.0474 27.25
    endloop
  endfacet
  facet normal -0.608768 -0.793348 -0
    outer loop
      vertex 12.2778 -28.2222 27.25
      vertex 12.05 -28.0474 20.25
      vertex 12.2778 -28.2222 20.25
    endloop
  endfacet
  facet normal 0.608768 -0.793348 0
    outer loop
      vertex 10.7222 -28.2222 20.25
      vertex 10.95 -28.0474 27.25
      vertex 10.7222 -28.2222 27.25
    endloop
  endfacet
  facet normal 0.608768 -0.793348 0
    outer loop
      vertex 10.95 -28.0474 27.25
      vertex 10.7222 -28.2222 20.25
      vertex 10.95 -28.0474 20.25
    endloop
  endfacet
  facet normal 0.923868 0.382711 0
    outer loop
      vertex 10.5474 -29.55 27.25
      vertex 10.4375 -29.2847 20.25
      vertex 10.4375 -29.2847 27.25
    endloop
  endfacet
  facet normal 0.923868 0.382711 0
    outer loop
      vertex 10.4375 -29.2847 20.25
      vertex 10.5474 -29.55 27.25
      vertex 10.5474 -29.55 20.25
    endloop
  endfacet
  facet normal -0.991437 0.13059 0
    outer loop
      vertex 12.5625 -29.2847 20.25
      vertex 12.6 -29 27.25
      vertex 12.6 -29 20.25
    endloop
  endfacet
  facet normal -0.991437 0.13059 0
    outer loop
      vertex 12.6 -29 27.25
      vertex 12.5625 -29.2847 20.25
      vertex 12.5625 -29.2847 27.25
    endloop
  endfacet
  facet normal 0.13059 0.991437 -0
    outer loop
      vertex 11.5 -30.1 20.25
      vertex 11.2153 -30.0625 27.25
      vertex 11.5 -30.1 27.25
    endloop
  endfacet
  facet normal 0.13059 0.991437 0
    outer loop
      vertex 11.2153 -30.0625 27.25
      vertex 11.5 -30.1 20.25
      vertex 11.2153 -30.0625 20.25
    endloop
  endfacet
  facet normal -0.382711 -0.923868 0
    outer loop
      vertex 11.7847 -27.9375 20.25
      vertex 12.05 -28.0474 27.25
      vertex 11.7847 -27.9375 27.25
    endloop
  endfacet
  facet normal -0.382711 -0.923868 -0
    outer loop
      vertex 12.05 -28.0474 27.25
      vertex 11.7847 -27.9375 20.25
      vertex 12.05 -28.0474 20.25
    endloop
  endfacet
  facet normal 0.793348 -0.608768 0
    outer loop
      vertex 10.5474 -28.45 27.25
      vertex 10.7222 -28.2222 20.25
      vertex 10.7222 -28.2222 27.25
    endloop
  endfacet
  facet normal 0.793348 -0.608768 0
    outer loop
      vertex 10.7222 -28.2222 20.25
      vertex 10.5474 -28.45 27.25
      vertex 10.5474 -28.45 20.25
    endloop
  endfacet
  facet normal -0.923868 0.382711 0
    outer loop
      vertex 12.4526 -29.55 20.25
      vertex 12.5625 -29.2847 27.25
      vertex 12.5625 -29.2847 20.25
    endloop
  endfacet
  facet normal -0.923868 0.382711 0
    outer loop
      vertex 12.5625 -29.2847 27.25
      vertex 12.4526 -29.55 20.25
      vertex 12.4526 -29.55 27.25
    endloop
  endfacet
  facet normal -0.382711 0.923868 0
    outer loop
      vertex 12.05 -29.9526 20.25
      vertex 11.7847 -30.0625 27.25
      vertex 12.05 -29.9526 27.25
    endloop
  endfacet
  facet normal -0.382711 0.923868 0
    outer loop
      vertex 11.7847 -30.0625 27.25
      vertex 12.05 -29.9526 20.25
      vertex 11.7847 -30.0625 20.25
    endloop
  endfacet
  facet normal 0.991437 0.13059 0
    outer loop
      vertex 10.4375 -29.2847 27.25
      vertex 10.4 -29 20.25
      vertex 10.4 -29 27.25
    endloop
  endfacet
  facet normal 0.991437 0.13059 0
    outer loop
      vertex 10.4 -29 20.25
      vertex 10.4375 -29.2847 27.25
      vertex 10.4375 -29.2847 20.25
    endloop
  endfacet
  facet normal 0.382711 -0.923868 0
    outer loop
      vertex 10.95 -28.0474 20.25
      vertex 11.2153 -27.9375 27.25
      vertex 10.95 -28.0474 27.25
    endloop
  endfacet
  facet normal 0.382711 -0.923868 0
    outer loop
      vertex 11.2153 -27.9375 27.25
      vertex 10.95 -28.0474 20.25
      vertex 11.2153 -27.9375 20.25
    endloop
  endfacet
  facet normal -0.608768 0.793348 0
    outer loop
      vertex 12.2778 -29.7778 20.25
      vertex 12.05 -29.9526 27.25
      vertex 12.2778 -29.7778 27.25
    endloop
  endfacet
  facet normal -0.608768 0.793348 0
    outer loop
      vertex 12.05 -29.9526 27.25
      vertex 12.2778 -29.7778 20.25
      vertex 12.05 -29.9526 20.25
    endloop
  endfacet
  facet normal 0.13059 -0.991437 0
    outer loop
      vertex 11.2153 -27.9375 20.25
      vertex 11.5 -27.9 27.25
      vertex 11.2153 -27.9375 27.25
    endloop
  endfacet
  facet normal 0.13059 -0.991437 0
    outer loop
      vertex 11.5 -27.9 27.25
      vertex 11.2153 -27.9375 20.25
      vertex 11.5 -27.9 20.25
    endloop
  endfacet
  facet normal 0.608768 0.793348 -0
    outer loop
      vertex 10.95 -29.9526 20.25
      vertex 10.7222 -29.7778 27.25
      vertex 10.95 -29.9526 27.25
    endloop
  endfacet
  facet normal 0.608768 0.793348 0
    outer loop
      vertex 10.7222 -29.7778 27.25
      vertex 10.95 -29.9526 20.25
      vertex 10.7222 -29.7778 20.25
    endloop
  endfacet
  facet normal 0.991437 -0.13059 0
    outer loop
      vertex 10.4 -29 27.25
      vertex 10.4375 -28.7153 20.25
      vertex 10.4375 -28.7153 27.25
    endloop
  endfacet
  facet normal 0.991437 -0.13059 0
    outer loop
      vertex 10.4375 -28.7153 20.25
      vertex 10.4 -29 27.25
      vertex 10.4 -29 20.25
    endloop
  endfacet
  facet normal -0.13059 0.991437 0
    outer loop
      vertex 11.7847 -30.0625 20.25
      vertex 11.5 -30.1 27.25
      vertex 11.7847 -30.0625 27.25
    endloop
  endfacet
  facet normal -0.13059 0.991437 0
    outer loop
      vertex 11.5 -30.1 27.25
      vertex 11.7847 -30.0625 20.25
      vertex 11.5 -30.1 20.25
    endloop
  endfacet
  facet normal 0.793348 0.608768 0
    outer loop
      vertex 10.7222 -29.7778 27.25
      vertex 10.5474 -29.55 20.25
      vertex 10.5474 -29.55 27.25
    endloop
  endfacet
  facet normal 0.793348 0.608768 0
    outer loop
      vertex 10.5474 -29.55 20.25
      vertex 10.7222 -29.7778 27.25
      vertex 10.7222 -29.7778 20.25
    endloop
  endfacet
  facet normal 0.382711 0.923868 -0
    outer loop
      vertex 11.2153 -30.0625 20.25
      vertex 10.95 -29.9526 27.25
      vertex 11.2153 -30.0625 27.25
    endloop
  endfacet
  facet normal 0.382711 0.923868 0
    outer loop
      vertex 10.95 -29.9526 27.25
      vertex 11.2153 -30.0625 20.25
      vertex 10.95 -29.9526 20.25
    endloop
  endfacet
  facet normal 0.923868 -0.382711 0
    outer loop
      vertex 10.4375 -28.7153 27.25
      vertex 10.5474 -28.45 20.25
      vertex 10.5474 -28.45 27.25
    endloop
  endfacet
  facet normal 0.923868 -0.382711 0
    outer loop
      vertex 10.5474 -28.45 20.25
      vertex 10.4375 -28.7153 27.25
      vertex 10.4375 -28.7153 20.25
    endloop
  endfacet
  facet normal -0.923868 -0.382711 0
    outer loop
      vertex 12.5625 29.2847 20.25
      vertex 12.4526 29.55 27.25
      vertex 12.4526 29.55 20.25
    endloop
  endfacet
  facet normal -0.923868 -0.382711 0
    outer loop
      vertex 12.4526 29.55 27.25
      vertex 12.5625 29.2847 20.25
      vertex 12.5625 29.2847 27.25
    endloop
  endfacet
  facet normal -0.991437 -0.13059 0
    outer loop
      vertex 12.6 29 20.25
      vertex 12.5625 29.2847 27.25
      vertex 12.5625 29.2847 20.25
    endloop
  endfacet
  facet normal -0.991437 -0.13059 0
    outer loop
      vertex 12.5625 29.2847 27.25
      vertex 12.6 29 20.25
      vertex 12.6 29 27.25
    endloop
  endfacet
  facet normal -0.793348 -0.608768 0
    outer loop
      vertex 12.4526 29.55 20.25
      vertex 12.2778 29.7778 27.25
      vertex 12.2778 29.7778 20.25
    endloop
  endfacet
  facet normal -0.793348 -0.608768 0
    outer loop
      vertex 12.2778 29.7778 27.25
      vertex 12.4526 29.55 20.25
      vertex 12.4526 29.55 27.25
    endloop
  endfacet
  facet normal -0.608768 -0.793348 0
    outer loop
      vertex 12.05 29.9526 20.25
      vertex 12.2778 29.7778 27.25
      vertex 12.05 29.9526 27.25
    endloop
  endfacet
  facet normal -0.608768 -0.793348 -0
    outer loop
      vertex 12.2778 29.7778 27.25
      vertex 12.05 29.9526 20.25
      vertex 12.2778 29.7778 20.25
    endloop
  endfacet
  facet normal 0.923868 -0.382711 0
    outer loop
      vertex 10.4375 29.2847 27.25
      vertex 10.5474 29.55 20.25
      vertex 10.5474 29.55 27.25
    endloop
  endfacet
  facet normal 0.923868 -0.382711 0
    outer loop
      vertex 10.5474 29.55 20.25
      vertex 10.4375 29.2847 27.25
      vertex 10.4375 29.2847 20.25
    endloop
  endfacet
  facet normal 0.793348 -0.608768 0
    outer loop
      vertex 10.5474 29.55 27.25
      vertex 10.7222 29.7778 20.25
      vertex 10.7222 29.7778 27.25
    endloop
  endfacet
  facet normal 0.793348 -0.608768 0
    outer loop
      vertex 10.7222 29.7778 20.25
      vertex 10.5474 29.55 27.25
      vertex 10.5474 29.55 20.25
    endloop
  endfacet
  facet normal 0.13059 0.991437 -0
    outer loop
      vertex 11.5 27.9 20.25
      vertex 11.2153 27.9375 27.25
      vertex 11.5 27.9 27.25
    endloop
  endfacet
  facet normal 0.13059 0.991437 0
    outer loop
      vertex 11.2153 27.9375 27.25
      vertex 11.5 27.9 20.25
      vertex 11.2153 27.9375 20.25
    endloop
  endfacet
  facet normal 0.923868 0.382711 0
    outer loop
      vertex 10.5474 28.45 27.25
      vertex 10.4375 28.7153 20.25
      vertex 10.4375 28.7153 27.25
    endloop
  endfacet
  facet normal 0.923868 0.382711 0
    outer loop
      vertex 10.4375 28.7153 20.25
      vertex 10.5474 28.45 27.25
      vertex 10.5474 28.45 20.25
    endloop
  endfacet
  facet normal -0.923868 0.382711 0
    outer loop
      vertex 12.4526 28.45 20.25
      vertex 12.5625 28.7153 27.25
      vertex 12.5625 28.7153 20.25
    endloop
  endfacet
  facet normal -0.923868 0.382711 0
    outer loop
      vertex 12.5625 28.7153 27.25
      vertex 12.4526 28.45 20.25
      vertex 12.4526 28.45 27.25
    endloop
  endfacet
  facet normal 0.608768 -0.793348 0
    outer loop
      vertex 10.7222 29.7778 20.25
      vertex 10.95 29.9526 27.25
      vertex 10.7222 29.7778 27.25
    endloop
  endfacet
  facet normal 0.608768 -0.793348 0
    outer loop
      vertex 10.95 29.9526 27.25
      vertex 10.7222 29.7778 20.25
      vertex 10.95 29.9526 20.25
    endloop
  endfacet
  facet normal -0.991437 0.13059 0
    outer loop
      vertex 12.5625 28.7153 20.25
      vertex 12.6 29 27.25
      vertex 12.6 29 20.25
    endloop
  endfacet
  facet normal -0.991437 0.13059 0
    outer loop
      vertex 12.6 29 27.25
      vertex 12.5625 28.7153 20.25
      vertex 12.5625 28.7153 27.25
    endloop
  endfacet
  facet normal 0.382711 -0.923868 0
    outer loop
      vertex 10.95 29.9526 20.25
      vertex 11.2153 30.0625 27.25
      vertex 10.95 29.9526 27.25
    endloop
  endfacet
  facet normal 0.382711 -0.923868 0
    outer loop
      vertex 11.2153 30.0625 27.25
      vertex 10.95 29.9526 20.25
      vertex 11.2153 30.0625 20.25
    endloop
  endfacet
  facet normal -0.382711 -0.923868 0
    outer loop
      vertex 11.7847 30.0625 20.25
      vertex 12.05 29.9526 27.25
      vertex 11.7847 30.0625 27.25
    endloop
  endfacet
  facet normal -0.382711 -0.923868 -0
    outer loop
      vertex 12.05 29.9526 27.25
      vertex 11.7847 30.0625 20.25
      vertex 12.05 29.9526 20.25
    endloop
  endfacet
  facet normal 0.608768 0.793348 -0
    outer loop
      vertex 10.95 28.0474 20.25
      vertex 10.7222 28.2222 27.25
      vertex 10.95 28.0474 27.25
    endloop
  endfacet
  facet normal 0.608768 0.793348 0
    outer loop
      vertex 10.7222 28.2222 27.25
      vertex 10.95 28.0474 20.25
      vertex 10.7222 28.2222 20.25
    endloop
  endfacet
  facet normal -0.382711 0.923868 0
    outer loop
      vertex 12.05 28.0474 20.25
      vertex 11.7847 27.9375 27.25
      vertex 12.05 28.0474 27.25
    endloop
  endfacet
  facet normal -0.382711 0.923868 0
    outer loop
      vertex 11.7847 27.9375 27.25
      vertex 12.05 28.0474 20.25
      vertex 11.7847 27.9375 20.25
    endloop
  endfacet
  facet normal -0.608768 0.793348 0
    outer loop
      vertex 12.2778 28.2222 20.25
      vertex 12.05 28.0474 27.25
      vertex 12.2778 28.2222 27.25
    endloop
  endfacet
  facet normal -0.608768 0.793348 0
    outer loop
      vertex 12.05 28.0474 27.25
      vertex 12.2778 28.2222 20.25
      vertex 12.05 28.0474 20.25
    endloop
  endfacet
  facet normal -0.13059 -0.991437 0
    outer loop
      vertex 11.5 30.1 20.25
      vertex 11.7847 30.0625 27.25
      vertex 11.5 30.1 27.25
    endloop
  endfacet
  facet normal -0.13059 -0.991437 -0
    outer loop
      vertex 11.7847 30.0625 27.25
      vertex 11.5 30.1 20.25
      vertex 11.7847 30.0625 20.25
    endloop
  endfacet
  facet normal 0.991437 -0.13059 0
    outer loop
      vertex 10.4 29 27.25
      vertex 10.4375 29.2847 20.25
      vertex 10.4375 29.2847 27.25
    endloop
  endfacet
  facet normal 0.991437 -0.13059 0
    outer loop
      vertex 10.4375 29.2847 20.25
      vertex 10.4 29 27.25
      vertex 10.4 29 20.25
    endloop
  endfacet
  facet normal 0.13059 -0.991437 0
    outer loop
      vertex 11.2153 30.0625 20.25
      vertex 11.5 30.1 27.25
      vertex 11.2153 30.0625 27.25
    endloop
  endfacet
  facet normal 0.13059 -0.991437 0
    outer loop
      vertex 11.5 30.1 27.25
      vertex 11.2153 30.0625 20.25
      vertex 11.5 30.1 20.25
    endloop
  endfacet
  facet normal -0.793348 0.608768 0
    outer loop
      vertex 12.2778 28.2222 20.25
      vertex 12.4526 28.45 27.25
      vertex 12.4526 28.45 20.25
    endloop
  endfacet
  facet normal -0.793348 0.608768 0
    outer loop
      vertex 12.4526 28.45 27.25
      vertex 12.2778 28.2222 20.25
      vertex 12.2778 28.2222 27.25
    endloop
  endfacet
  facet normal 0.793348 0.608768 0
    outer loop
      vertex 10.7222 28.2222 27.25
      vertex 10.5474 28.45 20.25
      vertex 10.5474 28.45 27.25
    endloop
  endfacet
  facet normal 0.793348 0.608768 0
    outer loop
      vertex 10.5474 28.45 20.25
      vertex 10.7222 28.2222 27.25
      vertex 10.7222 28.2222 20.25
    endloop
  endfacet
  facet normal 0.382711 0.923868 -0
    outer loop
      vertex 11.2153 27.9375 20.25
      vertex 10.95 28.0474 27.25
      vertex 11.2153 27.9375 27.25
    endloop
  endfacet
  facet normal 0.382711 0.923868 0
    outer loop
      vertex 10.95 28.0474 27.25
      vertex 11.2153 27.9375 20.25
      vertex 10.95 28.0474 20.25
    endloop
  endfacet
  facet normal 0.991437 0.13059 0
    outer loop
      vertex 10.4375 28.7153 27.25
      vertex 10.4 29 20.25
      vertex 10.4 29 27.25
    endloop
  endfacet
  facet normal 0.991437 0.13059 0
    outer loop
      vertex 10.4 29 20.25
      vertex 10.4375 28.7153 27.25
      vertex 10.4375 28.7153 20.25
    endloop
  endfacet
  facet normal -0.13059 0.991437 0
    outer loop
      vertex 11.7847 27.9375 20.25
      vertex 11.5 27.9 27.25
      vertex 11.7847 27.9375 27.25
    endloop
  endfacet
  facet normal -0.13059 0.991437 0
    outer loop
      vertex 11.5 27.9 27.25
      vertex 11.7847 27.9375 20.25
      vertex 11.5 27.9 20.25
    endloop
  endfacet
  facet normal -1 0 0
    outer loop
      vertex 12.75 -12.4 -10
      vertex 12.75 12.9 -4
      vertex 12.75 12.9 -10
    endloop
  endfacet
  facet normal -1 -0 0
    outer loop
      vertex 12.75 12.9 -4
      vertex 12.75 -12.4 -10
      vertex 12.75 -12.4 -4
    endloop
  endfacet
  facet normal -1 0 0
    outer loop
      vertex 12.75 15.41 -10
      vertex 12.75 20 -4
      vertex 12.75 20 -10
    endloop
  endfacet
  facet normal -1 -0 0
    outer loop
      vertex 12.75 20 -4
      vertex 12.75 15.41 -10
      vertex 12.75 15.41 -4
    endloop
  endfacet
  facet normal 0 0 -1
    outer loop
      vertex 12.75 -12.4 -4
      vertex 9.75 -9.4 -4
      vertex 12.75 12.9 -4
    endloop
  endfacet
  facet normal 0 0 -1
    outer loop
      vertex 12.75 -12.4 -4
      vertex -12.75 -9.4 -4
      vertex 9.75 -9.4 -4
    endloop
  endfacet
  facet normal 0 0 -1
    outer loop
      vertex -15.75 -12.4 -4
      vertex -12.75 -9.4 -4
      vertex 12.75 -12.4 -4
    endloop
  endfacet
  facet normal 0 0 -1
    outer loop
      vertex -15.75 12.9 -4
      vertex -12.75 -9.4 -4
      vertex -15.75 -12.4 -4
    endloop
  endfacet
  facet normal 0 0 -1
    outer loop
      vertex -12.75 -9.4 -4
      vertex -15.75 12.9 -4
      vertex -12.75 12.9 -4
    endloop
  endfacet
  facet normal -0 0 -1
    outer loop
      vertex 12.75 12.9 -4
      vertex 9.75 -9.4 -4
      vertex 9.75 12.9 -4
    endloop
  endfacet
  facet normal 0 0 -1
    outer loop
      vertex 10.25 15.41 -4
      vertex 12.75 20 -4
      vertex 12.75 15.41 -4
    endloop
  endfacet
  facet normal -0 0 -1
    outer loop
      vertex 12.75 20 -4
      vertex 10.25 15.41 -4
      vertex 10.25 20 -4
    endloop
  endfacet
  facet normal 0 0 1
    outer loop
      vertex -13.5 12.9 -10
      vertex -13.75 11.4 -10
      vertex -13.5 11.3503 -10
    endloop
  endfacet
  facet normal 0 0 1
    outer loop
      vertex -13.5 12.9 -10
      vertex -14.1327 11.3239 -10
      vertex -13.75 11.4 -10
    endloop
  endfacet
  facet normal -0 0 1
    outer loop
      vertex -15.75 12.9 -10
      vertex -14.1327 11.3239 -10
      vertex -13.5 12.9 -10
    endloop
  endfacet
  facet normal 0 0 1
    outer loop
      vertex -14.1327 11.3239 -10
      vertex -15.75 12.9 -10
      vertex -14.4571 11.1071 -10
    endloop
  endfacet
  facet normal 0 0 1
    outer loop
      vertex -14.6739 10.7827 -10
      vertex -15.75 12.9 -10
      vertex -14.75 10.4 -10
    endloop
  endfacet
  facet normal 0 0 1
    outer loop
      vertex -14.4571 11.1071 -10
      vertex -15.75 12.9 -10
      vertex -14.6739 10.7827 -10
    endloop
  endfacet
  facet normal 0 0 1
    outer loop
      vertex -13.5 9.44973 -10
      vertex -13.75 9.4 -10
      vertex -13.5 -9 -10
    endloop
  endfacet
  facet normal 0 0 1
    outer loop
      vertex 11.6739 10.0173 -10
      vertex 12.75 12.9 -10
      vertex 11.75 10.4 -10
    endloop
  endfacet
  facet normal 0 0 1
    outer loop
      vertex 12.75 12.9 -10
      vertex 11.6739 10.7827 -10
      vertex 11.75 10.4 -10
    endloop
  endfacet
  facet normal 0 0 1
    outer loop
      vertex 12.75 12.9 -10
      vertex 11.4571 11.1071 -10
      vertex 11.6739 10.7827 -10
    endloop
  endfacet
  facet normal 0 0 1
    outer loop
      vertex 12.75 12.9 -10
      vertex 11.1327 11.3239 -10
      vertex 11.4571 11.1071 -10
    endloop
  endfacet
  facet normal -0 0 1
    outer loop
      vertex 10.5 12.9 -10
      vertex 11.1327 11.3239 -10
      vertex 12.75 12.9 -10
    endloop
  endfacet
  facet normal 0 0 1
    outer loop
      vertex 11.1327 11.3239 -10
      vertex 10.5 12.9 -10
      vertex 10.75 11.4 -10
    endloop
  endfacet
  facet normal 0 0 1
    outer loop
      vertex 10.75 11.4 -10
      vertex 10.5 12.9 -10
      vertex 10.5 11.3503 -10
    endloop
  endfacet
  facet normal 0 0 1
    outer loop
      vertex 12.75 12.9 -10
      vertex 11.6739 10.0173 -10
      vertex 12.75 -12.4 -10
    endloop
  endfacet
  facet normal -0 0 1
    outer loop
      vertex 11.4571 9.69289 -10
      vertex 12.75 -12.4 -10
      vertex 11.6739 10.0173 -10
    endloop
  endfacet
  facet normal 0 0 1
    outer loop
      vertex 10.5 -9 -10
      vertex 11.4571 9.69289 -10
      vertex 11.1327 9.47612 -10
    endloop
  endfacet
  facet normal 0 0 1
    outer loop
      vertex 10.5 -9 -10
      vertex 11.1327 9.47612 -10
      vertex 10.75 9.4 -10
    endloop
  endfacet
  facet normal 0 0 1
    outer loop
      vertex 10.5 -9 -10
      vertex 10.75 9.4 -10
      vertex 10.5 9.44973 -10
    endloop
  endfacet
  facet normal 0 0 1
    outer loop
      vertex 11.4571 9.69289 -10
      vertex 10.5 -9 -10
      vertex 12.75 -12.4 -10
    endloop
  endfacet
  facet normal -0 0 1
    outer loop
      vertex -13.5 -9 -10
      vertex 12.75 -12.4 -10
      vertex 10.5 -9 -10
    endloop
  endfacet
  facet normal 0 0 1
    outer loop
      vertex -14.1327 9.47612 -10
      vertex -13.5 -9 -10
      vertex -13.75 9.4 -10
    endloop
  endfacet
  facet normal 0 0 1
    outer loop
      vertex -14.4571 9.69289 -10
      vertex -13.5 -9 -10
      vertex -14.1327 9.47612 -10
    endloop
  endfacet
  facet normal 0 0 1
    outer loop
      vertex -14.6739 10.0173 -10
      vertex -13.5 -9 -10
      vertex -14.4571 9.69289 -10
    endloop
  endfacet
  facet normal 0 0 1
    outer loop
      vertex -15.75 12.9 -10
      vertex -14.6739 10.0173 -10
      vertex -14.75 10.4 -10
    endloop
  endfacet
  facet normal 0 0 1
    outer loop
      vertex -14.6739 10.0173 -10
      vertex -15.75 12.9 -10
      vertex -15.75 -12.4 -10
    endloop
  endfacet
  facet normal 0 0 1
    outer loop
      vertex -13.5 -9 -10
      vertex -15.75 -12.4 -10
      vertex 12.75 -12.4 -10
    endloop
  endfacet
  facet normal 0 0 1
    outer loop
      vertex -14.6739 10.0173 -10
      vertex -15.75 -12.4 -10
      vertex -13.5 -9 -10
    endloop
  endfacet
  facet normal 0 0 -1
    outer loop
      vertex -13.5 9.44973 -10
      vertex -12.75 10.4 -10
      vertex -12.8261 10.0173 -10
    endloop
  endfacet
  facet normal 0 0 -1
    outer loop
      vertex -13.5 9.44973 -10
      vertex -12.8261 10.0173 -10
      vertex -13.0429 9.69289 -10
    endloop
  endfacet
  facet normal -0 0 -1
    outer loop
      vertex -12.75 10.4 -10
      vertex -13.5 9.44973 -10
      vertex -12.8261 10.7827 -10
    endloop
  endfacet
  facet normal 0 0 -1
    outer loop
      vertex -13.5 9.44973 -10
      vertex -13.0429 9.69289 -10
      vertex -13.3673 9.47612 -10
    endloop
  endfacet
  facet normal 0 0 -1
    outer loop
      vertex -13.5 11.3503 -10
      vertex -12.8261 10.7827 -10
      vertex -13.5 9.44973 -10
    endloop
  endfacet
  facet normal 0 0 -1
    outer loop
      vertex -12.8261 10.7827 -10
      vertex -13.5 11.3503 -10
      vertex -13.0429 11.1071 -10
    endloop
  endfacet
  facet normal 0 0 -1
    outer loop
      vertex -13.0429 11.1071 -10
      vertex -13.5 11.3503 -10
      vertex -13.3673 11.3239 -10
    endloop
  endfacet
  facet normal 0 0 -1
    outer loop
      vertex 10.0429 9.69289 -10
      vertex 10.5 9.44973 -10
      vertex 10.3673 9.47612 -10
    endloop
  endfacet
  facet normal 0 0 -1
    outer loop
      vertex 9.82612 10.0173 -10
      vertex 10.5 9.44973 -10
      vertex 10.0429 9.69289 -10
    endloop
  endfacet
  facet normal 0 0 -1
    outer loop
      vertex 10.5 9.44973 -10
      vertex 9.82612 10.0173 -10
      vertex 10.5 11.3503 -10
    endloop
  endfacet
  facet normal 0 0 -1
    outer loop
      vertex 10.5 11.3503 -10
      vertex 10.0429 11.1071 -10
      vertex 10.3673 11.3239 -10
    endloop
  endfacet
  facet normal 0 0 -1
    outer loop
      vertex 9.75 10.4 -10
      vertex 10.5 11.3503 -10
      vertex 9.82612 10.0173 -10
    endloop
  endfacet
  facet normal 0 0 -1
    outer loop
      vertex 10.5 11.3503 -10
      vertex 9.82612 10.7827 -10
      vertex 10.0429 11.1071 -10
    endloop
  endfacet
  facet normal 0 0 -1
    outer loop
      vertex 10.5 11.3503 -10
      vertex 9.75 10.4 -10
      vertex 9.82612 10.7827 -10
    endloop
  endfacet
  facet normal -0 0 1
    outer loop
      vertex 10.5 20 -10
      vertex 12.75 15.41 -10
      vertex 12.75 20 -10
    endloop
  endfacet
  facet normal 0 0 1
    outer loop
      vertex 12.75 15.41 -10
      vertex 10.5 20 -10
      vertex 10.5 15.41 -10
    endloop
  endfacet
  facet normal 1 -0 0
    outer loop
      vertex -15.75 -12.4 -4
      vertex -15.75 12.9 -10
      vertex -15.75 12.9 -4
    endloop
  endfacet
  facet normal 1 0 0
    outer loop
      vertex -15.75 12.9 -10
      vertex -15.75 -12.4 -4
      vertex -15.75 -12.4 -10
    endloop
  endfacet
  facet normal 0 1 -0
    outer loop
      vertex 12.75 -12.4 -10
      vertex -15.75 -12.4 -4
      vertex 12.75 -12.4 -4
    endloop
  endfacet
  facet normal 0 1 0
    outer loop
      vertex -15.75 -12.4 -4
      vertex 12.75 -12.4 -10
      vertex -15.75 -12.4 -10
    endloop
  endfacet
  facet normal 0.707107 -0.707107 0
    outer loop
      vertex -18.25 12.91 -2
      vertex -15.76 15.4 -3.99
      vertex -17.75 13.41 -2
    endloop
  endfacet
  facet normal 0.707107 -0.707107 0
    outer loop
      vertex -15.76 15.4 -3.99
      vertex -18.25 12.91 -2
      vertex -15.76 15.4 -10.01
    endloop
  endfacet
  facet normal 0.707107 -0.707107 0
    outer loop
      vertex -18.25 12.91 -12
      vertex -15.76 15.4 -10.01
      vertex -18.25 12.91 -2
    endloop
  endfacet
  facet normal 0.707107 -0.707107 0
    outer loop
      vertex -15.76 15.4 -10.01
      vertex -18.25 12.91 -12
      vertex -17.75 13.41 -12
    endloop
  endfacet
  facet normal 1 -0 0
    outer loop
      vertex -18.25 12.9 -2
      vertex -18.25 12.91 -12
      vertex -18.25 12.91 -2
    endloop
  endfacet
  facet normal 1 0 0
    outer loop
      vertex -18.25 12.91 -12
      vertex -18.25 12.9 -2
      vertex -18.25 12.9 -12
    endloop
  endfacet
  facet normal 0 -0.707107 0.707107
    outer loop
      vertex 10.5 13.41 -12
      vertex 12.75 15.41 -10
      vertex 10.5 15.41 -10
    endloop
  endfacet
  facet normal 0 -0.707107 0.707107
    outer loop
      vertex 14.25 13.41 -12
      vertex 12.75 15.41 -10
      vertex 10.5 13.41 -12
    endloop
  endfacet
  facet normal 0 -0.707107 0.707107
    outer loop
      vertex 12.75 15.41 -10
      vertex 14.25 13.41 -12
      vertex 14.25 13.91 -11.5
    endloop
  endfacet
  facet normal 0 -0.707107 0.707107
    outer loop
      vertex -13.5 13.41 -12
      vertex -15.76 15.4 -10.01
      vertex -17.75 13.41 -12
    endloop
  endfacet
  facet normal 0 -0.707107 0.707107
    outer loop
      vertex -15.76 15.4 -10.01
      vertex -13.5 13.41 -12
      vertex -13.5 15.4 -10.01
    endloop
  endfacet
  facet normal 0 0 -1
    outer loop
      vertex 10.25 12.9 -1.5
      vertex 14.25 12.91 -1.5
      vertex 14.25 12.9 -1.5
    endloop
  endfacet
  facet normal -0 0 -1
    outer loop
      vertex 14.25 12.91 -1.5
      vertex 10.25 12.9 -1.5
      vertex 10.25 12.91 -1.5
    endloop
  endfacet
  facet normal 0 -0.707107 -0.707107
    outer loop
      vertex 10.25 15.4 -3.99
      vertex 10.25 13.41 -2
      vertex 9.75 13.41 -2
    endloop
  endfacet
  facet normal -0 -0.707107 -0.707107
    outer loop
      vertex 10.25 15.4 -3.99
      vertex 9.75 13.41 -2
      vertex 9.75 15.4 -3.99
    endloop
  endfacet
  facet normal 0 -0.707107 -0.707107
    outer loop
      vertex 10.25 13.41 -2
      vertex 10.25 15.4 -3.99
      vertex 12.75 15.41 -4
    endloop
  endfacet
  facet normal -0 -0.707107 -0.707107
    outer loop
      vertex 12.75 15.41 -4
      vertex 10.25 15.4 -3.99
      vertex 10.25 15.41 -4
    endloop
  endfacet
  facet normal 0 -0.707107 -0.707107
    outer loop
      vertex 10.25 13.41 -2
      vertex 12.75 15.41 -4
      vertex 14.25 13.91 -2.5
    endloop
  endfacet
  facet normal 0 -0.707107 -0.707107
    outer loop
      vertex 10.25 13.41 -2
      vertex 14.25 12.91 -1.5
      vertex 10.25 12.91 -1.5
    endloop
  endfacet
  facet normal 0 -0.707107 -0.707107
    outer loop
      vertex 14.25 12.91 -1.5
      vertex 10.25 13.41 -2
      vertex 14.25 13.91 -2.5
    endloop
  endfacet
  facet normal 0 -0.707107 -0.707107
    outer loop
      vertex -15.76 15.4 -3.99
      vertex -12.75 13.41 -2
      vertex -17.75 13.41 -2
    endloop
  endfacet
  facet normal 0 -0.707107 -0.707107
    outer loop
      vertex -12.75 13.41 -2
      vertex -15.76 15.4 -3.99
      vertex -12.75 15.4 -3.99
    endloop
  endfacet
  facet normal 0 1 0
    outer loop
      vertex -13.5 12.9 -10
      vertex -13.5 12.9 -12
      vertex -15.75 12.9 -10
    endloop
  endfacet
  facet normal 0 1 0
    outer loop
      vertex -15.75 12.9 -4
      vertex -12.75 12.9 -2
      vertex -12.75 12.9 -4
    endloop
  endfacet
  facet normal 0 1 0
    outer loop
      vertex -12.75 12.9 -2
      vertex -15.75 12.9 -4
      vertex -18.25 12.9 -2
    endloop
  endfacet
  facet normal 0 1 -0
    outer loop
      vertex -15.75 12.9 -10
      vertex -18.25 12.9 -2
      vertex -15.75 12.9 -4
    endloop
  endfacet
  facet normal 0 1 0
    outer loop
      vertex -15.75 12.9 -10
      vertex -18.25 12.9 -12
      vertex -18.25 12.9 -2
    endloop
  endfacet
  facet normal 0 1 0
    outer loop
      vertex -18.25 12.9 -12
      vertex -15.75 12.9 -10
      vertex -13.5 12.9 -12
    endloop
  endfacet
  facet normal 0 1 0
    outer loop
      vertex 14.25 12.9 -1.5
      vertex 10.25 12.9 -2
      vertex 10.25 12.9 -1.5
    endloop
  endfacet
  facet normal 0 1 0
    outer loop
      vertex 9.75 12.9 -4
      vertex 10.25 12.9 -2
      vertex 12.75 12.9 -4
    endloop
  endfacet
  facet normal 0 1 0
    outer loop
      vertex 14.25 12.9 -1.5
      vertex 12.75 12.9 -4
      vertex 10.25 12.9 -2
    endloop
  endfacet
  facet normal 0 1 -0
    outer loop
      vertex 14.25 12.9 -12
      vertex 12.75 12.9 -4
      vertex 14.25 12.9 -1.5
    endloop
  endfacet
  facet normal 0 1 0
    outer loop
      vertex 12.75 12.9 -4
      vertex 14.25 12.9 -12
      vertex 12.75 12.9 -10
    endloop
  endfacet
  facet normal 0 1 0
    outer loop
      vertex 10.5 12.9 -12
      vertex 12.75 12.9 -10
      vertex 14.25 12.9 -12
    endloop
  endfacet
  facet normal 0 1 0
    outer loop
      vertex 12.75 12.9 -10
      vertex 10.5 12.9 -12
      vertex 10.5 12.9 -10
    endloop
  endfacet
  facet normal 0 1 0
    outer loop
      vertex 10.25 12.9 -2
      vertex 9.75 12.9 -4
      vertex 9.75 12.9 -2
    endloop
  endfacet
  facet normal -0.707107 -0.707107 0
    outer loop
      vertex 14.25 13.91 -11.5
      vertex 12.75 15.41 -4
      vertex 12.75 15.41 -10
    endloop
  endfacet
  facet normal -0.707107 -0.707107 0
    outer loop
      vertex 12.75 15.41 -4
      vertex 14.25 13.91 -11.5
      vertex 14.25 13.91 -2.5
    endloop
  endfacet
  facet normal -1 0 0
    outer loop
      vertex 9.75 -9.4 -4
      vertex 9.75 12.9 -2
      vertex 9.75 12.9 -4
    endloop
  endfacet
  facet normal -1 -0 0
    outer loop
      vertex 9.75 12.9 -2
      vertex 9.75 -9.4 -4
      vertex 9.75 -9.4 -2
    endloop
  endfacet
  facet normal -1 -0 -0
    outer loop
      vertex 9.75 15.4 -2
      vertex 9.75 15.4 -3.99
      vertex 9.75 13.41 -2
    endloop
  endfacet
  facet normal 1 -0 0
    outer loop
      vertex -12.75 -9.4 -2
      vertex -12.75 12.9 -4
      vertex -12.75 12.9 -2
    endloop
  endfacet
  facet normal 1 0 0
    outer loop
      vertex -12.75 12.9 -4
      vertex -12.75 -9.4 -2
      vertex -12.75 -9.4 -4
    endloop
  endfacet
  facet normal 1 0 -0
    outer loop
      vertex -12.75 15.4 -3.99
      vertex -12.75 15.4 -2
      vertex -12.75 13.41 -2
    endloop
  endfacet
  facet normal 0 1 -0
    outer loop
      vertex 9.75 -9.4 -4
      vertex -12.75 -9.4 -2
      vertex 9.75 -9.4 -2
    endloop
  endfacet
  facet normal 0 1 0
    outer loop
      vertex -12.75 -9.4 -2
      vertex 9.75 -9.4 -4
      vertex -12.75 -9.4 -4
    endloop
  endfacet
  facet normal -1 0 0
    outer loop
      vertex 10.5 12.9 -12
      vertex 10.5 11.3503 -10
      vertex 10.5 12.9 -10
    endloop
  endfacet
  facet normal -1 0 0
    outer loop
      vertex 10.5 12.9 -12
      vertex 10.5 9.44973 -10
      vertex 10.5 11.3503 -10
    endloop
  endfacet
  facet normal -1 0 0
    outer loop
      vertex 10.5 -9 -12
      vertex 10.5 9.44973 -10
      vertex 10.5 12.9 -12
    endloop
  endfacet
  facet normal -1 -0 0
    outer loop
      vertex 10.5 9.44973 -10
      vertex 10.5 -9 -12
      vertex 10.5 -9 -10
    endloop
  endfacet
  facet normal -1 0 0
    outer loop
      vertex 10.5 20 -12
      vertex 10.5 15.41 -10
      vertex 10.5 20 -10
    endloop
  endfacet
  facet normal -1 0 -0
    outer loop
      vertex 10.5 15.41 -10
      vertex 10.5 20 -12
      vertex 10.5 13.41 -12
    endloop
  endfacet
  facet normal 1 0 -0
    outer loop
      vertex -13.5 15.4 -12
      vertex -13.5 15.4 -10.01
      vertex -13.5 13.41 -12
    endloop
  endfacet
  facet normal 1 -0 0
    outer loop
      vertex -13.5 11.3503 -10
      vertex -13.5 12.9 -12
      vertex -13.5 12.9 -10
    endloop
  endfacet
  facet normal 1 -0 0
    outer loop
      vertex -13.5 9.44973 -10
      vertex -13.5 12.9 -12
      vertex -13.5 11.3503 -10
    endloop
  endfacet
  facet normal 1 0 0
    outer loop
      vertex -13.5 -9 -12
      vertex -13.5 9.44973 -10
      vertex -13.5 -9 -10
    endloop
  endfacet
  facet normal 1 0 0
    outer loop
      vertex -13.5 9.44973 -10
      vertex -13.5 -9 -12
      vertex -13.5 12.9 -12
    endloop
  endfacet
  facet normal 0 1 -0
    outer loop
      vertex 10.5 -9 -12
      vertex -13.5 -9 -10
      vertex 10.5 -9 -10
    endloop
  endfacet
  facet normal 0 1 0
    outer loop
      vertex -13.5 -9 -10
      vertex 10.5 -9 -12
      vertex -13.5 -9 -12
    endloop
  endfacet
  facet normal -0.195081 -0.980787 0
    outer loop
      vertex -14.1327 9.47612 -10
      vertex -13.75 9.4 -8.5
      vertex -14.1327 9.47612 -8.5
    endloop
  endfacet
  facet normal -0.195081 -0.980787 -0
    outer loop
      vertex -13.75 9.4 -8.5
      vertex -14.1327 9.47612 -10
      vertex -13.75 9.4 -10
    endloop
  endfacet
  facet normal 0.831419 0.555646 0
    outer loop
      vertex -12.8261 10.7827 -8.5
      vertex -13.0429 11.1071 -10
      vertex -13.0429 11.1071 -8.5
    endloop
  endfacet
  facet normal 0.831419 0.555646 0
    outer loop
      vertex -13.0429 11.1071 -10
      vertex -12.8261 10.7827 -8.5
      vertex -12.8261 10.7827 -10
    endloop
  endfacet
  facet normal 0.980797 0.195032 0
    outer loop
      vertex -12.75 10.4 -8.5
      vertex -12.8261 10.7827 -10
      vertex -12.8261 10.7827 -8.5
    endloop
  endfacet
  facet normal 0.980797 0.195032 0
    outer loop
      vertex -12.8261 10.7827 -10
      vertex -12.75 10.4 -8.5
      vertex -12.75 10.4 -10
    endloop
  endfacet
  facet normal 0.555646 0.831419 -0
    outer loop
      vertex -13.0429 11.1071 -10
      vertex -13.3673 11.3239 -8.5
      vertex -13.0429 11.1071 -8.5
    endloop
  endfacet
  facet normal 0.555646 0.831419 0
    outer loop
      vertex -13.3673 11.3239 -8.5
      vertex -13.0429 11.1071 -10
      vertex -13.3673 11.3239 -10
    endloop
  endfacet
  facet normal 0.831427 -0.555634 0
    outer loop
      vertex -13.0429 9.69289 -8.5
      vertex -12.8261 10.0173 -10
      vertex -12.8261 10.0173 -8.5
    endloop
  endfacet
  facet normal 0.831427 -0.555634 0
    outer loop
      vertex -12.8261 10.0173 -10
      vertex -13.0429 9.69289 -8.5
      vertex -13.0429 9.69289 -10
    endloop
  endfacet
  facet normal 0.555593 -0.831454 0
    outer loop
      vertex -13.3673 9.47612 -10
      vertex -13.0429 9.69289 -8.5
      vertex -13.3673 9.47612 -8.5
    endloop
  endfacet
  facet normal 0.555593 -0.831454 0
    outer loop
      vertex -13.0429 9.69289 -8.5
      vertex -13.3673 9.47612 -10
      vertex -13.0429 9.69289 -10
    endloop
  endfacet
  facet normal -0.980797 -0.195032 0
    outer loop
      vertex -14.6739 10.0173 -10
      vertex -14.75 10.4 -8.5
      vertex -14.75 10.4 -10
    endloop
  endfacet
  facet normal -0.980797 -0.195032 0
    outer loop
      vertex -14.75 10.4 -8.5
      vertex -14.6739 10.0173 -10
      vertex -14.6739 10.0173 -8.5
    endloop
  endfacet
  facet normal -0.555646 0.831419 0
    outer loop
      vertex -14.1327 11.3239 -10
      vertex -14.4571 11.1071 -8.5
      vertex -14.1327 11.3239 -8.5
    endloop
  endfacet
  facet normal -0.555646 0.831419 0
    outer loop
      vertex -14.4571 11.1071 -8.5
      vertex -14.1327 11.3239 -10
      vertex -14.4571 11.1071 -10
    endloop
  endfacet
  facet normal -0.831419 0.555646 0
    outer loop
      vertex -14.6739 10.7827 -10
      vertex -14.4571 11.1071 -8.5
      vertex -14.4571 11.1071 -10
    endloop
  endfacet
  facet normal -0.831419 0.555646 0
    outer loop
      vertex -14.4571 11.1071 -8.5
      vertex -14.6739 10.7827 -10
      vertex -14.6739 10.7827 -8.5
    endloop
  endfacet
  facet normal -0.195032 0.980797 0
    outer loop
      vertex -13.75 11.4 -10
      vertex -14.1327 11.3239 -8.5
      vertex -13.75 11.4 -8.5
    endloop
  endfacet
  facet normal -0.195032 0.980797 0
    outer loop
      vertex -14.1327 11.3239 -8.5
      vertex -13.75 11.4 -10
      vertex -14.1327 11.3239 -10
    endloop
  endfacet
  facet normal 0.980797 -0.195032 0
    outer loop
      vertex -12.8261 10.0173 -8.5
      vertex -12.75 10.4 -10
      vertex -12.75 10.4 -8.5
    endloop
  endfacet
  facet normal 0.980797 -0.195032 0
    outer loop
      vertex -12.75 10.4 -10
      vertex -12.8261 10.0173 -8.5
      vertex -12.8261 10.0173 -10
    endloop
  endfacet
  facet normal 0.195098 -0.980784 0
    outer loop
      vertex -13.5 9.44973 -10
      vertex -13.75 9.4 -8.5
      vertex -13.75 9.4 -10
    endloop
  endfacet
  facet normal 0.195081 -0.980787 -2.85497e-06
    outer loop
      vertex -13.75 9.4 -8.5
      vertex -13.5 9.44973 -10
      vertex -13.3673 9.47612 -8.5
    endloop
  endfacet
  facet normal 0.19505 -0.980793 0
    outer loop
      vertex -13.3673 9.47612 -8.5
      vertex -13.5 9.44973 -10
      vertex -13.3673 9.47612 -10
    endloop
  endfacet
  facet normal 0 0 1
    outer loop
      vertex -12.8261 10.7827 -8.5
      vertex -12.8261 10.0173 -8.5
      vertex -12.75 10.4 -8.5
    endloop
  endfacet
  facet normal 0 0 1
    outer loop
      vertex -13.0429 11.1071 -8.5
      vertex -12.8261 10.0173 -8.5
      vertex -12.8261 10.7827 -8.5
    endloop
  endfacet
  facet normal 0 0 1
    outer loop
      vertex -13.0429 11.1071 -8.5
      vertex -13.0429 9.69289 -8.5
      vertex -12.8261 10.0173 -8.5
    endloop
  endfacet
  facet normal 0 0 1
    outer loop
      vertex -13.3673 11.3239 -8.5
      vertex -13.0429 9.69289 -8.5
      vertex -13.0429 11.1071 -8.5
    endloop
  endfacet
  facet normal 0 0 1
    outer loop
      vertex -13.3673 11.3239 -8.5
      vertex -13.3673 9.47612 -8.5
      vertex -13.0429 9.69289 -8.5
    endloop
  endfacet
  facet normal 0 0 1
    outer loop
      vertex -13.75 11.4 -8.5
      vertex -13.3673 9.47612 -8.5
      vertex -13.3673 11.3239 -8.5
    endloop
  endfacet
  facet normal 0 0 1
    outer loop
      vertex -13.75 11.4 -8.5
      vertex -13.75 9.4 -8.5
      vertex -13.3673 9.47612 -8.5
    endloop
  endfacet
  facet normal -0 0 1
    outer loop
      vertex -14.1327 11.3239 -8.5
      vertex -13.75 9.4 -8.5
      vertex -13.75 11.4 -8.5
    endloop
  endfacet
  facet normal 0 0 1
    outer loop
      vertex -14.1327 11.3239 -8.5
      vertex -14.1327 9.47612 -8.5
      vertex -13.75 9.4 -8.5
    endloop
  endfacet
  facet normal -0 0 1
    outer loop
      vertex -14.4571 11.1071 -8.5
      vertex -14.1327 9.47612 -8.5
      vertex -14.1327 11.3239 -8.5
    endloop
  endfacet
  facet normal 0 0 1
    outer loop
      vertex -14.4571 11.1071 -8.5
      vertex -14.4571 9.69289 -8.5
      vertex -14.1327 9.47612 -8.5
    endloop
  endfacet
  facet normal -0 0 1
    outer loop
      vertex -14.6739 10.7827 -8.5
      vertex -14.4571 9.69289 -8.5
      vertex -14.4571 11.1071 -8.5
    endloop
  endfacet
  facet normal 0 0 1
    outer loop
      vertex -14.6739 10.7827 -8.5
      vertex -14.6739 10.0173 -8.5
      vertex -14.4571 9.69289 -8.5
    endloop
  endfacet
  facet normal 0 -0 1
    outer loop
      vertex -14.6739 10.0173 -8.5
      vertex -14.6739 10.7827 -8.5
      vertex -14.75 10.4 -8.5
    endloop
  endfacet
  facet normal -0.980797 0.195032 0
    outer loop
      vertex -14.75 10.4 -10
      vertex -14.6739 10.7827 -8.5
      vertex -14.6739 10.7827 -10
    endloop
  endfacet
  facet normal -0.980797 0.195032 0
    outer loop
      vertex -14.6739 10.7827 -8.5
      vertex -14.75 10.4 -10
      vertex -14.75 10.4 -8.5
    endloop
  endfacet
  facet normal 0.195121 0.980779 0
    outer loop
      vertex -13.5 11.3503 -10
      vertex -13.3673 11.3239 -8.5
      vertex -13.3673 11.3239 -10
    endloop
  endfacet
  facet normal 0.195032 0.980797 8.21816e-06
    outer loop
      vertex -13.3673 11.3239 -8.5
      vertex -13.5 11.3503 -10
      vertex -13.75 11.4 -8.5
    endloop
  endfacet
  facet normal 0.194984 0.980806 0
    outer loop
      vertex -13.75 11.4 -8.5
      vertex -13.5 11.3503 -10
      vertex -13.75 11.4 -10
    endloop
  endfacet
  facet normal -0.555593 -0.831454 0
    outer loop
      vertex -14.4571 9.69289 -10
      vertex -14.1327 9.47612 -8.5
      vertex -14.4571 9.69289 -8.5
    endloop
  endfacet
  facet normal -0.555593 -0.831454 -0
    outer loop
      vertex -14.1327 9.47612 -8.5
      vertex -14.4571 9.69289 -10
      vertex -14.1327 9.47612 -10
    endloop
  endfacet
  facet normal -0.831427 -0.555634 0
    outer loop
      vertex -14.4571 9.69289 -10
      vertex -14.6739 10.0173 -8.5
      vertex -14.6739 10.0173 -10
    endloop
  endfacet
  facet normal -0.831427 -0.555634 0
    outer loop
      vertex -14.6739 10.0173 -8.5
      vertex -14.4571 9.69289 -10
      vertex -14.4571 9.69289 -8.5
    endloop
  endfacet
  facet normal 0.831419 0.555646 0
    outer loop
      vertex 11.6739 10.7827 -8.5
      vertex 11.4571 11.1071 -10
      vertex 11.4571 11.1071 -8.5
    endloop
  endfacet
  facet normal 0.831419 0.555646 0
    outer loop
      vertex 11.4571 11.1071 -10
      vertex 11.6739 10.7827 -8.5
      vertex 11.6739 10.7827 -10
    endloop
  endfacet
  facet normal 0.980797 0.195032 0
    outer loop
      vertex 11.75 10.4 -8.5
      vertex 11.6739 10.7827 -10
      vertex 11.6739 10.7827 -8.5
    endloop
  endfacet
  facet normal 0.980797 0.195032 0
    outer loop
      vertex 11.6739 10.7827 -10
      vertex 11.75 10.4 -8.5
      vertex 11.75 10.4 -10
    endloop
  endfacet
  facet normal 0.555646 0.831419 -0
    outer loop
      vertex 11.4571 11.1071 -10
      vertex 11.1327 11.3239 -8.5
      vertex 11.4571 11.1071 -8.5
    endloop
  endfacet
  facet normal 0.555646 0.831419 0
    outer loop
      vertex 11.1327 11.3239 -8.5
      vertex 11.4571 11.1071 -10
      vertex 11.1327 11.3239 -10
    endloop
  endfacet
  facet normal -0.980787 -0.195081 0
    outer loop
      vertex 9.82612 10.0173 -10
      vertex 9.75 10.4 -8.5
      vertex 9.75 10.4 -10
    endloop
  endfacet
  facet normal -0.980787 -0.195081 0
    outer loop
      vertex 9.75 10.4 -8.5
      vertex 9.82612 10.0173 -10
      vertex 9.82612 10.0173 -8.5
    endloop
  endfacet
  facet normal 0.555593 -0.831454 0
    outer loop
      vertex 11.1327 9.47612 -10
      vertex 11.4571 9.69289 -8.5
      vertex 11.1327 9.47612 -8.5
    endloop
  endfacet
  facet normal 0.555593 -0.831454 0
    outer loop
      vertex 11.4571 9.69289 -8.5
      vertex 11.1327 9.47612 -10
      vertex 11.4571 9.69289 -10
    endloop
  endfacet
  facet normal -0.831443 0.555611 0
    outer loop
      vertex 9.82612 10.7827 -10
      vertex 10.0429 11.1071 -8.5
      vertex 10.0429 11.1071 -10
    endloop
  endfacet
  facet normal -0.831443 0.555611 0
    outer loop
      vertex 10.0429 11.1071 -8.5
      vertex 9.82612 10.7827 -10
      vertex 9.82612 10.7827 -8.5
    endloop
  endfacet
  facet normal 0.831427 -0.555634 0
    outer loop
      vertex 11.4571 9.69289 -8.5
      vertex 11.6739 10.0173 -10
      vertex 11.6739 10.0173 -8.5
    endloop
  endfacet
  facet normal 0.831427 -0.555634 0
    outer loop
      vertex 11.6739 10.0173 -10
      vertex 11.4571 9.69289 -8.5
      vertex 11.4571 9.69289 -10
    endloop
  endfacet
  facet normal -0.19505 -0.980793 0
    outer loop
      vertex 10.5 9.44973 -10
      vertex 10.3673 9.47612 -8.5
      vertex 10.3673 9.47612 -10
    endloop
  endfacet
  facet normal -0.195081 -0.980787 -2.85497e-06
    outer loop
      vertex 10.3673 9.47612 -8.5
      vertex 10.5 9.44973 -10
      vertex 10.75 9.4 -8.5
    endloop
  endfacet
  facet normal -0.195098 -0.980784 -0
    outer loop
      vertex 10.75 9.4 -8.5
      vertex 10.5 9.44973 -10
      vertex 10.75 9.4 -10
    endloop
  endfacet
  facet normal -0.194984 0.980806 0
    outer loop
      vertex 10.5 11.3503 -10
      vertex 10.75 11.4 -8.5
      vertex 10.75 11.4 -10
    endloop
  endfacet
  facet normal -0.195032 0.980797 8.21816e-06
    outer loop
      vertex 10.75 11.4 -8.5
      vertex 10.5 11.3503 -10
      vertex 10.3673 11.3239 -8.5
    endloop
  endfacet
  facet normal -0.195121 0.980779 0
    outer loop
      vertex 10.3673 11.3239 -8.5
      vertex 10.5 11.3503 -10
      vertex 10.3673 11.3239 -10
    endloop
  endfacet
  facet normal 0.980797 -0.195032 0
    outer loop
      vertex 11.6739 10.0173 -8.5
      vertex 11.75 10.4 -10
      vertex 11.75 10.4 -8.5
    endloop
  endfacet
  facet normal 0.980797 -0.195032 0
    outer loop
      vertex 11.75 10.4 -10
      vertex 11.6739 10.0173 -8.5
      vertex 11.6739 10.0173 -10
    endloop
  endfacet
  facet normal -0.83145 -0.555599 0
    outer loop
      vertex 10.0429 9.69289 -10
      vertex 9.82612 10.0173 -8.5
      vertex 9.82612 10.0173 -10
    endloop
  endfacet
  facet normal -0.83145 -0.555599 0
    outer loop
      vertex 9.82612 10.0173 -8.5
      vertex 10.0429 9.69289 -10
      vertex 10.0429 9.69289 -8.5
    endloop
  endfacet
  facet normal 0.195081 -0.980787 0
    outer loop
      vertex 10.75 9.4 -10
      vertex 11.1327 9.47612 -8.5
      vertex 10.75 9.4 -8.5
    endloop
  endfacet
  facet normal 0.195081 -0.980787 0
    outer loop
      vertex 11.1327 9.47612 -8.5
      vertex 10.75 9.4 -10
      vertex 11.1327 9.47612 -10
    endloop
  endfacet
  facet normal -0.980787 0.195081 0
    outer loop
      vertex 9.75 10.4 -10
      vertex 9.82612 10.7827 -8.5
      vertex 9.82612 10.7827 -10
    endloop
  endfacet
  facet normal -0.980787 0.195081 0
    outer loop
      vertex 9.82612 10.7827 -8.5
      vertex 9.75 10.4 -10
      vertex 9.75 10.4 -8.5
    endloop
  endfacet
  facet normal 0.195032 0.980797 -0
    outer loop
      vertex 11.1327 11.3239 -10
      vertex 10.75 11.4 -8.5
      vertex 11.1327 11.3239 -8.5
    endloop
  endfacet
  facet normal 0.195032 0.980797 0
    outer loop
      vertex 10.75 11.4 -8.5
      vertex 11.1327 11.3239 -10
      vertex 10.75 11.4 -10
    endloop
  endfacet
  facet normal -0.555646 0.831419 0
    outer loop
      vertex 10.3673 11.3239 -10
      vertex 10.0429 11.1071 -8.5
      vertex 10.3673 11.3239 -8.5
    endloop
  endfacet
  facet normal -0.555646 0.831419 0
    outer loop
      vertex 10.0429 11.1071 -8.5
      vertex 10.3673 11.3239 -10
      vertex 10.0429 11.1071 -10
    endloop
  endfacet
  facet normal 0 0 1
    outer loop
      vertex 11.6739 10.7827 -8.5
      vertex 11.6739 10.0173 -8.5
      vertex 11.75 10.4 -8.5
    endloop
  endfacet
  facet normal 0 0 1
    outer loop
      vertex 11.4571 11.1071 -8.5
      vertex 11.6739 10.0173 -8.5
      vertex 11.6739 10.7827 -8.5
    endloop
  endfacet
  facet normal 0 0 1
    outer loop
      vertex 11.4571 11.1071 -8.5
      vertex 11.4571 9.69289 -8.5
      vertex 11.6739 10.0173 -8.5
    endloop
  endfacet
  facet normal 0 0 1
    outer loop
      vertex 11.1327 11.3239 -8.5
      vertex 11.4571 9.69289 -8.5
      vertex 11.4571 11.1071 -8.5
    endloop
  endfacet
  facet normal 0 0 1
    outer loop
      vertex 11.1327 11.3239 -8.5
      vertex 11.1327 9.47612 -8.5
      vertex 11.4571 9.69289 -8.5
    endloop
  endfacet
  facet normal 0 0 1
    outer loop
      vertex 10.75 11.4 -8.5
      vertex 11.1327 9.47612 -8.5
      vertex 11.1327 11.3239 -8.5
    endloop
  endfacet
  facet normal 0 0 1
    outer loop
      vertex 10.75 11.4 -8.5
      vertex 10.75 9.4 -8.5
      vertex 11.1327 9.47612 -8.5
    endloop
  endfacet
  facet normal -0 0 1
    outer loop
      vertex 10.3673 11.3239 -8.5
      vertex 10.75 9.4 -8.5
      vertex 10.75 11.4 -8.5
    endloop
  endfacet
  facet normal 0 0 1
    outer loop
      vertex 10.3673 11.3239 -8.5
      vertex 10.3673 9.47612 -8.5
      vertex 10.75 9.4 -8.5
    endloop
  endfacet
  facet normal -0 0 1
    outer loop
      vertex 10.0429 11.1071 -8.5
      vertex 10.3673 9.47612 -8.5
      vertex 10.3673 11.3239 -8.5
    endloop
  endfacet
  facet normal 0 0 1
    outer loop
      vertex 10.0429 11.1071 -8.5
      vertex 10.0429 9.69289 -8.5
      vertex 10.3673 9.47612 -8.5
    endloop
  endfacet
  facet normal -0 0 1
    outer loop
      vertex 9.82612 10.7827 -8.5
      vertex 10.0429 9.69289 -8.5
      vertex 10.0429 11.1071 -8.5
    endloop
  endfacet
  facet normal 0 0 1
    outer loop
      vertex 9.82612 10.7827 -8.5
      vertex 9.82612 10.0173 -8.5
      vertex 10.0429 9.69289 -8.5
    endloop
  endfacet
  facet normal 0 -0 1
    outer loop
      vertex 9.82612 10.0173 -8.5
      vertex 9.82612 10.7827 -8.5
      vertex 9.75 10.4 -8.5
    endloop
  endfacet
  facet normal -0.555593 -0.831454 0
    outer loop
      vertex 10.0429 9.69289 -10
      vertex 10.3673 9.47612 -8.5
      vertex 10.0429 9.69289 -8.5
    endloop
  endfacet
  facet normal -0.555593 -0.831454 -0
    outer loop
      vertex 10.3673 9.47612 -8.5
      vertex 10.0429 9.69289 -10
      vertex 10.3673 9.47612 -10
    endloop
  endfacet
endsolid OpenSCAD_Model
