solid OpenSCAD_Model
  facet normal 0 0.751787 -0.659406
    outer loop
      vertex -10.25 29.2426 -14.2426
      vertex -14.25 29.7601 -13.6526
      vertex -10.25 29.7601 -13.6526
    endloop
  endfacet
  facet normal 0 0.751787 -0.659406
    outer loop
      vertex -14.25 29.7601 -13.6526
      vertex -10.25 29.2426 -14.2426
      vertex -14.25 29.2426 -14.2426
    endloop
  endfacet
  facet normal 0 0 1
    outer loop
      vertex 25 32 24.25
      vertex 21.0767 19.4435 24.25
      vertex 25 -40 24.25
    endloop
  endfacet
  facet normal 0 0 1
    outer loop
      vertex 25 -40 24.25
      vertex 21.1316 -29.7194 24.25
      vertex 21.15 -30 24.25
    endloop
  endfacet
  facet normal -0 0 1
    outer loop
      vertex 21.0767 -29.4435 24.25
      vertex 25 -40 24.25
      vertex 21.0767 19.4435 24.25
    endloop
  endfacet
  facet normal 0 0 1
    outer loop
      vertex 25 -40 24.25
      vertex 21.0767 -29.4435 24.25
      vertex 21.1316 -29.7194 24.25
    endloop
  endfacet
  facet normal -0 0 1
    outer loop
      vertex 20.9863 19.1772 24.25
      vertex 21.0767 -29.4435 24.25
      vertex 21.0767 19.4435 24.25
    endloop
  endfacet
  facet normal 0 0 1
    outer loop
      vertex 20.9863 19.1772 24.25
      vertex 20.9863 -29.1772 24.25
      vertex 21.0767 -29.4435 24.25
    endloop
  endfacet
  facet normal -0 0 1
    outer loop
      vertex 20.862 18.925 24.25
      vertex 20.9863 -29.1772 24.25
      vertex 20.9863 19.1772 24.25
    endloop
  endfacet
  facet normal 0 0 1
    outer loop
      vertex 20.862 18.925 24.25
      vertex 20.862 -28.925 24.25
      vertex 20.9863 -29.1772 24.25
    endloop
  endfacet
  facet normal -0 0 1
    outer loop
      vertex 20.7057 18.6912 24.25
      vertex 20.862 -28.925 24.25
      vertex 20.862 18.925 24.25
    endloop
  endfacet
  facet normal 0 0 1
    outer loop
      vertex 20.7057 18.6912 24.25
      vertex 20.7057 -28.6912 24.25
      vertex 20.862 -28.925 24.25
    endloop
  endfacet
  facet normal -0 0 1
    outer loop
      vertex 20.5203 18.4797 24.25
      vertex 20.7057 -28.6912 24.25
      vertex 20.7057 18.6912 24.25
    endloop
  endfacet
  facet normal 0 0 1
    outer loop
      vertex 20.5203 18.4797 24.25
      vertex 20.5203 -28.4797 24.25
      vertex 20.7057 -28.6912 24.25
    endloop
  endfacet
  facet normal -0 0 1
    outer loop
      vertex 20.3088 18.2943 24.25
      vertex 20.5203 -28.4797 24.25
      vertex 20.5203 18.4797 24.25
    endloop
  endfacet
  facet normal 0 0 1
    outer loop
      vertex 20.3088 18.2943 24.25
      vertex 20.3088 -28.2943 24.25
      vertex 20.5203 -28.4797 24.25
    endloop
  endfacet
  facet normal -0 0 1
    outer loop
      vertex 20.075 18.138 24.25
      vertex 20.3088 -28.2943 24.25
      vertex 20.3088 18.2943 24.25
    endloop
  endfacet
  facet normal 0 0 1
    outer loop
      vertex 20.075 18.138 24.25
      vertex 20.075 -28.138 24.25
      vertex 20.3088 -28.2943 24.25
    endloop
  endfacet
  facet normal -0 0 1
    outer loop
      vertex 19.8228 18.0137 24.25
      vertex 20.075 -28.138 24.25
      vertex 20.075 18.138 24.25
    endloop
  endfacet
  facet normal 0 0 1
    outer loop
      vertex 19.8228 18.0137 24.25
      vertex 19.8228 -28.0137 24.25
      vertex 20.075 -28.138 24.25
    endloop
  endfacet
  facet normal -0 0 1
    outer loop
      vertex 19.5565 17.9233 24.25
      vertex 19.8228 -28.0137 24.25
      vertex 19.8228 18.0137 24.25
    endloop
  endfacet
  facet normal 0 0 1
    outer loop
      vertex 19.5565 17.9233 24.25
      vertex 19.5565 -27.9233 24.25
      vertex 19.8228 -28.0137 24.25
    endloop
  endfacet
  facet normal 0 0 1
    outer loop
      vertex 2.72647 -4.64105 24.25
      vertex 19.5565 17.9233 24.25
      vertex 19.2806 17.8684 24.25
    endloop
  endfacet
  facet normal 0 0 1
    outer loop
      vertex 19.5565 17.9233 24.25
      vertex 2.75 -5 24.25
      vertex 19.5565 -27.9233 24.25
    endloop
  endfacet
  facet normal 0 0 1
    outer loop
      vertex 2.6563 -4.28825 24.25
      vertex 19.2806 17.8684 24.25
      vertex 19 17.85 24.25
    endloop
  endfacet
  facet normal -0 0 1
    outer loop
      vertex 2.72647 -5.35895 24.25
      vertex 19.5565 -27.9233 24.25
      vertex 2.75 -5 24.25
    endloop
  endfacet
  facet normal 0 0 1
    outer loop
      vertex 2.54067 -3.94762 24.25
      vertex 19 17.85 24.25
      vertex 18.7194 17.8684 24.25
    endloop
  endfacet
  facet normal 0 0 1
    outer loop
      vertex 19.5565 -27.9233 24.25
      vertex 2.72647 -5.35895 24.25
      vertex 19.2806 -27.8684 24.25
    endloop
  endfacet
  facet normal 0 0 1
    outer loop
      vertex 2.38157 -3.625 24.25
      vertex 18.7194 17.8684 24.25
      vertex 18.4435 17.9233 24.25
    endloop
  endfacet
  facet normal -0 0 1
    outer loop
      vertex 2.6563 -5.71175 24.25
      vertex 19.2806 -27.8684 24.25
      vertex 2.72647 -5.35895 24.25
    endloop
  endfacet
  facet normal 0 0 1
    outer loop
      vertex 2.18172 -3.32591 24.25
      vertex 18.4435 17.9233 24.25
      vertex 18.1772 18.0137 24.25
    endloop
  endfacet
  facet normal 0 0 1
    outer loop
      vertex 19.2806 -27.8684 24.25
      vertex 2.6563 -5.71175 24.25
      vertex 19 -27.85 24.25
    endloop
  endfacet
  facet normal 0 0 1
    outer loop
      vertex 1.94454 -3.05546 24.25
      vertex 18.1772 18.0137 24.25
      vertex 17.925 18.138 24.25
    endloop
  endfacet
  facet normal -0 0 1
    outer loop
      vertex 2.54067 -6.05238 24.25
      vertex 19 -27.85 24.25
      vertex 2.6563 -5.71175 24.25
    endloop
  endfacet
  facet normal 0 0 1
    outer loop
      vertex 1.67409 -2.81828 24.25
      vertex 17.925 18.138 24.25
      vertex 17.6912 18.2943 24.25
    endloop
  endfacet
  facet normal 0 0 1
    outer loop
      vertex 19 -27.85 24.25
      vertex 2.54067 -6.05238 24.25
      vertex 18.7194 -27.8684 24.25
    endloop
  endfacet
  facet normal 0 0 1
    outer loop
      vertex 1.67409 -2.81828 24.25
      vertex 17.6912 18.2943 24.25
      vertex 17.4797 18.4797 24.25
    endloop
  endfacet
  facet normal -0 0 1
    outer loop
      vertex 2.38157 -6.375 24.25
      vertex 18.7194 -27.8684 24.25
      vertex 2.54067 -6.05238 24.25
    endloop
  endfacet
  facet normal 0 0 1
    outer loop
      vertex 1.375 -2.61843 24.25
      vertex 17.4797 18.4797 24.25
      vertex 17.2943 18.6912 24.25
    endloop
  endfacet
  facet normal 0 0 1
    outer loop
      vertex 18.7194 -27.8684 24.25
      vertex 2.38157 -6.375 24.25
      vertex 18.4435 -27.9233 24.25
    endloop
  endfacet
  facet normal 0 0 1
    outer loop
      vertex 1.05238 -2.45933 24.25
      vertex 17.2943 18.6912 24.25
      vertex 17.138 18.925 24.25
    endloop
  endfacet
  facet normal -0 0 1
    outer loop
      vertex 2.18172 -6.67409 24.25
      vertex 18.4435 -27.9233 24.25
      vertex 2.38157 -6.375 24.25
    endloop
  endfacet
  facet normal 0 0 1
    outer loop
      vertex 0.711752 -2.3437 24.25
      vertex 17.138 18.925 24.25
      vertex 17.0137 19.1772 24.25
    endloop
  endfacet
  facet normal 0 0 1
    outer loop
      vertex 18.4435 -27.9233 24.25
      vertex 2.18172 -6.67409 24.25
      vertex 18.1772 -28.0137 24.25
    endloop
  endfacet
  facet normal 0 0 1
    outer loop
      vertex 0.358947 -2.27353 24.25
      vertex 17.0137 19.1772 24.25
      vertex 16.9233 19.4435 24.25
    endloop
  endfacet
  facet normal -0 0 1
    outer loop
      vertex 1.94454 -6.94454 24.25
      vertex 18.1772 -28.0137 24.25
      vertex 2.18172 -6.67409 24.25
    endloop
  endfacet
  facet normal 0 0 1
    outer loop
      vertex 0 -2.25 24.25
      vertex 16.9233 19.4435 24.25
      vertex 16.8684 19.7194 24.25
    endloop
  endfacet
  facet normal 0 0 1
    outer loop
      vertex 18.1772 -28.0137 24.25
      vertex 1.94454 -6.94454 24.25
      vertex 17.925 -28.138 24.25
    endloop
  endfacet
  facet normal 0 0 1
    outer loop
      vertex -0.358947 -2.27353 24.25
      vertex 16.8684 19.7194 24.25
      vertex 16.85 20 24.25
    endloop
  endfacet
  facet normal -0 0 1
    outer loop
      vertex 1.67409 -7.18172 24.25
      vertex 17.925 -28.138 24.25
      vertex 1.94454 -6.94454 24.25
    endloop
  endfacet
  facet normal 0 0 1
    outer loop
      vertex 21.1316 19.7194 24.25
      vertex 25 32 24.25
      vertex 21.15 20 24.25
    endloop
  endfacet
  facet normal 0 0 1
    outer loop
      vertex 25 32 24.25
      vertex 21.1316 20.2806 24.25
      vertex 21.15 20 24.25
    endloop
  endfacet
  facet normal 0 0 1
    outer loop
      vertex 25 32 24.25
      vertex 21.0767 20.5565 24.25
      vertex 21.1316 20.2806 24.25
    endloop
  endfacet
  facet normal 0 0 1
    outer loop
      vertex 25 32 24.25
      vertex 20.9863 20.8228 24.25
      vertex 21.0767 20.5565 24.25
    endloop
  endfacet
  facet normal 0 0 1
    outer loop
      vertex 25 32 24.25
      vertex 20.862 21.075 24.25
      vertex 20.9863 20.8228 24.25
    endloop
  endfacet
  facet normal 0 0 1
    outer loop
      vertex 25 32 24.25
      vertex 20.7057 21.3088 24.25
      vertex 20.862 21.075 24.25
    endloop
  endfacet
  facet normal 0 0 1
    outer loop
      vertex 25 32 24.25
      vertex 20.5203 21.5203 24.25
      vertex 20.7057 21.3088 24.25
    endloop
  endfacet
  facet normal 0 0 1
    outer loop
      vertex 25 32 24.25
      vertex 20.3088 21.7057 24.25
      vertex 20.5203 21.5203 24.25
    endloop
  endfacet
  facet normal 0 0 1
    outer loop
      vertex 25 32 24.25
      vertex 20.075 21.862 24.25
      vertex 20.3088 21.7057 24.25
    endloop
  endfacet
  facet normal 0 0 1
    outer loop
      vertex 25 32 24.25
      vertex 19.8228 21.9863 24.25
      vertex 20.075 21.862 24.25
    endloop
  endfacet
  facet normal 0 0 1
    outer loop
      vertex 25 32 24.25
      vertex 19.5565 22.0767 24.25
      vertex 19.8228 21.9863 24.25
    endloop
  endfacet
  facet normal 0 0 1
    outer loop
      vertex 25 32 24.25
      vertex 19.2806 22.1316 24.25
      vertex 19.5565 22.0767 24.25
    endloop
  endfacet
  facet normal 0 0 1
    outer loop
      vertex 25 32 24.25
      vertex 19 22.15 24.25
      vertex 19.2806 22.1316 24.25
    endloop
  endfacet
  facet normal 0 0 1
    outer loop
      vertex 25 32 24.25
      vertex 18.7194 22.1316 24.25
      vertex 19 22.15 24.25
    endloop
  endfacet
  facet normal 0 0 1
    outer loop
      vertex 25 32 24.25
      vertex 18.4435 22.0767 24.25
      vertex 18.7194 22.1316 24.25
    endloop
  endfacet
  facet normal 0 0 1
    outer loop
      vertex 25 32 24.25
      vertex 18.1772 21.9863 24.25
      vertex 18.4435 22.0767 24.25
    endloop
  endfacet
  facet normal 0 0 1
    outer loop
      vertex 25 32 24.25
      vertex 17.925 21.862 24.25
      vertex 18.1772 21.9863 24.25
    endloop
  endfacet
  facet normal 0 0 1
    outer loop
      vertex 25 32 24.25
      vertex 17.6912 21.7057 24.25
      vertex 17.925 21.862 24.25
    endloop
  endfacet
  facet normal 0 0 1
    outer loop
      vertex 25 32 24.25
      vertex 17.4797 21.5203 24.25
      vertex 17.6912 21.7057 24.25
    endloop
  endfacet
  facet normal -0 0 1
    outer loop
      vertex -26 32 24.25
      vertex 17.4797 21.5203 24.25
      vertex 25 32 24.25
    endloop
  endfacet
  facet normal 0 0 1
    outer loop
      vertex 17.925 -28.138 24.25
      vertex 1.67409 -7.18172 24.25
      vertex 17.6912 -28.2943 24.25
    endloop
  endfacet
  facet normal 0 0 1
    outer loop
      vertex -26 32 24.25
      vertex 16.85 20 24.25
      vertex 16.8684 20.2806 24.25
    endloop
  endfacet
  facet normal 0 0 1
    outer loop
      vertex -26 32 24.25
      vertex 16.8684 20.2806 24.25
      vertex 16.9233 20.5565 24.25
    endloop
  endfacet
  facet normal 0 0 1
    outer loop
      vertex -26 32 24.25
      vertex 16.9233 20.5565 24.25
      vertex 17.0137 20.8228 24.25
    endloop
  endfacet
  facet normal 0 0 1
    outer loop
      vertex -26 32 24.25
      vertex 17.0137 20.8228 24.25
      vertex 17.138 21.075 24.25
    endloop
  endfacet
  facet normal 0 0 1
    outer loop
      vertex 19.5565 17.9233 24.25
      vertex 2.72647 -4.64105 24.25
      vertex 2.75 -5 24.25
    endloop
  endfacet
  facet normal 0 0 1
    outer loop
      vertex 19.2806 17.8684 24.25
      vertex 2.6563 -4.28825 24.25
      vertex 2.72647 -4.64105 24.25
    endloop
  endfacet
  facet normal 0 0 1
    outer loop
      vertex 19 17.85 24.25
      vertex 2.54067 -3.94762 24.25
      vertex 2.6563 -4.28825 24.25
    endloop
  endfacet
  facet normal 0 0 1
    outer loop
      vertex 18.7194 17.8684 24.25
      vertex 2.38157 -3.625 24.25
      vertex 2.54067 -3.94762 24.25
    endloop
  endfacet
  facet normal 0 0 1
    outer loop
      vertex 18.4435 17.9233 24.25
      vertex 2.18172 -3.32591 24.25
      vertex 2.38157 -3.625 24.25
    endloop
  endfacet
  facet normal 0 0 1
    outer loop
      vertex 18.1772 18.0137 24.25
      vertex 1.94454 -3.05546 24.25
      vertex 2.18172 -3.32591 24.25
    endloop
  endfacet
  facet normal 0 0 1
    outer loop
      vertex 17.925 18.138 24.25
      vertex 1.67409 -2.81828 24.25
      vertex 1.94454 -3.05546 24.25
    endloop
  endfacet
  facet normal 0 0 1
    outer loop
      vertex 17.4797 18.4797 24.25
      vertex 1.375 -2.61843 24.25
      vertex 1.67409 -2.81828 24.25
    endloop
  endfacet
  facet normal 0 0 1
    outer loop
      vertex 17.2943 18.6912 24.25
      vertex 1.05238 -2.45933 24.25
      vertex 1.375 -2.61843 24.25
    endloop
  endfacet
  facet normal 0 0 1
    outer loop
      vertex -26 32 24.25
      vertex 17.138 21.075 24.25
      vertex 17.2943 21.3088 24.25
    endloop
  endfacet
  facet normal 0 0 1
    outer loop
      vertex 17.138 18.925 24.25
      vertex 0.711752 -2.3437 24.25
      vertex 1.05238 -2.45933 24.25
    endloop
  endfacet
  facet normal 0 0 1
    outer loop
      vertex 17.0137 19.1772 24.25
      vertex 0.358947 -2.27353 24.25
      vertex 0.711752 -2.3437 24.25
    endloop
  endfacet
  facet normal 0 0 1
    outer loop
      vertex 16.9233 19.4435 24.25
      vertex 0 -2.25 24.25
      vertex 0.358947 -2.27353 24.25
    endloop
  endfacet
  facet normal 0 0 1
    outer loop
      vertex 17.4797 21.5203 24.25
      vertex -26 32 24.25
      vertex 17.2943 21.3088 24.25
    endloop
  endfacet
  facet normal 0 0 1
    outer loop
      vertex 16.85 20 24.25
      vertex -26 32 24.25
      vertex -0.711752 -2.3437 24.25
    endloop
  endfacet
  facet normal 0 0 1
    outer loop
      vertex 16.8684 19.7194 24.25
      vertex -0.358947 -2.27353 24.25
      vertex 0 -2.25 24.25
    endloop
  endfacet
  facet normal 0 0 1
    outer loop
      vertex 16.85 20 24.25
      vertex -0.711752 -2.3437 24.25
      vertex -0.358947 -2.27353 24.25
    endloop
  endfacet
  facet normal 0 0 1
    outer loop
      vertex -0.711752 -2.3437 24.25
      vertex -26 32 24.25
      vertex -1.05238 -2.45933 24.25
    endloop
  endfacet
  facet normal 0 0 1
    outer loop
      vertex -1.05238 -2.45933 24.25
      vertex -26 32 24.25
      vertex -1.375 -2.61843 24.25
    endloop
  endfacet
  facet normal 0 0 1
    outer loop
      vertex -1.375 -2.61843 24.25
      vertex -26 32 24.25
      vertex -1.67409 -2.81828 24.25
    endloop
  endfacet
  facet normal 0 0 1
    outer loop
      vertex -1.67409 -2.81828 24.25
      vertex -26 32 24.25
      vertex -1.94454 -3.05546 24.25
    endloop
  endfacet
  facet normal 0 0 1
    outer loop
      vertex -2.72647 -4.64105 24.25
      vertex -26 32 24.25
      vertex -2.75 -5 24.25
    endloop
  endfacet
  facet normal 0 0 1
    outer loop
      vertex -2.6563 -4.28825 24.25
      vertex -26 32 24.25
      vertex -2.72647 -4.64105 24.25
    endloop
  endfacet
  facet normal 0 0 1
    outer loop
      vertex -2.54067 -3.94762 24.25
      vertex -26 32 24.25
      vertex -2.6563 -4.28825 24.25
    endloop
  endfacet
  facet normal 0 0 1
    outer loop
      vertex -2.38157 -3.625 24.25
      vertex -26 32 24.25
      vertex -2.54067 -3.94762 24.25
    endloop
  endfacet
  facet normal 0 0 1
    outer loop
      vertex -2.18172 -3.32591 24.25
      vertex -26 32 24.25
      vertex -2.38157 -3.625 24.25
    endloop
  endfacet
  facet normal 0 0 1
    outer loop
      vertex -1.94454 -3.05546 24.25
      vertex -26 32 24.25
      vertex -2.18172 -3.32591 24.25
    endloop
  endfacet
  facet normal 0 0 1
    outer loop
      vertex 21.0767 19.4435 24.25
      vertex 25 32 24.25
      vertex 21.1316 19.7194 24.25
    endloop
  endfacet
  facet normal -0 0 1
    outer loop
      vertex 21.1316 -30.2806 24.25
      vertex 25 -40 24.25
      vertex 21.15 -30 24.25
    endloop
  endfacet
  facet normal -0 0 1
    outer loop
      vertex 21.0767 -30.5565 24.25
      vertex 25 -40 24.25
      vertex 21.1316 -30.2806 24.25
    endloop
  endfacet
  facet normal -0 0 1
    outer loop
      vertex 20.9863 -30.8228 24.25
      vertex 25 -40 24.25
      vertex 21.0767 -30.5565 24.25
    endloop
  endfacet
  facet normal -0 0 1
    outer loop
      vertex 20.862 -31.075 24.25
      vertex 25 -40 24.25
      vertex 20.9863 -30.8228 24.25
    endloop
  endfacet
  facet normal -0 0 1
    outer loop
      vertex 20.7057 -31.3088 24.25
      vertex 25 -40 24.25
      vertex 20.862 -31.075 24.25
    endloop
  endfacet
  facet normal -0 0 1
    outer loop
      vertex 20.5203 -31.5203 24.25
      vertex 25 -40 24.25
      vertex 20.7057 -31.3088 24.25
    endloop
  endfacet
  facet normal -0 0 1
    outer loop
      vertex 20.3088 -31.7057 24.25
      vertex 25 -40 24.25
      vertex 20.5203 -31.5203 24.25
    endloop
  endfacet
  facet normal -0 0 1
    outer loop
      vertex 20.075 -31.862 24.25
      vertex 25 -40 24.25
      vertex 20.3088 -31.7057 24.25
    endloop
  endfacet
  facet normal -0 0 1
    outer loop
      vertex 19.8228 -31.9863 24.25
      vertex 25 -40 24.25
      vertex 20.075 -31.862 24.25
    endloop
  endfacet
  facet normal -0 0 1
    outer loop
      vertex 19.5565 -32.0767 24.25
      vertex 25 -40 24.25
      vertex 19.8228 -31.9863 24.25
    endloop
  endfacet
  facet normal -0 0 1
    outer loop
      vertex 19.2806 -32.1316 24.25
      vertex 25 -40 24.25
      vertex 19.5565 -32.0767 24.25
    endloop
  endfacet
  facet normal -0 0 1
    outer loop
      vertex 19 -32.15 24.25
      vertex 25 -40 24.25
      vertex 19.2806 -32.1316 24.25
    endloop
  endfacet
  facet normal 0 0 1
    outer loop
      vertex 18.7194 -32.1316 24.25
      vertex 25 -40 24.25
      vertex 19 -32.15 24.25
    endloop
  endfacet
  facet normal 0 0 1
    outer loop
      vertex 18.4435 -32.0767 24.25
      vertex 25 -40 24.25
      vertex 18.7194 -32.1316 24.25
    endloop
  endfacet
  facet normal 0 0 1
    outer loop
      vertex 18.1772 -31.9863 24.25
      vertex 25 -40 24.25
      vertex 18.4435 -32.0767 24.25
    endloop
  endfacet
  facet normal 0 0 1
    outer loop
      vertex 17.925 -31.862 24.25
      vertex 25 -40 24.25
      vertex 18.1772 -31.9863 24.25
    endloop
  endfacet
  facet normal 0 0 1
    outer loop
      vertex 17.6912 -31.7057 24.25
      vertex 25 -40 24.25
      vertex 17.925 -31.862 24.25
    endloop
  endfacet
  facet normal 0 0 1
    outer loop
      vertex -26 -40 24.25
      vertex 17.6912 -31.7057 24.25
      vertex 17.4797 -31.5203 24.25
    endloop
  endfacet
  facet normal 0 0 1
    outer loop
      vertex 17.6912 -28.2943 24.25
      vertex 1.67409 -7.18172 24.25
      vertex 17.4797 -28.4797 24.25
    endloop
  endfacet
  facet normal -0 0 1
    outer loop
      vertex 1.375 -7.38157 24.25
      vertex 17.4797 -28.4797 24.25
      vertex 1.67409 -7.18172 24.25
    endloop
  endfacet
  facet normal 0 0 1
    outer loop
      vertex 17.4797 -28.4797 24.25
      vertex 1.375 -7.38157 24.25
      vertex 17.2943 -28.6912 24.25
    endloop
  endfacet
  facet normal -0 0 1
    outer loop
      vertex 1.05238 -7.54067 24.25
      vertex 17.2943 -28.6912 24.25
      vertex 1.375 -7.38157 24.25
    endloop
  endfacet
  facet normal 0 0 1
    outer loop
      vertex 17.2943 -28.6912 24.25
      vertex 1.05238 -7.54067 24.25
      vertex 17.138 -28.925 24.25
    endloop
  endfacet
  facet normal -0 0 1
    outer loop
      vertex 0.711752 -7.6563 24.25
      vertex 17.138 -28.925 24.25
      vertex 1.05238 -7.54067 24.25
    endloop
  endfacet
  facet normal 0 0 1
    outer loop
      vertex 17.138 -28.925 24.25
      vertex 0.711752 -7.6563 24.25
      vertex 17.0137 -29.1772 24.25
    endloop
  endfacet
  facet normal -0 0 1
    outer loop
      vertex 0.358947 -7.72647 24.25
      vertex 17.0137 -29.1772 24.25
      vertex 0.711752 -7.6563 24.25
    endloop
  endfacet
  facet normal 0 0 1
    outer loop
      vertex 17.0137 -29.1772 24.25
      vertex 0.358947 -7.72647 24.25
      vertex 16.9233 -29.4435 24.25
    endloop
  endfacet
  facet normal -0 0 1
    outer loop
      vertex 0 -7.75 24.25
      vertex 16.9233 -29.4435 24.25
      vertex 0.358947 -7.72647 24.25
    endloop
  endfacet
  facet normal 0 0 1
    outer loop
      vertex 16.9233 -29.4435 24.25
      vertex 0 -7.75 24.25
      vertex 16.8684 -29.7194 24.25
    endloop
  endfacet
  facet normal 0 0 1
    outer loop
      vertex -0.358947 -7.72647 24.25
      vertex 16.8684 -29.7194 24.25
      vertex 0 -7.75 24.25
    endloop
  endfacet
  facet normal 0 0 1
    outer loop
      vertex 16.8684 -29.7194 24.25
      vertex -0.358947 -7.72647 24.25
      vertex 16.85 -30 24.25
    endloop
  endfacet
  facet normal 0 0 1
    outer loop
      vertex -0.711752 -7.6563 24.25
      vertex 16.85 -30 24.25
      vertex -0.358947 -7.72647 24.25
    endloop
  endfacet
  facet normal 0 0 1
    outer loop
      vertex -26 -40 24.25
      vertex 16.85 -30 24.25
      vertex -0.711752 -7.6563 24.25
    endloop
  endfacet
  facet normal 0 0 1
    outer loop
      vertex 16.85 -30 24.25
      vertex -26 -40 24.25
      vertex 16.8684 -30.2806 24.25
    endloop
  endfacet
  facet normal 0 0 1
    outer loop
      vertex 16.8684 -30.2806 24.25
      vertex -26 -40 24.25
      vertex 16.9233 -30.5565 24.25
    endloop
  endfacet
  facet normal 0 0 1
    outer loop
      vertex 16.9233 -30.5565 24.25
      vertex -26 -40 24.25
      vertex 17.0137 -30.8228 24.25
    endloop
  endfacet
  facet normal 0 0 1
    outer loop
      vertex 17.0137 -30.8228 24.25
      vertex -26 -40 24.25
      vertex 17.138 -31.075 24.25
    endloop
  endfacet
  facet normal 0 0 1
    outer loop
      vertex -26 -40 24.25
      vertex -0.711752 -7.6563 24.25
      vertex -1.05238 -7.54067 24.25
    endloop
  endfacet
  facet normal 0 0 1
    outer loop
      vertex -26 -40 24.25
      vertex -1.05238 -7.54067 24.25
      vertex -1.375 -7.38157 24.25
    endloop
  endfacet
  facet normal 0 0 1
    outer loop
      vertex -26 -40 24.25
      vertex -1.375 -7.38157 24.25
      vertex -1.67409 -7.18172 24.25
    endloop
  endfacet
  facet normal 0 0 1
    outer loop
      vertex -26 -40 24.25
      vertex -1.67409 -7.18172 24.25
      vertex -1.94454 -6.94454 24.25
    endloop
  endfacet
  facet normal 0 0 1
    outer loop
      vertex -26 -40 24.25
      vertex -1.94454 -6.94454 24.25
      vertex -2.18172 -6.67409 24.25
    endloop
  endfacet
  facet normal 0 0 1
    outer loop
      vertex -26 -40 24.25
      vertex -2.75 -5 24.25
      vertex -26 32 24.25
    endloop
  endfacet
  facet normal 0 0 1
    outer loop
      vertex -2.75 -5 24.25
      vertex -26 -40 24.25
      vertex -2.72647 -5.35895 24.25
    endloop
  endfacet
  facet normal 0 0 1
    outer loop
      vertex -2.72647 -5.35895 24.25
      vertex -26 -40 24.25
      vertex -2.6563 -5.71175 24.25
    endloop
  endfacet
  facet normal 0 0 1
    outer loop
      vertex -2.6563 -5.71175 24.25
      vertex -26 -40 24.25
      vertex -2.54067 -6.05238 24.25
    endloop
  endfacet
  facet normal 0 0 1
    outer loop
      vertex 17.6912 -31.7057 24.25
      vertex -26 -40 24.25
      vertex 25 -40 24.25
    endloop
  endfacet
  facet normal 0 0 1
    outer loop
      vertex 17.2943 -31.3088 24.25
      vertex -26 -40 24.25
      vertex 17.4797 -31.5203 24.25
    endloop
  endfacet
  facet normal 0 0 1
    outer loop
      vertex 17.138 -31.075 24.25
      vertex -26 -40 24.25
      vertex 17.2943 -31.3088 24.25
    endloop
  endfacet
  facet normal 0 0 1
    outer loop
      vertex -2.38157 -6.375 24.25
      vertex -26 -40 24.25
      vertex -2.18172 -6.67409 24.25
    endloop
  endfacet
  facet normal 0 0 1
    outer loop
      vertex -2.54067 -6.05238 24.25
      vertex -26 -40 24.25
      vertex -2.38157 -6.375 24.25
    endloop
  endfacet
  facet normal 1 0 0
    outer loop
      vertex -10.25 23.7754 -7.04358
      vertex -10.25 32 0
      vertex -10.25 32 20.25
    endloop
  endfacet
  facet normal 1 0 -0
    outer loop
      vertex -10.25 27.5387 -8.05196
      vertex -10.25 32 0
      vertex -10.25 27.2627 -7.73726
    endloop
  endfacet
  facet normal 1 0 0
    outer loop
      vertex -10.25 32 0
      vertex -10.25 27.7713 -8.4
      vertex -10.25 30.9487 -10.7832
    endloop
  endfacet
  facet normal 1 -0 -0
    outer loop
      vertex -10.25 28.091 -9.17178
      vertex -10.25 30.9487 -10.7832
      vertex -10.25 27.9564 -8.77541
    endloop
  endfacet
  facet normal 1 -0 -0
    outer loop
      vertex -10.25 28.2 -10
      vertex -10.25 30.9487 -10.7832
      vertex -10.25 28.1726 -9.58232
    endloop
  endfacet
  facet normal 1 0 0
    outer loop
      vertex -10.25 30.9487 -10.7832
      vertex -10.25 28.1726 -10.4177
      vertex -10.25 30.7956 -11.5529
    endloop
  endfacet
  facet normal 1 0 0
    outer loop
      vertex -10.25 30.7956 -11.5529
      vertex -10.25 28.091 -10.8282
      vertex -10.25 30.5433 -12.2961
    endloop
  endfacet
  facet normal 1 0 0
    outer loop
      vertex -10.25 30.5433 -12.2961
      vertex -10.25 27.9564 -11.2246
      vertex -10.25 30.1962 -13
    endloop
  endfacet
  facet normal 1 -0 0
    outer loop
      vertex -10.25 27.9564 -11.2246
      vertex -10.25 30.5433 -12.2961
      vertex -10.25 28.091 -10.8282
    endloop
  endfacet
  facet normal 1 -0 0
    outer loop
      vertex -10.25 28.091 -10.8282
      vertex -10.25 30.7956 -11.5529
      vertex -10.25 28.1726 -10.4177
    endloop
  endfacet
  facet normal 1 -0 0
    outer loop
      vertex -10.25 28.1726 -10.4177
      vertex -10.25 30.9487 -10.7832
      vertex -10.25 28.2 -10
    endloop
  endfacet
  facet normal 1 -0 -0
    outer loop
      vertex -10.25 28.1726 -9.58232
      vertex -10.25 30.9487 -10.7832
      vertex -10.25 28.091 -9.17178
    endloop
  endfacet
  facet normal 1 -0 -0
    outer loop
      vertex -10.25 27.9564 -8.77541
      vertex -10.25 30.9487 -10.7832
      vertex -10.25 27.7713 -8.4
    endloop
  endfacet
  facet normal 1 0 -0
    outer loop
      vertex -10.25 27.7713 -8.4
      vertex -10.25 32 0
      vertex -10.25 27.5387 -8.05196
    endloop
  endfacet
  facet normal 1 0 0
    outer loop
      vertex -10.25 32 0
      vertex -10.25 26.948 -7.46127
      vertex -10.25 27.2627 -7.73726
    endloop
  endfacet
  facet normal 1 0 0
    outer loop
      vertex -10.25 32 0
      vertex -10.25 26.6 -7.22872
      vertex -10.25 26.948 -7.46127
    endloop
  endfacet
  facet normal 1 0 0
    outer loop
      vertex -10.25 32 0
      vertex -10.25 26.2246 -7.04358
      vertex -10.25 26.6 -7.22872
    endloop
  endfacet
  facet normal 1 0 0
    outer loop
      vertex -10.25 32 0
      vertex -10.25 25.8282 -6.90904
      vertex -10.25 26.2246 -7.04358
    endloop
  endfacet
  facet normal 1 0 0
    outer loop
      vertex -10.25 32 0
      vertex -10.25 25.4177 -6.82738
      vertex -10.25 25.8282 -6.90904
    endloop
  endfacet
  facet normal 1 0 0
    outer loop
      vertex -10.25 32 0
      vertex -10.25 25 -6.8
      vertex -10.25 25.4177 -6.82738
    endloop
  endfacet
  facet normal 1 0 0
    outer loop
      vertex -10.25 32 0
      vertex -10.25 24.5823 -6.82738
      vertex -10.25 25 -6.8
    endloop
  endfacet
  facet normal 1 0 0
    outer loop
      vertex -10.25 32 0
      vertex -10.25 24.1718 -6.90904
      vertex -10.25 24.5823 -6.82738
    endloop
  endfacet
  facet normal 1 0 0
    outer loop
      vertex -10.25 32 0
      vertex -10.25 23.7754 -7.04358
      vertex -10.25 24.1718 -6.90904
    endloop
  endfacet
  facet normal 1 0 0
    outer loop
      vertex -10.25 32 20.25
      vertex -10.25 23.4 -7.22872
      vertex -10.25 23.7754 -7.04358
    endloop
  endfacet
  facet normal 1 0 0
    outer loop
      vertex -10.25 32 20.25
      vertex -10.25 23.052 -7.46127
      vertex -10.25 23.4 -7.22872
    endloop
  endfacet
  facet normal 1 0 0
    outer loop
      vertex -10.25 32 20.25
      vertex -10.25 22.7373 -7.73726
      vertex -10.25 23.052 -7.46127
    endloop
  endfacet
  facet normal 1 -0 0
    outer loop
      vertex -10.25 -40 20.25
      vertex -10.25 22.7373 -7.73726
      vertex -10.25 32 20.25
    endloop
  endfacet
  facet normal 1 0 0
    outer loop
      vertex -10.25 22.7373 -7.73726
      vertex -10.25 -40 20.25
      vertex -10.25 22.4613 -8.05196
    endloop
  endfacet
  facet normal 1 0 0
    outer loop
      vertex -10.25 22.4613 -8.05196
      vertex -10.25 -40 20.25
      vertex -10.25 22.2287 -8.4
    endloop
  endfacet
  facet normal 1 0 0
    outer loop
      vertex -10.25 21.909 -9.17178
      vertex -10.25 -40 0
      vertex -10.25 21.8274 -9.58232
    endloop
  endfacet
  facet normal 1 0 0
    outer loop
      vertex -10.25 22.0436 -8.77541
      vertex -10.25 -40 0
      vertex -10.25 21.909 -9.17178
    endloop
  endfacet
  facet normal 1 0 0
    outer loop
      vertex -10.25 22.2287 -8.4
      vertex -10.25 -40 0
      vertex -10.25 22.0436 -8.77541
    endloop
  endfacet
  facet normal 1 -0 0
    outer loop
      vertex -10.25 -40 0
      vertex -10.25 22.2287 -8.4
      vertex -10.25 -40 20.25
    endloop
  endfacet
  facet normal 1 -0 0
    outer loop
      vertex -10.25 27.7713 -11.6
      vertex -10.25 30.1962 -13
      vertex -10.25 27.9564 -11.2246
    endloop
  endfacet
  facet normal 1 0 0
    outer loop
      vertex -10.25 30.1962 -13
      vertex -10.25 27.7713 -11.6
      vertex -10.25 29.7601 -13.6526
    endloop
  endfacet
  facet normal 1 -0 0
    outer loop
      vertex -10.25 27.5387 -11.948
      vertex -10.25 29.7601 -13.6526
      vertex -10.25 27.7713 -11.6
    endloop
  endfacet
  facet normal 1 0 0
    outer loop
      vertex -10.25 29.7601 -13.6526
      vertex -10.25 27.5387 -11.948
      vertex -10.25 29.2426 -14.2426
    endloop
  endfacet
  facet normal 1 -0 0
    outer loop
      vertex -10.25 27.2627 -12.2627
      vertex -10.25 29.2426 -14.2426
      vertex -10.25 27.5387 -11.948
    endloop
  endfacet
  facet normal 1 0 0
    outer loop
      vertex -10.25 29.2426 -14.2426
      vertex -10.25 27.2627 -12.2627
      vertex -10.25 28.6526 -14.7601
    endloop
  endfacet
  facet normal 1 -0 0
    outer loop
      vertex -10.25 26.948 -12.5387
      vertex -10.25 28.6526 -14.7601
      vertex -10.25 27.2627 -12.2627
    endloop
  endfacet
  facet normal 1 0 0
    outer loop
      vertex -10.25 28.6526 -14.7601
      vertex -10.25 26.948 -12.5387
      vertex -10.25 28 -15.1962
    endloop
  endfacet
  facet normal 1 -0 0
    outer loop
      vertex -10.25 26.6 -12.7713
      vertex -10.25 28 -15.1962
      vertex -10.25 26.948 -12.5387
    endloop
  endfacet
  facet normal 1 0 0
    outer loop
      vertex -10.25 28 -15.1962
      vertex -10.25 26.6 -12.7713
      vertex -10.25 27.2961 -15.5433
    endloop
  endfacet
  facet normal 1 -0 0
    outer loop
      vertex -10.25 26.2246 -12.9564
      vertex -10.25 27.2961 -15.5433
      vertex -10.25 26.6 -12.7713
    endloop
  endfacet
  facet normal 1 0 0
    outer loop
      vertex -10.25 27.2961 -15.5433
      vertex -10.25 26.2246 -12.9564
      vertex -10.25 26.5529 -15.7956
    endloop
  endfacet
  facet normal 1 -0 0
    outer loop
      vertex -10.25 25.8282 -13.091
      vertex -10.25 26.5529 -15.7956
      vertex -10.25 26.2246 -12.9564
    endloop
  endfacet
  facet normal 1 0 0
    outer loop
      vertex -10.25 25.8282 -13.091
      vertex -10.25 25.7832 -15.9487
      vertex -10.25 26.5529 -15.7956
    endloop
  endfacet
  facet normal 1 -0 0
    outer loop
      vertex -10.25 25.4177 -13.1726
      vertex -10.25 25.7832 -15.9487
      vertex -10.25 25.8282 -13.091
    endloop
  endfacet
  facet normal 1 -0 0
    outer loop
      vertex -10.25 25 -13.2
      vertex -10.25 25.7832 -15.9487
      vertex -10.25 25.4177 -13.1726
    endloop
  endfacet
  facet normal 1 0 0
    outer loop
      vertex -10.25 25 -13.2
      vertex -10.25 25 -16
      vertex -10.25 25.7832 -15.9487
    endloop
  endfacet
  facet normal 1 0 0
    outer loop
      vertex -10.25 24.5823 -13.1726
      vertex -10.25 25 -16
      vertex -10.25 25 -13.2
    endloop
  endfacet
  facet normal 1 0 0
    outer loop
      vertex -10.25 24.5823 -13.1726
      vertex -10.25 24.2168 -15.9487
      vertex -10.25 25 -16
    endloop
  endfacet
  facet normal 1 0 0
    outer loop
      vertex -10.25 24.1718 -13.091
      vertex -10.25 24.2168 -15.9487
      vertex -10.25 24.5823 -13.1726
    endloop
  endfacet
  facet normal 1 0 0
    outer loop
      vertex -10.25 23.4471 -15.7956
      vertex -10.25 24.1718 -13.091
      vertex -10.25 23.7754 -12.9564
    endloop
  endfacet
  facet normal 1 0 0
    outer loop
      vertex -10.25 24.1718 -13.091
      vertex -10.25 23.4471 -15.7956
      vertex -10.25 24.2168 -15.9487
    endloop
  endfacet
  facet normal 1 0 0
    outer loop
      vertex -10.25 23.4 -12.7713
      vertex -10.25 23.4471 -15.7956
      vertex -10.25 23.7754 -12.9564
    endloop
  endfacet
  facet normal 1 0 0
    outer loop
      vertex -10.25 23.052 -12.5387
      vertex -10.25 23.4471 -15.7956
      vertex -10.25 23.4 -12.7713
    endloop
  endfacet
  facet normal 1 0 0
    outer loop
      vertex -10.25 22.7373 -12.2627
      vertex -10.25 23.4471 -15.7956
      vertex -10.25 23.052 -12.5387
    endloop
  endfacet
  facet normal 1 0 0
    outer loop
      vertex -10.25 22.4613 -11.948
      vertex -10.25 23.4471 -15.7956
      vertex -10.25 22.7373 -12.2627
    endloop
  endfacet
  facet normal 1 0 0
    outer loop
      vertex -10.25 22.2287 -11.6
      vertex -10.25 23.4471 -15.7956
      vertex -10.25 22.4613 -11.948
    endloop
  endfacet
  facet normal 1 0 0
    outer loop
      vertex -10.25 22.0436 -11.2246
      vertex -10.25 23.4471 -15.7956
      vertex -10.25 22.2287 -11.6
    endloop
  endfacet
  facet normal 1 0 0
    outer loop
      vertex -10.25 -40 0
      vertex -10.25 22.0436 -11.2246
      vertex -10.25 21.909 -10.8282
    endloop
  endfacet
  facet normal 1 0 0
    outer loop
      vertex -10.25 21.8274 -9.58232
      vertex -10.25 -40 0
      vertex -10.25 21.8 -10
    endloop
  endfacet
  facet normal 1 0 0
    outer loop
      vertex -10.25 21.8 -10
      vertex -10.25 -40 0
      vertex -10.25 21.8274 -10.4177
    endloop
  endfacet
  facet normal 1 0 0
    outer loop
      vertex -10.25 21.8274 -10.4177
      vertex -10.25 -40 0
      vertex -10.25 21.909 -10.8282
    endloop
  endfacet
  facet normal 1 0 0
    outer loop
      vertex -10.25 22.0436 -11.2246
      vertex -10.25 -40 0
      vertex -10.25 23.4471 -15.7956
    endloop
  endfacet
  facet normal 0 -0.195087 -0.980786
    outer loop
      vertex -14.25 23.4471 -15.7956
      vertex -10.25 24.2168 -15.9487
      vertex -10.25 23.4471 -15.7956
    endloop
  endfacet
  facet normal -0 -0.195087 -0.980786
    outer loop
      vertex -10.25 24.2168 -15.9487
      vertex -14.25 23.4471 -15.7956
      vertex -14.25 24.2168 -15.9487
    endloop
  endfacet
  facet normal 0 -0.241583 -0.97038
    outer loop
      vertex -14.25 -40 0
      vertex -10.25 23.4471 -15.7956
      vertex -10.25 -40 0
    endloop
  endfacet
  facet normal -0 -0.241583 -0.97038
    outer loop
      vertex -10.25 23.4471 -15.7956
      vertex -14.25 -40 0
      vertex -14.25 23.4471 -15.7956
    endloop
  endfacet
  facet normal 0 0.0653605 -0.997862
    outer loop
      vertex -14.25 25 -16
      vertex -10.25 25.7832 -15.9487
      vertex -10.25 25 -16
    endloop
  endfacet
  facet normal 0 0.0653605 -0.997862
    outer loop
      vertex -10.25 25.7832 -15.9487
      vertex -14.25 25 -16
      vertex -14.25 25.7832 -15.9487
    endloop
  endfacet
  facet normal 0 0.831442 -0.555611
    outer loop
      vertex -10.25 29.7601 -13.6526
      vertex -14.25 30.1962 -13
      vertex -10.25 30.1962 -13
    endloop
  endfacet
  facet normal 0 0.831442 -0.555611
    outer loop
      vertex -14.25 30.1962 -13
      vertex -10.25 29.7601 -13.6526
      vertex -14.25 29.7601 -13.6526
    endloop
  endfacet
  facet normal 0 -1 0
    outer loop
      vertex 10.25 -40 0
      vertex 14.25 -40 20.25
      vertex 10.25 -40 20.25
    endloop
  endfacet
  facet normal 0 -1 -0
    outer loop
      vertex 14.25 -40 20.25
      vertex 10.25 -40 0
      vertex 14.25 -40 0
    endloop
  endfacet
  facet normal 0 -1 0
    outer loop
      vertex -14.25 -40 0
      vertex -10.25 -40 20.25
      vertex -14.25 -40 20.25
    endloop
  endfacet
  facet normal 0 -1 -0
    outer loop
      vertex -10.25 -40 20.25
      vertex -14.25 -40 0
      vertex -10.25 -40 0
    endloop
  endfacet
  facet normal 0 -1 0
    outer loop
      vertex -14.25 -40 20.25
      vertex -26 -40 24.25
      vertex -26 -40 20.25
    endloop
  endfacet
  facet normal 0 -1 0
    outer loop
      vertex -10.25 -40 20.25
      vertex -26 -40 24.25
      vertex -14.25 -40 20.25
    endloop
  endfacet
  facet normal 0 -1 0
    outer loop
      vertex -26 -40 24.25
      vertex -10.25 -40 20.25
      vertex 25 -40 24.25
    endloop
  endfacet
  facet normal 0 -1 0
    outer loop
      vertex 10.25 -40 20.25
      vertex 25 -40 24.25
      vertex -10.25 -40 20.25
    endloop
  endfacet
  facet normal 0 -1 0
    outer loop
      vertex 14.25 -40 20.25
      vertex 25 -40 24.25
      vertex 10.25 -40 20.25
    endloop
  endfacet
  facet normal 0 -1 -0
    outer loop
      vertex 25 -40 24.25
      vertex 14.25 -40 20.25
      vertex 25 -40 20.25
    endloop
  endfacet
  facet normal 0 0.896885 -0.442263
    outer loop
      vertex -10.25 30.1962 -13
      vertex -14.25 30.5433 -12.2961
      vertex -10.25 30.5433 -12.2961
    endloop
  endfacet
  facet normal 0 0.896885 -0.442263
    outer loop
      vertex -14.25 30.5433 -12.2961
      vertex -10.25 30.1962 -13
      vertex -14.25 30.1962 -13
    endloop
  endfacet
  facet normal 0 -0.0653605 -0.997862
    outer loop
      vertex -14.25 24.2168 -15.9487
      vertex -10.25 25 -16
      vertex -10.25 24.2168 -15.9487
    endloop
  endfacet
  facet normal -0 -0.0653605 -0.997862
    outer loop
      vertex -10.25 25 -16
      vertex -14.25 24.2168 -15.9487
      vertex -14.25 25 -16
    endloop
  endfacet
  facet normal 0 0.946923 -0.32146
    outer loop
      vertex -10.25 30.5433 -12.2961
      vertex -14.25 30.7956 -11.5529
      vertex -10.25 30.7956 -11.5529
    endloop
  endfacet
  facet normal 0 0.946923 -0.32146
    outer loop
      vertex -14.25 30.7956 -11.5529
      vertex -10.25 30.5433 -12.2961
      vertex -14.25 30.5433 -12.2961
    endloop
  endfacet
  facet normal 0 0.995281 -0.0970342
    outer loop
      vertex -10.25 30.9487 -10.7832
      vertex -14.25 32 0
      vertex -10.25 32 0
    endloop
  endfacet
  facet normal 0 0.995281 -0.0970342
    outer loop
      vertex -14.25 32 0
      vertex -10.25 30.9487 -10.7832
      vertex -14.25 30.9487 -10.7832
    endloop
  endfacet
  facet normal 0 1 -0
    outer loop
      vertex -10.25 32 0
      vertex -14.25 32 20.25
      vertex -10.25 32 20.25
    endloop
  endfacet
  facet normal 0 1 0
    outer loop
      vertex -14.25 32 20.25
      vertex -10.25 32 0
      vertex -14.25 32 0
    endloop
  endfacet
  facet normal 0 1 -0
    outer loop
      vertex 14.25 32 0
      vertex 10.25 32 20.25
      vertex 14.25 32 20.25
    endloop
  endfacet
  facet normal 0 1 0
    outer loop
      vertex 10.25 32 20.25
      vertex 14.25 32 0
      vertex 10.25 32 0
    endloop
  endfacet
  facet normal 0 1 0
    outer loop
      vertex 14.25 32 20.25
      vertex 25 32 24.25
      vertex 25 32 20.25
    endloop
  endfacet
  facet normal 0 1 0
    outer loop
      vertex 10.25 32 20.25
      vertex 25 32 24.25
      vertex 14.25 32 20.25
    endloop
  endfacet
  facet normal 0 1 0
    outer loop
      vertex -10.25 32 20.25
      vertex 25 32 24.25
      vertex 10.25 32 20.25
    endloop
  endfacet
  facet normal 0 1 0
    outer loop
      vertex 25 32 24.25
      vertex -10.25 32 20.25
      vertex -26 32 24.25
    endloop
  endfacet
  facet normal 0 1 -0
    outer loop
      vertex -14.25 32 20.25
      vertex -26 32 24.25
      vertex -10.25 32 20.25
    endloop
  endfacet
  facet normal 0 1 0
    outer loop
      vertex -26 32 24.25
      vertex -14.25 32 20.25
      vertex -26 32 20.25
    endloop
  endfacet
  facet normal 0 0.32146 -0.946923
    outer loop
      vertex -14.25 26.5529 -15.7956
      vertex -10.25 27.2961 -15.5433
      vertex -10.25 26.5529 -15.7956
    endloop
  endfacet
  facet normal 0 0.32146 -0.946923
    outer loop
      vertex -10.25 27.2961 -15.5433
      vertex -14.25 26.5529 -15.7956
      vertex -14.25 27.2961 -15.5433
    endloop
  endfacet
  facet normal 0 0.659406 -0.751787
    outer loop
      vertex -14.25 28.6526 -14.7601
      vertex -10.25 29.2426 -14.2426
      vertex -10.25 28.6526 -14.7601
    endloop
  endfacet
  facet normal 0 0.659406 -0.751787
    outer loop
      vertex -10.25 29.2426 -14.2426
      vertex -14.25 28.6526 -14.7601
      vertex -14.25 29.2426 -14.2426
    endloop
  endfacet
  facet normal 0 0.980786 -0.195087
    outer loop
      vertex -10.25 30.7956 -11.5529
      vertex -14.25 30.9487 -10.7832
      vertex -10.25 30.9487 -10.7832
    endloop
  endfacet
  facet normal 0 0.980786 -0.195087
    outer loop
      vertex -14.25 30.9487 -10.7832
      vertex -10.25 30.7956 -11.5529
      vertex -14.25 30.7956 -11.5529
    endloop
  endfacet
  facet normal 0 0.195087 -0.980786
    outer loop
      vertex -14.25 25.7832 -15.9487
      vertex -10.25 26.5529 -15.7956
      vertex -10.25 25.7832 -15.9487
    endloop
  endfacet
  facet normal 0 0.195087 -0.980786
    outer loop
      vertex -10.25 26.5529 -15.7956
      vertex -14.25 25.7832 -15.9487
      vertex -14.25 26.5529 -15.7956
    endloop
  endfacet
  facet normal 0 0.442263 -0.896885
    outer loop
      vertex -14.25 27.2961 -15.5433
      vertex -10.25 28 -15.1962
      vertex -10.25 27.2961 -15.5433
    endloop
  endfacet
  facet normal 0 0.442263 -0.896885
    outer loop
      vertex -10.25 28 -15.1962
      vertex -14.25 27.2961 -15.5433
      vertex -14.25 28 -15.1962
    endloop
  endfacet
  facet normal 0 0.555611 -0.831442
    outer loop
      vertex -14.25 28 -15.1962
      vertex -10.25 28.6526 -14.7601
      vertex -10.25 28 -15.1962
    endloop
  endfacet
  facet normal 0 0.555611 -0.831442
    outer loop
      vertex -10.25 28.6526 -14.7601
      vertex -14.25 28 -15.1962
      vertex -14.25 28.6526 -14.7601
    endloop
  endfacet
  facet normal -1 0 0
    outer loop
      vertex -14.25 30.9487 -10.7832
      vertex -14.25 26.4872 -10.1958
      vertex -14.25 26.5 -10
    endloop
  endfacet
  facet normal -1 0 0
    outer loop
      vertex -14.25 27.2961 -15.5433
      vertex -14.25 26.4489 -10.3882
      vertex -14.25 26.4872 -10.1958
    endloop
  endfacet
  facet normal -1 0 0
    outer loop
      vertex -14.25 27.2961 -15.5433
      vertex -14.25 26.3858 -10.574
      vertex -14.25 26.4489 -10.3882
    endloop
  endfacet
  facet normal -1 0 0
    outer loop
      vertex -14.25 27.2961 -15.5433
      vertex -14.25 26.299 -10.75
      vertex -14.25 26.3858 -10.574
    endloop
  endfacet
  facet normal -1 0 0
    outer loop
      vertex -14.25 27.2961 -15.5433
      vertex -14.25 26.19 -10.9131
      vertex -14.25 26.299 -10.75
    endloop
  endfacet
  facet normal -1 0 0
    outer loop
      vertex -14.25 27.2961 -15.5433
      vertex -14.25 26.0607 -11.0607
      vertex -14.25 26.19 -10.9131
    endloop
  endfacet
  facet normal -1 0 0
    outer loop
      vertex -14.25 27.2961 -15.5433
      vertex -14.25 25.9131 -11.19
      vertex -14.25 26.0607 -11.0607
    endloop
  endfacet
  facet normal -1 0 0
    outer loop
      vertex -14.25 25.3882 -11.4489
      vertex -14.25 26.5529 -15.7956
      vertex -14.25 25.7832 -15.9487
    endloop
  endfacet
  facet normal -1 0 0
    outer loop
      vertex -14.25 27.2961 -15.5433
      vertex -14.25 25.75 -11.299
      vertex -14.25 25.9131 -11.19
    endloop
  endfacet
  facet normal -1 0 0
    outer loop
      vertex -14.25 27.2961 -15.5433
      vertex -14.25 25.574 -11.3858
      vertex -14.25 25.75 -11.299
    endloop
  endfacet
  facet normal -1 0 0
    outer loop
      vertex -14.25 26.5529 -15.7956
      vertex -14.25 25.3882 -11.4489
      vertex -14.25 25.574 -11.3858
    endloop
  endfacet
  facet normal -1 0 0
    outer loop
      vertex -14.25 25.7832 -15.9487
      vertex -14.25 25.1958 -11.4872
      vertex -14.25 25.3882 -11.4489
    endloop
  endfacet
  facet normal -1 0 0
    outer loop
      vertex -14.25 25 -16
      vertex -14.25 25.1958 -11.4872
      vertex -14.25 25.7832 -15.9487
    endloop
  endfacet
  facet normal -1 0 0
    outer loop
      vertex -14.25 25 -16
      vertex -14.25 25 -11.5
      vertex -14.25 25.1958 -11.4872
    endloop
  endfacet
  facet normal -1 0 0
    outer loop
      vertex -14.25 25 -16
      vertex -14.25 24.8042 -11.4872
      vertex -14.25 25 -11.5
    endloop
  endfacet
  facet normal -1 0 0
    outer loop
      vertex -14.25 24.2168 -15.9487
      vertex -14.25 24.8042 -11.4872
      vertex -14.25 25 -16
    endloop
  endfacet
  facet normal -1 -0 0
    outer loop
      vertex -14.25 24.8042 -11.4872
      vertex -14.25 24.2168 -15.9487
      vertex -14.25 24.6118 -11.4489
    endloop
  endfacet
  facet normal -1 0 0
    outer loop
      vertex -14.25 23.4471 -15.7956
      vertex -14.25 24.6118 -11.4489
      vertex -14.25 24.2168 -15.9487
    endloop
  endfacet
  facet normal -1 -0 0
    outer loop
      vertex -14.25 24.6118 -11.4489
      vertex -14.25 23.4471 -15.7956
      vertex -14.25 24.426 -11.3858
    endloop
  endfacet
  facet normal -1 -0 0
    outer loop
      vertex -14.25 24.426 -11.3858
      vertex -14.25 23.4471 -15.7956
      vertex -14.25 24.25 -11.299
    endloop
  endfacet
  facet normal -1 -0 0
    outer loop
      vertex -14.25 24.25 -11.299
      vertex -14.25 23.4471 -15.7956
      vertex -14.25 24.0869 -11.19
    endloop
  endfacet
  facet normal -1 -0 0
    outer loop
      vertex -14.25 24.0869 -11.19
      vertex -14.25 23.4471 -15.7956
      vertex -14.25 23.9393 -11.0607
    endloop
  endfacet
  facet normal -1 -0 0
    outer loop
      vertex -14.25 23.9393 -11.0607
      vertex -14.25 23.4471 -15.7956
      vertex -14.25 23.81 -10.9131
    endloop
  endfacet
  facet normal -1 -0 0
    outer loop
      vertex -14.25 23.81 -10.9131
      vertex -14.25 23.4471 -15.7956
      vertex -14.25 23.701 -10.75
    endloop
  endfacet
  facet normal -1 -0 0
    outer loop
      vertex -14.25 23.701 -10.75
      vertex -14.25 23.4471 -15.7956
      vertex -14.25 23.6142 -10.574
    endloop
  endfacet
  facet normal -1 -0 0
    outer loop
      vertex -14.25 23.6142 -10.574
      vertex -14.25 23.4471 -15.7956
      vertex -14.25 23.5511 -10.3882
    endloop
  endfacet
  facet normal -1 0 0
    outer loop
      vertex -14.25 -40 0
      vertex -14.25 23.5128 -10.1958
      vertex -14.25 23.4471 -15.7956
    endloop
  endfacet
  facet normal -1 -0 0
    outer loop
      vertex -14.25 23.5511 -10.3882
      vertex -14.25 23.4471 -15.7956
      vertex -14.25 23.5128 -10.1958
    endloop
  endfacet
  facet normal -1 0 0
    outer loop
      vertex -14.25 26.0607 -8.93934
      vertex -14.25 32 0
      vertex -14.25 30.9487 -10.7832
    endloop
  endfacet
  facet normal -1 0 0
    outer loop
      vertex -14.25 26.4872 -10.1958
      vertex -14.25 30.9487 -10.7832
      vertex -14.25 30.7956 -11.5529
    endloop
  endfacet
  facet normal -1 0 0
    outer loop
      vertex -14.25 26.4872 -10.1958
      vertex -14.25 30.7956 -11.5529
      vertex -14.25 30.5433 -12.2961
    endloop
  endfacet
  facet normal -1 0 0
    outer loop
      vertex -14.25 26.4872 -10.1958
      vertex -14.25 30.5433 -12.2961
      vertex -14.25 30.1962 -13
    endloop
  endfacet
  facet normal -1 0 0
    outer loop
      vertex -14.25 26.4872 -10.1958
      vertex -14.25 30.1962 -13
      vertex -14.25 29.7601 -13.6526
    endloop
  endfacet
  facet normal -1 0 0
    outer loop
      vertex -14.25 26.4872 -10.1958
      vertex -14.25 29.7601 -13.6526
      vertex -14.25 29.2426 -14.2426
    endloop
  endfacet
  facet normal -1 0 0
    outer loop
      vertex -14.25 26.4872 -10.1958
      vertex -14.25 29.2426 -14.2426
      vertex -14.25 28.6526 -14.7601
    endloop
  endfacet
  facet normal -1 0 0
    outer loop
      vertex -14.25 26.4872 -10.1958
      vertex -14.25 28.6526 -14.7601
      vertex -14.25 28 -15.1962
    endloop
  endfacet
  facet normal -1 0 0
    outer loop
      vertex -14.25 26.4872 -10.1958
      vertex -14.25 28 -15.1962
      vertex -14.25 27.2961 -15.5433
    endloop
  endfacet
  facet normal -1 0 0
    outer loop
      vertex -14.25 25.574 -11.3858
      vertex -14.25 27.2961 -15.5433
      vertex -14.25 26.5529 -15.7956
    endloop
  endfacet
  facet normal -1 0 0
    outer loop
      vertex -14.25 30.9487 -10.7832
      vertex -14.25 26.5 -10
      vertex -14.25 26.4872 -9.80421
    endloop
  endfacet
  facet normal -1 0 0
    outer loop
      vertex -14.25 30.9487 -10.7832
      vertex -14.25 26.4872 -9.80421
      vertex -14.25 26.4489 -9.61177
    endloop
  endfacet
  facet normal -1 0 0
    outer loop
      vertex -14.25 30.9487 -10.7832
      vertex -14.25 26.4489 -9.61177
      vertex -14.25 26.3858 -9.42597
    endloop
  endfacet
  facet normal -1 0 0
    outer loop
      vertex -14.25 30.9487 -10.7832
      vertex -14.25 26.3858 -9.42597
      vertex -14.25 26.299 -9.25
    endloop
  endfacet
  facet normal -1 0 0
    outer loop
      vertex -14.25 30.9487 -10.7832
      vertex -14.25 26.299 -9.25
      vertex -14.25 26.19 -9.08686
    endloop
  endfacet
  facet normal -1 0 0
    outer loop
      vertex -14.25 30.9487 -10.7832
      vertex -14.25 26.19 -9.08686
      vertex -14.25 26.0607 -8.93934
    endloop
  endfacet
  facet normal -1 0 0
    outer loop
      vertex -14.25 32 0
      vertex -14.25 26.0607 -8.93934
      vertex -14.25 25.9131 -8.80997
    endloop
  endfacet
  facet normal -1 0 0
    outer loop
      vertex -14.25 32 0
      vertex -14.25 25.9131 -8.80997
      vertex -14.25 25.75 -8.70096
    endloop
  endfacet
  facet normal -1 0 0
    outer loop
      vertex -14.25 25.574 -8.61418
      vertex -14.25 32 0
      vertex -14.25 25.75 -8.70096
    endloop
  endfacet
  facet normal -1 0 0
    outer loop
      vertex -14.25 25.3882 -8.55111
      vertex -14.25 32 0
      vertex -14.25 25.574 -8.61418
    endloop
  endfacet
  facet normal -1 0 0
    outer loop
      vertex -14.25 25.1958 -8.51283
      vertex -14.25 32 0
      vertex -14.25 25.3882 -8.55111
    endloop
  endfacet
  facet normal -1 0 0
    outer loop
      vertex -14.25 25 -8.5
      vertex -14.25 32 0
      vertex -14.25 25.1958 -8.51283
    endloop
  endfacet
  facet normal -1 0 0
    outer loop
      vertex -14.25 24.8042 -8.51283
      vertex -14.25 32 0
      vertex -14.25 25 -8.5
    endloop
  endfacet
  facet normal -1 0 0
    outer loop
      vertex -14.25 24.6118 -8.55111
      vertex -14.25 32 0
      vertex -14.25 24.8042 -8.51283
    endloop
  endfacet
  facet normal -1 0 0
    outer loop
      vertex -14.25 24.426 -8.61418
      vertex -14.25 32 0
      vertex -14.25 24.6118 -8.55111
    endloop
  endfacet
  facet normal -1 0 0
    outer loop
      vertex -14.25 24.25 -8.70096
      vertex -14.25 32 0
      vertex -14.25 24.426 -8.61418
    endloop
  endfacet
  facet normal -1 -0 0
    outer loop
      vertex -14.25 32 0
      vertex -14.25 24.25 -8.70096
      vertex -14.25 32 20.25
    endloop
  endfacet
  facet normal -1 0 0
    outer loop
      vertex -14.25 24.0869 -8.80997
      vertex -14.25 32 20.25
      vertex -14.25 24.25 -8.70096
    endloop
  endfacet
  facet normal -1 0 0
    outer loop
      vertex -14.25 23.9393 -8.93934
      vertex -14.25 32 20.25
      vertex -14.25 24.0869 -8.80997
    endloop
  endfacet
  facet normal -1 0 0
    outer loop
      vertex -14.25 23.81 -9.08686
      vertex -14.25 32 20.25
      vertex -14.25 23.9393 -8.93934
    endloop
  endfacet
  facet normal -1 0 0
    outer loop
      vertex -14.25 -40 20.25
      vertex -14.25 23.81 -9.08686
      vertex -14.25 23.701 -9.25
    endloop
  endfacet
  facet normal -1 0 0
    outer loop
      vertex -14.25 -40 0
      vertex -14.25 23.701 -9.25
      vertex -14.25 23.6142 -9.42597
    endloop
  endfacet
  facet normal -1 0 0
    outer loop
      vertex -14.25 -40 0
      vertex -14.25 23.6142 -9.42597
      vertex -14.25 23.5511 -9.61177
    endloop
  endfacet
  facet normal -1 0 0
    outer loop
      vertex -14.25 23.5128 -10.1958
      vertex -14.25 -40 0
      vertex -14.25 23.5 -10
    endloop
  endfacet
  facet normal -1 0 0
    outer loop
      vertex -14.25 -40 0
      vertex -14.25 23.5128 -9.80421
      vertex -14.25 23.5 -10
    endloop
  endfacet
  facet normal -1 0 0
    outer loop
      vertex -14.25 -40 0
      vertex -14.25 23.5511 -9.61177
      vertex -14.25 23.5128 -9.80421
    endloop
  endfacet
  facet normal -1 0 0
    outer loop
      vertex -14.25 23.701 -9.25
      vertex -14.25 -40 0
      vertex -14.25 -40 20.25
    endloop
  endfacet
  facet normal -1 0 0
    outer loop
      vertex -14.25 23.81 -9.08686
      vertex -14.25 -40 20.25
      vertex -14.25 32 20.25
    endloop
  endfacet
  facet normal 0 0.751787 -0.659406
    outer loop
      vertex 14.25 29.2426 -14.2426
      vertex 10.25 29.7601 -13.6526
      vertex 14.25 29.7601 -13.6526
    endloop
  endfacet
  facet normal 0 0.751787 -0.659406
    outer loop
      vertex 10.25 29.7601 -13.6526
      vertex 14.25 29.2426 -14.2426
      vertex 10.25 29.2426 -14.2426
    endloop
  endfacet
  facet normal 1 0 0
    outer loop
      vertex 14.25 24.25 -8.70096
      vertex 14.25 32 0
      vertex 14.25 32 20.25
    endloop
  endfacet
  facet normal 1 0 -0
    outer loop
      vertex 14.25 25.9131 -8.80997
      vertex 14.25 32 0
      vertex 14.25 25.75 -8.70096
    endloop
  endfacet
  facet normal 1 0 0
    outer loop
      vertex 14.25 32 0
      vertex 14.25 26.0607 -8.93934
      vertex 14.25 30.9487 -10.7832
    endloop
  endfacet
  facet normal 1 -0 -0
    outer loop
      vertex 14.25 26.299 -9.25
      vertex 14.25 30.9487 -10.7832
      vertex 14.25 26.19 -9.08686
    endloop
  endfacet
  facet normal 1 -0 -0
    outer loop
      vertex 14.25 26.4489 -9.61177
      vertex 14.25 30.9487 -10.7832
      vertex 14.25 26.3858 -9.42597
    endloop
  endfacet
  facet normal 1 -0 -0
    outer loop
      vertex 14.25 26.5 -10
      vertex 14.25 30.9487 -10.7832
      vertex 14.25 26.4872 -9.80421
    endloop
  endfacet
  facet normal 1 0 0
    outer loop
      vertex 14.25 30.9487 -10.7832
      vertex 14.25 26.4872 -10.1958
      vertex 14.25 30.7956 -11.5529
    endloop
  endfacet
  facet normal 1 0 0
    outer loop
      vertex 14.25 30.7956 -11.5529
      vertex 14.25 26.4489 -10.3882
      vertex 14.25 30.5433 -12.2961
    endloop
  endfacet
  facet normal 1 0 0
    outer loop
      vertex 14.25 30.5433 -12.2961
      vertex 14.25 26.3858 -10.574
      vertex 14.25 30.1962 -13
    endloop
  endfacet
  facet normal 1 -0 0
    outer loop
      vertex 14.25 26.299 -10.75
      vertex 14.25 30.1962 -13
      vertex 14.25 26.3858 -10.574
    endloop
  endfacet
  facet normal 1 -0 0
    outer loop
      vertex 14.25 26.19 -10.9131
      vertex 14.25 29.7601 -13.6526
      vertex 14.25 26.299 -10.75
    endloop
  endfacet
  facet normal 1 0 0
    outer loop
      vertex 14.25 30.1962 -13
      vertex 14.25 26.299 -10.75
      vertex 14.25 29.7601 -13.6526
    endloop
  endfacet
  facet normal 1 -0 0
    outer loop
      vertex 14.25 26.3858 -10.574
      vertex 14.25 30.5433 -12.2961
      vertex 14.25 26.4489 -10.3882
    endloop
  endfacet
  facet normal 1 -0 0
    outer loop
      vertex 14.25 26.4489 -10.3882
      vertex 14.25 30.7956 -11.5529
      vertex 14.25 26.4872 -10.1958
    endloop
  endfacet
  facet normal 1 -0 0
    outer loop
      vertex 14.25 26.4872 -10.1958
      vertex 14.25 30.9487 -10.7832
      vertex 14.25 26.5 -10
    endloop
  endfacet
  facet normal 1 -0 -0
    outer loop
      vertex 14.25 26.4872 -9.80421
      vertex 14.25 30.9487 -10.7832
      vertex 14.25 26.4489 -9.61177
    endloop
  endfacet
  facet normal 1 -0 -0
    outer loop
      vertex 14.25 26.3858 -9.42597
      vertex 14.25 30.9487 -10.7832
      vertex 14.25 26.299 -9.25
    endloop
  endfacet
  facet normal 1 -0 -0
    outer loop
      vertex 14.25 26.19 -9.08686
      vertex 14.25 30.9487 -10.7832
      vertex 14.25 26.0607 -8.93934
    endloop
  endfacet
  facet normal 1 0 -0
    outer loop
      vertex 14.25 26.0607 -8.93934
      vertex 14.25 32 0
      vertex 14.25 25.9131 -8.80997
    endloop
  endfacet
  facet normal 1 0 0
    outer loop
      vertex 14.25 32 0
      vertex 14.25 25.574 -8.61418
      vertex 14.25 25.75 -8.70096
    endloop
  endfacet
  facet normal 1 0 0
    outer loop
      vertex 14.25 32 0
      vertex 14.25 25.3882 -8.55111
      vertex 14.25 25.574 -8.61418
    endloop
  endfacet
  facet normal 1 0 0
    outer loop
      vertex 14.25 32 0
      vertex 14.25 25.1958 -8.51283
      vertex 14.25 25.3882 -8.55111
    endloop
  endfacet
  facet normal 1 0 0
    outer loop
      vertex 14.25 32 0
      vertex 14.25 25 -8.5
      vertex 14.25 25.1958 -8.51283
    endloop
  endfacet
  facet normal 1 0 0
    outer loop
      vertex 14.25 32 0
      vertex 14.25 24.8042 -8.51283
      vertex 14.25 25 -8.5
    endloop
  endfacet
  facet normal 1 0 0
    outer loop
      vertex 14.25 32 0
      vertex 14.25 24.6118 -8.55111
      vertex 14.25 24.8042 -8.51283
    endloop
  endfacet
  facet normal 1 0 0
    outer loop
      vertex 14.25 32 0
      vertex 14.25 24.426 -8.61418
      vertex 14.25 24.6118 -8.55111
    endloop
  endfacet
  facet normal 1 0 0
    outer loop
      vertex 14.25 32 0
      vertex 14.25 24.25 -8.70096
      vertex 14.25 24.426 -8.61418
    endloop
  endfacet
  facet normal 1 0 0
    outer loop
      vertex 14.25 32 20.25
      vertex 14.25 24.0869 -8.80997
      vertex 14.25 24.25 -8.70096
    endloop
  endfacet
  facet normal 1 0 0
    outer loop
      vertex 14.25 32 20.25
      vertex 14.25 23.9393 -8.93934
      vertex 14.25 24.0869 -8.80997
    endloop
  endfacet
  facet normal 1 0 0
    outer loop
      vertex 14.25 32 20.25
      vertex 14.25 23.81 -9.08686
      vertex 14.25 23.9393 -8.93934
    endloop
  endfacet
  facet normal 1 -0 0
    outer loop
      vertex 14.25 -40 20.25
      vertex 14.25 23.81 -9.08686
      vertex 14.25 32 20.25
    endloop
  endfacet
  facet normal 1 0 0
    outer loop
      vertex 14.25 23.81 -9.08686
      vertex 14.25 -40 20.25
      vertex 14.25 23.701 -9.25
    endloop
  endfacet
  facet normal 1 -0 0
    outer loop
      vertex 14.25 -40 0
      vertex 14.25 23.701 -9.25
      vertex 14.25 -40 20.25
    endloop
  endfacet
  facet normal 1 0 0
    outer loop
      vertex 14.25 23.701 -9.25
      vertex 14.25 -40 0
      vertex 14.25 23.6142 -9.42597
    endloop
  endfacet
  facet normal 1 0 0
    outer loop
      vertex 14.25 23.6142 -9.42597
      vertex 14.25 -40 0
      vertex 14.25 23.5511 -9.61177
    endloop
  endfacet
  facet normal 1 0 0
    outer loop
      vertex 14.25 23.5511 -9.61177
      vertex 14.25 -40 0
      vertex 14.25 23.5128 -9.80421
    endloop
  endfacet
  facet normal 1 0 0
    outer loop
      vertex 14.25 23.5128 -9.80421
      vertex 14.25 -40 0
      vertex 14.25 23.5 -10
    endloop
  endfacet
  facet normal 1 0 0
    outer loop
      vertex 14.25 23.5 -10
      vertex 14.25 -40 0
      vertex 14.25 23.4471 -15.7956
    endloop
  endfacet
  facet normal 1 0 0
    outer loop
      vertex 14.25 29.7601 -13.6526
      vertex 14.25 26.19 -10.9131
      vertex 14.25 29.2426 -14.2426
    endloop
  endfacet
  facet normal 1 -0 0
    outer loop
      vertex 14.25 26.0607 -11.0607
      vertex 14.25 29.2426 -14.2426
      vertex 14.25 26.19 -10.9131
    endloop
  endfacet
  facet normal 1 0 0
    outer loop
      vertex 14.25 29.2426 -14.2426
      vertex 14.25 26.0607 -11.0607
      vertex 14.25 28.6526 -14.7601
    endloop
  endfacet
  facet normal 1 -0 0
    outer loop
      vertex 14.25 25.9131 -11.19
      vertex 14.25 28.6526 -14.7601
      vertex 14.25 26.0607 -11.0607
    endloop
  endfacet
  facet normal 1 0 0
    outer loop
      vertex 14.25 28.6526 -14.7601
      vertex 14.25 25.9131 -11.19
      vertex 14.25 28 -15.1962
    endloop
  endfacet
  facet normal 1 -0 0
    outer loop
      vertex 14.25 25.75 -11.299
      vertex 14.25 28 -15.1962
      vertex 14.25 25.9131 -11.19
    endloop
  endfacet
  facet normal 1 0 0
    outer loop
      vertex 14.25 28 -15.1962
      vertex 14.25 25.75 -11.299
      vertex 14.25 27.2961 -15.5433
    endloop
  endfacet
  facet normal 1 -0 0
    outer loop
      vertex 14.25 25.574 -11.3858
      vertex 14.25 27.2961 -15.5433
      vertex 14.25 25.75 -11.299
    endloop
  endfacet
  facet normal 1 0 0
    outer loop
      vertex 14.25 27.2961 -15.5433
      vertex 14.25 25.574 -11.3858
      vertex 14.25 26.5529 -15.7956
    endloop
  endfacet
  facet normal 1 -0 0
    outer loop
      vertex 14.25 25.3882 -11.4489
      vertex 14.25 26.5529 -15.7956
      vertex 14.25 25.574 -11.3858
    endloop
  endfacet
  facet normal 1 0 0
    outer loop
      vertex 14.25 26.5529 -15.7956
      vertex 14.25 25.3882 -11.4489
      vertex 14.25 25.7832 -15.9487
    endloop
  endfacet
  facet normal 1 -0 0
    outer loop
      vertex 14.25 25.1958 -11.4872
      vertex 14.25 25.7832 -15.9487
      vertex 14.25 25.3882 -11.4489
    endloop
  endfacet
  facet normal 1 -0 0
    outer loop
      vertex 14.25 25 -11.5
      vertex 14.25 25.7832 -15.9487
      vertex 14.25 25.1958 -11.4872
    endloop
  endfacet
  facet normal 1 0 0
    outer loop
      vertex 14.25 25 -11.5
      vertex 14.25 25 -16
      vertex 14.25 25.7832 -15.9487
    endloop
  endfacet
  facet normal 1 0 0
    outer loop
      vertex 14.25 24.8042 -11.4872
      vertex 14.25 25 -16
      vertex 14.25 25 -11.5
    endloop
  endfacet
  facet normal 1 0 0
    outer loop
      vertex 14.25 24.2168 -15.9487
      vertex 14.25 24.8042 -11.4872
      vertex 14.25 24.6118 -11.4489
    endloop
  endfacet
  facet normal 1 0 0
    outer loop
      vertex 14.25 23.4471 -15.7956
      vertex 14.25 24.6118 -11.4489
      vertex 14.25 24.426 -11.3858
    endloop
  endfacet
  facet normal 1 0 0
    outer loop
      vertex 14.25 23.4471 -15.7956
      vertex 14.25 24.426 -11.3858
      vertex 14.25 24.25 -11.299
    endloop
  endfacet
  facet normal 1 0 0
    outer loop
      vertex 14.25 24.8042 -11.4872
      vertex 14.25 24.2168 -15.9487
      vertex 14.25 25 -16
    endloop
  endfacet
  facet normal 1 0 0
    outer loop
      vertex 14.25 23.4471 -15.7956
      vertex 14.25 24.25 -11.299
      vertex 14.25 24.0869 -11.19
    endloop
  endfacet
  facet normal 1 0 0
    outer loop
      vertex 14.25 23.4471 -15.7956
      vertex 14.25 24.0869 -11.19
      vertex 14.25 23.9393 -11.0607
    endloop
  endfacet
  facet normal 1 0 0
    outer loop
      vertex 14.25 23.4471 -15.7956
      vertex 14.25 23.9393 -11.0607
      vertex 14.25 23.81 -10.9131
    endloop
  endfacet
  facet normal 1 0 0
    outer loop
      vertex 14.25 23.4471 -15.7956
      vertex 14.25 23.81 -10.9131
      vertex 14.25 23.701 -10.75
    endloop
  endfacet
  facet normal 1 0 0
    outer loop
      vertex 14.25 23.4471 -15.7956
      vertex 14.25 23.701 -10.75
      vertex 14.25 23.6142 -10.574
    endloop
  endfacet
  facet normal 1 0 0
    outer loop
      vertex 14.25 23.4471 -15.7956
      vertex 14.25 23.6142 -10.574
      vertex 14.25 23.5511 -10.3882
    endloop
  endfacet
  facet normal 1 0 0
    outer loop
      vertex 14.25 23.4471 -15.7956
      vertex 14.25 23.5511 -10.3882
      vertex 14.25 23.5128 -10.1958
    endloop
  endfacet
  facet normal 1 0 0
    outer loop
      vertex 14.25 24.6118 -11.4489
      vertex 14.25 23.4471 -15.7956
      vertex 14.25 24.2168 -15.9487
    endloop
  endfacet
  facet normal 1 0 0
    outer loop
      vertex 14.25 23.4471 -15.7956
      vertex 14.25 23.5128 -10.1958
      vertex 14.25 23.5 -10
    endloop
  endfacet
  facet normal 0 -0.195087 -0.980786
    outer loop
      vertex 10.25 23.4471 -15.7956
      vertex 14.25 24.2168 -15.9487
      vertex 14.25 23.4471 -15.7956
    endloop
  endfacet
  facet normal -0 -0.195087 -0.980786
    outer loop
      vertex 14.25 24.2168 -15.9487
      vertex 10.25 23.4471 -15.7956
      vertex 10.25 24.2168 -15.9487
    endloop
  endfacet
  facet normal 0 -0.241583 -0.97038
    outer loop
      vertex 10.25 -40 0
      vertex 14.25 23.4471 -15.7956
      vertex 14.25 -40 0
    endloop
  endfacet
  facet normal -0 -0.241583 -0.97038
    outer loop
      vertex 14.25 23.4471 -15.7956
      vertex 10.25 -40 0
      vertex 10.25 23.4471 -15.7956
    endloop
  endfacet
  facet normal 0 0.0653605 -0.997862
    outer loop
      vertex 10.25 25 -16
      vertex 14.25 25.7832 -15.9487
      vertex 14.25 25 -16
    endloop
  endfacet
  facet normal 0 0.0653605 -0.997862
    outer loop
      vertex 14.25 25.7832 -15.9487
      vertex 10.25 25 -16
      vertex 10.25 25.7832 -15.9487
    endloop
  endfacet
  facet normal 0 0.831442 -0.555611
    outer loop
      vertex 14.25 29.7601 -13.6526
      vertex 10.25 30.1962 -13
      vertex 14.25 30.1962 -13
    endloop
  endfacet
  facet normal 0 0.831442 -0.555611
    outer loop
      vertex 10.25 30.1962 -13
      vertex 14.25 29.7601 -13.6526
      vertex 10.25 29.7601 -13.6526
    endloop
  endfacet
  facet normal 0 0.896885 -0.442263
    outer loop
      vertex 14.25 30.1962 -13
      vertex 10.25 30.5433 -12.2961
      vertex 14.25 30.5433 -12.2961
    endloop
  endfacet
  facet normal 0 0.896885 -0.442263
    outer loop
      vertex 10.25 30.5433 -12.2961
      vertex 14.25 30.1962 -13
      vertex 10.25 30.1962 -13
    endloop
  endfacet
  facet normal 0 -0.0653605 -0.997862
    outer loop
      vertex 10.25 24.2168 -15.9487
      vertex 14.25 25 -16
      vertex 14.25 24.2168 -15.9487
    endloop
  endfacet
  facet normal -0 -0.0653605 -0.997862
    outer loop
      vertex 14.25 25 -16
      vertex 10.25 24.2168 -15.9487
      vertex 10.25 25 -16
    endloop
  endfacet
  facet normal -1 0 0
    outer loop
      vertex 10.25 30.9487 -10.7832
      vertex 10.25 28.1726 -10.4177
      vertex 10.25 28.2 -10
    endloop
  endfacet
  facet normal -1 0 0
    outer loop
      vertex 10.25 29.2426 -14.2426
      vertex 10.25 28.091 -10.8282
      vertex 10.25 28.1726 -10.4177
    endloop
  endfacet
  facet normal -1 0 0
    outer loop
      vertex 10.25 26.948 -12.5387
      vertex 10.25 28.6526 -14.7601
      vertex 10.25 28 -15.1962
    endloop
  endfacet
  facet normal -1 0 0
    outer loop
      vertex 10.25 29.2426 -14.2426
      vertex 10.25 27.9564 -11.2246
      vertex 10.25 28.091 -10.8282
    endloop
  endfacet
  facet normal -1 0 0
    outer loop
      vertex 10.25 29.2426 -14.2426
      vertex 10.25 27.7713 -11.6
      vertex 10.25 27.9564 -11.2246
    endloop
  endfacet
  facet normal -1 0 0
    outer loop
      vertex 10.25 29.2426 -14.2426
      vertex 10.25 27.5387 -11.948
      vertex 10.25 27.7713 -11.6
    endloop
  endfacet
  facet normal -1 0 0
    outer loop
      vertex 10.25 26.6 -12.7713
      vertex 10.25 28 -15.1962
      vertex 10.25 27.2961 -15.5433
    endloop
  endfacet
  facet normal -1 0 0
    outer loop
      vertex 10.25 29.2426 -14.2426
      vertex 10.25 27.2627 -12.2627
      vertex 10.25 27.5387 -11.948
    endloop
  endfacet
  facet normal -1 0 0
    outer loop
      vertex 10.25 28.6526 -14.7601
      vertex 10.25 26.948 -12.5387
      vertex 10.25 27.2627 -12.2627
    endloop
  endfacet
  facet normal -1 0 0
    outer loop
      vertex 10.25 28 -15.1962
      vertex 10.25 26.6 -12.7713
      vertex 10.25 26.948 -12.5387
    endloop
  endfacet
  facet normal -1 0 0
    outer loop
      vertex 10.25 26.2246 -12.9564
      vertex 10.25 27.2961 -15.5433
      vertex 10.25 26.5529 -15.7956
    endloop
  endfacet
  facet normal -1 0 0
    outer loop
      vertex 10.25 27.2961 -15.5433
      vertex 10.25 26.2246 -12.9564
      vertex 10.25 26.6 -12.7713
    endloop
  endfacet
  facet normal -1 0 0
    outer loop
      vertex 10.25 26.5529 -15.7956
      vertex 10.25 25.8282 -13.091
      vertex 10.25 26.2246 -12.9564
    endloop
  endfacet
  facet normal -1 0 0
    outer loop
      vertex 10.25 25.7832 -15.9487
      vertex 10.25 25.8282 -13.091
      vertex 10.25 26.5529 -15.7956
    endloop
  endfacet
  facet normal -1 0 0
    outer loop
      vertex 10.25 25.7832 -15.9487
      vertex 10.25 25.4177 -13.1726
      vertex 10.25 25.8282 -13.091
    endloop
  endfacet
  facet normal -1 0 0
    outer loop
      vertex 10.25 25 -16
      vertex 10.25 25.4177 -13.1726
      vertex 10.25 25.7832 -15.9487
    endloop
  endfacet
  facet normal -1 0 0
    outer loop
      vertex 10.25 25 -16
      vertex 10.25 25 -13.2
      vertex 10.25 25.4177 -13.1726
    endloop
  endfacet
  facet normal -1 0 0
    outer loop
      vertex 10.25 25 -16
      vertex 10.25 24.5823 -13.1726
      vertex 10.25 25 -13.2
    endloop
  endfacet
  facet normal -1 0 0
    outer loop
      vertex 10.25 24.2168 -15.9487
      vertex 10.25 24.5823 -13.1726
      vertex 10.25 25 -16
    endloop
  endfacet
  facet normal -1 0 0
    outer loop
      vertex 10.25 24.2168 -15.9487
      vertex 10.25 24.1718 -13.091
      vertex 10.25 24.5823 -13.1726
    endloop
  endfacet
  facet normal -1 0 0
    outer loop
      vertex 10.25 23.4471 -15.7956
      vertex 10.25 24.1718 -13.091
      vertex 10.25 24.2168 -15.9487
    endloop
  endfacet
  facet normal -1 -0 0
    outer loop
      vertex 10.25 24.1718 -13.091
      vertex 10.25 23.4471 -15.7956
      vertex 10.25 23.7754 -12.9564
    endloop
  endfacet
  facet normal -1 0 0
    outer loop
      vertex 10.25 23.4471 -15.7956
      vertex 10.25 23.4 -12.7713
      vertex 10.25 23.7754 -12.9564
    endloop
  endfacet
  facet normal -1 0 0
    outer loop
      vertex 10.25 23.4471 -15.7956
      vertex 10.25 23.052 -12.5387
      vertex 10.25 23.4 -12.7713
    endloop
  endfacet
  facet normal -1 0 0
    outer loop
      vertex 10.25 23.4471 -15.7956
      vertex 10.25 22.7373 -12.2627
      vertex 10.25 23.052 -12.5387
    endloop
  endfacet
  facet normal -1 0 0
    outer loop
      vertex 10.25 23.4471 -15.7956
      vertex 10.25 22.4613 -11.948
      vertex 10.25 22.7373 -12.2627
    endloop
  endfacet
  facet normal -1 0 0
    outer loop
      vertex 10.25 23.4471 -15.7956
      vertex 10.25 22.2287 -11.6
      vertex 10.25 22.4613 -11.948
    endloop
  endfacet
  facet normal -1 0 0
    outer loop
      vertex 10.25 23.4471 -15.7956
      vertex 10.25 22.0436 -11.2246
      vertex 10.25 22.2287 -11.6
    endloop
  endfacet
  facet normal -1 0 0
    outer loop
      vertex 10.25 -40 0
      vertex 10.25 22.0436 -11.2246
      vertex 10.25 23.4471 -15.7956
    endloop
  endfacet
  facet normal -1 0 0
    outer loop
      vertex 10.25 21.8274 -10.4177
      vertex 10.25 -40 0
      vertex 10.25 21.8 -10
    endloop
  endfacet
  facet normal -1 0 0
    outer loop
      vertex 10.25 21.909 -10.8282
      vertex 10.25 -40 0
      vertex 10.25 21.8274 -10.4177
    endloop
  endfacet
  facet normal -1 0 0
    outer loop
      vertex 10.25 22.0436 -11.2246
      vertex 10.25 -40 0
      vertex 10.25 21.909 -10.8282
    endloop
  endfacet
  facet normal -1 0 0
    outer loop
      vertex 10.25 27.7713 -8.4
      vertex 10.25 32 0
      vertex 10.25 30.9487 -10.7832
    endloop
  endfacet
  facet normal -1 0 0
    outer loop
      vertex 10.25 28.1726 -10.4177
      vertex 10.25 30.9487 -10.7832
      vertex 10.25 30.7956 -11.5529
    endloop
  endfacet
  facet normal -1 0 0
    outer loop
      vertex 10.25 28.1726 -10.4177
      vertex 10.25 30.7956 -11.5529
      vertex 10.25 30.5433 -12.2961
    endloop
  endfacet
  facet normal -1 0 0
    outer loop
      vertex 10.25 28.1726 -10.4177
      vertex 10.25 30.5433 -12.2961
      vertex 10.25 30.1962 -13
    endloop
  endfacet
  facet normal -1 0 0
    outer loop
      vertex 10.25 28.1726 -10.4177
      vertex 10.25 30.1962 -13
      vertex 10.25 29.7601 -13.6526
    endloop
  endfacet
  facet normal -1 0 0
    outer loop
      vertex 10.25 28.1726 -10.4177
      vertex 10.25 29.7601 -13.6526
      vertex 10.25 29.2426 -14.2426
    endloop
  endfacet
  facet normal -1 0 0
    outer loop
      vertex 10.25 27.2627 -12.2627
      vertex 10.25 29.2426 -14.2426
      vertex 10.25 28.6526 -14.7601
    endloop
  endfacet
  facet normal -1 0 0
    outer loop
      vertex 10.25 30.9487 -10.7832
      vertex 10.25 28.2 -10
      vertex 10.25 28.1726 -9.58232
    endloop
  endfacet
  facet normal -1 0 0
    outer loop
      vertex 10.25 30.9487 -10.7832
      vertex 10.25 28.1726 -9.58232
      vertex 10.25 28.091 -9.17178
    endloop
  endfacet
  facet normal -1 0 0
    outer loop
      vertex 10.25 30.9487 -10.7832
      vertex 10.25 28.091 -9.17178
      vertex 10.25 27.9564 -8.77541
    endloop
  endfacet
  facet normal -1 0 0
    outer loop
      vertex 10.25 30.9487 -10.7832
      vertex 10.25 27.9564 -8.77541
      vertex 10.25 27.7713 -8.4
    endloop
  endfacet
  facet normal -1 0 0
    outer loop
      vertex 10.25 32 0
      vertex 10.25 27.7713 -8.4
      vertex 10.25 27.5387 -8.05196
    endloop
  endfacet
  facet normal -1 0 0
    outer loop
      vertex 10.25 32 0
      vertex 10.25 27.5387 -8.05196
      vertex 10.25 27.2627 -7.73726
    endloop
  endfacet
  facet normal -1 0 0
    outer loop
      vertex 10.25 26.948 -7.46127
      vertex 10.25 32 0
      vertex 10.25 27.2627 -7.73726
    endloop
  endfacet
  facet normal -1 0 0
    outer loop
      vertex 10.25 26.6 -7.22872
      vertex 10.25 32 0
      vertex 10.25 26.948 -7.46127
    endloop
  endfacet
  facet normal -1 0 0
    outer loop
      vertex 10.25 26.2246 -7.04358
      vertex 10.25 32 0
      vertex 10.25 26.6 -7.22872
    endloop
  endfacet
  facet normal -1 0 0
    outer loop
      vertex 10.25 25.8282 -6.90904
      vertex 10.25 32 0
      vertex 10.25 26.2246 -7.04358
    endloop
  endfacet
  facet normal -1 0 0
    outer loop
      vertex 10.25 25.4177 -6.82738
      vertex 10.25 32 0
      vertex 10.25 25.8282 -6.90904
    endloop
  endfacet
  facet normal -1 0 0
    outer loop
      vertex 10.25 25 -6.8
      vertex 10.25 32 0
      vertex 10.25 25.4177 -6.82738
    endloop
  endfacet
  facet normal -1 0 0
    outer loop
      vertex 10.25 24.5823 -6.82738
      vertex 10.25 32 0
      vertex 10.25 25 -6.8
    endloop
  endfacet
  facet normal -1 0 0
    outer loop
      vertex 10.25 24.1718 -6.90904
      vertex 10.25 32 0
      vertex 10.25 24.5823 -6.82738
    endloop
  endfacet
  facet normal -1 0 0
    outer loop
      vertex 10.25 23.7754 -7.04358
      vertex 10.25 32 0
      vertex 10.25 24.1718 -6.90904
    endloop
  endfacet
  facet normal -1 -0 0
    outer loop
      vertex 10.25 32 0
      vertex 10.25 23.7754 -7.04358
      vertex 10.25 32 20.25
    endloop
  endfacet
  facet normal -1 0 0
    outer loop
      vertex 10.25 23.4 -7.22872
      vertex 10.25 32 20.25
      vertex 10.25 23.7754 -7.04358
    endloop
  endfacet
  facet normal -1 0 0
    outer loop
      vertex 10.25 23.052 -7.46127
      vertex 10.25 32 20.25
      vertex 10.25 23.4 -7.22872
    endloop
  endfacet
  facet normal -1 0 0
    outer loop
      vertex 10.25 22.7373 -7.73726
      vertex 10.25 32 20.25
      vertex 10.25 23.052 -7.46127
    endloop
  endfacet
  facet normal -1 0 0
    outer loop
      vertex 10.25 -40 20.25
      vertex 10.25 22.7373 -7.73726
      vertex 10.25 22.4613 -8.05196
    endloop
  endfacet
  facet normal -1 0 0
    outer loop
      vertex 10.25 -40 20.25
      vertex 10.25 22.4613 -8.05196
      vertex 10.25 22.2287 -8.4
    endloop
  endfacet
  facet normal -1 0 0
    outer loop
      vertex 10.25 -40 0
      vertex 10.25 22.2287 -8.4
      vertex 10.25 22.0436 -8.77541
    endloop
  endfacet
  facet normal -1 0 0
    outer loop
      vertex 10.25 -40 0
      vertex 10.25 21.8274 -9.58232
      vertex 10.25 21.8 -10
    endloop
  endfacet
  facet normal -1 0 0
    outer loop
      vertex 10.25 -40 0
      vertex 10.25 21.909 -9.17178
      vertex 10.25 21.8274 -9.58232
    endloop
  endfacet
  facet normal -1 0 0
    outer loop
      vertex 10.25 -40 0
      vertex 10.25 22.0436 -8.77541
      vertex 10.25 21.909 -9.17178
    endloop
  endfacet
  facet normal -1 0 0
    outer loop
      vertex 10.25 22.2287 -8.4
      vertex 10.25 -40 0
      vertex 10.25 -40 20.25
    endloop
  endfacet
  facet normal -1 0 0
    outer loop
      vertex 10.25 22.7373 -7.73726
      vertex 10.25 -40 20.25
      vertex 10.25 32 20.25
    endloop
  endfacet
  facet normal 0 0.946923 -0.32146
    outer loop
      vertex 14.25 30.5433 -12.2961
      vertex 10.25 30.7956 -11.5529
      vertex 14.25 30.7956 -11.5529
    endloop
  endfacet
  facet normal 0 0.946923 -0.32146
    outer loop
      vertex 10.25 30.7956 -11.5529
      vertex 14.25 30.5433 -12.2961
      vertex 10.25 30.5433 -12.2961
    endloop
  endfacet
  facet normal 0 0.995281 -0.0970342
    outer loop
      vertex 14.25 30.9487 -10.7832
      vertex 10.25 32 0
      vertex 14.25 32 0
    endloop
  endfacet
  facet normal 0 0.995281 -0.0970342
    outer loop
      vertex 10.25 32 0
      vertex 14.25 30.9487 -10.7832
      vertex 10.25 30.9487 -10.7832
    endloop
  endfacet
  facet normal 0 0.32146 -0.946923
    outer loop
      vertex 10.25 26.5529 -15.7956
      vertex 14.25 27.2961 -15.5433
      vertex 14.25 26.5529 -15.7956
    endloop
  endfacet
  facet normal 0 0.32146 -0.946923
    outer loop
      vertex 14.25 27.2961 -15.5433
      vertex 10.25 26.5529 -15.7956
      vertex 10.25 27.2961 -15.5433
    endloop
  endfacet
  facet normal 0 0.659406 -0.751787
    outer loop
      vertex 10.25 28.6526 -14.7601
      vertex 14.25 29.2426 -14.2426
      vertex 14.25 28.6526 -14.7601
    endloop
  endfacet
  facet normal 0 0.659406 -0.751787
    outer loop
      vertex 14.25 29.2426 -14.2426
      vertex 10.25 28.6526 -14.7601
      vertex 10.25 29.2426 -14.2426
    endloop
  endfacet
  facet normal 0 0.980786 -0.195087
    outer loop
      vertex 14.25 30.7956 -11.5529
      vertex 10.25 30.9487 -10.7832
      vertex 14.25 30.9487 -10.7832
    endloop
  endfacet
  facet normal 0 0.980786 -0.195087
    outer loop
      vertex 10.25 30.9487 -10.7832
      vertex 14.25 30.7956 -11.5529
      vertex 10.25 30.7956 -11.5529
    endloop
  endfacet
  facet normal 0 0.442263 -0.896885
    outer loop
      vertex 10.25 27.2961 -15.5433
      vertex 14.25 28 -15.1962
      vertex 14.25 27.2961 -15.5433
    endloop
  endfacet
  facet normal 0 0.442263 -0.896885
    outer loop
      vertex 14.25 28 -15.1962
      vertex 10.25 27.2961 -15.5433
      vertex 10.25 28 -15.1962
    endloop
  endfacet
  facet normal 0 0.555611 -0.831442
    outer loop
      vertex 10.25 28 -15.1962
      vertex 14.25 28.6526 -14.7601
      vertex 14.25 28 -15.1962
    endloop
  endfacet
  facet normal 0 0.555611 -0.831442
    outer loop
      vertex 14.25 28.6526 -14.7601
      vertex 10.25 28 -15.1962
      vertex 10.25 28.6526 -14.7601
    endloop
  endfacet
  facet normal 0 0.195087 -0.980786
    outer loop
      vertex 10.25 25.7832 -15.9487
      vertex 14.25 26.5529 -15.7956
      vertex 14.25 25.7832 -15.9487
    endloop
  endfacet
  facet normal 0 0.195087 -0.980786
    outer loop
      vertex 14.25 26.5529 -15.7956
      vertex 10.25 25.7832 -15.9487
      vertex 10.25 26.5529 -15.7956
    endloop
  endfacet
  facet normal 0 0 -1
    outer loop
      vertex 21.0767 -29.4435 20.25
      vertex 25 -40 20.25
      vertex 21.1316 -29.7194 20.25
    endloop
  endfacet
  facet normal 0 0 -1
    outer loop
      vertex 25 -40 20.25
      vertex 21.1316 19.7194 20.25
      vertex 21.15 20 20.25
    endloop
  endfacet
  facet normal 0 0 -1
    outer loop
      vertex 21.0767 19.4435 20.25
      vertex 25 -40 20.25
      vertex 21.0767 -29.4435 20.25
    endloop
  endfacet
  facet normal 0 0 -1
    outer loop
      vertex 25 -40 20.25
      vertex 21.0767 19.4435 20.25
      vertex 21.1316 19.7194 20.25
    endloop
  endfacet
  facet normal 0 0 -1
    outer loop
      vertex 20.9863 -29.1772 20.25
      vertex 21.0767 19.4435 20.25
      vertex 21.0767 -29.4435 20.25
    endloop
  endfacet
  facet normal 0 0 -1
    outer loop
      vertex 20.9863 -29.1772 20.25
      vertex 20.9863 19.1772 20.25
      vertex 21.0767 19.4435 20.25
    endloop
  endfacet
  facet normal 0 0 -1
    outer loop
      vertex 20.862 -28.925 20.25
      vertex 20.9863 19.1772 20.25
      vertex 20.9863 -29.1772 20.25
    endloop
  endfacet
  facet normal 0 0 -1
    outer loop
      vertex 20.862 -28.925 20.25
      vertex 20.862 18.925 20.25
      vertex 20.9863 19.1772 20.25
    endloop
  endfacet
  facet normal 0 0 -1
    outer loop
      vertex 20.7057 -28.6912 20.25
      vertex 20.862 18.925 20.25
      vertex 20.862 -28.925 20.25
    endloop
  endfacet
  facet normal 0 0 -1
    outer loop
      vertex 20.7057 -28.6912 20.25
      vertex 20.7057 18.6912 20.25
      vertex 20.862 18.925 20.25
    endloop
  endfacet
  facet normal 0 0 -1
    outer loop
      vertex 20.5203 -28.4797 20.25
      vertex 20.7057 18.6912 20.25
      vertex 20.7057 -28.6912 20.25
    endloop
  endfacet
  facet normal 0 0 -1
    outer loop
      vertex 20.5203 -28.4797 20.25
      vertex 20.5203 18.4797 20.25
      vertex 20.7057 18.6912 20.25
    endloop
  endfacet
  facet normal 0 0 -1
    outer loop
      vertex 20.3088 -28.2943 20.25
      vertex 20.5203 18.4797 20.25
      vertex 20.5203 -28.4797 20.25
    endloop
  endfacet
  facet normal 0 0 -1
    outer loop
      vertex 20.3088 -28.2943 20.25
      vertex 20.3088 18.2943 20.25
      vertex 20.5203 18.4797 20.25
    endloop
  endfacet
  facet normal 0 0 -1
    outer loop
      vertex 20.075 -28.138 20.25
      vertex 20.3088 18.2943 20.25
      vertex 20.3088 -28.2943 20.25
    endloop
  endfacet
  facet normal 0 0 -1
    outer loop
      vertex 20.075 -28.138 20.25
      vertex 20.075 18.138 20.25
      vertex 20.3088 18.2943 20.25
    endloop
  endfacet
  facet normal 0 0 -1
    outer loop
      vertex 19.8228 -28.0137 20.25
      vertex 20.075 18.138 20.25
      vertex 20.075 -28.138 20.25
    endloop
  endfacet
  facet normal 0 0 -1
    outer loop
      vertex 19.8228 -28.0137 20.25
      vertex 19.8228 18.0137 20.25
      vertex 20.075 18.138 20.25
    endloop
  endfacet
  facet normal 0 0 -1
    outer loop
      vertex 19.5565 -27.9233 20.25
      vertex 19.8228 18.0137 20.25
      vertex 19.8228 -28.0137 20.25
    endloop
  endfacet
  facet normal 0 0 -1
    outer loop
      vertex 19.5565 -27.9233 20.25
      vertex 19.5565 17.9233 20.25
      vertex 19.8228 18.0137 20.25
    endloop
  endfacet
  facet normal 0 0 -1
    outer loop
      vertex 19.2806 -27.8684 20.25
      vertex 19.5565 17.9233 20.25
      vertex 19.5565 -27.9233 20.25
    endloop
  endfacet
  facet normal 0 0 -1
    outer loop
      vertex 19.2806 -27.8684 20.25
      vertex 19.2806 17.8684 20.25
      vertex 19.5565 17.9233 20.25
    endloop
  endfacet
  facet normal 0 0 -1
    outer loop
      vertex 19 -27.85 20.25
      vertex 19.2806 17.8684 20.25
      vertex 19.2806 -27.8684 20.25
    endloop
  endfacet
  facet normal 0 0 -1
    outer loop
      vertex 19 -27.85 20.25
      vertex 19 17.85 20.25
      vertex 19.2806 17.8684 20.25
    endloop
  endfacet
  facet normal 0 0 -1
    outer loop
      vertex 18.7194 -27.8684 20.25
      vertex 19 17.85 20.25
      vertex 19 -27.85 20.25
    endloop
  endfacet
  facet normal 0 0 -1
    outer loop
      vertex 18.7194 -27.8684 20.25
      vertex 18.7194 17.8684 20.25
      vertex 19 17.85 20.25
    endloop
  endfacet
  facet normal 0 0 -1
    outer loop
      vertex 18.4435 -27.9233 20.25
      vertex 18.7194 17.8684 20.25
      vertex 18.7194 -27.8684 20.25
    endloop
  endfacet
  facet normal 0 0 -1
    outer loop
      vertex 18.4435 -27.9233 20.25
      vertex 18.4435 17.9233 20.25
      vertex 18.7194 17.8684 20.25
    endloop
  endfacet
  facet normal 0 0 -1
    outer loop
      vertex 18.1772 -28.0137 20.25
      vertex 18.4435 17.9233 20.25
      vertex 18.4435 -27.9233 20.25
    endloop
  endfacet
  facet normal 0 0 -1
    outer loop
      vertex 18.1772 -28.0137 20.25
      vertex 18.1772 18.0137 20.25
      vertex 18.4435 17.9233 20.25
    endloop
  endfacet
  facet normal 0 0 -1
    outer loop
      vertex 17.925 -28.138 20.25
      vertex 18.1772 18.0137 20.25
      vertex 18.1772 -28.0137 20.25
    endloop
  endfacet
  facet normal 0 0 -1
    outer loop
      vertex 17.925 -28.138 20.25
      vertex 17.925 18.138 20.25
      vertex 18.1772 18.0137 20.25
    endloop
  endfacet
  facet normal 0 0 -1
    outer loop
      vertex 17.6912 -28.2943 20.25
      vertex 17.925 18.138 20.25
      vertex 17.925 -28.138 20.25
    endloop
  endfacet
  facet normal 0 0 -1
    outer loop
      vertex 17.6912 -28.2943 20.25
      vertex 17.6912 18.2943 20.25
      vertex 17.925 18.138 20.25
    endloop
  endfacet
  facet normal 0 0 -1
    outer loop
      vertex 17.4797 -28.4797 20.25
      vertex 17.6912 18.2943 20.25
      vertex 17.6912 -28.2943 20.25
    endloop
  endfacet
  facet normal 0 0 -1
    outer loop
      vertex 17.4797 -28.4797 20.25
      vertex 17.4797 18.4797 20.25
      vertex 17.6912 18.2943 20.25
    endloop
  endfacet
  facet normal 0 0 -1
    outer loop
      vertex 17.2943 -28.6912 20.25
      vertex 17.4797 18.4797 20.25
      vertex 17.4797 -28.4797 20.25
    endloop
  endfacet
  facet normal 0 0 -1
    outer loop
      vertex 17.2943 -28.6912 20.25
      vertex 17.2943 18.6912 20.25
      vertex 17.4797 18.4797 20.25
    endloop
  endfacet
  facet normal 0 0 -1
    outer loop
      vertex 17.138 -28.925 20.25
      vertex 17.2943 18.6912 20.25
      vertex 17.2943 -28.6912 20.25
    endloop
  endfacet
  facet normal 0 0 -1
    outer loop
      vertex 17.138 -28.925 20.25
      vertex 17.138 18.925 20.25
      vertex 17.2943 18.6912 20.25
    endloop
  endfacet
  facet normal 0 0 -1
    outer loop
      vertex 17.0137 -29.1772 20.25
      vertex 17.138 18.925 20.25
      vertex 17.138 -28.925 20.25
    endloop
  endfacet
  facet normal 0 0 -1
    outer loop
      vertex 17.0137 -29.1772 20.25
      vertex 17.0137 19.1772 20.25
      vertex 17.138 18.925 20.25
    endloop
  endfacet
  facet normal 0 0 -1
    outer loop
      vertex 16.9233 -29.4435 20.25
      vertex 17.0137 19.1772 20.25
      vertex 17.0137 -29.1772 20.25
    endloop
  endfacet
  facet normal 0 0 -1
    outer loop
      vertex 16.9233 -29.4435 20.25
      vertex 16.9233 19.4435 20.25
      vertex 17.0137 19.1772 20.25
    endloop
  endfacet
  facet normal 0 0 -1
    outer loop
      vertex 16.8684 -29.7194 20.25
      vertex 16.9233 19.4435 20.25
      vertex 16.9233 -29.4435 20.25
    endloop
  endfacet
  facet normal 0 0 -1
    outer loop
      vertex 16.8684 -29.7194 20.25
      vertex 16.8684 19.7194 20.25
      vertex 16.9233 19.4435 20.25
    endloop
  endfacet
  facet normal 0 0 -1
    outer loop
      vertex 14.25 -40 20.25
      vertex 16.8684 -29.7194 20.25
      vertex 16.85 -30 20.25
    endloop
  endfacet
  facet normal -0 0 -1
    outer loop
      vertex 16.8684 -29.7194 20.25
      vertex 14.25 -40 20.25
      vertex 16.8684 19.7194 20.25
    endloop
  endfacet
  facet normal 0 0 -1
    outer loop
      vertex 21.1316 -29.7194 20.25
      vertex 25 -40 20.25
      vertex 21.15 -30 20.25
    endloop
  endfacet
  facet normal 0 0 -1
    outer loop
      vertex 25 -40 20.25
      vertex 21.1316 -30.2806 20.25
      vertex 21.15 -30 20.25
    endloop
  endfacet
  facet normal 0 0 -1
    outer loop
      vertex 25 -40 20.25
      vertex 21.0767 -30.5565 20.25
      vertex 21.1316 -30.2806 20.25
    endloop
  endfacet
  facet normal 0 0 -1
    outer loop
      vertex 25 -40 20.25
      vertex 20.9863 -30.8228 20.25
      vertex 21.0767 -30.5565 20.25
    endloop
  endfacet
  facet normal 0 0 -1
    outer loop
      vertex 25 -40 20.25
      vertex 20.862 -31.075 20.25
      vertex 20.9863 -30.8228 20.25
    endloop
  endfacet
  facet normal 0 0 -1
    outer loop
      vertex 25 -40 20.25
      vertex 20.7057 -31.3088 20.25
      vertex 20.862 -31.075 20.25
    endloop
  endfacet
  facet normal 0 0 -1
    outer loop
      vertex 25 -40 20.25
      vertex 20.5203 -31.5203 20.25
      vertex 20.7057 -31.3088 20.25
    endloop
  endfacet
  facet normal 0 0 -1
    outer loop
      vertex 25 -40 20.25
      vertex 20.3088 -31.7057 20.25
      vertex 20.5203 -31.5203 20.25
    endloop
  endfacet
  facet normal 0 0 -1
    outer loop
      vertex 25 -40 20.25
      vertex 20.075 -31.862 20.25
      vertex 20.3088 -31.7057 20.25
    endloop
  endfacet
  facet normal 0 0 -1
    outer loop
      vertex 25 -40 20.25
      vertex 19.8228 -31.9863 20.25
      vertex 20.075 -31.862 20.25
    endloop
  endfacet
  facet normal 0 0 -1
    outer loop
      vertex 25 -40 20.25
      vertex 19.5565 -32.0767 20.25
      vertex 19.8228 -31.9863 20.25
    endloop
  endfacet
  facet normal 0 0 -1
    outer loop
      vertex 25 -40 20.25
      vertex 19.2806 -32.1316 20.25
      vertex 19.5565 -32.0767 20.25
    endloop
  endfacet
  facet normal 0 0 -1
    outer loop
      vertex 14.25 -40 20.25
      vertex 19.2806 -32.1316 20.25
      vertex 25 -40 20.25
    endloop
  endfacet
  facet normal 0 0 -1
    outer loop
      vertex 19.2806 -32.1316 20.25
      vertex 14.25 -40 20.25
      vertex 19 -32.15 20.25
    endloop
  endfacet
  facet normal -0 0 -1
    outer loop
      vertex 19 -32.15 20.25
      vertex 14.25 -40 20.25
      vertex 18.7194 -32.1316 20.25
    endloop
  endfacet
  facet normal -0 0 -1
    outer loop
      vertex 18.7194 -32.1316 20.25
      vertex 14.25 -40 20.25
      vertex 18.4435 -32.0767 20.25
    endloop
  endfacet
  facet normal -0 0 -1
    outer loop
      vertex 18.4435 -32.0767 20.25
      vertex 14.25 -40 20.25
      vertex 18.1772 -31.9863 20.25
    endloop
  endfacet
  facet normal -0 0 -1
    outer loop
      vertex 18.1772 -31.9863 20.25
      vertex 14.25 -40 20.25
      vertex 17.925 -31.862 20.25
    endloop
  endfacet
  facet normal -0 0 -1
    outer loop
      vertex 17.925 -31.862 20.25
      vertex 14.25 -40 20.25
      vertex 17.6912 -31.7057 20.25
    endloop
  endfacet
  facet normal 0 0 -1
    outer loop
      vertex 14.25 32 20.25
      vertex 16.8684 19.7194 20.25
      vertex 14.25 -40 20.25
    endloop
  endfacet
  facet normal -0 0 -1
    outer loop
      vertex 16.8684 -30.2806 20.25
      vertex 14.25 -40 20.25
      vertex 16.85 -30 20.25
    endloop
  endfacet
  facet normal -0 0 -1
    outer loop
      vertex 16.9233 -30.5565 20.25
      vertex 14.25 -40 20.25
      vertex 16.8684 -30.2806 20.25
    endloop
  endfacet
  facet normal -0 0 -1
    outer loop
      vertex 17.0137 -30.8228 20.25
      vertex 14.25 -40 20.25
      vertex 16.9233 -30.5565 20.25
    endloop
  endfacet
  facet normal -0 0 -1
    outer loop
      vertex 17.138 -31.075 20.25
      vertex 14.25 -40 20.25
      vertex 17.0137 -30.8228 20.25
    endloop
  endfacet
  facet normal -0 0 -1
    outer loop
      vertex 17.2943 -31.3088 20.25
      vertex 14.25 -40 20.25
      vertex 17.138 -31.075 20.25
    endloop
  endfacet
  facet normal -0 0 -1
    outer loop
      vertex 17.4797 -31.5203 20.25
      vertex 14.25 -40 20.25
      vertex 17.2943 -31.3088 20.25
    endloop
  endfacet
  facet normal -0 0 -1
    outer loop
      vertex 17.6912 -31.7057 20.25
      vertex 14.25 -40 20.25
      vertex 17.4797 -31.5203 20.25
    endloop
  endfacet
  facet normal 0 0 -1
    outer loop
      vertex 25 -40 20.25
      vertex 21.15 20 20.25
      vertex 25 32 20.25
    endloop
  endfacet
  facet normal 0 0 -1
    outer loop
      vertex 21.1316 20.2806 20.25
      vertex 25 32 20.25
      vertex 21.15 20 20.25
    endloop
  endfacet
  facet normal 0 0 -1
    outer loop
      vertex 21.0767 20.5565 20.25
      vertex 25 32 20.25
      vertex 21.1316 20.2806 20.25
    endloop
  endfacet
  facet normal 0 0 -1
    outer loop
      vertex 20.9863 20.8228 20.25
      vertex 25 32 20.25
      vertex 21.0767 20.5565 20.25
    endloop
  endfacet
  facet normal 0 0 -1
    outer loop
      vertex 20.862 21.075 20.25
      vertex 25 32 20.25
      vertex 20.9863 20.8228 20.25
    endloop
  endfacet
  facet normal 0 0 -1
    outer loop
      vertex 20.7057 21.3088 20.25
      vertex 25 32 20.25
      vertex 20.862 21.075 20.25
    endloop
  endfacet
  facet normal 0 0 -1
    outer loop
      vertex 20.5203 21.5203 20.25
      vertex 25 32 20.25
      vertex 20.7057 21.3088 20.25
    endloop
  endfacet
  facet normal 0 0 -1
    outer loop
      vertex 20.3088 21.7057 20.25
      vertex 25 32 20.25
      vertex 20.5203 21.5203 20.25
    endloop
  endfacet
  facet normal 0 0 -1
    outer loop
      vertex 20.075 21.862 20.25
      vertex 25 32 20.25
      vertex 20.3088 21.7057 20.25
    endloop
  endfacet
  facet normal 0 0 -1
    outer loop
      vertex 19.8228 21.9863 20.25
      vertex 25 32 20.25
      vertex 20.075 21.862 20.25
    endloop
  endfacet
  facet normal 0 0 -1
    outer loop
      vertex 19.5565 22.0767 20.25
      vertex 25 32 20.25
      vertex 19.8228 21.9863 20.25
    endloop
  endfacet
  facet normal 0 0 -1
    outer loop
      vertex 19.2806 22.1316 20.25
      vertex 25 32 20.25
      vertex 19.5565 22.0767 20.25
    endloop
  endfacet
  facet normal 0 0 -1
    outer loop
      vertex 14.25 32 20.25
      vertex 19.2806 22.1316 20.25
      vertex 19 22.15 20.25
    endloop
  endfacet
  facet normal 0 0 -1
    outer loop
      vertex 14.25 32 20.25
      vertex 19 22.15 20.25
      vertex 18.7194 22.1316 20.25
    endloop
  endfacet
  facet normal 0 0 -1
    outer loop
      vertex 14.25 32 20.25
      vertex 18.7194 22.1316 20.25
      vertex 18.4435 22.0767 20.25
    endloop
  endfacet
  facet normal 0 0 -1
    outer loop
      vertex 14.25 32 20.25
      vertex 18.4435 22.0767 20.25
      vertex 18.1772 21.9863 20.25
    endloop
  endfacet
  facet normal 0 0 -1
    outer loop
      vertex 14.25 32 20.25
      vertex 18.1772 21.9863 20.25
      vertex 17.925 21.862 20.25
    endloop
  endfacet
  facet normal 0 0 -1
    outer loop
      vertex 14.25 32 20.25
      vertex 17.925 21.862 20.25
      vertex 17.6912 21.7057 20.25
    endloop
  endfacet
  facet normal 0 0 -1
    outer loop
      vertex 14.25 32 20.25
      vertex 17.6912 21.7057 20.25
      vertex 17.4797 21.5203 20.25
    endloop
  endfacet
  facet normal 0 0 -1
    outer loop
      vertex 14.25 32 20.25
      vertex 17.4797 21.5203 20.25
      vertex 17.2943 21.3088 20.25
    endloop
  endfacet
  facet normal 0 0 -1
    outer loop
      vertex 19.2806 22.1316 20.25
      vertex 14.25 32 20.25
      vertex 25 32 20.25
    endloop
  endfacet
  facet normal 0 0 -1
    outer loop
      vertex 17.138 21.075 20.25
      vertex 14.25 32 20.25
      vertex 17.2943 21.3088 20.25
    endloop
  endfacet
  facet normal 0 0 -1
    outer loop
      vertex 17.0137 20.8228 20.25
      vertex 14.25 32 20.25
      vertex 17.138 21.075 20.25
    endloop
  endfacet
  facet normal 0 0 -1
    outer loop
      vertex 16.9233 20.5565 20.25
      vertex 14.25 32 20.25
      vertex 17.0137 20.8228 20.25
    endloop
  endfacet
  facet normal 0 0 -1
    outer loop
      vertex 16.8684 20.2806 20.25
      vertex 14.25 32 20.25
      vertex 16.9233 20.5565 20.25
    endloop
  endfacet
  facet normal 0 0 -1
    outer loop
      vertex 16.85 20 20.25
      vertex 14.25 32 20.25
      vertex 16.8684 20.2806 20.25
    endloop
  endfacet
  facet normal 0 0 -1
    outer loop
      vertex 16.8684 19.7194 20.25
      vertex 14.25 32 20.25
      vertex 16.85 20 20.25
    endloop
  endfacet
  facet normal 0 0 -1
    outer loop
      vertex -26 -40 20.25
      vertex -14.25 32 20.25
      vertex -14.25 -40 20.25
    endloop
  endfacet
  facet normal -0 0 -1
    outer loop
      vertex -14.25 32 20.25
      vertex -26 -40 20.25
      vertex -26 32 20.25
    endloop
  endfacet
  facet normal 0 0 -1
    outer loop
      vertex 10.25 -40 20.25
      vertex 2.75 -5 20.25
      vertex 10.25 32 20.25
    endloop
  endfacet
  facet normal 0 0 -1
    outer loop
      vertex 10.25 -40 20.25
      vertex 2.72647 -5.35895 20.25
      vertex 2.75 -5 20.25
    endloop
  endfacet
  facet normal 0 0 -1
    outer loop
      vertex 10.25 -40 20.25
      vertex 2.6563 -5.71175 20.25
      vertex 2.72647 -5.35895 20.25
    endloop
  endfacet
  facet normal 0 0 -1
    outer loop
      vertex 10.25 -40 20.25
      vertex 2.54067 -6.05238 20.25
      vertex 2.6563 -5.71175 20.25
    endloop
  endfacet
  facet normal 0 0 -1
    outer loop
      vertex 10.25 -40 20.25
      vertex 2.38157 -6.375 20.25
      vertex 2.54067 -6.05238 20.25
    endloop
  endfacet
  facet normal 0 0 -1
    outer loop
      vertex 10.25 -40 20.25
      vertex 2.18172 -6.67409 20.25
      vertex 2.38157 -6.375 20.25
    endloop
  endfacet
  facet normal 0 0 -1
    outer loop
      vertex 10.25 -40 20.25
      vertex 1.94454 -6.94454 20.25
      vertex 2.18172 -6.67409 20.25
    endloop
  endfacet
  facet normal 0 0 -1
    outer loop
      vertex 10.25 -40 20.25
      vertex 1.67409 -7.18172 20.25
      vertex 1.94454 -6.94454 20.25
    endloop
  endfacet
  facet normal 0 0 -1
    outer loop
      vertex 10.25 -40 20.25
      vertex 1.375 -7.38157 20.25
      vertex 1.67409 -7.18172 20.25
    endloop
  endfacet
  facet normal 0 0 -1
    outer loop
      vertex 10.25 -40 20.25
      vertex 1.05238 -7.54067 20.25
      vertex 1.375 -7.38157 20.25
    endloop
  endfacet
  facet normal 0 0 -1
    outer loop
      vertex 10.25 -40 20.25
      vertex 0.711752 -7.6563 20.25
      vertex 1.05238 -7.54067 20.25
    endloop
  endfacet
  facet normal 0 0 -1
    outer loop
      vertex 10.25 -40 20.25
      vertex 0.358947 -7.72647 20.25
      vertex 0.711752 -7.6563 20.25
    endloop
  endfacet
  facet normal 0 0 -1
    outer loop
      vertex 10.25 -40 20.25
      vertex 0 -7.75 20.25
      vertex 0.358947 -7.72647 20.25
    endloop
  endfacet
  facet normal 0 0 -1
    outer loop
      vertex -10.25 -40 20.25
      vertex 0 -7.75 20.25
      vertex 10.25 -40 20.25
    endloop
  endfacet
  facet normal -0 0 -1
    outer loop
      vertex 0 -7.75 20.25
      vertex -10.25 -40 20.25
      vertex -0.358947 -7.72647 20.25
    endloop
  endfacet
  facet normal -0 0 -1
    outer loop
      vertex -0.358947 -7.72647 20.25
      vertex -10.25 -40 20.25
      vertex -0.711752 -7.6563 20.25
    endloop
  endfacet
  facet normal -0 0 -1
    outer loop
      vertex -0.711752 -7.6563 20.25
      vertex -10.25 -40 20.25
      vertex -1.05238 -7.54067 20.25
    endloop
  endfacet
  facet normal -0 0 -1
    outer loop
      vertex -1.05238 -7.54067 20.25
      vertex -10.25 -40 20.25
      vertex -1.375 -7.38157 20.25
    endloop
  endfacet
  facet normal -0 0 -1
    outer loop
      vertex -1.375 -7.38157 20.25
      vertex -10.25 -40 20.25
      vertex -1.67409 -7.18172 20.25
    endloop
  endfacet
  facet normal -0 0 -1
    outer loop
      vertex -1.67409 -7.18172 20.25
      vertex -10.25 -40 20.25
      vertex -1.94454 -6.94454 20.25
    endloop
  endfacet
  facet normal -0 0 -1
    outer loop
      vertex -1.94454 -6.94454 20.25
      vertex -10.25 -40 20.25
      vertex -2.18172 -6.67409 20.25
    endloop
  endfacet
  facet normal -0 0 -1
    outer loop
      vertex -2.18172 -6.67409 20.25
      vertex -10.25 -40 20.25
      vertex -2.38157 -6.375 20.25
    endloop
  endfacet
  facet normal -0 0 -1
    outer loop
      vertex -2.72647 -5.35895 20.25
      vertex -10.25 -40 20.25
      vertex -2.75 -5 20.25
    endloop
  endfacet
  facet normal -0 0 -1
    outer loop
      vertex -2.6563 -5.71175 20.25
      vertex -10.25 -40 20.25
      vertex -2.72647 -5.35895 20.25
    endloop
  endfacet
  facet normal -0 0 -1
    outer loop
      vertex -2.54067 -6.05238 20.25
      vertex -10.25 -40 20.25
      vertex -2.6563 -5.71175 20.25
    endloop
  endfacet
  facet normal -0 0 -1
    outer loop
      vertex -2.38157 -6.375 20.25
      vertex -10.25 -40 20.25
      vertex -2.54067 -6.05238 20.25
    endloop
  endfacet
  facet normal 0 0 -1
    outer loop
      vertex 2.72647 -4.64105 20.25
      vertex 10.25 32 20.25
      vertex 2.75 -5 20.25
    endloop
  endfacet
  facet normal 0 0 -1
    outer loop
      vertex 2.6563 -4.28825 20.25
      vertex 10.25 32 20.25
      vertex 2.72647 -4.64105 20.25
    endloop
  endfacet
  facet normal 0 0 -1
    outer loop
      vertex 2.54067 -3.94762 20.25
      vertex 10.25 32 20.25
      vertex 2.6563 -4.28825 20.25
    endloop
  endfacet
  facet normal 0 0 -1
    outer loop
      vertex 2.38157 -3.625 20.25
      vertex 10.25 32 20.25
      vertex 2.54067 -3.94762 20.25
    endloop
  endfacet
  facet normal 0 0 -1
    outer loop
      vertex 2.18172 -3.32591 20.25
      vertex 10.25 32 20.25
      vertex 2.38157 -3.625 20.25
    endloop
  endfacet
  facet normal 0 0 -1
    outer loop
      vertex 1.94454 -3.05546 20.25
      vertex 10.25 32 20.25
      vertex 2.18172 -3.32591 20.25
    endloop
  endfacet
  facet normal 0 0 -1
    outer loop
      vertex 1.67409 -2.81828 20.25
      vertex 10.25 32 20.25
      vertex 1.94454 -3.05546 20.25
    endloop
  endfacet
  facet normal 0 0 -1
    outer loop
      vertex 1.375 -2.61843 20.25
      vertex 10.25 32 20.25
      vertex 1.67409 -2.81828 20.25
    endloop
  endfacet
  facet normal 0 0 -1
    outer loop
      vertex 1.05238 -2.45933 20.25
      vertex 10.25 32 20.25
      vertex 1.375 -2.61843 20.25
    endloop
  endfacet
  facet normal 0 0 -1
    outer loop
      vertex 0.711752 -2.3437 20.25
      vertex 10.25 32 20.25
      vertex 1.05238 -2.45933 20.25
    endloop
  endfacet
  facet normal 0 0 -1
    outer loop
      vertex 0.358947 -2.27353 20.25
      vertex 10.25 32 20.25
      vertex 0.711752 -2.3437 20.25
    endloop
  endfacet
  facet normal 0 0 -1
    outer loop
      vertex 0 -2.25 20.25
      vertex 10.25 32 20.25
      vertex 0.358947 -2.27353 20.25
    endloop
  endfacet
  facet normal 0 0 -1
    outer loop
      vertex -10.25 32 20.25
      vertex 0 -2.25 20.25
      vertex -0.358947 -2.27353 20.25
    endloop
  endfacet
  facet normal 0 0 -1
    outer loop
      vertex -10.25 32 20.25
      vertex -0.358947 -2.27353 20.25
      vertex -0.711752 -2.3437 20.25
    endloop
  endfacet
  facet normal 0 0 -1
    outer loop
      vertex -10.25 32 20.25
      vertex -0.711752 -2.3437 20.25
      vertex -1.05238 -2.45933 20.25
    endloop
  endfacet
  facet normal 0 0 -1
    outer loop
      vertex -10.25 32 20.25
      vertex -1.05238 -2.45933 20.25
      vertex -1.375 -2.61843 20.25
    endloop
  endfacet
  facet normal 0 0 -1
    outer loop
      vertex -10.25 32 20.25
      vertex -1.375 -2.61843 20.25
      vertex -1.67409 -2.81828 20.25
    endloop
  endfacet
  facet normal 0 0 -1
    outer loop
      vertex -10.25 32 20.25
      vertex -1.67409 -2.81828 20.25
      vertex -1.94454 -3.05546 20.25
    endloop
  endfacet
  facet normal 0 0 -1
    outer loop
      vertex -10.25 32 20.25
      vertex -1.94454 -3.05546 20.25
      vertex -2.18172 -3.32591 20.25
    endloop
  endfacet
  facet normal 0 0 -1
    outer loop
      vertex -10.25 32 20.25
      vertex -2.18172 -3.32591 20.25
      vertex -2.38157 -3.625 20.25
    endloop
  endfacet
  facet normal 0 0 -1
    outer loop
      vertex -10.25 32 20.25
      vertex -2.38157 -3.625 20.25
      vertex -2.54067 -3.94762 20.25
    endloop
  endfacet
  facet normal 0 0 -1
    outer loop
      vertex -10.25 32 20.25
      vertex -2.75 -5 20.25
      vertex -10.25 -40 20.25
    endloop
  endfacet
  facet normal 0 0 -1
    outer loop
      vertex -2.75 -5 20.25
      vertex -10.25 32 20.25
      vertex -2.72647 -4.64105 20.25
    endloop
  endfacet
  facet normal 0 0 -1
    outer loop
      vertex 0 -2.25 20.25
      vertex -10.25 32 20.25
      vertex 10.25 32 20.25
    endloop
  endfacet
  facet normal 0 0 -1
    outer loop
      vertex -2.6563 -4.28825 20.25
      vertex -10.25 32 20.25
      vertex -2.54067 -3.94762 20.25
    endloop
  endfacet
  facet normal 0 0 -1
    outer loop
      vertex -2.72647 -4.64105 20.25
      vertex -10.25 32 20.25
      vertex -2.6563 -4.28825 20.25
    endloop
  endfacet
  facet normal 0 -0.997855 -0.0654566
    outer loop
      vertex -10.25 21.8274 -10.4177
      vertex -4.525 21.8 -10
      vertex -10.25 21.8 -10
    endloop
  endfacet
  facet normal 0 -0.997855 -0.0654566
    outer loop
      vertex -4.525 21.8 -10
      vertex -10.25 21.8274 -10.4177
      vertex -4.525 21.8274 -10.4177
    endloop
  endfacet
  facet normal 0 -0.194967 -0.98081
    outer loop
      vertex -10.25 24.1718 -13.091
      vertex -4.525 24.5823 -13.1726
      vertex -4.525 24.1718 -13.091
    endloop
  endfacet
  facet normal -0 -0.194967 -0.98081
    outer loop
      vertex -4.525 24.5823 -13.1726
      vertex -10.25 24.1718 -13.091
      vertex -10.25 24.5823 -13.1726
    endloop
  endfacet
  facet normal 0 -0.321526 -0.946901
    outer loop
      vertex -10.25 23.7754 -12.9564
      vertex -4.525 24.1718 -13.091
      vertex -4.525 23.7754 -12.9564
    endloop
  endfacet
  facet normal -0 -0.321526 -0.946901
    outer loop
      vertex -4.525 24.1718 -13.091
      vertex -10.25 23.7754 -12.9564
      vertex -10.25 24.1718 -13.091
    endloop
  endfacet
  facet normal 0 0.0654566 -0.997855
    outer loop
      vertex -10.25 25 -13.2
      vertex -4.525 25.4177 -13.1726
      vertex -4.525 25 -13.2
    endloop
  endfacet
  facet normal 0 0.0654566 -0.997855
    outer loop
      vertex -4.525 25.4177 -13.1726
      vertex -10.25 25 -13.2
      vertex -10.25 25.4177 -13.1726
    endloop
  endfacet
  facet normal 0 -0.980813 0.194949
    outer loop
      vertex -10.25 21.8274 -9.58232
      vertex -4.525 21.909 -9.17178
      vertex -10.25 21.909 -9.17178
    endloop
  endfacet
  facet normal 0 -0.980813 0.194949
    outer loop
      vertex -4.525 21.909 -9.17178
      vertex -10.25 21.8274 -9.58232
      vertex -4.525 21.8274 -9.58232
    endloop
  endfacet
  facet normal 0 0.442237 -0.896898
    outer loop
      vertex -10.25 26.2246 -12.9564
      vertex -4.525 26.6 -12.7713
      vertex -4.525 26.2246 -12.9564
    endloop
  endfacet
  facet normal 0 0.442237 -0.896898
    outer loop
      vertex -4.525 26.6 -12.7713
      vertex -10.25 26.2246 -12.9564
      vertex -10.25 26.6 -12.7713
    endloop
  endfacet
  facet normal 0 -0.751821 -0.659367
    outer loop
      vertex -10.25 22.7373 -12.2627
      vertex -4.525 22.4613 -11.948
      vertex -10.25 22.4613 -11.948
    endloop
  endfacet
  facet normal 0 -0.751821 -0.659367
    outer loop
      vertex -4.525 22.4613 -11.948
      vertex -10.25 22.7373 -12.2627
      vertex -4.525 22.7373 -12.2627
    endloop
  endfacet
  facet normal 0 0.751821 0.659367
    outer loop
      vertex -4.525 27.5387 -8.05196
      vertex -10.25 27.2627 -7.73726
      vertex -4.525 27.2627 -7.73726
    endloop
  endfacet
  facet normal 0 0.751821 0.659367
    outer loop
      vertex -10.25 27.2627 -7.73726
      vertex -4.525 27.5387 -8.05196
      vertex -10.25 27.5387 -8.05196
    endloop
  endfacet
  facet normal 0 0.831418 0.555648
    outer loop
      vertex -4.525 27.7713 -8.4
      vertex -10.25 27.5387 -8.05196
      vertex -4.525 27.5387 -8.05196
    endloop
  endfacet
  facet normal 0 0.831418 0.555648
    outer loop
      vertex -10.25 27.5387 -8.05196
      vertex -4.525 27.7713 -8.4
      vertex -10.25 27.7713 -8.4
    endloop
  endfacet
  facet normal 0 0.659367 -0.751821
    outer loop
      vertex -10.25 26.948 -12.5387
      vertex -4.525 27.2627 -12.2627
      vertex -4.525 26.948 -12.5387
    endloop
  endfacet
  facet normal 0 0.659367 -0.751821
    outer loop
      vertex -4.525 27.2627 -12.2627
      vertex -10.25 26.948 -12.5387
      vertex -10.25 27.2627 -12.2627
    endloop
  endfacet
  facet normal 0 0.194967 -0.98081
    outer loop
      vertex -10.25 25.4177 -13.1726
      vertex -4.525 25.8282 -13.091
      vertex -4.525 25.4177 -13.1726
    endloop
  endfacet
  facet normal 0 0.194967 -0.98081
    outer loop
      vertex -4.525 25.8282 -13.091
      vertex -10.25 25.4177 -13.1726
      vertex -10.25 25.8282 -13.091
    endloop
  endfacet
  facet normal 0 -0.98081 -0.194967
    outer loop
      vertex -10.25 21.909 -10.8282
      vertex -4.525 21.8274 -10.4177
      vertex -10.25 21.8274 -10.4177
    endloop
  endfacet
  facet normal 0 -0.98081 -0.194967
    outer loop
      vertex -4.525 21.8274 -10.4177
      vertex -10.25 21.909 -10.8282
      vertex -4.525 21.909 -10.8282
    endloop
  endfacet
  facet normal 0 0.946901 -0.321526
    outer loop
      vertex -4.525 27.9564 -11.2246
      vertex -10.25 28.091 -10.8282
      vertex -4.525 28.091 -10.8282
    endloop
  endfacet
  facet normal 0 0.946901 -0.321526
    outer loop
      vertex -10.25 28.091 -10.8282
      vertex -4.525 27.9564 -11.2246
      vertex -10.25 27.9564 -11.2246
    endloop
  endfacet
  facet normal 0 -0.896898 -0.442237
    outer loop
      vertex -10.25 22.2287 -11.6
      vertex -4.525 22.0436 -11.2246
      vertex -10.25 22.0436 -11.2246
    endloop
  endfacet
  facet normal 0 -0.896898 -0.442237
    outer loop
      vertex -4.525 22.0436 -11.2246
      vertex -10.25 22.2287 -11.6
      vertex -4.525 22.2287 -11.6
    endloop
  endfacet
  facet normal 0 -0.946901 -0.321526
    outer loop
      vertex -10.25 22.0436 -11.2246
      vertex -4.525 21.909 -10.8282
      vertex -10.25 21.909 -10.8282
    endloop
  endfacet
  facet normal 0 -0.946901 -0.321526
    outer loop
      vertex -4.525 21.909 -10.8282
      vertex -10.25 22.0436 -11.2246
      vertex -4.525 22.0436 -11.2246
    endloop
  endfacet
  facet normal 0 -0.0654091 0.997859
    outer loop
      vertex -10.25 25 -6.8
      vertex -4.525 24.5823 -6.82738
      vertex -4.525 25 -6.8
    endloop
  endfacet
  facet normal 0 -0.0654091 0.997859
    outer loop
      vertex -4.525 24.5823 -6.82738
      vertex -10.25 25 -6.8
      vertex -10.25 24.5823 -6.82738
    endloop
  endfacet
  facet normal 0 -0.831388 -0.555692
    outer loop
      vertex -10.25 22.4613 -11.948
      vertex -4.525 22.2287 -11.6
      vertex -10.25 22.2287 -11.6
    endloop
  endfacet
  facet normal 0 -0.831388 -0.555692
    outer loop
      vertex -4.525 22.2287 -11.6
      vertex -10.25 22.4613 -11.948
      vertex -4.525 22.4613 -11.948
    endloop
  endfacet
  facet normal 0 -0.659353 0.751833
    outer loop
      vertex -10.25 23.052 -7.46127
      vertex -4.525 22.7373 -7.73726
      vertex -4.525 23.052 -7.46127
    endloop
  endfacet
  facet normal 0 -0.659353 0.751833
    outer loop
      vertex -4.525 22.7373 -7.73726
      vertex -10.25 23.052 -7.46127
      vertex -10.25 22.7373 -7.73726
    endloop
  endfacet
  facet normal -0 0.195105 0.980782
    outer loop
      vertex -10.25 25.8282 -6.90904
      vertex -4.525 25.4177 -6.82738
      vertex -4.525 25.8282 -6.90904
    endloop
  endfacet
  facet normal 0 0.195105 0.980782
    outer loop
      vertex -4.525 25.4177 -6.82738
      vertex -10.25 25.8282 -6.90904
      vertex -10.25 25.4177 -6.82738
    endloop
  endfacet
  facet normal 0 0.555692 -0.831388
    outer loop
      vertex -10.25 26.6 -12.7713
      vertex -4.525 26.948 -12.5387
      vertex -4.525 26.6 -12.7713
    endloop
  endfacet
  facet normal 0 0.555692 -0.831388
    outer loop
      vertex -4.525 26.948 -12.5387
      vertex -10.25 26.6 -12.7713
      vertex -10.25 26.948 -12.5387
    endloop
  endfacet
  facet normal 0 -0.321397 0.946944
    outer loop
      vertex -10.25 24.1718 -6.90904
      vertex -4.525 23.7754 -7.04358
      vertex -4.525 24.1718 -6.90904
    endloop
  endfacet
  facet normal 0 -0.321397 0.946944
    outer loop
      vertex -4.525 23.7754 -7.04358
      vertex -10.25 24.1718 -6.90904
      vertex -10.25 23.7754 -7.04358
    endloop
  endfacet
  facet normal 0 -0.0654566 -0.997855
    outer loop
      vertex -10.25 24.5823 -13.1726
      vertex -4.525 25 -13.2
      vertex -4.525 24.5823 -13.1726
    endloop
  endfacet
  facet normal -0 -0.0654566 -0.997855
    outer loop
      vertex -4.525 25 -13.2
      vertex -10.25 24.5823 -13.1726
      vertex -10.25 25 -13.2
    endloop
  endfacet
  facet normal 0 0.896898 -0.442237
    outer loop
      vertex -4.525 27.7713 -11.6
      vertex -10.25 27.9564 -11.2246
      vertex -4.525 27.9564 -11.2246
    endloop
  endfacet
  facet normal 0 0.896898 -0.442237
    outer loop
      vertex -10.25 27.9564 -11.2246
      vertex -4.525 27.7713 -11.6
      vertex -10.25 27.7713 -11.6
    endloop
  endfacet
  facet normal 0 -0.659367 -0.751821
    outer loop
      vertex -10.25 22.7373 -12.2627
      vertex -4.525 23.052 -12.5387
      vertex -4.525 22.7373 -12.2627
    endloop
  endfacet
  facet normal -0 -0.659367 -0.751821
    outer loop
      vertex -4.525 23.052 -12.5387
      vertex -10.25 22.7373 -12.2627
      vertex -10.25 23.052 -12.5387
    endloop
  endfacet
  facet normal 0 0.831388 -0.555692
    outer loop
      vertex -4.525 27.5387 -11.948
      vertex -10.25 27.7713 -11.6
      vertex -4.525 27.7713 -11.6
    endloop
  endfacet
  facet normal 0 0.831388 -0.555692
    outer loop
      vertex -10.25 27.7713 -11.6
      vertex -4.525 27.5387 -11.948
      vertex -10.25 27.5387 -11.948
    endloop
  endfacet
  facet normal 0 -0.442237 -0.896898
    outer loop
      vertex -10.25 23.4 -12.7713
      vertex -4.525 23.7754 -12.9564
      vertex -4.525 23.4 -12.7713
    endloop
  endfacet
  facet normal -0 -0.442237 -0.896898
    outer loop
      vertex -4.525 23.7754 -12.9564
      vertex -10.25 23.4 -12.7713
      vertex -10.25 23.7754 -12.9564
    endloop
  endfacet
  facet normal 0 -0.555692 -0.831388
    outer loop
      vertex -10.25 23.052 -12.5387
      vertex -4.525 23.4 -12.7713
      vertex -4.525 23.052 -12.5387
    endloop
  endfacet
  facet normal -0 -0.555692 -0.831388
    outer loop
      vertex -4.525 23.4 -12.7713
      vertex -10.25 23.052 -12.5387
      vertex -10.25 23.4 -12.7713
    endloop
  endfacet
  facet normal -0 0.55561 0.831443
    outer loop
      vertex -10.25 26.948 -7.46127
      vertex -4.525 26.6 -7.22872
      vertex -4.525 26.948 -7.46127
    endloop
  endfacet
  facet normal 0 0.55561 0.831443
    outer loop
      vertex -4.525 26.6 -7.22872
      vertex -10.25 26.948 -7.46127
      vertex -10.25 26.6 -7.22872
    endloop
  endfacet
  facet normal -0 0.442314 0.89686
    outer loop
      vertex -10.25 26.6 -7.22872
      vertex -4.525 26.2246 -7.04358
      vertex -4.525 26.6 -7.22872
    endloop
  endfacet
  facet normal 0 0.442314 0.89686
    outer loop
      vertex -4.525 26.2246 -7.04358
      vertex -10.25 26.6 -7.22872
      vertex -10.25 26.2246 -7.04358
    endloop
  endfacet
  facet normal 0 0.980813 0.194949
    outer loop
      vertex -4.525 28.1726 -9.58232
      vertex -10.25 28.091 -9.17178
      vertex -4.525 28.091 -9.17178
    endloop
  endfacet
  facet normal 0 0.980813 0.194949
    outer loop
      vertex -10.25 28.091 -9.17178
      vertex -4.525 28.1726 -9.58232
      vertex -10.25 28.1726 -9.58232
    endloop
  endfacet
  facet normal 1 0 0
    outer loop
      vertex -4.525 26.5 -10
      vertex -4.525 28.2 -10
      vertex -4.525 28.1726 -9.58232
    endloop
  endfacet
  facet normal 1 0 0
    outer loop
      vertex -4.525 26.4872 -9.80421
      vertex -4.525 28.1726 -9.58232
      vertex -4.525 28.091 -9.17178
    endloop
  endfacet
  facet normal 1 0 0
    outer loop
      vertex -4.525 28.2 -10
      vertex -4.525 26.5 -10
      vertex -4.525 28.1726 -10.4177
    endloop
  endfacet
  facet normal 1 0 0
    outer loop
      vertex -4.525 26.4489 -9.61177
      vertex -4.525 28.091 -9.17178
      vertex -4.525 27.9564 -8.77541
    endloop
  endfacet
  facet normal 1 -0 0
    outer loop
      vertex -4.525 26.4872 -10.1958
      vertex -4.525 28.1726 -10.4177
      vertex -4.525 26.5 -10
    endloop
  endfacet
  facet normal 1 0 0
    outer loop
      vertex -4.525 26.3858 -9.42597
      vertex -4.525 27.9564 -8.77541
      vertex -4.525 27.7713 -8.4
    endloop
  endfacet
  facet normal 1 0 0
    outer loop
      vertex -4.525 28.1726 -10.4177
      vertex -4.525 26.4872 -10.1958
      vertex -4.525 28.091 -10.8282
    endloop
  endfacet
  facet normal 1 0 0
    outer loop
      vertex -4.525 26.299 -9.25
      vertex -4.525 27.7713 -8.4
      vertex -4.525 27.5387 -8.05196
    endloop
  endfacet
  facet normal 1 -0 0
    outer loop
      vertex -4.525 26.4489 -10.3882
      vertex -4.525 28.091 -10.8282
      vertex -4.525 26.4872 -10.1958
    endloop
  endfacet
  facet normal 1 0 0
    outer loop
      vertex -4.525 26.19 -9.08686
      vertex -4.525 27.5387 -8.05196
      vertex -4.525 27.2627 -7.73726
    endloop
  endfacet
  facet normal 1 0 0
    outer loop
      vertex -4.525 28.091 -10.8282
      vertex -4.525 26.4489 -10.3882
      vertex -4.525 27.9564 -11.2246
    endloop
  endfacet
  facet normal 1 0 0
    outer loop
      vertex -4.525 26.0607 -8.93934
      vertex -4.525 27.2627 -7.73726
      vertex -4.525 26.948 -7.46127
    endloop
  endfacet
  facet normal 1 -0 0
    outer loop
      vertex -4.525 26.3858 -10.574
      vertex -4.525 27.9564 -11.2246
      vertex -4.525 26.4489 -10.3882
    endloop
  endfacet
  facet normal 1 0 0
    outer loop
      vertex -4.525 25.9131 -8.80997
      vertex -4.525 26.948 -7.46127
      vertex -4.525 26.6 -7.22872
    endloop
  endfacet
  facet normal 1 0 0
    outer loop
      vertex -4.525 27.9564 -11.2246
      vertex -4.525 26.3858 -10.574
      vertex -4.525 27.7713 -11.6
    endloop
  endfacet
  facet normal 1 -0 0
    outer loop
      vertex -4.525 26.299 -10.75
      vertex -4.525 27.7713 -11.6
      vertex -4.525 26.3858 -10.574
    endloop
  endfacet
  facet normal 1 0 0
    outer loop
      vertex -4.525 28.1726 -9.58232
      vertex -4.525 26.4872 -9.80421
      vertex -4.525 26.5 -10
    endloop
  endfacet
  facet normal 1 0 0
    outer loop
      vertex -4.525 28.091 -9.17178
      vertex -4.525 26.4489 -9.61177
      vertex -4.525 26.4872 -9.80421
    endloop
  endfacet
  facet normal 1 0 0
    outer loop
      vertex -4.525 27.9564 -8.77541
      vertex -4.525 26.3858 -9.42597
      vertex -4.525 26.4489 -9.61177
    endloop
  endfacet
  facet normal 1 0 0
    outer loop
      vertex -4.525 27.7713 -8.4
      vertex -4.525 26.299 -9.25
      vertex -4.525 26.3858 -9.42597
    endloop
  endfacet
  facet normal 1 0 0
    outer loop
      vertex -4.525 25.75 -8.70096
      vertex -4.525 26.6 -7.22872
      vertex -4.525 26.2246 -7.04358
    endloop
  endfacet
  facet normal 1 0 0
    outer loop
      vertex -4.525 27.5387 -8.05196
      vertex -4.525 26.19 -9.08686
      vertex -4.525 26.299 -9.25
    endloop
  endfacet
  facet normal 1 0 0
    outer loop
      vertex -4.525 27.2627 -7.73726
      vertex -4.525 26.0607 -8.93934
      vertex -4.525 26.19 -9.08686
    endloop
  endfacet
  facet normal 1 0 0
    outer loop
      vertex -4.525 26.948 -7.46127
      vertex -4.525 25.9131 -8.80997
      vertex -4.525 26.0607 -8.93934
    endloop
  endfacet
  facet normal 1 0 0
    outer loop
      vertex -4.525 25.574 -8.61418
      vertex -4.525 26.2246 -7.04358
      vertex -4.525 25.8282 -6.90904
    endloop
  endfacet
  facet normal 1 0 0
    outer loop
      vertex -4.525 26.6 -7.22872
      vertex -4.525 25.75 -8.70096
      vertex -4.525 25.9131 -8.80997
    endloop
  endfacet
  facet normal 1 0 0
    outer loop
      vertex -4.525 26.2246 -7.04358
      vertex -4.525 25.574 -8.61418
      vertex -4.525 25.75 -8.70096
    endloop
  endfacet
  facet normal 1 0 0
    outer loop
      vertex -4.525 25.3882 -8.55111
      vertex -4.525 25.8282 -6.90904
      vertex -4.525 25.4177 -6.82738
    endloop
  endfacet
  facet normal 1 0 0
    outer loop
      vertex -4.525 25.8282 -6.90904
      vertex -4.525 25.3882 -8.55111
      vertex -4.525 25.574 -8.61418
    endloop
  endfacet
  facet normal 1 0 0
    outer loop
      vertex -4.525 25.4177 -6.82738
      vertex -4.525 25.1958 -8.51283
      vertex -4.525 25.3882 -8.55111
    endloop
  endfacet
  facet normal 1 0 0
    outer loop
      vertex -4.525 25 -6.8
      vertex -4.525 25.1958 -8.51283
      vertex -4.525 25.4177 -6.82738
    endloop
  endfacet
  facet normal 1 0 0
    outer loop
      vertex -4.525 25 -6.8
      vertex -4.525 25 -8.5
      vertex -4.525 25.1958 -8.51283
    endloop
  endfacet
  facet normal 1 0 0
    outer loop
      vertex -4.525 25 -6.8
      vertex -4.525 24.8042 -8.51283
      vertex -4.525 25 -8.5
    endloop
  endfacet
  facet normal 1 -0 0
    outer loop
      vertex -4.525 24.5823 -6.82738
      vertex -4.525 24.8042 -8.51283
      vertex -4.525 25 -6.8
    endloop
  endfacet
  facet normal 1 0 0
    outer loop
      vertex -4.525 24.8042 -8.51283
      vertex -4.525 24.5823 -6.82738
      vertex -4.525 24.6118 -8.55111
    endloop
  endfacet
  facet normal 1 -0 0
    outer loop
      vertex -4.525 24.1718 -6.90904
      vertex -4.525 24.6118 -8.55111
      vertex -4.525 24.5823 -6.82738
    endloop
  endfacet
  facet normal 1 0 0
    outer loop
      vertex -4.525 24.6118 -8.55111
      vertex -4.525 24.1718 -6.90904
      vertex -4.525 24.426 -8.61418
    endloop
  endfacet
  facet normal 1 -0 0
    outer loop
      vertex -4.525 23.7754 -7.04358
      vertex -4.525 24.426 -8.61418
      vertex -4.525 24.1718 -6.90904
    endloop
  endfacet
  facet normal 1 0 0
    outer loop
      vertex -4.525 24.426 -8.61418
      vertex -4.525 23.7754 -7.04358
      vertex -4.525 24.25 -8.70096
    endloop
  endfacet
  facet normal 1 -0 0
    outer loop
      vertex -4.525 23.4 -7.22872
      vertex -4.525 24.25 -8.70096
      vertex -4.525 23.7754 -7.04358
    endloop
  endfacet
  facet normal 1 0 0
    outer loop
      vertex -4.525 24.25 -8.70096
      vertex -4.525 23.4 -7.22872
      vertex -4.525 24.0869 -8.80997
    endloop
  endfacet
  facet normal 1 -0 0
    outer loop
      vertex -4.525 23.052 -7.46127
      vertex -4.525 24.0869 -8.80997
      vertex -4.525 23.4 -7.22872
    endloop
  endfacet
  facet normal 1 0 0
    outer loop
      vertex -4.525 24.0869 -8.80997
      vertex -4.525 23.052 -7.46127
      vertex -4.525 23.9393 -8.93934
    endloop
  endfacet
  facet normal 1 -0 0
    outer loop
      vertex -4.525 22.7373 -7.73726
      vertex -4.525 23.9393 -8.93934
      vertex -4.525 23.052 -7.46127
    endloop
  endfacet
  facet normal 1 0 0
    outer loop
      vertex -4.525 23.9393 -8.93934
      vertex -4.525 22.7373 -7.73726
      vertex -4.525 23.81 -9.08686
    endloop
  endfacet
  facet normal 1 -0 0
    outer loop
      vertex -4.525 22.4613 -8.05196
      vertex -4.525 23.81 -9.08686
      vertex -4.525 22.7373 -7.73726
    endloop
  endfacet
  facet normal 1 -0 0
    outer loop
      vertex -4.525 22.2287 -8.4
      vertex -4.525 23.701 -9.25
      vertex -4.525 22.4613 -8.05196
    endloop
  endfacet
  facet normal 1 0 0
    outer loop
      vertex -4.525 23.81 -9.08686
      vertex -4.525 22.4613 -8.05196
      vertex -4.525 23.701 -9.25
    endloop
  endfacet
  facet normal 1 0 0
    outer loop
      vertex -4.525 27.7713 -11.6
      vertex -4.525 26.299 -10.75
      vertex -4.525 27.5387 -11.948
    endloop
  endfacet
  facet normal 1 -0 0
    outer loop
      vertex -4.525 26.19 -10.9131
      vertex -4.525 27.5387 -11.948
      vertex -4.525 26.299 -10.75
    endloop
  endfacet
  facet normal 1 0 0
    outer loop
      vertex -4.525 27.5387 -11.948
      vertex -4.525 26.19 -10.9131
      vertex -4.525 27.2627 -12.2627
    endloop
  endfacet
  facet normal 1 -0 0
    outer loop
      vertex -4.525 26.0607 -11.0607
      vertex -4.525 27.2627 -12.2627
      vertex -4.525 26.19 -10.9131
    endloop
  endfacet
  facet normal 1 0 0
    outer loop
      vertex -4.525 27.2627 -12.2627
      vertex -4.525 26.0607 -11.0607
      vertex -4.525 26.948 -12.5387
    endloop
  endfacet
  facet normal 1 -0 0
    outer loop
      vertex -4.525 25.9131 -11.19
      vertex -4.525 26.948 -12.5387
      vertex -4.525 26.0607 -11.0607
    endloop
  endfacet
  facet normal 1 0 0
    outer loop
      vertex -4.525 26.948 -12.5387
      vertex -4.525 25.9131 -11.19
      vertex -4.525 26.6 -12.7713
    endloop
  endfacet
  facet normal 1 -0 0
    outer loop
      vertex -4.525 25.75 -11.299
      vertex -4.525 26.6 -12.7713
      vertex -4.525 25.9131 -11.19
    endloop
  endfacet
  facet normal 1 0 0
    outer loop
      vertex -4.525 26.6 -12.7713
      vertex -4.525 25.75 -11.299
      vertex -4.525 26.2246 -12.9564
    endloop
  endfacet
  facet normal 1 -0 0
    outer loop
      vertex -4.525 25.574 -11.3858
      vertex -4.525 26.2246 -12.9564
      vertex -4.525 25.75 -11.299
    endloop
  endfacet
  facet normal 1 0 0
    outer loop
      vertex -4.525 26.2246 -12.9564
      vertex -4.525 25.574 -11.3858
      vertex -4.525 25.8282 -13.091
    endloop
  endfacet
  facet normal 1 -0 0
    outer loop
      vertex -4.525 25.3882 -11.4489
      vertex -4.525 25.8282 -13.091
      vertex -4.525 25.574 -11.3858
    endloop
  endfacet
  facet normal 1 0 0
    outer loop
      vertex -4.525 25.8282 -13.091
      vertex -4.525 25.3882 -11.4489
      vertex -4.525 25.4177 -13.1726
    endloop
  endfacet
  facet normal 1 -0 0
    outer loop
      vertex -4.525 25.1958 -11.4872
      vertex -4.525 25.4177 -13.1726
      vertex -4.525 25.3882 -11.4489
    endloop
  endfacet
  facet normal 1 -0 0
    outer loop
      vertex -4.525 25 -11.5
      vertex -4.525 25.4177 -13.1726
      vertex -4.525 25.1958 -11.4872
    endloop
  endfacet
  facet normal 1 0 0
    outer loop
      vertex -4.525 25 -11.5
      vertex -4.525 25 -13.2
      vertex -4.525 25.4177 -13.1726
    endloop
  endfacet
  facet normal 1 0 0
    outer loop
      vertex -4.525 24.8042 -11.4872
      vertex -4.525 25 -13.2
      vertex -4.525 25 -11.5
    endloop
  endfacet
  facet normal 1 0 0
    outer loop
      vertex -4.525 24.5823 -13.1726
      vertex -4.525 24.8042 -11.4872
      vertex -4.525 24.6118 -11.4489
    endloop
  endfacet
  facet normal 1 0 0
    outer loop
      vertex -4.525 24.8042 -11.4872
      vertex -4.525 24.5823 -13.1726
      vertex -4.525 25 -13.2
    endloop
  endfacet
  facet normal 1 0 0
    outer loop
      vertex -4.525 24.1718 -13.091
      vertex -4.525 24.6118 -11.4489
      vertex -4.525 24.426 -11.3858
    endloop
  endfacet
  facet normal 1 0 0
    outer loop
      vertex -4.525 23.7754 -12.9564
      vertex -4.525 24.426 -11.3858
      vertex -4.525 24.25 -11.299
    endloop
  endfacet
  facet normal 1 0 0
    outer loop
      vertex -4.525 24.6118 -11.4489
      vertex -4.525 24.1718 -13.091
      vertex -4.525 24.5823 -13.1726
    endloop
  endfacet
  facet normal 1 0 0
    outer loop
      vertex -4.525 23.4 -12.7713
      vertex -4.525 24.25 -11.299
      vertex -4.525 24.0869 -11.19
    endloop
  endfacet
  facet normal 1 0 0
    outer loop
      vertex -4.525 23.052 -12.5387
      vertex -4.525 24.0869 -11.19
      vertex -4.525 23.9393 -11.0607
    endloop
  endfacet
  facet normal 1 0 0
    outer loop
      vertex -4.525 22.7373 -12.2627
      vertex -4.525 23.9393 -11.0607
      vertex -4.525 23.81 -10.9131
    endloop
  endfacet
  facet normal 1 0 0
    outer loop
      vertex -4.525 24.426 -11.3858
      vertex -4.525 23.7754 -12.9564
      vertex -4.525 24.1718 -13.091
    endloop
  endfacet
  facet normal 1 0 0
    outer loop
      vertex -4.525 22.4613 -11.948
      vertex -4.525 23.81 -10.9131
      vertex -4.525 23.701 -10.75
    endloop
  endfacet
  facet normal 1 0 0
    outer loop
      vertex -4.525 22.2287 -11.6
      vertex -4.525 23.701 -10.75
      vertex -4.525 23.6142 -10.574
    endloop
  endfacet
  facet normal 1 0 0
    outer loop
      vertex -4.525 22.0436 -11.2246
      vertex -4.525 23.6142 -10.574
      vertex -4.525 23.5511 -10.3882
    endloop
  endfacet
  facet normal 1 0 0
    outer loop
      vertex -4.525 21.909 -10.8282
      vertex -4.525 23.5511 -10.3882
      vertex -4.525 23.5128 -10.1958
    endloop
  endfacet
  facet normal 1 0 0
    outer loop
      vertex -4.525 24.25 -11.299
      vertex -4.525 23.4 -12.7713
      vertex -4.525 23.7754 -12.9564
    endloop
  endfacet
  facet normal 1 0 0
    outer loop
      vertex -4.525 21.8274 -10.4177
      vertex -4.525 23.5128 -10.1958
      vertex -4.525 23.5 -10
    endloop
  endfacet
  facet normal 1 0 0
    outer loop
      vertex -4.525 23.701 -9.25
      vertex -4.525 22.2287 -8.4
      vertex -4.525 23.6142 -9.42597
    endloop
  endfacet
  facet normal 1 -0 0
    outer loop
      vertex -4.525 22.0436 -8.77541
      vertex -4.525 23.6142 -9.42597
      vertex -4.525 22.2287 -8.4
    endloop
  endfacet
  facet normal 1 0 0
    outer loop
      vertex -4.525 24.0869 -11.19
      vertex -4.525 23.052 -12.5387
      vertex -4.525 23.4 -12.7713
    endloop
  endfacet
  facet normal 1 0 0
    outer loop
      vertex -4.525 23.6142 -9.42597
      vertex -4.525 22.0436 -8.77541
      vertex -4.525 23.5511 -9.61177
    endloop
  endfacet
  facet normal 1 0 0
    outer loop
      vertex -4.525 23.9393 -11.0607
      vertex -4.525 22.7373 -12.2627
      vertex -4.525 23.052 -12.5387
    endloop
  endfacet
  facet normal 1 -0 0
    outer loop
      vertex -4.525 21.909 -9.17178
      vertex -4.525 23.5511 -9.61177
      vertex -4.525 22.0436 -8.77541
    endloop
  endfacet
  facet normal 1 0 0
    outer loop
      vertex -4.525 23.81 -10.9131
      vertex -4.525 22.4613 -11.948
      vertex -4.525 22.7373 -12.2627
    endloop
  endfacet
  facet normal 1 0 0
    outer loop
      vertex -4.525 23.5511 -9.61177
      vertex -4.525 21.909 -9.17178
      vertex -4.525 23.5128 -9.80421
    endloop
  endfacet
  facet normal 1 0 0
    outer loop
      vertex -4.525 23.701 -10.75
      vertex -4.525 22.2287 -11.6
      vertex -4.525 22.4613 -11.948
    endloop
  endfacet
  facet normal 1 -0 0
    outer loop
      vertex -4.525 21.8274 -9.58232
      vertex -4.525 23.5128 -9.80421
      vertex -4.525 21.909 -9.17178
    endloop
  endfacet
  facet normal 1 0 0
    outer loop
      vertex -4.525 23.6142 -10.574
      vertex -4.525 22.0436 -11.2246
      vertex -4.525 22.2287 -11.6
    endloop
  endfacet
  facet normal 1 0 0
    outer loop
      vertex -4.525 23.5128 -9.80421
      vertex -4.525 21.8274 -9.58232
      vertex -4.525 23.5 -10
    endloop
  endfacet
  facet normal 1 0 0
    outer loop
      vertex -4.525 23.5511 -10.3882
      vertex -4.525 21.909 -10.8282
      vertex -4.525 22.0436 -11.2246
    endloop
  endfacet
  facet normal 1 0 0
    outer loop
      vertex -4.525 21.8 -10
      vertex -4.525 23.5 -10
      vertex -4.525 21.8274 -9.58232
    endloop
  endfacet
  facet normal 1 0 0
    outer loop
      vertex -4.525 23.5128 -10.1958
      vertex -4.525 21.8274 -10.4177
      vertex -4.525 21.909 -10.8282
    endloop
  endfacet
  facet normal 1 0 0
    outer loop
      vertex -4.525 23.5 -10
      vertex -4.525 21.8 -10
      vertex -4.525 21.8274 -10.4177
    endloop
  endfacet
  facet normal 0 0.751821 -0.659367
    outer loop
      vertex -4.525 27.2627 -12.2627
      vertex -10.25 27.5387 -11.948
      vertex -4.525 27.5387 -11.948
    endloop
  endfacet
  facet normal 0 0.751821 -0.659367
    outer loop
      vertex -10.25 27.5387 -11.948
      vertex -4.525 27.2627 -12.2627
      vertex -10.25 27.2627 -12.2627
    endloop
  endfacet
  facet normal 0 0.997855 -0.0654566
    outer loop
      vertex -4.525 28.1726 -10.4177
      vertex -10.25 28.2 -10
      vertex -4.525 28.2 -10
    endloop
  endfacet
  facet normal 0 0.997855 -0.0654566
    outer loop
      vertex -10.25 28.2 -10
      vertex -4.525 28.1726 -10.4177
      vertex -10.25 28.1726 -10.4177
    endloop
  endfacet
  facet normal 0 -0.55561 0.831443
    outer loop
      vertex -10.25 23.4 -7.22872
      vertex -4.525 23.052 -7.46127
      vertex -4.525 23.4 -7.22872
    endloop
  endfacet
  facet normal 0 -0.55561 0.831443
    outer loop
      vertex -4.525 23.052 -7.46127
      vertex -10.25 23.4 -7.22872
      vertex -10.25 23.052 -7.46127
    endloop
  endfacet
  facet normal -0 0.659353 0.751833
    outer loop
      vertex -10.25 27.2627 -7.73726
      vertex -4.525 26.948 -7.46127
      vertex -4.525 27.2627 -7.73726
    endloop
  endfacet
  facet normal 0 0.659353 0.751833
    outer loop
      vertex -4.525 26.948 -7.46127
      vertex -10.25 27.2627 -7.73726
      vertex -10.25 26.948 -7.46127
    endloop
  endfacet
  facet normal 0 0.997855 0.0654598
    outer loop
      vertex -4.525 28.2 -10
      vertex -10.25 28.1726 -9.58232
      vertex -4.525 28.1726 -9.58232
    endloop
  endfacet
  facet normal 0 0.997855 0.0654598
    outer loop
      vertex -10.25 28.1726 -9.58232
      vertex -4.525 28.2 -10
      vertex -10.25 28.2 -10
    endloop
  endfacet
  facet normal 0 -0.195105 0.980782
    outer loop
      vertex -10.25 24.5823 -6.82738
      vertex -4.525 24.1718 -6.90904
      vertex -4.525 24.5823 -6.82738
    endloop
  endfacet
  facet normal 0 -0.195105 0.980782
    outer loop
      vertex -4.525 24.1718 -6.90904
      vertex -10.25 24.5823 -6.82738
      vertex -10.25 24.1718 -6.90904
    endloop
  endfacet
  facet normal 0 0.896903 0.442228
    outer loop
      vertex -4.525 27.9564 -8.77541
      vertex -10.25 27.7713 -8.4
      vertex -4.525 27.7713 -8.4
    endloop
  endfacet
  facet normal 0 0.896903 0.442228
    outer loop
      vertex -10.25 27.7713 -8.4
      vertex -4.525 27.9564 -8.77541
      vertex -10.25 27.9564 -8.77541
    endloop
  endfacet
  facet normal -0 0.0654091 0.997859
    outer loop
      vertex -10.25 25.4177 -6.82738
      vertex -4.525 25 -6.8
      vertex -4.525 25.4177 -6.82738
    endloop
  endfacet
  facet normal 0 0.0654091 0.997859
    outer loop
      vertex -4.525 25 -6.8
      vertex -10.25 25.4177 -6.82738
      vertex -10.25 25 -6.8
    endloop
  endfacet
  facet normal 0 -0.896903 0.442228
    outer loop
      vertex -10.25 22.0436 -8.77541
      vertex -4.525 22.2287 -8.4
      vertex -10.25 22.2287 -8.4
    endloop
  endfacet
  facet normal 0 -0.896903 0.442228
    outer loop
      vertex -4.525 22.2287 -8.4
      vertex -10.25 22.0436 -8.77541
      vertex -4.525 22.0436 -8.77541
    endloop
  endfacet
  facet normal 0 0.321526 -0.946901
    outer loop
      vertex -10.25 25.8282 -13.091
      vertex -4.525 26.2246 -12.9564
      vertex -4.525 25.8282 -13.091
    endloop
  endfacet
  facet normal 0 0.321526 -0.946901
    outer loop
      vertex -4.525 26.2246 -12.9564
      vertex -10.25 25.8282 -13.091
      vertex -10.25 26.2246 -12.9564
    endloop
  endfacet
  facet normal -0 0.321397 0.946944
    outer loop
      vertex -10.25 26.2246 -7.04358
      vertex -4.525 25.8282 -6.90904
      vertex -4.525 26.2246 -7.04358
    endloop
  endfacet
  facet normal 0 0.321397 0.946944
    outer loop
      vertex -4.525 25.8282 -6.90904
      vertex -10.25 26.2246 -7.04358
      vertex -10.25 25.8282 -6.90904
    endloop
  endfacet
  facet normal 0 0.946893 0.321548
    outer loop
      vertex -4.525 28.091 -9.17178
      vertex -10.25 27.9564 -8.77541
      vertex -4.525 27.9564 -8.77541
    endloop
  endfacet
  facet normal 0 0.946893 0.321548
    outer loop
      vertex -10.25 27.9564 -8.77541
      vertex -4.525 28.091 -9.17178
      vertex -10.25 28.091 -9.17178
    endloop
  endfacet
  facet normal 0 -0.946893 0.321548
    outer loop
      vertex -10.25 21.909 -9.17178
      vertex -4.525 22.0436 -8.77541
      vertex -10.25 22.0436 -8.77541
    endloop
  endfacet
  facet normal 0 -0.946893 0.321548
    outer loop
      vertex -4.525 22.0436 -8.77541
      vertex -10.25 21.909 -9.17178
      vertex -4.525 21.909 -9.17178
    endloop
  endfacet
  facet normal 0 -0.751821 0.659367
    outer loop
      vertex -10.25 22.4613 -8.05196
      vertex -4.525 22.7373 -7.73726
      vertex -10.25 22.7373 -7.73726
    endloop
  endfacet
  facet normal 0 -0.751821 0.659367
    outer loop
      vertex -4.525 22.7373 -7.73726
      vertex -10.25 22.4613 -8.05196
      vertex -4.525 22.4613 -8.05196
    endloop
  endfacet
  facet normal 0 -0.831418 0.555648
    outer loop
      vertex -10.25 22.2287 -8.4
      vertex -4.525 22.4613 -8.05196
      vertex -10.25 22.4613 -8.05196
    endloop
  endfacet
  facet normal 0 -0.831418 0.555648
    outer loop
      vertex -4.525 22.4613 -8.05196
      vertex -10.25 22.2287 -8.4
      vertex -4.525 22.2287 -8.4
    endloop
  endfacet
  facet normal 0 -0.997855 0.0654598
    outer loop
      vertex -10.25 21.8 -10
      vertex -4.525 21.8274 -9.58232
      vertex -10.25 21.8274 -9.58232
    endloop
  endfacet
  facet normal 0 -0.997855 0.0654598
    outer loop
      vertex -4.525 21.8274 -9.58232
      vertex -10.25 21.8 -10
      vertex -4.525 21.8 -10
    endloop
  endfacet
  facet normal 0 -0.442314 0.89686
    outer loop
      vertex -10.25 23.7754 -7.04358
      vertex -4.525 23.4 -7.22872
      vertex -4.525 23.7754 -7.04358
    endloop
  endfacet
  facet normal 0 -0.442314 0.89686
    outer loop
      vertex -4.525 23.4 -7.22872
      vertex -10.25 23.7754 -7.04358
      vertex -10.25 23.4 -7.22872
    endloop
  endfacet
  facet normal 0 0.98081 -0.194967
    outer loop
      vertex -4.525 28.091 -10.8282
      vertex -10.25 28.1726 -10.4177
      vertex -4.525 28.1726 -10.4177
    endloop
  endfacet
  facet normal 0 0.98081 -0.194967
    outer loop
      vertex -10.25 28.1726 -10.4177
      vertex -4.525 28.091 -10.8282
      vertex -10.25 28.091 -10.8282
    endloop
  endfacet
  facet normal 0 -0.997855 -0.0654566
    outer loop
      vertex 4.525 21.8274 -10.4177
      vertex 10.25 21.8 -10
      vertex 4.525 21.8 -10
    endloop
  endfacet
  facet normal 0 -0.997855 -0.0654566
    outer loop
      vertex 10.25 21.8 -10
      vertex 4.525 21.8274 -10.4177
      vertex 10.25 21.8274 -10.4177
    endloop
  endfacet
  facet normal 0 -0.194967 -0.98081
    outer loop
      vertex 4.525 24.1718 -13.091
      vertex 10.25 24.5823 -13.1726
      vertex 10.25 24.1718 -13.091
    endloop
  endfacet
  facet normal -0 -0.194967 -0.98081
    outer loop
      vertex 10.25 24.5823 -13.1726
      vertex 4.525 24.1718 -13.091
      vertex 4.525 24.5823 -13.1726
    endloop
  endfacet
  facet normal 0 -0.321526 -0.946901
    outer loop
      vertex 4.525 23.7754 -12.9564
      vertex 10.25 24.1718 -13.091
      vertex 10.25 23.7754 -12.9564
    endloop
  endfacet
  facet normal -0 -0.321526 -0.946901
    outer loop
      vertex 10.25 24.1718 -13.091
      vertex 4.525 23.7754 -12.9564
      vertex 4.525 24.1718 -13.091
    endloop
  endfacet
  facet normal 0 0.0654566 -0.997855
    outer loop
      vertex 4.525 25 -13.2
      vertex 10.25 25.4177 -13.1726
      vertex 10.25 25 -13.2
    endloop
  endfacet
  facet normal 0 0.0654566 -0.997855
    outer loop
      vertex 10.25 25.4177 -13.1726
      vertex 4.525 25 -13.2
      vertex 4.525 25.4177 -13.1726
    endloop
  endfacet
  facet normal 0 -0.980813 0.194949
    outer loop
      vertex 4.525 21.8274 -9.58232
      vertex 10.25 21.909 -9.17178
      vertex 4.525 21.909 -9.17178
    endloop
  endfacet
  facet normal 0 -0.980813 0.194949
    outer loop
      vertex 10.25 21.909 -9.17178
      vertex 4.525 21.8274 -9.58232
      vertex 10.25 21.8274 -9.58232
    endloop
  endfacet
  facet normal 0 0.442237 -0.896898
    outer loop
      vertex 4.525 26.2246 -12.9564
      vertex 10.25 26.6 -12.7713
      vertex 10.25 26.2246 -12.9564
    endloop
  endfacet
  facet normal 0 0.442237 -0.896898
    outer loop
      vertex 10.25 26.6 -12.7713
      vertex 4.525 26.2246 -12.9564
      vertex 4.525 26.6 -12.7713
    endloop
  endfacet
  facet normal 0 -0.751821 -0.659367
    outer loop
      vertex 4.525 22.7373 -12.2627
      vertex 10.25 22.4613 -11.948
      vertex 4.525 22.4613 -11.948
    endloop
  endfacet
  facet normal 0 -0.751821 -0.659367
    outer loop
      vertex 10.25 22.4613 -11.948
      vertex 4.525 22.7373 -12.2627
      vertex 10.25 22.7373 -12.2627
    endloop
  endfacet
  facet normal 0 0.831418 0.555648
    outer loop
      vertex 10.25 27.7713 -8.4
      vertex 4.525 27.5387 -8.05196
      vertex 10.25 27.5387 -8.05196
    endloop
  endfacet
  facet normal 0 0.831418 0.555648
    outer loop
      vertex 4.525 27.5387 -8.05196
      vertex 10.25 27.7713 -8.4
      vertex 4.525 27.7713 -8.4
    endloop
  endfacet
  facet normal 0 0.659367 -0.751821
    outer loop
      vertex 4.525 26.948 -12.5387
      vertex 10.25 27.2627 -12.2627
      vertex 10.25 26.948 -12.5387
    endloop
  endfacet
  facet normal 0 0.659367 -0.751821
    outer loop
      vertex 10.25 27.2627 -12.2627
      vertex 4.525 26.948 -12.5387
      vertex 4.525 27.2627 -12.2627
    endloop
  endfacet
  facet normal 0 0.194967 -0.98081
    outer loop
      vertex 4.525 25.4177 -13.1726
      vertex 10.25 25.8282 -13.091
      vertex 10.25 25.4177 -13.1726
    endloop
  endfacet
  facet normal 0 0.194967 -0.98081
    outer loop
      vertex 10.25 25.8282 -13.091
      vertex 4.525 25.4177 -13.1726
      vertex 4.525 25.8282 -13.091
    endloop
  endfacet
  facet normal 0 -0.98081 -0.194967
    outer loop
      vertex 4.525 21.909 -10.8282
      vertex 10.25 21.8274 -10.4177
      vertex 4.525 21.8274 -10.4177
    endloop
  endfacet
  facet normal 0 -0.98081 -0.194967
    outer loop
      vertex 10.25 21.8274 -10.4177
      vertex 4.525 21.909 -10.8282
      vertex 10.25 21.909 -10.8282
    endloop
  endfacet
  facet normal 0 0.946901 -0.321526
    outer loop
      vertex 10.25 27.9564 -11.2246
      vertex 4.525 28.091 -10.8282
      vertex 10.25 28.091 -10.8282
    endloop
  endfacet
  facet normal 0 0.946901 -0.321526
    outer loop
      vertex 4.525 28.091 -10.8282
      vertex 10.25 27.9564 -11.2246
      vertex 4.525 27.9564 -11.2246
    endloop
  endfacet
  facet normal 0 -0.896898 -0.442237
    outer loop
      vertex 4.525 22.2287 -11.6
      vertex 10.25 22.0436 -11.2246
      vertex 4.525 22.0436 -11.2246
    endloop
  endfacet
  facet normal 0 -0.896898 -0.442237
    outer loop
      vertex 10.25 22.0436 -11.2246
      vertex 4.525 22.2287 -11.6
      vertex 10.25 22.2287 -11.6
    endloop
  endfacet
  facet normal 0 -0.946901 -0.321526
    outer loop
      vertex 4.525 22.0436 -11.2246
      vertex 10.25 21.909 -10.8282
      vertex 4.525 21.909 -10.8282
    endloop
  endfacet
  facet normal 0 -0.946901 -0.321526
    outer loop
      vertex 10.25 21.909 -10.8282
      vertex 4.525 22.0436 -11.2246
      vertex 10.25 22.0436 -11.2246
    endloop
  endfacet
  facet normal 0 -0.195105 0.980782
    outer loop
      vertex 4.525 24.5823 -6.82738
      vertex 10.25 24.1718 -6.90904
      vertex 10.25 24.5823 -6.82738
    endloop
  endfacet
  facet normal 0 -0.195105 0.980782
    outer loop
      vertex 10.25 24.1718 -6.90904
      vertex 4.525 24.5823 -6.82738
      vertex 4.525 24.1718 -6.90904
    endloop
  endfacet
  facet normal 0 -0.0654091 0.997859
    outer loop
      vertex 4.525 25 -6.8
      vertex 10.25 24.5823 -6.82738
      vertex 10.25 25 -6.8
    endloop
  endfacet
  facet normal 0 -0.0654091 0.997859
    outer loop
      vertex 10.25 24.5823 -6.82738
      vertex 4.525 25 -6.8
      vertex 4.525 24.5823 -6.82738
    endloop
  endfacet
  facet normal 0 -0.831388 -0.555692
    outer loop
      vertex 4.525 22.4613 -11.948
      vertex 10.25 22.2287 -11.6
      vertex 4.525 22.2287 -11.6
    endloop
  endfacet
  facet normal 0 -0.831388 -0.555692
    outer loop
      vertex 10.25 22.2287 -11.6
      vertex 4.525 22.4613 -11.948
      vertex 10.25 22.4613 -11.948
    endloop
  endfacet
  facet normal 0 -0.659353 0.751833
    outer loop
      vertex 4.525 23.052 -7.46127
      vertex 10.25 22.7373 -7.73726
      vertex 10.25 23.052 -7.46127
    endloop
  endfacet
  facet normal 0 -0.659353 0.751833
    outer loop
      vertex 10.25 22.7373 -7.73726
      vertex 4.525 23.052 -7.46127
      vertex 4.525 22.7373 -7.73726
    endloop
  endfacet
  facet normal -0 0.195105 0.980782
    outer loop
      vertex 4.525 25.8282 -6.90904
      vertex 10.25 25.4177 -6.82738
      vertex 10.25 25.8282 -6.90904
    endloop
  endfacet
  facet normal 0 0.195105 0.980782
    outer loop
      vertex 10.25 25.4177 -6.82738
      vertex 4.525 25.8282 -6.90904
      vertex 4.525 25.4177 -6.82738
    endloop
  endfacet
  facet normal 0 0.555692 -0.831388
    outer loop
      vertex 4.525 26.6 -12.7713
      vertex 10.25 26.948 -12.5387
      vertex 10.25 26.6 -12.7713
    endloop
  endfacet
  facet normal 0 0.555692 -0.831388
    outer loop
      vertex 10.25 26.948 -12.5387
      vertex 4.525 26.6 -12.7713
      vertex 4.525 26.948 -12.5387
    endloop
  endfacet
  facet normal 0 -0.321397 0.946944
    outer loop
      vertex 4.525 24.1718 -6.90904
      vertex 10.25 23.7754 -7.04358
      vertex 10.25 24.1718 -6.90904
    endloop
  endfacet
  facet normal 0 -0.321397 0.946944
    outer loop
      vertex 10.25 23.7754 -7.04358
      vertex 4.525 24.1718 -6.90904
      vertex 4.525 23.7754 -7.04358
    endloop
  endfacet
  facet normal 0 -0.0654566 -0.997855
    outer loop
      vertex 4.525 24.5823 -13.1726
      vertex 10.25 25 -13.2
      vertex 10.25 24.5823 -13.1726
    endloop
  endfacet
  facet normal -0 -0.0654566 -0.997855
    outer loop
      vertex 10.25 25 -13.2
      vertex 4.525 24.5823 -13.1726
      vertex 4.525 25 -13.2
    endloop
  endfacet
  facet normal 0 0.896898 -0.442237
    outer loop
      vertex 10.25 27.7713 -11.6
      vertex 4.525 27.9564 -11.2246
      vertex 10.25 27.9564 -11.2246
    endloop
  endfacet
  facet normal 0 0.896898 -0.442237
    outer loop
      vertex 4.525 27.9564 -11.2246
      vertex 10.25 27.7713 -11.6
      vertex 4.525 27.7713 -11.6
    endloop
  endfacet
  facet normal 0 -0.659367 -0.751821
    outer loop
      vertex 4.525 22.7373 -12.2627
      vertex 10.25 23.052 -12.5387
      vertex 10.25 22.7373 -12.2627
    endloop
  endfacet
  facet normal -0 -0.659367 -0.751821
    outer loop
      vertex 10.25 23.052 -12.5387
      vertex 4.525 22.7373 -12.2627
      vertex 4.525 23.052 -12.5387
    endloop
  endfacet
  facet normal 0 0.831388 -0.555692
    outer loop
      vertex 10.25 27.5387 -11.948
      vertex 4.525 27.7713 -11.6
      vertex 10.25 27.7713 -11.6
    endloop
  endfacet
  facet normal 0 0.831388 -0.555692
    outer loop
      vertex 4.525 27.7713 -11.6
      vertex 10.25 27.5387 -11.948
      vertex 4.525 27.5387 -11.948
    endloop
  endfacet
  facet normal 0 -0.442237 -0.896898
    outer loop
      vertex 4.525 23.4 -12.7713
      vertex 10.25 23.7754 -12.9564
      vertex 10.25 23.4 -12.7713
    endloop
  endfacet
  facet normal -0 -0.442237 -0.896898
    outer loop
      vertex 10.25 23.7754 -12.9564
      vertex 4.525 23.4 -12.7713
      vertex 4.525 23.7754 -12.9564
    endloop
  endfacet
  facet normal 0 -0.555692 -0.831388
    outer loop
      vertex 4.525 23.052 -12.5387
      vertex 10.25 23.4 -12.7713
      vertex 10.25 23.052 -12.5387
    endloop
  endfacet
  facet normal -0 -0.555692 -0.831388
    outer loop
      vertex 10.25 23.4 -12.7713
      vertex 4.525 23.052 -12.5387
      vertex 4.525 23.4 -12.7713
    endloop
  endfacet
  facet normal -0 0.55561 0.831443
    outer loop
      vertex 4.525 26.948 -7.46127
      vertex 10.25 26.6 -7.22872
      vertex 10.25 26.948 -7.46127
    endloop
  endfacet
  facet normal 0 0.55561 0.831443
    outer loop
      vertex 10.25 26.6 -7.22872
      vertex 4.525 26.948 -7.46127
      vertex 4.525 26.6 -7.22872
    endloop
  endfacet
  facet normal -0 0.442314 0.89686
    outer loop
      vertex 4.525 26.6 -7.22872
      vertex 10.25 26.2246 -7.04358
      vertex 10.25 26.6 -7.22872
    endloop
  endfacet
  facet normal 0 0.442314 0.89686
    outer loop
      vertex 10.25 26.2246 -7.04358
      vertex 4.525 26.6 -7.22872
      vertex 4.525 26.2246 -7.04358
    endloop
  endfacet
  facet normal 0 0.980813 0.194949
    outer loop
      vertex 10.25 28.1726 -9.58232
      vertex 4.525 28.091 -9.17178
      vertex 10.25 28.091 -9.17178
    endloop
  endfacet
  facet normal 0 0.980813 0.194949
    outer loop
      vertex 4.525 28.091 -9.17178
      vertex 10.25 28.1726 -9.58232
      vertex 4.525 28.1726 -9.58232
    endloop
  endfacet
  facet normal 0 0.751821 0.659367
    outer loop
      vertex 10.25 27.5387 -8.05196
      vertex 4.525 27.2627 -7.73726
      vertex 10.25 27.2627 -7.73726
    endloop
  endfacet
  facet normal 0 0.751821 0.659367
    outer loop
      vertex 4.525 27.2627 -7.73726
      vertex 10.25 27.5387 -8.05196
      vertex 4.525 27.5387 -8.05196
    endloop
  endfacet
  facet normal 0 0.751821 -0.659367
    outer loop
      vertex 10.25 27.2627 -12.2627
      vertex 4.525 27.5387 -11.948
      vertex 10.25 27.5387 -11.948
    endloop
  endfacet
  facet normal 0 0.751821 -0.659367
    outer loop
      vertex 4.525 27.5387 -11.948
      vertex 10.25 27.2627 -12.2627
      vertex 4.525 27.2627 -12.2627
    endloop
  endfacet
  facet normal 0 0.997855 -0.0654566
    outer loop
      vertex 10.25 28.1726 -10.4177
      vertex 4.525 28.2 -10
      vertex 10.25 28.2 -10
    endloop
  endfacet
  facet normal 0 0.997855 -0.0654566
    outer loop
      vertex 4.525 28.2 -10
      vertex 10.25 28.1726 -10.4177
      vertex 4.525 28.1726 -10.4177
    endloop
  endfacet
  facet normal 0 -0.55561 0.831443
    outer loop
      vertex 4.525 23.4 -7.22872
      vertex 10.25 23.052 -7.46127
      vertex 10.25 23.4 -7.22872
    endloop
  endfacet
  facet normal 0 -0.55561 0.831443
    outer loop
      vertex 10.25 23.052 -7.46127
      vertex 4.525 23.4 -7.22872
      vertex 4.525 23.052 -7.46127
    endloop
  endfacet
  facet normal -0 0.659353 0.751833
    outer loop
      vertex 4.525 27.2627 -7.73726
      vertex 10.25 26.948 -7.46127
      vertex 10.25 27.2627 -7.73726
    endloop
  endfacet
  facet normal 0 0.659353 0.751833
    outer loop
      vertex 10.25 26.948 -7.46127
      vertex 4.525 27.2627 -7.73726
      vertex 4.525 26.948 -7.46127
    endloop
  endfacet
  facet normal 0 0.997855 0.0654598
    outer loop
      vertex 10.25 28.2 -10
      vertex 4.525 28.1726 -9.58232
      vertex 10.25 28.1726 -9.58232
    endloop
  endfacet
  facet normal 0 0.997855 0.0654598
    outer loop
      vertex 4.525 28.1726 -9.58232
      vertex 10.25 28.2 -10
      vertex 4.525 28.2 -10
    endloop
  endfacet
  facet normal 0 0.896903 0.442228
    outer loop
      vertex 10.25 27.9564 -8.77541
      vertex 4.525 27.7713 -8.4
      vertex 10.25 27.7713 -8.4
    endloop
  endfacet
  facet normal 0 0.896903 0.442228
    outer loop
      vertex 4.525 27.7713 -8.4
      vertex 10.25 27.9564 -8.77541
      vertex 4.525 27.9564 -8.77541
    endloop
  endfacet
  facet normal -0 0.0654091 0.997859
    outer loop
      vertex 4.525 25.4177 -6.82738
      vertex 10.25 25 -6.8
      vertex 10.25 25.4177 -6.82738
    endloop
  endfacet
  facet normal 0 0.0654091 0.997859
    outer loop
      vertex 10.25 25 -6.8
      vertex 4.525 25.4177 -6.82738
      vertex 4.525 25 -6.8
    endloop
  endfacet
  facet normal 0 -0.896903 0.442228
    outer loop
      vertex 4.525 22.0436 -8.77541
      vertex 10.25 22.2287 -8.4
      vertex 4.525 22.2287 -8.4
    endloop
  endfacet
  facet normal 0 -0.896903 0.442228
    outer loop
      vertex 10.25 22.2287 -8.4
      vertex 4.525 22.0436 -8.77541
      vertex 10.25 22.0436 -8.77541
    endloop
  endfacet
  facet normal 0 0.321526 -0.946901
    outer loop
      vertex 4.525 25.8282 -13.091
      vertex 10.25 26.2246 -12.9564
      vertex 10.25 25.8282 -13.091
    endloop
  endfacet
  facet normal 0 0.321526 -0.946901
    outer loop
      vertex 10.25 26.2246 -12.9564
      vertex 4.525 25.8282 -13.091
      vertex 4.525 26.2246 -12.9564
    endloop
  endfacet
  facet normal -0 0.321397 0.946944
    outer loop
      vertex 4.525 26.2246 -7.04358
      vertex 10.25 25.8282 -6.90904
      vertex 10.25 26.2246 -7.04358
    endloop
  endfacet
  facet normal 0 0.321397 0.946944
    outer loop
      vertex 10.25 25.8282 -6.90904
      vertex 4.525 26.2246 -7.04358
      vertex 4.525 25.8282 -6.90904
    endloop
  endfacet
  facet normal 0 0.946893 0.321548
    outer loop
      vertex 10.25 28.091 -9.17178
      vertex 4.525 27.9564 -8.77541
      vertex 10.25 27.9564 -8.77541
    endloop
  endfacet
  facet normal 0 0.946893 0.321548
    outer loop
      vertex 4.525 27.9564 -8.77541
      vertex 10.25 28.091 -9.17178
      vertex 4.525 28.091 -9.17178
    endloop
  endfacet
  facet normal -1 0 0
    outer loop
      vertex 4.525 26.5 -10
      vertex 4.525 28.2 -10
      vertex 4.525 28.1726 -10.4177
    endloop
  endfacet
  facet normal -1 0 0
    outer loop
      vertex 4.525 26.4872 -10.1958
      vertex 4.525 28.1726 -10.4177
      vertex 4.525 28.091 -10.8282
    endloop
  endfacet
  facet normal -1 0 0
    outer loop
      vertex 4.525 28.2 -10
      vertex 4.525 26.5 -10
      vertex 4.525 28.1726 -9.58232
    endloop
  endfacet
  facet normal -1 0 0
    outer loop
      vertex 4.525 26.4489 -10.3882
      vertex 4.525 28.091 -10.8282
      vertex 4.525 27.9564 -11.2246
    endloop
  endfacet
  facet normal -1 0 0
    outer loop
      vertex 4.525 26.4872 -9.80421
      vertex 4.525 28.1726 -9.58232
      vertex 4.525 26.5 -10
    endloop
  endfacet
  facet normal -1 0 0
    outer loop
      vertex 4.525 26.3858 -10.574
      vertex 4.525 27.9564 -11.2246
      vertex 4.525 27.7713 -11.6
    endloop
  endfacet
  facet normal -1 -0 0
    outer loop
      vertex 4.525 28.1726 -9.58232
      vertex 4.525 26.4872 -9.80421
      vertex 4.525 28.091 -9.17178
    endloop
  endfacet
  facet normal -1 0 0
    outer loop
      vertex 4.525 26.299 -10.75
      vertex 4.525 27.7713 -11.6
      vertex 4.525 27.5387 -11.948
    endloop
  endfacet
  facet normal -1 0 0
    outer loop
      vertex 4.525 26.4489 -9.61177
      vertex 4.525 28.091 -9.17178
      vertex 4.525 26.4872 -9.80421
    endloop
  endfacet
  facet normal -1 0 0
    outer loop
      vertex 4.525 26.19 -10.9131
      vertex 4.525 27.5387 -11.948
      vertex 4.525 27.2627 -12.2627
    endloop
  endfacet
  facet normal -1 -0 0
    outer loop
      vertex 4.525 28.091 -9.17178
      vertex 4.525 26.4489 -9.61177
      vertex 4.525 27.9564 -8.77541
    endloop
  endfacet
  facet normal -1 0 0
    outer loop
      vertex 4.525 26.0607 -11.0607
      vertex 4.525 27.2627 -12.2627
      vertex 4.525 26.948 -12.5387
    endloop
  endfacet
  facet normal -1 0 0
    outer loop
      vertex 4.525 26.3858 -9.42597
      vertex 4.525 27.9564 -8.77541
      vertex 4.525 26.4489 -9.61177
    endloop
  endfacet
  facet normal -1 0 0
    outer loop
      vertex 4.525 25.9131 -11.19
      vertex 4.525 26.948 -12.5387
      vertex 4.525 26.6 -12.7713
    endloop
  endfacet
  facet normal -1 -0 0
    outer loop
      vertex 4.525 27.9564 -8.77541
      vertex 4.525 26.3858 -9.42597
      vertex 4.525 27.7713 -8.4
    endloop
  endfacet
  facet normal -1 0 0
    outer loop
      vertex 4.525 26.299 -9.25
      vertex 4.525 27.7713 -8.4
      vertex 4.525 26.3858 -9.42597
    endloop
  endfacet
  facet normal -1 0 0
    outer loop
      vertex 4.525 28.1726 -10.4177
      vertex 4.525 26.4872 -10.1958
      vertex 4.525 26.5 -10
    endloop
  endfacet
  facet normal -1 0 0
    outer loop
      vertex 4.525 28.091 -10.8282
      vertex 4.525 26.4489 -10.3882
      vertex 4.525 26.4872 -10.1958
    endloop
  endfacet
  facet normal -1 0 0
    outer loop
      vertex 4.525 27.9564 -11.2246
      vertex 4.525 26.3858 -10.574
      vertex 4.525 26.4489 -10.3882
    endloop
  endfacet
  facet normal -1 0 0
    outer loop
      vertex 4.525 27.7713 -11.6
      vertex 4.525 26.299 -10.75
      vertex 4.525 26.3858 -10.574
    endloop
  endfacet
  facet normal -1 0 0
    outer loop
      vertex 4.525 25.75 -11.299
      vertex 4.525 26.6 -12.7713
      vertex 4.525 26.2246 -12.9564
    endloop
  endfacet
  facet normal -1 0 0
    outer loop
      vertex 4.525 27.5387 -11.948
      vertex 4.525 26.19 -10.9131
      vertex 4.525 26.299 -10.75
    endloop
  endfacet
  facet normal -1 0 0
    outer loop
      vertex 4.525 27.2627 -12.2627
      vertex 4.525 26.0607 -11.0607
      vertex 4.525 26.19 -10.9131
    endloop
  endfacet
  facet normal -1 0 0
    outer loop
      vertex 4.525 26.948 -12.5387
      vertex 4.525 25.9131 -11.19
      vertex 4.525 26.0607 -11.0607
    endloop
  endfacet
  facet normal -1 0 0
    outer loop
      vertex 4.525 25.574 -11.3858
      vertex 4.525 26.2246 -12.9564
      vertex 4.525 25.8282 -13.091
    endloop
  endfacet
  facet normal -1 0 0
    outer loop
      vertex 4.525 26.6 -12.7713
      vertex 4.525 25.75 -11.299
      vertex 4.525 25.9131 -11.19
    endloop
  endfacet
  facet normal -1 0 0
    outer loop
      vertex 4.525 26.2246 -12.9564
      vertex 4.525 25.574 -11.3858
      vertex 4.525 25.75 -11.299
    endloop
  endfacet
  facet normal -1 0 0
    outer loop
      vertex 4.525 25.3882 -11.4489
      vertex 4.525 25.8282 -13.091
      vertex 4.525 25.4177 -13.1726
    endloop
  endfacet
  facet normal -1 0 0
    outer loop
      vertex 4.525 25.8282 -13.091
      vertex 4.525 25.3882 -11.4489
      vertex 4.525 25.574 -11.3858
    endloop
  endfacet
  facet normal -1 0 0
    outer loop
      vertex 4.525 25.4177 -13.1726
      vertex 4.525 25.1958 -11.4872
      vertex 4.525 25.3882 -11.4489
    endloop
  endfacet
  facet normal -1 0 0
    outer loop
      vertex 4.525 25 -13.2
      vertex 4.525 25.1958 -11.4872
      vertex 4.525 25.4177 -13.1726
    endloop
  endfacet
  facet normal -1 0 0
    outer loop
      vertex 4.525 25 -13.2
      vertex 4.525 25 -11.5
      vertex 4.525 25.1958 -11.4872
    endloop
  endfacet
  facet normal -1 0 0
    outer loop
      vertex 4.525 25 -13.2
      vertex 4.525 24.8042 -11.4872
      vertex 4.525 25 -11.5
    endloop
  endfacet
  facet normal -1 0 0
    outer loop
      vertex 4.525 24.5823 -13.1726
      vertex 4.525 24.8042 -11.4872
      vertex 4.525 25 -13.2
    endloop
  endfacet
  facet normal -1 -0 0
    outer loop
      vertex 4.525 24.8042 -11.4872
      vertex 4.525 24.5823 -13.1726
      vertex 4.525 24.6118 -11.4489
    endloop
  endfacet
  facet normal -1 0 0
    outer loop
      vertex 4.525 24.1718 -13.091
      vertex 4.525 24.6118 -11.4489
      vertex 4.525 24.5823 -13.1726
    endloop
  endfacet
  facet normal -1 -0 0
    outer loop
      vertex 4.525 24.6118 -11.4489
      vertex 4.525 24.1718 -13.091
      vertex 4.525 24.426 -11.3858
    endloop
  endfacet
  facet normal -1 0 0
    outer loop
      vertex 4.525 23.7754 -12.9564
      vertex 4.525 24.426 -11.3858
      vertex 4.525 24.1718 -13.091
    endloop
  endfacet
  facet normal -1 -0 0
    outer loop
      vertex 4.525 24.426 -11.3858
      vertex 4.525 23.7754 -12.9564
      vertex 4.525 24.25 -11.299
    endloop
  endfacet
  facet normal -1 0 0
    outer loop
      vertex 4.525 23.4 -12.7713
      vertex 4.525 24.25 -11.299
      vertex 4.525 23.7754 -12.9564
    endloop
  endfacet
  facet normal -1 -0 0
    outer loop
      vertex 4.525 24.25 -11.299
      vertex 4.525 23.4 -12.7713
      vertex 4.525 24.0869 -11.19
    endloop
  endfacet
  facet normal -1 0 0
    outer loop
      vertex 4.525 23.052 -12.5387
      vertex 4.525 24.0869 -11.19
      vertex 4.525 23.4 -12.7713
    endloop
  endfacet
  facet normal -1 -0 0
    outer loop
      vertex 4.525 24.0869 -11.19
      vertex 4.525 23.052 -12.5387
      vertex 4.525 23.9393 -11.0607
    endloop
  endfacet
  facet normal -1 0 0
    outer loop
      vertex 4.525 22.7373 -12.2627
      vertex 4.525 23.9393 -11.0607
      vertex 4.525 23.052 -12.5387
    endloop
  endfacet
  facet normal -1 -0 0
    outer loop
      vertex 4.525 23.9393 -11.0607
      vertex 4.525 22.7373 -12.2627
      vertex 4.525 23.81 -10.9131
    endloop
  endfacet
  facet normal -1 0 0
    outer loop
      vertex 4.525 22.4613 -11.948
      vertex 4.525 23.81 -10.9131
      vertex 4.525 22.7373 -12.2627
    endloop
  endfacet
  facet normal -1 0 0
    outer loop
      vertex 4.525 22.2287 -11.6
      vertex 4.525 23.701 -10.75
      vertex 4.525 22.4613 -11.948
    endloop
  endfacet
  facet normal -1 -0 0
    outer loop
      vertex 4.525 23.81 -10.9131
      vertex 4.525 22.4613 -11.948
      vertex 4.525 23.701 -10.75
    endloop
  endfacet
  facet normal -1 -0 0
    outer loop
      vertex 4.525 27.7713 -8.4
      vertex 4.525 26.299 -9.25
      vertex 4.525 27.5387 -8.05196
    endloop
  endfacet
  facet normal -1 0 0
    outer loop
      vertex 4.525 26.19 -9.08686
      vertex 4.525 27.5387 -8.05196
      vertex 4.525 26.299 -9.25
    endloop
  endfacet
  facet normal -1 -0 0
    outer loop
      vertex 4.525 27.5387 -8.05196
      vertex 4.525 26.19 -9.08686
      vertex 4.525 27.2627 -7.73726
    endloop
  endfacet
  facet normal -1 0 0
    outer loop
      vertex 4.525 26.0607 -8.93934
      vertex 4.525 27.2627 -7.73726
      vertex 4.525 26.19 -9.08686
    endloop
  endfacet
  facet normal -1 -0 0
    outer loop
      vertex 4.525 27.2627 -7.73726
      vertex 4.525 26.0607 -8.93934
      vertex 4.525 26.948 -7.46127
    endloop
  endfacet
  facet normal -1 0 0
    outer loop
      vertex 4.525 25.9131 -8.80997
      vertex 4.525 26.948 -7.46127
      vertex 4.525 26.0607 -8.93934
    endloop
  endfacet
  facet normal -1 -0 0
    outer loop
      vertex 4.525 26.948 -7.46127
      vertex 4.525 25.9131 -8.80997
      vertex 4.525 26.6 -7.22872
    endloop
  endfacet
  facet normal -1 0 0
    outer loop
      vertex 4.525 25.75 -8.70096
      vertex 4.525 26.6 -7.22872
      vertex 4.525 25.9131 -8.80997
    endloop
  endfacet
  facet normal -1 -0 0
    outer loop
      vertex 4.525 26.6 -7.22872
      vertex 4.525 25.75 -8.70096
      vertex 4.525 26.2246 -7.04358
    endloop
  endfacet
  facet normal -1 0 0
    outer loop
      vertex 4.525 25.574 -8.61418
      vertex 4.525 26.2246 -7.04358
      vertex 4.525 25.75 -8.70096
    endloop
  endfacet
  facet normal -1 -0 0
    outer loop
      vertex 4.525 26.2246 -7.04358
      vertex 4.525 25.574 -8.61418
      vertex 4.525 25.8282 -6.90904
    endloop
  endfacet
  facet normal -1 0 0
    outer loop
      vertex 4.525 25.3882 -8.55111
      vertex 4.525 25.8282 -6.90904
      vertex 4.525 25.574 -8.61418
    endloop
  endfacet
  facet normal -1 -0 0
    outer loop
      vertex 4.525 25.8282 -6.90904
      vertex 4.525 25.3882 -8.55111
      vertex 4.525 25.4177 -6.82738
    endloop
  endfacet
  facet normal -1 0 0
    outer loop
      vertex 4.525 25.1958 -8.51283
      vertex 4.525 25.4177 -6.82738
      vertex 4.525 25.3882 -8.55111
    endloop
  endfacet
  facet normal -1 0 0
    outer loop
      vertex 4.525 25 -8.5
      vertex 4.525 25.4177 -6.82738
      vertex 4.525 25.1958 -8.51283
    endloop
  endfacet
  facet normal -1 0 0
    outer loop
      vertex 4.525 25 -8.5
      vertex 4.525 25 -6.8
      vertex 4.525 25.4177 -6.82738
    endloop
  endfacet
  facet normal -1 0 0
    outer loop
      vertex 4.525 24.8042 -8.51283
      vertex 4.525 25 -6.8
      vertex 4.525 25 -8.5
    endloop
  endfacet
  facet normal -1 0 0
    outer loop
      vertex 4.525 24.5823 -6.82738
      vertex 4.525 24.8042 -8.51283
      vertex 4.525 24.6118 -8.55111
    endloop
  endfacet
  facet normal -1 0 0
    outer loop
      vertex 4.525 24.8042 -8.51283
      vertex 4.525 24.5823 -6.82738
      vertex 4.525 25 -6.8
    endloop
  endfacet
  facet normal -1 0 0
    outer loop
      vertex 4.525 24.1718 -6.90904
      vertex 4.525 24.6118 -8.55111
      vertex 4.525 24.426 -8.61418
    endloop
  endfacet
  facet normal -1 0 0
    outer loop
      vertex 4.525 23.7754 -7.04358
      vertex 4.525 24.426 -8.61418
      vertex 4.525 24.25 -8.70096
    endloop
  endfacet
  facet normal -1 0 0
    outer loop
      vertex 4.525 24.6118 -8.55111
      vertex 4.525 24.1718 -6.90904
      vertex 4.525 24.5823 -6.82738
    endloop
  endfacet
  facet normal -1 0 0
    outer loop
      vertex 4.525 23.4 -7.22872
      vertex 4.525 24.25 -8.70096
      vertex 4.525 24.0869 -8.80997
    endloop
  endfacet
  facet normal -1 0 0
    outer loop
      vertex 4.525 23.052 -7.46127
      vertex 4.525 24.0869 -8.80997
      vertex 4.525 23.9393 -8.93934
    endloop
  endfacet
  facet normal -1 0 0
    outer loop
      vertex 4.525 22.7373 -7.73726
      vertex 4.525 23.9393 -8.93934
      vertex 4.525 23.81 -9.08686
    endloop
  endfacet
  facet normal -1 0 0
    outer loop
      vertex 4.525 24.426 -8.61418
      vertex 4.525 23.7754 -7.04358
      vertex 4.525 24.1718 -6.90904
    endloop
  endfacet
  facet normal -1 0 0
    outer loop
      vertex 4.525 22.4613 -8.05196
      vertex 4.525 23.81 -9.08686
      vertex 4.525 23.701 -9.25
    endloop
  endfacet
  facet normal -1 0 0
    outer loop
      vertex 4.525 22.2287 -8.4
      vertex 4.525 23.701 -9.25
      vertex 4.525 23.6142 -9.42597
    endloop
  endfacet
  facet normal -1 0 0
    outer loop
      vertex 4.525 22.0436 -8.77541
      vertex 4.525 23.6142 -9.42597
      vertex 4.525 23.5511 -9.61177
    endloop
  endfacet
  facet normal -1 0 0
    outer loop
      vertex 4.525 21.909 -9.17178
      vertex 4.525 23.5511 -9.61177
      vertex 4.525 23.5128 -9.80421
    endloop
  endfacet
  facet normal -1 0 0
    outer loop
      vertex 4.525 24.25 -8.70096
      vertex 4.525 23.4 -7.22872
      vertex 4.525 23.7754 -7.04358
    endloop
  endfacet
  facet normal -1 0 0
    outer loop
      vertex 4.525 21.8274 -9.58232
      vertex 4.525 23.5128 -9.80421
      vertex 4.525 23.5 -10
    endloop
  endfacet
  facet normal -1 -0 0
    outer loop
      vertex 4.525 23.701 -10.75
      vertex 4.525 22.2287 -11.6
      vertex 4.525 23.6142 -10.574
    endloop
  endfacet
  facet normal -1 0 0
    outer loop
      vertex 4.525 22.0436 -11.2246
      vertex 4.525 23.6142 -10.574
      vertex 4.525 22.2287 -11.6
    endloop
  endfacet
  facet normal -1 0 0
    outer loop
      vertex 4.525 24.0869 -8.80997
      vertex 4.525 23.052 -7.46127
      vertex 4.525 23.4 -7.22872
    endloop
  endfacet
  facet normal -1 -0 0
    outer loop
      vertex 4.525 23.6142 -10.574
      vertex 4.525 22.0436 -11.2246
      vertex 4.525 23.5511 -10.3882
    endloop
  endfacet
  facet normal -1 0 0
    outer loop
      vertex 4.525 23.9393 -8.93934
      vertex 4.525 22.7373 -7.73726
      vertex 4.525 23.052 -7.46127
    endloop
  endfacet
  facet normal -1 0 0
    outer loop
      vertex 4.525 21.909 -10.8282
      vertex 4.525 23.5511 -10.3882
      vertex 4.525 22.0436 -11.2246
    endloop
  endfacet
  facet normal -1 0 0
    outer loop
      vertex 4.525 23.81 -9.08686
      vertex 4.525 22.4613 -8.05196
      vertex 4.525 22.7373 -7.73726
    endloop
  endfacet
  facet normal -1 -0 0
    outer loop
      vertex 4.525 23.5511 -10.3882
      vertex 4.525 21.909 -10.8282
      vertex 4.525 23.5128 -10.1958
    endloop
  endfacet
  facet normal -1 0 0
    outer loop
      vertex 4.525 23.701 -9.25
      vertex 4.525 22.2287 -8.4
      vertex 4.525 22.4613 -8.05196
    endloop
  endfacet
  facet normal -1 0 0
    outer loop
      vertex 4.525 21.8274 -10.4177
      vertex 4.525 23.5128 -10.1958
      vertex 4.525 21.909 -10.8282
    endloop
  endfacet
  facet normal -1 0 0
    outer loop
      vertex 4.525 23.6142 -9.42597
      vertex 4.525 22.0436 -8.77541
      vertex 4.525 22.2287 -8.4
    endloop
  endfacet
  facet normal -1 -0 0
    outer loop
      vertex 4.525 23.5128 -10.1958
      vertex 4.525 21.8274 -10.4177
      vertex 4.525 23.5 -10
    endloop
  endfacet
  facet normal -1 0 0
    outer loop
      vertex 4.525 23.5511 -9.61177
      vertex 4.525 21.909 -9.17178
      vertex 4.525 22.0436 -8.77541
    endloop
  endfacet
  facet normal -1 0 0
    outer loop
      vertex 4.525 21.8 -10
      vertex 4.525 23.5 -10
      vertex 4.525 21.8274 -10.4177
    endloop
  endfacet
  facet normal -1 0 0
    outer loop
      vertex 4.525 23.5128 -9.80421
      vertex 4.525 21.8274 -9.58232
      vertex 4.525 21.909 -9.17178
    endloop
  endfacet
  facet normal -1 0 0
    outer loop
      vertex 4.525 23.5 -10
      vertex 4.525 21.8 -10
      vertex 4.525 21.8274 -9.58232
    endloop
  endfacet
  facet normal 0 -0.946893 0.321548
    outer loop
      vertex 4.525 21.909 -9.17178
      vertex 10.25 22.0436 -8.77541
      vertex 4.525 22.0436 -8.77541
    endloop
  endfacet
  facet normal 0 -0.946893 0.321548
    outer loop
      vertex 10.25 22.0436 -8.77541
      vertex 4.525 21.909 -9.17178
      vertex 10.25 21.909 -9.17178
    endloop
  endfacet
  facet normal 0 -0.751821 0.659367
    outer loop
      vertex 4.525 22.4613 -8.05196
      vertex 10.25 22.7373 -7.73726
      vertex 4.525 22.7373 -7.73726
    endloop
  endfacet
  facet normal 0 -0.751821 0.659367
    outer loop
      vertex 10.25 22.7373 -7.73726
      vertex 4.525 22.4613 -8.05196
      vertex 10.25 22.4613 -8.05196
    endloop
  endfacet
  facet normal 0 -0.831418 0.555648
    outer loop
      vertex 4.525 22.2287 -8.4
      vertex 10.25 22.4613 -8.05196
      vertex 4.525 22.4613 -8.05196
    endloop
  endfacet
  facet normal 0 -0.831418 0.555648
    outer loop
      vertex 10.25 22.4613 -8.05196
      vertex 4.525 22.2287 -8.4
      vertex 10.25 22.2287 -8.4
    endloop
  endfacet
  facet normal 0 -0.997855 0.0654598
    outer loop
      vertex 4.525 21.8 -10
      vertex 10.25 21.8274 -9.58232
      vertex 4.525 21.8274 -9.58232
    endloop
  endfacet
  facet normal 0 -0.997855 0.0654598
    outer loop
      vertex 10.25 21.8274 -9.58232
      vertex 4.525 21.8 -10
      vertex 10.25 21.8 -10
    endloop
  endfacet
  facet normal 0 -0.442314 0.89686
    outer loop
      vertex 4.525 23.7754 -7.04358
      vertex 10.25 23.4 -7.22872
      vertex 10.25 23.7754 -7.04358
    endloop
  endfacet
  facet normal 0 -0.442314 0.89686
    outer loop
      vertex 10.25 23.4 -7.22872
      vertex 4.525 23.7754 -7.04358
      vertex 4.525 23.4 -7.22872
    endloop
  endfacet
  facet normal 0 0.98081 -0.194967
    outer loop
      vertex 10.25 28.091 -10.8282
      vertex 4.525 28.1726 -10.4177
      vertex 10.25 28.1726 -10.4177
    endloop
  endfacet
  facet normal 0 0.98081 -0.194967
    outer loop
      vertex 4.525 28.1726 -10.4177
      vertex 10.25 28.091 -10.8282
      vertex 4.525 28.091 -10.8282
    endloop
  endfacet
  facet normal 1 -0 0
    outer loop
      vertex 25 -40 24.25
      vertex 25 32 20.25
      vertex 25 32 24.25
    endloop
  endfacet
  facet normal 1 0 0
    outer loop
      vertex 25 32 20.25
      vertex 25 -40 24.25
      vertex 25 -40 20.25
    endloop
  endfacet
  facet normal -1 0 0
    outer loop
      vertex -26 -40 20.25
      vertex -26 32 24.25
      vertex -26 32 20.25
    endloop
  endfacet
  facet normal -1 -0 0
    outer loop
      vertex -26 32 24.25
      vertex -26 -40 20.25
      vertex -26 -40 24.25
    endloop
  endfacet
  facet normal -0.32145 0.946927 0
    outer loop
      vertex 19.8228 -31.9863 20.25
      vertex 19.5565 -32.0767 24.25
      vertex 19.8228 -31.9863 24.25
    endloop
  endfacet
  facet normal -0.32145 0.946927 0
    outer loop
      vertex 19.5565 -32.0767 24.25
      vertex 19.8228 -31.9863 20.25
      vertex 19.5565 -32.0767 20.25
    endloop
  endfacet
  facet normal -0.980772 -0.195159 0
    outer loop
      vertex 21.1316 -29.7194 20.25
      vertex 21.0767 -29.4435 24.25
      vertex 21.0767 -29.4435 20.25
    endloop
  endfacet
  facet normal -0.980772 -0.195159 0
    outer loop
      vertex 21.0767 -29.4435 24.25
      vertex 21.1316 -29.7194 20.25
      vertex 21.1316 -29.7194 24.25
    endloop
  endfacet
  facet normal -0.997857 -0.0654332 0
    outer loop
      vertex 21.15 -30 20.25
      vertex 21.1316 -29.7194 24.25
      vertex 21.1316 -29.7194 20.25
    endloop
  endfacet
  facet normal -0.997857 -0.0654332 0
    outer loop
      vertex 21.1316 -29.7194 24.25
      vertex 21.15 -30 20.25
      vertex 21.15 -30 24.25
    endloop
  endfacet
  facet normal -0.946927 -0.32145 0
    outer loop
      vertex 21.0767 -29.4435 20.25
      vertex 20.9863 -29.1772 24.25
      vertex 20.9863 -29.1772 20.25
    endloop
  endfacet
  facet normal -0.946927 -0.32145 0
    outer loop
      vertex 20.9863 -29.1772 24.25
      vertex 21.0767 -29.4435 20.25
      vertex 21.0767 -29.4435 24.25
    endloop
  endfacet
  facet normal -0.195159 -0.980772 0
    outer loop
      vertex 19.2806 -27.8684 20.25
      vertex 19.5565 -27.9233 24.25
      vertex 19.2806 -27.8684 24.25
    endloop
  endfacet
  facet normal -0.195159 -0.980772 -0
    outer loop
      vertex 19.5565 -27.9233 24.25
      vertex 19.2806 -27.8684 20.25
      vertex 19.5565 -27.9233 20.25
    endloop
  endfacet
  facet normal -0.831338 -0.555766 0
    outer loop
      vertex 20.862 -28.925 20.25
      vertex 20.7057 -28.6912 24.25
      vertex 20.7057 -28.6912 20.25
    endloop
  endfacet
  facet normal -0.831338 -0.555766 0
    outer loop
      vertex 20.7057 -28.6912 24.25
      vertex 20.862 -28.925 20.25
      vertex 20.862 -28.925 24.25
    endloop
  endfacet
  facet normal -0.32145 -0.946927 0
    outer loop
      vertex 19.5565 -27.9233 20.25
      vertex 19.8228 -28.0137 24.25
      vertex 19.5565 -27.9233 24.25
    endloop
  endfacet
  facet normal -0.32145 -0.946927 -0
    outer loop
      vertex 19.8228 -28.0137 24.25
      vertex 19.5565 -27.9233 20.25
      vertex 19.8228 -28.0137 20.25
    endloop
  endfacet
  facet normal -0.831338 0.555766 0
    outer loop
      vertex 20.7057 -31.3088 20.25
      vertex 20.862 -31.075 24.25
      vertex 20.862 -31.075 20.25
    endloop
  endfacet
  facet normal -0.831338 0.555766 0
    outer loop
      vertex 20.862 -31.075 24.25
      vertex 20.7057 -31.3088 20.25
      vertex 20.7057 -31.3088 24.25
    endloop
  endfacet
  facet normal 0.980772 0.195159 0
    outer loop
      vertex 16.9233 -30.5565 24.25
      vertex 16.8684 -30.2806 20.25
      vertex 16.8684 -30.2806 24.25
    endloop
  endfacet
  facet normal 0.980772 0.195159 0
    outer loop
      vertex 16.8684 -30.2806 20.25
      vertex 16.9233 -30.5565 24.25
      vertex 16.9233 -30.5565 20.25
    endloop
  endfacet
  facet normal 0.32145 -0.946927 0
    outer loop
      vertex 18.1772 -28.0137 20.25
      vertex 18.4435 -27.9233 24.25
      vertex 18.1772 -28.0137 24.25
    endloop
  endfacet
  facet normal 0.32145 -0.946927 0
    outer loop
      vertex 18.4435 -27.9233 24.25
      vertex 18.1772 -28.0137 20.25
      vertex 18.4435 -27.9233 20.25
    endloop
  endfacet
  facet normal -0.997857 0.0654332 0
    outer loop
      vertex 21.1316 -30.2806 20.25
      vertex 21.15 -30 24.25
      vertex 21.15 -30 20.25
    endloop
  endfacet
  facet normal -0.997857 0.0654332 0
    outer loop
      vertex 21.15 -30 24.25
      vertex 21.1316 -30.2806 20.25
      vertex 21.1316 -30.2806 24.25
    endloop
  endfacet
  facet normal -0.442085 0.896973 0
    outer loop
      vertex 20.075 -31.862 20.25
      vertex 19.8228 -31.9863 24.25
      vertex 20.075 -31.862 24.25
    endloop
  endfacet
  facet normal -0.442085 0.896973 0
    outer loop
      vertex 19.8228 -31.9863 24.25
      vertex 20.075 -31.862 20.25
      vertex 19.8228 -31.9863 20.25
    endloop
  endfacet
  facet normal 0.32145 0.946927 -0
    outer loop
      vertex 18.4435 -32.0767 20.25
      vertex 18.1772 -31.9863 24.25
      vertex 18.4435 -32.0767 24.25
    endloop
  endfacet
  facet normal 0.32145 0.946927 0
    outer loop
      vertex 18.1772 -31.9863 24.25
      vertex 18.4435 -32.0767 20.25
      vertex 18.1772 -31.9863 20.25
    endloop
  endfacet
  facet normal -0.896973 -0.442085 0
    outer loop
      vertex 20.9863 -29.1772 20.25
      vertex 20.862 -28.925 24.25
      vertex 20.862 -28.925 20.25
    endloop
  endfacet
  facet normal -0.896973 -0.442085 0
    outer loop
      vertex 20.862 -28.925 24.25
      vertex 20.9863 -29.1772 20.25
      vertex 20.9863 -29.1772 24.25
    endloop
  endfacet
  facet normal 0.659184 -0.751982 0
    outer loop
      vertex 17.4797 -28.4797 20.25
      vertex 17.6912 -28.2943 24.25
      vertex 17.4797 -28.4797 24.25
    endloop
  endfacet
  facet normal 0.659184 -0.751982 0
    outer loop
      vertex 17.6912 -28.2943 24.25
      vertex 17.4797 -28.4797 20.25
      vertex 17.6912 -28.2943 20.25
    endloop
  endfacet
  facet normal -0.0654332 0.997857 0
    outer loop
      vertex 19.2806 -32.1316 20.25
      vertex 19 -32.15 24.25
      vertex 19.2806 -32.1316 24.25
    endloop
  endfacet
  facet normal -0.0654332 0.997857 0
    outer loop
      vertex 19 -32.15 24.25
      vertex 19.2806 -32.1316 20.25
      vertex 19 -32.15 20.25
    endloop
  endfacet
  facet normal 0.659184 0.751982 -0
    outer loop
      vertex 17.6912 -31.7057 20.25
      vertex 17.4797 -31.5203 24.25
      vertex 17.6912 -31.7057 24.25
    endloop
  endfacet
  facet normal 0.659184 0.751982 0
    outer loop
      vertex 17.4797 -31.5203 24.25
      vertex 17.6912 -31.7057 20.25
      vertex 17.4797 -31.5203 20.25
    endloop
  endfacet
  facet normal -0.946927 0.32145 0
    outer loop
      vertex 20.9863 -30.8228 20.25
      vertex 21.0767 -30.5565 24.25
      vertex 21.0767 -30.5565 20.25
    endloop
  endfacet
  facet normal -0.946927 0.32145 0
    outer loop
      vertex 21.0767 -30.5565 24.25
      vertex 20.9863 -30.8228 20.25
      vertex 20.9863 -30.8228 24.25
    endloop
  endfacet
  facet normal -0.980772 0.195159 0
    outer loop
      vertex 21.0767 -30.5565 20.25
      vertex 21.1316 -30.2806 24.25
      vertex 21.1316 -30.2806 20.25
    endloop
  endfacet
  facet normal -0.980772 0.195159 0
    outer loop
      vertex 21.1316 -30.2806 24.25
      vertex 21.0767 -30.5565 20.25
      vertex 21.0767 -30.5565 24.25
    endloop
  endfacet
  facet normal -0.896973 0.442085 0
    outer loop
      vertex 20.862 -31.075 20.25
      vertex 20.9863 -30.8228 24.25
      vertex 20.9863 -30.8228 20.25
    endloop
  endfacet
  facet normal -0.896973 0.442085 0
    outer loop
      vertex 20.9863 -30.8228 24.25
      vertex 20.862 -31.075 20.25
      vertex 20.862 -31.075 24.25
    endloop
  endfacet
  facet normal 0.442085 -0.896973 0
    outer loop
      vertex 17.925 -28.138 20.25
      vertex 18.1772 -28.0137 24.25
      vertex 17.925 -28.138 24.25
    endloop
  endfacet
  facet normal 0.442085 -0.896973 0
    outer loop
      vertex 18.1772 -28.0137 24.25
      vertex 17.925 -28.138 20.25
      vertex 18.1772 -28.0137 20.25
    endloop
  endfacet
  facet normal -0.751982 0.659184 0
    outer loop
      vertex 20.5203 -31.5203 20.25
      vertex 20.7057 -31.3088 24.25
      vertex 20.7057 -31.3088 20.25
    endloop
  endfacet
  facet normal -0.751982 0.659184 0
    outer loop
      vertex 20.7057 -31.3088 24.25
      vertex 20.5203 -31.5203 20.25
      vertex 20.5203 -31.5203 24.25
    endloop
  endfacet
  facet normal -0.195159 0.980772 0
    outer loop
      vertex 19.5565 -32.0767 20.25
      vertex 19.2806 -32.1316 24.25
      vertex 19.5565 -32.0767 24.25
    endloop
  endfacet
  facet normal -0.195159 0.980772 0
    outer loop
      vertex 19.2806 -32.1316 24.25
      vertex 19.5565 -32.0767 20.25
      vertex 19.2806 -32.1316 20.25
    endloop
  endfacet
  facet normal 0.751982 0.659184 0
    outer loop
      vertex 17.4797 -31.5203 24.25
      vertex 17.2943 -31.3088 20.25
      vertex 17.2943 -31.3088 24.25
    endloop
  endfacet
  facet normal 0.751982 0.659184 0
    outer loop
      vertex 17.2943 -31.3088 20.25
      vertex 17.4797 -31.5203 24.25
      vertex 17.4797 -31.5203 20.25
    endloop
  endfacet
  facet normal 0.195159 -0.980772 0
    outer loop
      vertex 18.4435 -27.9233 20.25
      vertex 18.7194 -27.8684 24.25
      vertex 18.4435 -27.9233 24.25
    endloop
  endfacet
  facet normal 0.195159 -0.980772 0
    outer loop
      vertex 18.7194 -27.8684 24.25
      vertex 18.4435 -27.9233 20.25
      vertex 18.7194 -27.8684 20.25
    endloop
  endfacet
  facet normal -0.555766 -0.831338 0
    outer loop
      vertex 20.075 -28.138 20.25
      vertex 20.3088 -28.2943 24.25
      vertex 20.075 -28.138 24.25
    endloop
  endfacet
  facet normal -0.555766 -0.831338 -0
    outer loop
      vertex 20.3088 -28.2943 24.25
      vertex 20.075 -28.138 20.25
      vertex 20.3088 -28.2943 20.25
    endloop
  endfacet
  facet normal 0.555766 -0.831338 0
    outer loop
      vertex 17.6912 -28.2943 20.25
      vertex 17.925 -28.138 24.25
      vertex 17.6912 -28.2943 24.25
    endloop
  endfacet
  facet normal 0.555766 -0.831338 0
    outer loop
      vertex 17.925 -28.138 24.25
      vertex 17.6912 -28.2943 20.25
      vertex 17.925 -28.138 20.25
    endloop
  endfacet
  facet normal -0.555766 0.831338 0
    outer loop
      vertex 20.3088 -31.7057 20.25
      vertex 20.075 -31.862 24.25
      vertex 20.3088 -31.7057 24.25
    endloop
  endfacet
  facet normal -0.555766 0.831338 0
    outer loop
      vertex 20.075 -31.862 24.25
      vertex 20.3088 -31.7057 20.25
      vertex 20.075 -31.862 20.25
    endloop
  endfacet
  facet normal 0.195159 0.980772 -0
    outer loop
      vertex 18.7194 -32.1316 20.25
      vertex 18.4435 -32.0767 24.25
      vertex 18.7194 -32.1316 24.25
    endloop
  endfacet
  facet normal 0.195159 0.980772 0
    outer loop
      vertex 18.4435 -32.0767 24.25
      vertex 18.7194 -32.1316 20.25
      vertex 18.4435 -32.0767 20.25
    endloop
  endfacet
  facet normal 0.442085 0.896973 -0
    outer loop
      vertex 18.1772 -31.9863 20.25
      vertex 17.925 -31.862 24.25
      vertex 18.1772 -31.9863 24.25
    endloop
  endfacet
  facet normal 0.442085 0.896973 0
    outer loop
      vertex 17.925 -31.862 24.25
      vertex 18.1772 -31.9863 20.25
      vertex 17.925 -31.862 20.25
    endloop
  endfacet
  facet normal 0.997857 0.0654332 0
    outer loop
      vertex 16.8684 -30.2806 24.25
      vertex 16.85 -30 20.25
      vertex 16.85 -30 24.25
    endloop
  endfacet
  facet normal 0.997857 0.0654332 0
    outer loop
      vertex 16.85 -30 20.25
      vertex 16.8684 -30.2806 24.25
      vertex 16.8684 -30.2806 20.25
    endloop
  endfacet
  facet normal -0.659184 -0.751982 0
    outer loop
      vertex 20.3088 -28.2943 20.25
      vertex 20.5203 -28.4797 24.25
      vertex 20.3088 -28.2943 24.25
    endloop
  endfacet
  facet normal -0.659184 -0.751982 -0
    outer loop
      vertex 20.5203 -28.4797 24.25
      vertex 20.3088 -28.2943 20.25
      vertex 20.5203 -28.4797 20.25
    endloop
  endfacet
  facet normal 0.980772 -0.195159 0
    outer loop
      vertex 16.8684 -29.7194 24.25
      vertex 16.9233 -29.4435 20.25
      vertex 16.9233 -29.4435 24.25
    endloop
  endfacet
  facet normal 0.980772 -0.195159 0
    outer loop
      vertex 16.9233 -29.4435 20.25
      vertex 16.8684 -29.7194 24.25
      vertex 16.8684 -29.7194 20.25
    endloop
  endfacet
  facet normal -0.0654332 -0.997857 0
    outer loop
      vertex 19 -27.85 20.25
      vertex 19.2806 -27.8684 24.25
      vertex 19 -27.85 24.25
    endloop
  endfacet
  facet normal -0.0654332 -0.997857 -0
    outer loop
      vertex 19.2806 -27.8684 24.25
      vertex 19 -27.85 20.25
      vertex 19.2806 -27.8684 20.25
    endloop
  endfacet
  facet normal -0.751982 -0.659184 0
    outer loop
      vertex 20.7057 -28.6912 20.25
      vertex 20.5203 -28.4797 24.25
      vertex 20.5203 -28.4797 20.25
    endloop
  endfacet
  facet normal -0.751982 -0.659184 0
    outer loop
      vertex 20.5203 -28.4797 24.25
      vertex 20.7057 -28.6912 20.25
      vertex 20.7057 -28.6912 24.25
    endloop
  endfacet
  facet normal 0.831338 -0.555766 0
    outer loop
      vertex 17.138 -28.925 24.25
      vertex 17.2943 -28.6912 20.25
      vertex 17.2943 -28.6912 24.25
    endloop
  endfacet
  facet normal 0.831338 -0.555766 0
    outer loop
      vertex 17.2943 -28.6912 20.25
      vertex 17.138 -28.925 24.25
      vertex 17.138 -28.925 20.25
    endloop
  endfacet
  facet normal -0.659184 0.751982 0
    outer loop
      vertex 20.5203 -31.5203 20.25
      vertex 20.3088 -31.7057 24.25
      vertex 20.5203 -31.5203 24.25
    endloop
  endfacet
  facet normal -0.659184 0.751982 0
    outer loop
      vertex 20.3088 -31.7057 24.25
      vertex 20.5203 -31.5203 20.25
      vertex 20.3088 -31.7057 20.25
    endloop
  endfacet
  facet normal 0.555766 0.831338 -0
    outer loop
      vertex 17.925 -31.862 20.25
      vertex 17.6912 -31.7057 24.25
      vertex 17.925 -31.862 24.25
    endloop
  endfacet
  facet normal 0.555766 0.831338 0
    outer loop
      vertex 17.6912 -31.7057 24.25
      vertex 17.925 -31.862 20.25
      vertex 17.6912 -31.7057 20.25
    endloop
  endfacet
  facet normal 0.751982 -0.659184 0
    outer loop
      vertex 17.2943 -28.6912 24.25
      vertex 17.4797 -28.4797 20.25
      vertex 17.4797 -28.4797 24.25
    endloop
  endfacet
  facet normal 0.751982 -0.659184 0
    outer loop
      vertex 17.4797 -28.4797 20.25
      vertex 17.2943 -28.6912 24.25
      vertex 17.2943 -28.6912 20.25
    endloop
  endfacet
  facet normal -0.442085 -0.896973 0
    outer loop
      vertex 19.8228 -28.0137 20.25
      vertex 20.075 -28.138 24.25
      vertex 19.8228 -28.0137 24.25
    endloop
  endfacet
  facet normal -0.442085 -0.896973 -0
    outer loop
      vertex 20.075 -28.138 24.25
      vertex 19.8228 -28.0137 20.25
      vertex 20.075 -28.138 20.25
    endloop
  endfacet
  facet normal 0.0654332 -0.997857 0
    outer loop
      vertex 18.7194 -27.8684 20.25
      vertex 19 -27.85 24.25
      vertex 18.7194 -27.8684 24.25
    endloop
  endfacet
  facet normal 0.0654332 -0.997857 0
    outer loop
      vertex 19 -27.85 24.25
      vertex 18.7194 -27.8684 20.25
      vertex 19 -27.85 20.25
    endloop
  endfacet
  facet normal 0.0654332 0.997857 -0
    outer loop
      vertex 19 -32.15 20.25
      vertex 18.7194 -32.1316 24.25
      vertex 19 -32.15 24.25
    endloop
  endfacet
  facet normal 0.0654332 0.997857 0
    outer loop
      vertex 18.7194 -32.1316 24.25
      vertex 19 -32.15 20.25
      vertex 18.7194 -32.1316 20.25
    endloop
  endfacet
  facet normal 0.946927 0.32145 0
    outer loop
      vertex 17.0137 -30.8228 24.25
      vertex 16.9233 -30.5565 20.25
      vertex 16.9233 -30.5565 24.25
    endloop
  endfacet
  facet normal 0.946927 0.32145 0
    outer loop
      vertex 16.9233 -30.5565 20.25
      vertex 17.0137 -30.8228 24.25
      vertex 17.0137 -30.8228 20.25
    endloop
  endfacet
  facet normal 0.997857 -0.0654332 0
    outer loop
      vertex 16.85 -30 24.25
      vertex 16.8684 -29.7194 20.25
      vertex 16.8684 -29.7194 24.25
    endloop
  endfacet
  facet normal 0.997857 -0.0654332 0
    outer loop
      vertex 16.8684 -29.7194 20.25
      vertex 16.85 -30 24.25
      vertex 16.85 -30 20.25
    endloop
  endfacet
  facet normal 0.896973 -0.442085 0
    outer loop
      vertex 17.0137 -29.1772 24.25
      vertex 17.138 -28.925 20.25
      vertex 17.138 -28.925 24.25
    endloop
  endfacet
  facet normal 0.896973 -0.442085 0
    outer loop
      vertex 17.138 -28.925 20.25
      vertex 17.0137 -29.1772 24.25
      vertex 17.0137 -29.1772 20.25
    endloop
  endfacet
  facet normal 0.946927 -0.32145 0
    outer loop
      vertex 16.9233 -29.4435 24.25
      vertex 17.0137 -29.1772 20.25
      vertex 17.0137 -29.1772 24.25
    endloop
  endfacet
  facet normal 0.946927 -0.32145 0
    outer loop
      vertex 17.0137 -29.1772 20.25
      vertex 16.9233 -29.4435 24.25
      vertex 16.9233 -29.4435 20.25
    endloop
  endfacet
  facet normal 0.831338 0.555766 0
    outer loop
      vertex 17.2943 -31.3088 24.25
      vertex 17.138 -31.075 20.25
      vertex 17.138 -31.075 24.25
    endloop
  endfacet
  facet normal 0.831338 0.555766 0
    outer loop
      vertex 17.138 -31.075 20.25
      vertex 17.2943 -31.3088 24.25
      vertex 17.2943 -31.3088 20.25
    endloop
  endfacet
  facet normal 0.896973 0.442085 0
    outer loop
      vertex 17.138 -31.075 24.25
      vertex 17.0137 -30.8228 20.25
      vertex 17.0137 -30.8228 24.25
    endloop
  endfacet
  facet normal 0.896973 0.442085 0
    outer loop
      vertex 17.0137 -30.8228 20.25
      vertex 17.138 -31.075 24.25
      vertex 17.138 -31.075 20.25
    endloop
  endfacet
  facet normal -0.980772 -0.195159 0
    outer loop
      vertex 21.1316 20.2806 20.25
      vertex 21.0767 20.5565 24.25
      vertex 21.0767 20.5565 20.25
    endloop
  endfacet
  facet normal -0.980772 -0.195159 0
    outer loop
      vertex 21.0767 20.5565 24.25
      vertex 21.1316 20.2806 20.25
      vertex 21.1316 20.2806 24.25
    endloop
  endfacet
  facet normal -0.997857 -0.0654332 0
    outer loop
      vertex 21.15 20 20.25
      vertex 21.1316 20.2806 24.25
      vertex 21.1316 20.2806 20.25
    endloop
  endfacet
  facet normal -0.997857 -0.0654332 0
    outer loop
      vertex 21.1316 20.2806 24.25
      vertex 21.15 20 20.25
      vertex 21.15 20 24.25
    endloop
  endfacet
  facet normal -0.946927 -0.32145 0
    outer loop
      vertex 21.0767 20.5565 20.25
      vertex 20.9863 20.8228 24.25
      vertex 20.9863 20.8228 20.25
    endloop
  endfacet
  facet normal -0.946927 -0.32145 0
    outer loop
      vertex 20.9863 20.8228 24.25
      vertex 21.0767 20.5565 20.25
      vertex 21.0767 20.5565 24.25
    endloop
  endfacet
  facet normal -0.831338 -0.555766 0
    outer loop
      vertex 20.862 21.075 20.25
      vertex 20.7057 21.3088 24.25
      vertex 20.7057 21.3088 20.25
    endloop
  endfacet
  facet normal -0.831338 -0.555766 0
    outer loop
      vertex 20.7057 21.3088 24.25
      vertex 20.862 21.075 20.25
      vertex 20.862 21.075 24.25
    endloop
  endfacet
  facet normal 0.555766 0.831338 -0
    outer loop
      vertex 17.925 18.138 20.25
      vertex 17.6912 18.2943 24.25
      vertex 17.925 18.138 24.25
    endloop
  endfacet
  facet normal 0.555766 0.831338 0
    outer loop
      vertex 17.6912 18.2943 24.25
      vertex 17.925 18.138 20.25
      vertex 17.6912 18.2943 20.25
    endloop
  endfacet
  facet normal 0.997857 0.0654332 0
    outer loop
      vertex 16.8684 19.7194 24.25
      vertex 16.85 20 20.25
      vertex 16.85 20 24.25
    endloop
  endfacet
  facet normal 0.997857 0.0654332 0
    outer loop
      vertex 16.85 20 20.25
      vertex 16.8684 19.7194 24.25
      vertex 16.8684 19.7194 20.25
    endloop
  endfacet
  facet normal 0.555766 -0.831338 0
    outer loop
      vertex 17.6912 21.7057 20.25
      vertex 17.925 21.862 24.25
      vertex 17.6912 21.7057 24.25
    endloop
  endfacet
  facet normal 0.555766 -0.831338 0
    outer loop
      vertex 17.925 21.862 24.25
      vertex 17.6912 21.7057 20.25
      vertex 17.925 21.862 20.25
    endloop
  endfacet
  facet normal 0.997857 -0.0654332 0
    outer loop
      vertex 16.85 20 24.25
      vertex 16.8684 20.2806 20.25
      vertex 16.8684 20.2806 24.25
    endloop
  endfacet
  facet normal 0.997857 -0.0654332 0
    outer loop
      vertex 16.8684 20.2806 20.25
      vertex 16.85 20 24.25
      vertex 16.85 20 20.25
    endloop
  endfacet
  facet normal -0.32145 -0.946927 0
    outer loop
      vertex 19.5565 22.0767 20.25
      vertex 19.8228 21.9863 24.25
      vertex 19.5565 22.0767 24.25
    endloop
  endfacet
  facet normal -0.32145 -0.946927 -0
    outer loop
      vertex 19.8228 21.9863 24.25
      vertex 19.5565 22.0767 20.25
      vertex 19.8228 21.9863 20.25
    endloop
  endfacet
  facet normal -0.946927 0.32145 0
    outer loop
      vertex 20.9863 19.1772 20.25
      vertex 21.0767 19.4435 24.25
      vertex 21.0767 19.4435 20.25
    endloop
  endfacet
  facet normal -0.946927 0.32145 0
    outer loop
      vertex 21.0767 19.4435 24.25
      vertex 20.9863 19.1772 20.25
      vertex 20.9863 19.1772 24.25
    endloop
  endfacet
  facet normal -0.442085 0.896973 0
    outer loop
      vertex 20.075 18.138 20.25
      vertex 19.8228 18.0137 24.25
      vertex 20.075 18.138 24.25
    endloop
  endfacet
  facet normal -0.442085 0.896973 0
    outer loop
      vertex 19.8228 18.0137 24.25
      vertex 20.075 18.138 20.25
      vertex 19.8228 18.0137 20.25
    endloop
  endfacet
  facet normal 0.946927 0.32145 0
    outer loop
      vertex 17.0137 19.1772 24.25
      vertex 16.9233 19.4435 20.25
      vertex 16.9233 19.4435 24.25
    endloop
  endfacet
  facet normal 0.946927 0.32145 0
    outer loop
      vertex 16.9233 19.4435 20.25
      vertex 17.0137 19.1772 24.25
      vertex 17.0137 19.1772 20.25
    endloop
  endfacet
  facet normal -0.896973 -0.442085 0
    outer loop
      vertex 20.9863 20.8228 20.25
      vertex 20.862 21.075 24.25
      vertex 20.862 21.075 20.25
    endloop
  endfacet
  facet normal -0.896973 -0.442085 0
    outer loop
      vertex 20.862 21.075 24.25
      vertex 20.9863 20.8228 20.25
      vertex 20.9863 20.8228 24.25
    endloop
  endfacet
  facet normal -0.195159 -0.980772 0
    outer loop
      vertex 19.2806 22.1316 20.25
      vertex 19.5565 22.0767 24.25
      vertex 19.2806 22.1316 24.25
    endloop
  endfacet
  facet normal -0.195159 -0.980772 -0
    outer loop
      vertex 19.5565 22.0767 24.25
      vertex 19.2806 22.1316 20.25
      vertex 19.5565 22.0767 20.25
    endloop
  endfacet
  facet normal -0.555766 -0.831338 0
    outer loop
      vertex 20.075 21.862 20.25
      vertex 20.3088 21.7057 24.25
      vertex 20.075 21.862 24.25
    endloop
  endfacet
  facet normal -0.555766 -0.831338 -0
    outer loop
      vertex 20.3088 21.7057 24.25
      vertex 20.075 21.862 20.25
      vertex 20.3088 21.7057 20.25
    endloop
  endfacet
  facet normal -0.831338 0.555766 0
    outer loop
      vertex 20.7057 18.6912 20.25
      vertex 20.862 18.925 24.25
      vertex 20.862 18.925 20.25
    endloop
  endfacet
  facet normal -0.831338 0.555766 0
    outer loop
      vertex 20.862 18.925 24.25
      vertex 20.7057 18.6912 20.25
      vertex 20.7057 18.6912 24.25
    endloop
  endfacet
  facet normal 0.896973 0.442085 0
    outer loop
      vertex 17.138 18.925 24.25
      vertex 17.0137 19.1772 20.25
      vertex 17.0137 19.1772 24.25
    endloop
  endfacet
  facet normal 0.896973 0.442085 0
    outer loop
      vertex 17.0137 19.1772 20.25
      vertex 17.138 18.925 24.25
      vertex 17.138 18.925 20.25
    endloop
  endfacet
  facet normal 0.0654332 -0.997857 0
    outer loop
      vertex 18.7194 22.1316 20.25
      vertex 19 22.15 24.25
      vertex 18.7194 22.1316 24.25
    endloop
  endfacet
  facet normal 0.0654332 -0.997857 0
    outer loop
      vertex 19 22.15 24.25
      vertex 18.7194 22.1316 20.25
      vertex 19 22.15 20.25
    endloop
  endfacet
  facet normal 0.32145 0.946927 -0
    outer loop
      vertex 18.4435 17.9233 20.25
      vertex 18.1772 18.0137 24.25
      vertex 18.4435 17.9233 24.25
    endloop
  endfacet
  facet normal 0.32145 0.946927 0
    outer loop
      vertex 18.1772 18.0137 24.25
      vertex 18.4435 17.9233 20.25
      vertex 18.1772 18.0137 20.25
    endloop
  endfacet
  facet normal -0.751982 -0.659184 0
    outer loop
      vertex 20.7057 21.3088 20.25
      vertex 20.5203 21.5203 24.25
      vertex 20.5203 21.5203 20.25
    endloop
  endfacet
  facet normal -0.751982 -0.659184 0
    outer loop
      vertex 20.5203 21.5203 24.25
      vertex 20.7057 21.3088 20.25
      vertex 20.7057 21.3088 24.25
    endloop
  endfacet
  facet normal 0.896973 -0.442085 0
    outer loop
      vertex 17.0137 20.8228 24.25
      vertex 17.138 21.075 20.25
      vertex 17.138 21.075 24.25
    endloop
  endfacet
  facet normal 0.896973 -0.442085 0
    outer loop
      vertex 17.138 21.075 20.25
      vertex 17.0137 20.8228 24.25
      vertex 17.0137 20.8228 20.25
    endloop
  endfacet
  facet normal 0.442085 -0.896973 0
    outer loop
      vertex 17.925 21.862 20.25
      vertex 18.1772 21.9863 24.25
      vertex 17.925 21.862 24.25
    endloop
  endfacet
  facet normal 0.442085 -0.896973 0
    outer loop
      vertex 18.1772 21.9863 24.25
      vertex 17.925 21.862 20.25
      vertex 18.1772 21.9863 20.25
    endloop
  endfacet
  facet normal 0.0654332 0.997857 -0
    outer loop
      vertex 19 17.85 20.25
      vertex 18.7194 17.8684 24.25
      vertex 19 17.85 24.25
    endloop
  endfacet
  facet normal 0.0654332 0.997857 0
    outer loop
      vertex 18.7194 17.8684 24.25
      vertex 19 17.85 20.25
      vertex 18.7194 17.8684 20.25
    endloop
  endfacet
  facet normal -0.195159 0.980772 0
    outer loop
      vertex 19.5565 17.9233 20.25
      vertex 19.2806 17.8684 24.25
      vertex 19.5565 17.9233 24.25
    endloop
  endfacet
  facet normal -0.195159 0.980772 0
    outer loop
      vertex 19.2806 17.8684 24.25
      vertex 19.5565 17.9233 20.25
      vertex 19.2806 17.8684 20.25
    endloop
  endfacet
  facet normal 0.831338 -0.555766 0
    outer loop
      vertex 17.138 21.075 24.25
      vertex 17.2943 21.3088 20.25
      vertex 17.2943 21.3088 24.25
    endloop
  endfacet
  facet normal 0.831338 -0.555766 0
    outer loop
      vertex 17.2943 21.3088 20.25
      vertex 17.138 21.075 24.25
      vertex 17.138 21.075 20.25
    endloop
  endfacet
  facet normal -0.442085 -0.896973 0
    outer loop
      vertex 19.8228 21.9863 20.25
      vertex 20.075 21.862 24.25
      vertex 19.8228 21.9863 24.25
    endloop
  endfacet
  facet normal -0.442085 -0.896973 -0
    outer loop
      vertex 20.075 21.862 24.25
      vertex 19.8228 21.9863 20.25
      vertex 20.075 21.862 20.25
    endloop
  endfacet
  facet normal 0.751982 -0.659184 0
    outer loop
      vertex 17.2943 21.3088 24.25
      vertex 17.4797 21.5203 20.25
      vertex 17.4797 21.5203 24.25
    endloop
  endfacet
  facet normal 0.751982 -0.659184 0
    outer loop
      vertex 17.4797 21.5203 20.25
      vertex 17.2943 21.3088 24.25
      vertex 17.2943 21.3088 20.25
    endloop
  endfacet
  facet normal 0.32145 -0.946927 0
    outer loop
      vertex 18.1772 21.9863 20.25
      vertex 18.4435 22.0767 24.25
      vertex 18.1772 21.9863 24.25
    endloop
  endfacet
  facet normal 0.32145 -0.946927 0
    outer loop
      vertex 18.4435 22.0767 24.25
      vertex 18.1772 21.9863 20.25
      vertex 18.4435 22.0767 20.25
    endloop
  endfacet
  facet normal -0.980772 0.195159 0
    outer loop
      vertex 21.0767 19.4435 20.25
      vertex 21.1316 19.7194 24.25
      vertex 21.1316 19.7194 20.25
    endloop
  endfacet
  facet normal -0.980772 0.195159 0
    outer loop
      vertex 21.1316 19.7194 24.25
      vertex 21.0767 19.4435 20.25
      vertex 21.0767 19.4435 24.25
    endloop
  endfacet
  facet normal -0.997857 0.0654332 0
    outer loop
      vertex 21.1316 19.7194 20.25
      vertex 21.15 20 24.25
      vertex 21.15 20 20.25
    endloop
  endfacet
  facet normal -0.997857 0.0654332 0
    outer loop
      vertex 21.15 20 24.25
      vertex 21.1316 19.7194 20.25
      vertex 21.1316 19.7194 24.25
    endloop
  endfacet
  facet normal 0.980772 -0.195159 0
    outer loop
      vertex 16.8684 20.2806 24.25
      vertex 16.9233 20.5565 20.25
      vertex 16.9233 20.5565 24.25
    endloop
  endfacet
  facet normal 0.980772 -0.195159 0
    outer loop
      vertex 16.9233 20.5565 20.25
      vertex 16.8684 20.2806 24.25
      vertex 16.8684 20.2806 20.25
    endloop
  endfacet
  facet normal 0.751982 0.659184 0
    outer loop
      vertex 17.4797 18.4797 24.25
      vertex 17.2943 18.6912 20.25
      vertex 17.2943 18.6912 24.25
    endloop
  endfacet
  facet normal 0.751982 0.659184 0
    outer loop
      vertex 17.2943 18.6912 20.25
      vertex 17.4797 18.4797 24.25
      vertex 17.4797 18.4797 20.25
    endloop
  endfacet
  facet normal 0.659184 0.751982 -0
    outer loop
      vertex 17.6912 18.2943 20.25
      vertex 17.4797 18.4797 24.25
      vertex 17.6912 18.2943 24.25
    endloop
  endfacet
  facet normal 0.659184 0.751982 0
    outer loop
      vertex 17.4797 18.4797 24.25
      vertex 17.6912 18.2943 20.25
      vertex 17.4797 18.4797 20.25
    endloop
  endfacet
  facet normal -0.659184 0.751982 0
    outer loop
      vertex 20.5203 18.4797 20.25
      vertex 20.3088 18.2943 24.25
      vertex 20.5203 18.4797 24.25
    endloop
  endfacet
  facet normal -0.659184 0.751982 0
    outer loop
      vertex 20.3088 18.2943 24.25
      vertex 20.5203 18.4797 20.25
      vertex 20.3088 18.2943 20.25
    endloop
  endfacet
  facet normal -0.32145 0.946927 0
    outer loop
      vertex 19.8228 18.0137 20.25
      vertex 19.5565 17.9233 24.25
      vertex 19.8228 18.0137 24.25
    endloop
  endfacet
  facet normal -0.32145 0.946927 0
    outer loop
      vertex 19.5565 17.9233 24.25
      vertex 19.8228 18.0137 20.25
      vertex 19.5565 17.9233 20.25
    endloop
  endfacet
  facet normal -0.555766 0.831338 0
    outer loop
      vertex 20.3088 18.2943 20.25
      vertex 20.075 18.138 24.25
      vertex 20.3088 18.2943 24.25
    endloop
  endfacet
  facet normal -0.555766 0.831338 0
    outer loop
      vertex 20.075 18.138 24.25
      vertex 20.3088 18.2943 20.25
      vertex 20.075 18.138 20.25
    endloop
  endfacet
  facet normal -0.0654332 -0.997857 0
    outer loop
      vertex 19 22.15 20.25
      vertex 19.2806 22.1316 24.25
      vertex 19 22.15 24.25
    endloop
  endfacet
  facet normal -0.0654332 -0.997857 -0
    outer loop
      vertex 19.2806 22.1316 24.25
      vertex 19 22.15 20.25
      vertex 19.2806 22.1316 20.25
    endloop
  endfacet
  facet normal -0.751982 0.659184 0
    outer loop
      vertex 20.5203 18.4797 20.25
      vertex 20.7057 18.6912 24.25
      vertex 20.7057 18.6912 20.25
    endloop
  endfacet
  facet normal -0.751982 0.659184 0
    outer loop
      vertex 20.7057 18.6912 24.25
      vertex 20.5203 18.4797 20.25
      vertex 20.5203 18.4797 24.25
    endloop
  endfacet
  facet normal 0.831338 0.555766 0
    outer loop
      vertex 17.2943 18.6912 24.25
      vertex 17.138 18.925 20.25
      vertex 17.138 18.925 24.25
    endloop
  endfacet
  facet normal 0.831338 0.555766 0
    outer loop
      vertex 17.138 18.925 20.25
      vertex 17.2943 18.6912 24.25
      vertex 17.2943 18.6912 20.25
    endloop
  endfacet
  facet normal 0.442085 0.896973 -0
    outer loop
      vertex 18.1772 18.0137 20.25
      vertex 17.925 18.138 24.25
      vertex 18.1772 18.0137 24.25
    endloop
  endfacet
  facet normal 0.442085 0.896973 0
    outer loop
      vertex 17.925 18.138 24.25
      vertex 18.1772 18.0137 20.25
      vertex 17.925 18.138 20.25
    endloop
  endfacet
  facet normal -0.0654332 0.997857 0
    outer loop
      vertex 19.2806 17.8684 20.25
      vertex 19 17.85 24.25
      vertex 19.2806 17.8684 24.25
    endloop
  endfacet
  facet normal -0.0654332 0.997857 0
    outer loop
      vertex 19 17.85 24.25
      vertex 19.2806 17.8684 20.25
      vertex 19 17.85 20.25
    endloop
  endfacet
  facet normal -0.896973 0.442085 0
    outer loop
      vertex 20.862 18.925 20.25
      vertex 20.9863 19.1772 24.25
      vertex 20.9863 19.1772 20.25
    endloop
  endfacet
  facet normal -0.896973 0.442085 0
    outer loop
      vertex 20.9863 19.1772 24.25
      vertex 20.862 18.925 20.25
      vertex 20.862 18.925 24.25
    endloop
  endfacet
  facet normal 0.659184 -0.751982 0
    outer loop
      vertex 17.4797 21.5203 20.25
      vertex 17.6912 21.7057 24.25
      vertex 17.4797 21.5203 24.25
    endloop
  endfacet
  facet normal 0.659184 -0.751982 0
    outer loop
      vertex 17.6912 21.7057 24.25
      vertex 17.4797 21.5203 20.25
      vertex 17.6912 21.7057 20.25
    endloop
  endfacet
  facet normal -0.659184 -0.751982 0
    outer loop
      vertex 20.3088 21.7057 20.25
      vertex 20.5203 21.5203 24.25
      vertex 20.3088 21.7057 24.25
    endloop
  endfacet
  facet normal -0.659184 -0.751982 -0
    outer loop
      vertex 20.5203 21.5203 24.25
      vertex 20.3088 21.7057 20.25
      vertex 20.5203 21.5203 20.25
    endloop
  endfacet
  facet normal 0.195159 -0.980772 0
    outer loop
      vertex 18.4435 22.0767 20.25
      vertex 18.7194 22.1316 24.25
      vertex 18.4435 22.0767 24.25
    endloop
  endfacet
  facet normal 0.195159 -0.980772 0
    outer loop
      vertex 18.7194 22.1316 24.25
      vertex 18.4435 22.0767 20.25
      vertex 18.7194 22.1316 20.25
    endloop
  endfacet
  facet normal 0.195159 0.980772 -0
    outer loop
      vertex 18.7194 17.8684 20.25
      vertex 18.4435 17.9233 24.25
      vertex 18.7194 17.8684 24.25
    endloop
  endfacet
  facet normal 0.195159 0.980772 0
    outer loop
      vertex 18.4435 17.9233 24.25
      vertex 18.7194 17.8684 20.25
      vertex 18.4435 17.9233 20.25
    endloop
  endfacet
  facet normal 0.980772 0.195159 0
    outer loop
      vertex 16.9233 19.4435 24.25
      vertex 16.8684 19.7194 20.25
      vertex 16.8684 19.7194 24.25
    endloop
  endfacet
  facet normal 0.980772 0.195159 0
    outer loop
      vertex 16.8684 19.7194 20.25
      vertex 16.9233 19.4435 24.25
      vertex 16.9233 19.4435 20.25
    endloop
  endfacet
  facet normal 0.946927 -0.32145 0
    outer loop
      vertex 16.9233 20.5565 24.25
      vertex 17.0137 20.8228 20.25
      vertex 17.0137 20.8228 24.25
    endloop
  endfacet
  facet normal 0.946927 -0.32145 0
    outer loop
      vertex 17.0137 20.8228 20.25
      vertex 16.9233 20.5565 24.25
      vertex 16.9233 20.5565 20.25
    endloop
  endfacet
  facet normal 0 0.321437 -0.946931
    outer loop
      vertex -14.25 24.426 -8.61418
      vertex -4.525 24.6118 -8.55111
      vertex -4.525 24.426 -8.61418
    endloop
  endfacet
  facet normal 0 0.321437 -0.946931
    outer loop
      vertex -4.525 24.6118 -8.55111
      vertex -14.25 24.426 -8.61418
      vertex -14.25 24.6118 -8.55111
    endloop
  endfacet
  facet normal 0 0.321437 -0.946931
    outer loop
      vertex 4.525 24.426 -8.61418
      vertex 14.25 24.6118 -8.55111
      vertex 14.25 24.426 -8.61418
    endloop
  endfacet
  facet normal 0 0.321437 -0.946931
    outer loop
      vertex 14.25 24.6118 -8.55111
      vertex 4.525 24.426 -8.61418
      vertex 4.525 24.6118 -8.55111
    endloop
  endfacet
  facet normal 0 0.980757 0.195234
    outer loop
      vertex -4.525 23.5511 -10.3882
      vertex -14.25 23.5128 -10.1958
      vertex -4.525 23.5128 -10.1958
    endloop
  endfacet
  facet normal 0 0.980757 0.195234
    outer loop
      vertex -14.25 23.5128 -10.1958
      vertex -4.525 23.5511 -10.3882
      vertex -14.25 23.5511 -10.3882
    endloop
  endfacet
  facet normal 0 0.980757 0.195234
    outer loop
      vertex 14.25 23.5511 -10.3882
      vertex 4.525 23.5128 -10.1958
      vertex 14.25 23.5128 -10.1958
    endloop
  endfacet
  facet normal 0 0.980757 0.195234
    outer loop
      vertex 4.525 23.5128 -10.1958
      vertex 14.25 23.5511 -10.3882
      vertex 4.525 23.5511 -10.3882
    endloop
  endfacet
  facet normal 0 -0.89683 -0.442376
    outer loop
      vertex -14.25 26.3858 -9.42597
      vertex -4.525 26.299 -9.25
      vertex -14.25 26.299 -9.25
    endloop
  endfacet
  facet normal 0 -0.89683 -0.442376
    outer loop
      vertex -4.525 26.299 -9.25
      vertex -14.25 26.3858 -9.42597
      vertex -4.525 26.3858 -9.42597
    endloop
  endfacet
  facet normal 0 -0.89683 -0.442376
    outer loop
      vertex 4.525 26.3858 -9.42597
      vertex 14.25 26.299 -9.25
      vertex 4.525 26.299 -9.25
    endloop
  endfacet
  facet normal 0 -0.89683 -0.442376
    outer loop
      vertex 14.25 26.299 -9.25
      vertex 4.525 26.3858 -9.42597
      vertex 14.25 26.3858 -9.42597
    endloop
  endfacet
  facet normal 0 -0.442315 0.89686
    outer loop
      vertex -14.25 25.75 -11.299
      vertex -4.525 25.574 -11.3858
      vertex -4.525 25.75 -11.299
    endloop
  endfacet
  facet normal 0 -0.442315 0.89686
    outer loop
      vertex -4.525 25.574 -11.3858
      vertex -14.25 25.75 -11.299
      vertex -14.25 25.574 -11.3858
    endloop
  endfacet
  facet normal 0 -0.442315 0.89686
    outer loop
      vertex 4.525 25.75 -11.299
      vertex 14.25 25.574 -11.3858
      vertex 14.25 25.75 -11.299
    endloop
  endfacet
  facet normal 0 -0.442315 0.89686
    outer loop
      vertex 14.25 25.574 -11.3858
      vertex 4.525 25.75 -11.299
      vertex 4.525 25.574 -11.3858
    endloop
  endfacet
  facet normal -0 0.442315 0.89686
    outer loop
      vertex -14.25 24.426 -11.3858
      vertex -4.525 24.25 -11.299
      vertex -4.525 24.426 -11.3858
    endloop
  endfacet
  facet normal 0 0.442315 0.89686
    outer loop
      vertex -4.525 24.25 -11.299
      vertex -14.25 24.426 -11.3858
      vertex -14.25 24.25 -11.299
    endloop
  endfacet
  facet normal -0 0.442315 0.89686
    outer loop
      vertex 4.525 24.426 -11.3858
      vertex 14.25 24.25 -11.299
      vertex 14.25 24.426 -11.3858
    endloop
  endfacet
  facet normal 0 0.442315 0.89686
    outer loop
      vertex 14.25 24.25 -11.299
      vertex 4.525 24.426 -11.3858
      vertex 4.525 24.25 -11.299
    endloop
  endfacet
  facet normal -0 0.0652336 0.99787
    outer loop
      vertex -14.25 25 -11.5
      vertex -4.525 24.8042 -11.4872
      vertex -4.525 25 -11.5
    endloop
  endfacet
  facet normal 0 0.0652336 0.99787
    outer loop
      vertex -4.525 24.8042 -11.4872
      vertex -14.25 25 -11.5
      vertex -14.25 24.8042 -11.4872
    endloop
  endfacet
  facet normal -0 0.0652336 0.99787
    outer loop
      vertex 4.525 25 -11.5
      vertex 14.25 24.8042 -11.4872
      vertex 14.25 25 -11.5
    endloop
  endfacet
  facet normal 0 0.0652336 0.99787
    outer loop
      vertex 14.25 24.8042 -11.4872
      vertex 4.525 25 -11.5
      vertex 4.525 24.8042 -11.4872
    endloop
  endfacet
  facet normal 0 0.99787 -0.0652369
    outer loop
      vertex -4.525 23.5 -10
      vertex -14.25 23.5128 -9.80421
      vertex -4.525 23.5128 -9.80421
    endloop
  endfacet
  facet normal 0 0.99787 -0.0652369
    outer loop
      vertex -14.25 23.5128 -9.80421
      vertex -4.525 23.5 -10
      vertex -14.25 23.5 -10
    endloop
  endfacet
  facet normal 0 0.99787 -0.0652369
    outer loop
      vertex 14.25 23.5 -10
      vertex 4.525 23.5128 -9.80421
      vertex 14.25 23.5128 -9.80421
    endloop
  endfacet
  facet normal 0 0.99787 -0.0652369
    outer loop
      vertex 4.525 23.5128 -9.80421
      vertex 14.25 23.5 -10
      vertex 4.525 23.5 -10
    endloop
  endfacet
  facet normal 0 -0.0652336 0.99787
    outer loop
      vertex -14.25 25.1958 -11.4872
      vertex -4.525 25 -11.5
      vertex -4.525 25.1958 -11.4872
    endloop
  endfacet
  facet normal 0 -0.0652336 0.99787
    outer loop
      vertex -4.525 25 -11.5
      vertex -14.25 25.1958 -11.4872
      vertex -14.25 25 -11.5
    endloop
  endfacet
  facet normal 0 -0.0652336 0.99787
    outer loop
      vertex 4.525 25.1958 -11.4872
      vertex 14.25 25 -11.5
      vertex 14.25 25.1958 -11.4872
    endloop
  endfacet
  facet normal 0 -0.0652336 0.99787
    outer loop
      vertex 14.25 25 -11.5
      vertex 4.525 25.1958 -11.4872
      vertex 4.525 25 -11.5
    endloop
  endfacet
  facet normal 0 -0.752021 -0.65914
    outer loop
      vertex -14.25 26.19 -9.08686
      vertex -4.525 26.0607 -8.93934
      vertex -14.25 26.0607 -8.93934
    endloop
  endfacet
  facet normal 0 -0.752021 -0.65914
    outer loop
      vertex -4.525 26.0607 -8.93934
      vertex -14.25 26.19 -9.08686
      vertex -4.525 26.19 -9.08686
    endloop
  endfacet
  facet normal 0 -0.752021 -0.65914
    outer loop
      vertex 4.525 26.19 -9.08686
      vertex 14.25 26.0607 -8.93934
      vertex 4.525 26.0607 -8.93934
    endloop
  endfacet
  facet normal 0 -0.752021 -0.65914
    outer loop
      vertex 14.25 26.0607 -8.93934
      vertex 4.525 26.19 -9.08686
      vertex 14.25 26.19 -9.08686
    endloop
  endfacet
  facet normal 0 -0.658937 0.752198
    outer loop
      vertex -14.25 26.0607 -11.0607
      vertex -4.525 25.9131 -11.19
      vertex -4.525 26.0607 -11.0607
    endloop
  endfacet
  facet normal 0 -0.658937 0.752198
    outer loop
      vertex -4.525 25.9131 -11.19
      vertex -14.25 26.0607 -11.0607
      vertex -14.25 25.9131 -11.19
    endloop
  endfacet
  facet normal 0 -0.658937 0.752198
    outer loop
      vertex 4.525 26.0607 -11.0607
      vertex 14.25 25.9131 -11.19
      vertex 14.25 26.0607 -11.0607
    endloop
  endfacet
  facet normal 0 -0.658937 0.752198
    outer loop
      vertex 14.25 25.9131 -11.19
      vertex 4.525 26.0607 -11.0607
      vertex 4.525 25.9131 -11.19
    endloop
  endfacet
  facet normal 0 -0.752198 0.658937
    outer loop
      vertex -14.25 26.0607 -11.0607
      vertex -4.525 26.19 -10.9131
      vertex -14.25 26.19 -10.9131
    endloop
  endfacet
  facet normal 0 -0.752198 0.658937
    outer loop
      vertex -4.525 26.19 -10.9131
      vertex -14.25 26.0607 -11.0607
      vertex -4.525 26.0607 -11.0607
    endloop
  endfacet
  facet normal 0 -0.752198 0.658937
    outer loop
      vertex 4.525 26.0607 -11.0607
      vertex 14.25 26.19 -10.9131
      vertex 4.525 26.19 -10.9131
    endloop
  endfacet
  facet normal 0 -0.752198 0.658937
    outer loop
      vertex 14.25 26.19 -10.9131
      vertex 4.525 26.0607 -11.0607
      vertex 14.25 26.0607 -11.0607
    endloop
  endfacet
  facet normal 0 -0.0653858 -0.99786
    outer loop
      vertex -14.25 25 -8.5
      vertex -4.525 25.1958 -8.51283
      vertex -4.525 25 -8.5
    endloop
  endfacet
  facet normal -0 -0.0653858 -0.99786
    outer loop
      vertex -4.525 25.1958 -8.51283
      vertex -14.25 25 -8.5
      vertex -14.25 25.1958 -8.51283
    endloop
  endfacet
  facet normal 0 -0.0653858 -0.99786
    outer loop
      vertex 4.525 25 -8.5
      vertex 14.25 25.1958 -8.51283
      vertex 14.25 25 -8.5
    endloop
  endfacet
  facet normal -0 -0.0653858 -0.99786
    outer loop
      vertex 14.25 25.1958 -8.51283
      vertex 4.525 25 -8.5
      vertex 4.525 25.1958 -8.51283
    endloop
  endfacet
  facet normal 0 0.195136 -0.980776
    outer loop
      vertex -14.25 24.6118 -8.55111
      vertex -4.525 24.8042 -8.51283
      vertex -4.525 24.6118 -8.55111
    endloop
  endfacet
  facet normal 0 0.195136 -0.980776
    outer loop
      vertex -4.525 24.8042 -8.51283
      vertex -14.25 24.6118 -8.55111
      vertex -14.25 24.8042 -8.51283
    endloop
  endfacet
  facet normal 0 0.195136 -0.980776
    outer loop
      vertex 4.525 24.6118 -8.55111
      vertex 14.25 24.8042 -8.51283
      vertex 14.25 24.6118 -8.55111
    endloop
  endfacet
  facet normal 0 0.195136 -0.980776
    outer loop
      vertex 14.25 24.8042 -8.51283
      vertex 4.525 24.6118 -8.55111
      vertex 4.525 24.8042 -8.51283
    endloop
  endfacet
  facet normal -0 0.555641 0.831422
    outer loop
      vertex -14.25 24.25 -11.299
      vertex -4.525 24.0869 -11.19
      vertex -4.525 24.25 -11.299
    endloop
  endfacet
  facet normal 0 0.555641 0.831422
    outer loop
      vertex -4.525 24.0869 -11.19
      vertex -14.25 24.25 -11.299
      vertex -14.25 24.0869 -11.19
    endloop
  endfacet
  facet normal -0 0.555641 0.831422
    outer loop
      vertex 4.525 24.25 -11.299
      vertex 14.25 24.0869 -11.19
      vertex 14.25 24.25 -11.299
    endloop
  endfacet
  facet normal 0 0.555641 0.831422
    outer loop
      vertex 14.25 24.0869 -11.19
      vertex 4.525 24.25 -11.299
      vertex 4.525 24.0869 -11.19
    endloop
  endfacet
  facet normal 0 -0.442233 -0.8969
    outer loop
      vertex -14.25 25.574 -8.61418
      vertex -4.525 25.75 -8.70096
      vertex -4.525 25.574 -8.61418
    endloop
  endfacet
  facet normal -0 -0.442233 -0.8969
    outer loop
      vertex -4.525 25.75 -8.70096
      vertex -14.25 25.574 -8.61418
      vertex -14.25 25.75 -8.70096
    endloop
  endfacet
  facet normal 0 -0.442233 -0.8969
    outer loop
      vertex 4.525 25.574 -8.61418
      vertex 14.25 25.75 -8.70096
      vertex 14.25 25.574 -8.61418
    endloop
  endfacet
  facet normal -0 -0.442233 -0.8969
    outer loop
      vertex 14.25 25.75 -8.70096
      vertex 4.525 25.574 -8.61418
      vertex 4.525 25.75 -8.70096
    endloop
  endfacet
  facet normal 0 -0.195234 0.980757
    outer loop
      vertex -14.25 25.3882 -11.4489
      vertex -4.525 25.1958 -11.4872
      vertex -4.525 25.3882 -11.4489
    endloop
  endfacet
  facet normal 0 -0.195234 0.980757
    outer loop
      vertex -4.525 25.1958 -11.4872
      vertex -14.25 25.3882 -11.4489
      vertex -14.25 25.1958 -11.4872
    endloop
  endfacet
  facet normal 0 -0.195234 0.980757
    outer loop
      vertex 4.525 25.3882 -11.4489
      vertex 14.25 25.1958 -11.4872
      vertex 14.25 25.3882 -11.4489
    endloop
  endfacet
  facet normal 0 -0.195234 0.980757
    outer loop
      vertex 14.25 25.1958 -11.4872
      vertex 4.525 25.3882 -11.4489
      vertex 4.525 25.1958 -11.4872
    endloop
  endfacet
  facet normal 0 -0.555676 -0.831399
    outer loop
      vertex -14.25 25.75 -8.70096
      vertex -4.525 25.9131 -8.80997
      vertex -4.525 25.75 -8.70096
    endloop
  endfacet
  facet normal -0 -0.555676 -0.831399
    outer loop
      vertex -4.525 25.9131 -8.80997
      vertex -14.25 25.75 -8.70096
      vertex -14.25 25.9131 -8.80997
    endloop
  endfacet
  facet normal 0 -0.555676 -0.831399
    outer loop
      vertex 4.525 25.75 -8.70096
      vertex 14.25 25.9131 -8.80997
      vertex 14.25 25.75 -8.70096
    endloop
  endfacet
  facet normal -0 -0.555676 -0.831399
    outer loop
      vertex 14.25 25.9131 -8.80997
      vertex 4.525 25.75 -8.70096
      vertex 4.525 25.9131 -8.80997
    endloop
  endfacet
  facet normal 0 -0.99787 -0.0652369
    outer loop
      vertex -14.25 26.5 -10
      vertex -4.525 26.4872 -9.80421
      vertex -14.25 26.4872 -9.80421
    endloop
  endfacet
  facet normal 0 -0.99787 -0.0652369
    outer loop
      vertex -4.525 26.4872 -9.80421
      vertex -14.25 26.5 -10
      vertex -4.525 26.5 -10
    endloop
  endfacet
  facet normal 0 -0.99787 -0.0652369
    outer loop
      vertex 4.525 26.5 -10
      vertex 14.25 26.4872 -9.80421
      vertex 4.525 26.4872 -9.80421
    endloop
  endfacet
  facet normal 0 -0.99787 -0.0652369
    outer loop
      vertex 14.25 26.4872 -9.80421
      vertex 4.525 26.5 -10
      vertex 14.25 26.5 -10
    endloop
  endfacet
  facet normal 0 -0.946885 -0.321574
    outer loop
      vertex -14.25 26.4489 -9.61177
      vertex -4.525 26.3858 -9.42597
      vertex -14.25 26.3858 -9.42597
    endloop
  endfacet
  facet normal 0 -0.946885 -0.321574
    outer loop
      vertex -4.525 26.3858 -9.42597
      vertex -14.25 26.4489 -9.61177
      vertex -4.525 26.4489 -9.61177
    endloop
  endfacet
  facet normal 0 -0.946885 -0.321574
    outer loop
      vertex 4.525 26.4489 -9.61177
      vertex 14.25 26.3858 -9.42597
      vertex 4.525 26.3858 -9.42597
    endloop
  endfacet
  facet normal 0 -0.946885 -0.321574
    outer loop
      vertex 14.25 26.3858 -9.42597
      vertex 4.525 26.4489 -9.61177
      vertex 14.25 26.4489 -9.61177
    endloop
  endfacet
  facet normal 0 0.946885 -0.321574
    outer loop
      vertex -4.525 23.5511 -9.61177
      vertex -14.25 23.6142 -9.42597
      vertex -4.525 23.6142 -9.42597
    endloop
  endfacet
  facet normal 0 0.946885 -0.321574
    outer loop
      vertex -14.25 23.6142 -9.42597
      vertex -4.525 23.5511 -9.61177
      vertex -14.25 23.5511 -9.61177
    endloop
  endfacet
  facet normal 0 0.946885 -0.321574
    outer loop
      vertex 14.25 23.5511 -9.61177
      vertex 4.525 23.6142 -9.42597
      vertex 14.25 23.6142 -9.42597
    endloop
  endfacet
  facet normal 0 0.946885 -0.321574
    outer loop
      vertex 4.525 23.6142 -9.42597
      vertex 14.25 23.5511 -9.61177
      vertex 4.525 23.5511 -9.61177
    endloop
  endfacet
  facet normal 0 -0.89686 0.442315
    outer loop
      vertex -14.25 26.299 -10.75
      vertex -4.525 26.3858 -10.574
      vertex -14.25 26.3858 -10.574
    endloop
  endfacet
  facet normal 0 -0.89686 0.442315
    outer loop
      vertex -4.525 26.3858 -10.574
      vertex -14.25 26.299 -10.75
      vertex -4.525 26.299 -10.75
    endloop
  endfacet
  facet normal 0 -0.89686 0.442315
    outer loop
      vertex 4.525 26.299 -10.75
      vertex 14.25 26.3858 -10.574
      vertex 4.525 26.3858 -10.574
    endloop
  endfacet
  facet normal 0 -0.89686 0.442315
    outer loop
      vertex 14.25 26.3858 -10.574
      vertex 4.525 26.299 -10.75
      vertex 14.25 26.299 -10.75
    endloop
  endfacet
  facet normal 0 0.99787 0.0652336
    outer loop
      vertex -4.525 23.5128 -10.1958
      vertex -14.25 23.5 -10
      vertex -4.525 23.5 -10
    endloop
  endfacet
  facet normal 0 0.99787 0.0652336
    outer loop
      vertex -14.25 23.5 -10
      vertex -4.525 23.5128 -10.1958
      vertex -14.25 23.5128 -10.1958
    endloop
  endfacet
  facet normal 0 0.99787 0.0652336
    outer loop
      vertex 14.25 23.5128 -10.1958
      vertex 4.525 23.5 -10
      vertex 14.25 23.5 -10
    endloop
  endfacet
  facet normal 0 0.99787 0.0652336
    outer loop
      vertex 4.525 23.5 -10
      vertex 14.25 23.5128 -10.1958
      vertex 4.525 23.5128 -10.1958
    endloop
  endfacet
  facet normal 0 0.831422 0.555641
    outer loop
      vertex -4.525 23.81 -10.9131
      vertex -14.25 23.701 -10.75
      vertex -4.525 23.701 -10.75
    endloop
  endfacet
  facet normal 0 0.831422 0.555641
    outer loop
      vertex -14.25 23.701 -10.75
      vertex -4.525 23.81 -10.9131
      vertex -14.25 23.81 -10.9131
    endloop
  endfacet
  facet normal 0 0.831422 0.555641
    outer loop
      vertex 14.25 23.81 -10.9131
      vertex 4.525 23.701 -10.75
      vertex 14.25 23.701 -10.75
    endloop
  endfacet
  facet normal 0 0.831422 0.555641
    outer loop
      vertex 4.525 23.701 -10.75
      vertex 14.25 23.81 -10.9131
      vertex 4.525 23.81 -10.9131
    endloop
  endfacet
  facet normal -0 0.195234 0.980757
    outer loop
      vertex -14.25 24.8042 -11.4872
      vertex -4.525 24.6118 -11.4489
      vertex -4.525 24.8042 -11.4872
    endloop
  endfacet
  facet normal 0 0.195234 0.980757
    outer loop
      vertex -4.525 24.6118 -11.4489
      vertex -14.25 24.8042 -11.4872
      vertex -14.25 24.6118 -11.4489
    endloop
  endfacet
  facet normal -0 0.195234 0.980757
    outer loop
      vertex 4.525 24.8042 -11.4872
      vertex 14.25 24.6118 -11.4489
      vertex 14.25 24.8042 -11.4872
    endloop
  endfacet
  facet normal 0 0.195234 0.980757
    outer loop
      vertex 14.25 24.6118 -11.4489
      vertex 4.525 24.8042 -11.4872
      vertex 4.525 24.6118 -11.4489
    endloop
  endfacet
  facet normal 0 -0.946885 0.321574
    outer loop
      vertex -14.25 26.3858 -10.574
      vertex -4.525 26.4489 -10.3882
      vertex -14.25 26.4489 -10.3882
    endloop
  endfacet
  facet normal 0 -0.946885 0.321574
    outer loop
      vertex -4.525 26.4489 -10.3882
      vertex -14.25 26.3858 -10.574
      vertex -4.525 26.3858 -10.574
    endloop
  endfacet
  facet normal 0 -0.946885 0.321574
    outer loop
      vertex 4.525 26.3858 -10.574
      vertex 14.25 26.4489 -10.3882
      vertex 4.525 26.4489 -10.3882
    endloop
  endfacet
  facet normal 0 -0.946885 0.321574
    outer loop
      vertex 14.25 26.4489 -10.3882
      vertex 4.525 26.3858 -10.574
      vertex 14.25 26.3858 -10.574
    endloop
  endfacet
  facet normal 0 0.89683 -0.442376
    outer loop
      vertex -4.525 23.6142 -9.42597
      vertex -14.25 23.701 -9.25
      vertex -4.525 23.701 -9.25
    endloop
  endfacet
  facet normal 0 0.89683 -0.442376
    outer loop
      vertex -14.25 23.701 -9.25
      vertex -4.525 23.6142 -9.42597
      vertex -14.25 23.6142 -9.42597
    endloop
  endfacet
  facet normal 0 0.89683 -0.442376
    outer loop
      vertex 14.25 23.6142 -9.42597
      vertex 4.525 23.701 -9.25
      vertex 14.25 23.701 -9.25
    endloop
  endfacet
  facet normal 0 0.89683 -0.442376
    outer loop
      vertex 4.525 23.701 -9.25
      vertex 14.25 23.6142 -9.42597
      vertex 4.525 23.6142 -9.42597
    endloop
  endfacet
  facet normal 0 -0.659139 -0.752021
    outer loop
      vertex -14.25 25.9131 -8.80997
      vertex -4.525 26.0607 -8.93934
      vertex -4.525 25.9131 -8.80997
    endloop
  endfacet
  facet normal -0 -0.659139 -0.752021
    outer loop
      vertex -4.525 26.0607 -8.93934
      vertex -14.25 25.9131 -8.80997
      vertex -14.25 26.0607 -8.93934
    endloop
  endfacet
  facet normal 0 -0.659139 -0.752021
    outer loop
      vertex 4.525 25.9131 -8.80997
      vertex 14.25 26.0607 -8.93934
      vertex 14.25 25.9131 -8.80997
    endloop
  endfacet
  facet normal -0 -0.659139 -0.752021
    outer loop
      vertex 14.25 26.0607 -8.93934
      vertex 4.525 25.9131 -8.80997
      vertex 4.525 26.0607 -8.93934
    endloop
  endfacet
  facet normal 0 -0.195136 -0.980776
    outer loop
      vertex -14.25 25.1958 -8.51283
      vertex -4.525 25.3882 -8.55111
      vertex -4.525 25.1958 -8.51283
    endloop
  endfacet
  facet normal -0 -0.195136 -0.980776
    outer loop
      vertex -4.525 25.3882 -8.55111
      vertex -14.25 25.1958 -8.51283
      vertex -14.25 25.3882 -8.55111
    endloop
  endfacet
  facet normal 0 -0.195136 -0.980776
    outer loop
      vertex 4.525 25.1958 -8.51283
      vertex 14.25 25.3882 -8.55111
      vertex 14.25 25.1958 -8.51283
    endloop
  endfacet
  facet normal -0 -0.195136 -0.980776
    outer loop
      vertex 14.25 25.3882 -8.55111
      vertex 4.525 25.1958 -8.51283
      vertex 4.525 25.3882 -8.55111
    endloop
  endfacet
  facet normal 0 -0.555641 0.831422
    outer loop
      vertex -14.25 25.9131 -11.19
      vertex -4.525 25.75 -11.299
      vertex -4.525 25.9131 -11.19
    endloop
  endfacet
  facet normal 0 -0.555641 0.831422
    outer loop
      vertex -4.525 25.75 -11.299
      vertex -14.25 25.9131 -11.19
      vertex -14.25 25.75 -11.299
    endloop
  endfacet
  facet normal 0 -0.555641 0.831422
    outer loop
      vertex 4.525 25.9131 -11.19
      vertex 14.25 25.75 -11.299
      vertex 14.25 25.9131 -11.19
    endloop
  endfacet
  facet normal 0 -0.555641 0.831422
    outer loop
      vertex 14.25 25.75 -11.299
      vertex 4.525 25.9131 -11.19
      vertex 4.525 25.75 -11.299
    endloop
  endfacet
  facet normal 0 0.442233 -0.8969
    outer loop
      vertex -14.25 24.25 -8.70096
      vertex -4.525 24.426 -8.61418
      vertex -4.525 24.25 -8.70096
    endloop
  endfacet
  facet normal 0 0.442233 -0.8969
    outer loop
      vertex -4.525 24.426 -8.61418
      vertex -14.25 24.25 -8.70096
      vertex -14.25 24.426 -8.61418
    endloop
  endfacet
  facet normal 0 0.442233 -0.8969
    outer loop
      vertex 4.525 24.25 -8.70096
      vertex 14.25 24.426 -8.61418
      vertex 14.25 24.25 -8.70096
    endloop
  endfacet
  facet normal 0 0.442233 -0.8969
    outer loop
      vertex 14.25 24.426 -8.61418
      vertex 4.525 24.25 -8.70096
      vertex 4.525 24.426 -8.61418
    endloop
  endfacet
  facet normal 0 -0.831422 0.555641
    outer loop
      vertex -14.25 26.19 -10.9131
      vertex -4.525 26.299 -10.75
      vertex -14.25 26.299 -10.75
    endloop
  endfacet
  facet normal 0 -0.831422 0.555641
    outer loop
      vertex -4.525 26.299 -10.75
      vertex -14.25 26.19 -10.9131
      vertex -4.525 26.19 -10.9131
    endloop
  endfacet
  facet normal 0 -0.831422 0.555641
    outer loop
      vertex 4.525 26.19 -10.9131
      vertex 14.25 26.299 -10.75
      vertex 4.525 26.299 -10.75
    endloop
  endfacet
  facet normal 0 -0.831422 0.555641
    outer loop
      vertex 14.25 26.299 -10.75
      vertex 4.525 26.19 -10.9131
      vertex 14.25 26.19 -10.9131
    endloop
  endfacet
  facet normal 0 0.0653858 -0.99786
    outer loop
      vertex -14.25 24.8042 -8.51283
      vertex -4.525 25 -8.5
      vertex -4.525 24.8042 -8.51283
    endloop
  endfacet
  facet normal 0 0.0653858 -0.99786
    outer loop
      vertex -4.525 25 -8.5
      vertex -14.25 24.8042 -8.51283
      vertex -14.25 25 -8.5
    endloop
  endfacet
  facet normal 0 0.0653858 -0.99786
    outer loop
      vertex 4.525 24.8042 -8.51283
      vertex 14.25 25 -8.5
      vertex 14.25 24.8042 -8.51283
    endloop
  endfacet
  facet normal 0 0.0653858 -0.99786
    outer loop
      vertex 14.25 25 -8.5
      vertex 4.525 24.8042 -8.51283
      vertex 4.525 25 -8.5
    endloop
  endfacet
  facet normal 0 0.752198 0.658937
    outer loop
      vertex -4.525 23.9393 -11.0607
      vertex -14.25 23.81 -10.9131
      vertex -4.525 23.81 -10.9131
    endloop
  endfacet
  facet normal 0 0.752198 0.658937
    outer loop
      vertex -14.25 23.81 -10.9131
      vertex -4.525 23.9393 -11.0607
      vertex -14.25 23.9393 -11.0607
    endloop
  endfacet
  facet normal 0 0.752198 0.658937
    outer loop
      vertex 14.25 23.9393 -11.0607
      vertex 4.525 23.81 -10.9131
      vertex 14.25 23.81 -10.9131
    endloop
  endfacet
  facet normal 0 0.752198 0.658937
    outer loop
      vertex 4.525 23.81 -10.9131
      vertex 14.25 23.9393 -11.0607
      vertex 4.525 23.9393 -11.0607
    endloop
  endfacet
  facet normal 0 -0.980764 -0.195195
    outer loop
      vertex -14.25 26.4872 -9.80421
      vertex -4.525 26.4489 -9.61177
      vertex -14.25 26.4489 -9.61177
    endloop
  endfacet
  facet normal 0 -0.980764 -0.195195
    outer loop
      vertex -4.525 26.4489 -9.61177
      vertex -14.25 26.4872 -9.80421
      vertex -4.525 26.4872 -9.80421
    endloop
  endfacet
  facet normal 0 -0.980764 -0.195195
    outer loop
      vertex 4.525 26.4872 -9.80421
      vertex 14.25 26.4489 -9.61177
      vertex 4.525 26.4489 -9.61177
    endloop
  endfacet
  facet normal 0 -0.980764 -0.195195
    outer loop
      vertex 14.25 26.4489 -9.61177
      vertex 4.525 26.4872 -9.80421
      vertex 14.25 26.4872 -9.80421
    endloop
  endfacet
  facet normal 0 0.831485 -0.555547
    outer loop
      vertex -4.525 23.701 -9.25
      vertex -14.25 23.81 -9.08686
      vertex -4.525 23.81 -9.08686
    endloop
  endfacet
  facet normal 0 0.831485 -0.555547
    outer loop
      vertex -14.25 23.81 -9.08686
      vertex -4.525 23.701 -9.25
      vertex -14.25 23.701 -9.25
    endloop
  endfacet
  facet normal 0 0.831485 -0.555547
    outer loop
      vertex 14.25 23.701 -9.25
      vertex 4.525 23.81 -9.08686
      vertex 14.25 23.81 -9.08686
    endloop
  endfacet
  facet normal 0 0.831485 -0.555547
    outer loop
      vertex 4.525 23.81 -9.08686
      vertex 14.25 23.701 -9.25
      vertex 4.525 23.701 -9.25
    endloop
  endfacet
  facet normal 0 0.752021 -0.65914
    outer loop
      vertex -4.525 23.81 -9.08686
      vertex -14.25 23.9393 -8.93934
      vertex -4.525 23.9393 -8.93934
    endloop
  endfacet
  facet normal 0 0.752021 -0.65914
    outer loop
      vertex -14.25 23.9393 -8.93934
      vertex -4.525 23.81 -9.08686
      vertex -14.25 23.81 -9.08686
    endloop
  endfacet
  facet normal 0 0.752021 -0.65914
    outer loop
      vertex 14.25 23.81 -9.08686
      vertex 4.525 23.9393 -8.93934
      vertex 14.25 23.9393 -8.93934
    endloop
  endfacet
  facet normal 0 0.752021 -0.65914
    outer loop
      vertex 4.525 23.9393 -8.93934
      vertex 14.25 23.81 -9.08686
      vertex 4.525 23.81 -9.08686
    endloop
  endfacet
  facet normal -0 0.658937 0.752198
    outer loop
      vertex -14.25 24.0869 -11.19
      vertex -4.525 23.9393 -11.0607
      vertex -4.525 24.0869 -11.19
    endloop
  endfacet
  facet normal 0 0.658937 0.752198
    outer loop
      vertex -4.525 23.9393 -11.0607
      vertex -14.25 24.0869 -11.19
      vertex -14.25 23.9393 -11.0607
    endloop
  endfacet
  facet normal -0 0.658937 0.752198
    outer loop
      vertex 4.525 24.0869 -11.19
      vertex 14.25 23.9393 -11.0607
      vertex 14.25 24.0869 -11.19
    endloop
  endfacet
  facet normal 0 0.658937 0.752198
    outer loop
      vertex 14.25 23.9393 -11.0607
      vertex 4.525 24.0869 -11.19
      vertex 4.525 23.9393 -11.0607
    endloop
  endfacet
  facet normal 0 -0.831485 -0.555547
    outer loop
      vertex -14.25 26.299 -9.25
      vertex -4.525 26.19 -9.08686
      vertex -14.25 26.19 -9.08686
    endloop
  endfacet
  facet normal 0 -0.831485 -0.555547
    outer loop
      vertex -4.525 26.19 -9.08686
      vertex -14.25 26.299 -9.25
      vertex -4.525 26.299 -9.25
    endloop
  endfacet
  facet normal 0 -0.831485 -0.555547
    outer loop
      vertex 4.525 26.299 -9.25
      vertex 14.25 26.19 -9.08686
      vertex 4.525 26.19 -9.08686
    endloop
  endfacet
  facet normal 0 -0.831485 -0.555547
    outer loop
      vertex 14.25 26.19 -9.08686
      vertex 4.525 26.299 -9.25
      vertex 14.25 26.299 -9.25
    endloop
  endfacet
  facet normal 0 -0.321574 0.946885
    outer loop
      vertex -14.25 25.574 -11.3858
      vertex -4.525 25.3882 -11.4489
      vertex -4.525 25.574 -11.3858
    endloop
  endfacet
  facet normal 0 -0.321574 0.946885
    outer loop
      vertex -4.525 25.3882 -11.4489
      vertex -14.25 25.574 -11.3858
      vertex -14.25 25.3882 -11.4489
    endloop
  endfacet
  facet normal 0 -0.321574 0.946885
    outer loop
      vertex 4.525 25.574 -11.3858
      vertex 14.25 25.3882 -11.4489
      vertex 14.25 25.574 -11.3858
    endloop
  endfacet
  facet normal 0 -0.321574 0.946885
    outer loop
      vertex 14.25 25.3882 -11.4489
      vertex 4.525 25.574 -11.3858
      vertex 4.525 25.3882 -11.4489
    endloop
  endfacet
  facet normal 0 0.946885 0.321574
    outer loop
      vertex -4.525 23.6142 -10.574
      vertex -14.25 23.5511 -10.3882
      vertex -4.525 23.5511 -10.3882
    endloop
  endfacet
  facet normal 0 0.946885 0.321574
    outer loop
      vertex -14.25 23.5511 -10.3882
      vertex -4.525 23.6142 -10.574
      vertex -14.25 23.6142 -10.574
    endloop
  endfacet
  facet normal 0 0.946885 0.321574
    outer loop
      vertex 14.25 23.6142 -10.574
      vertex 4.525 23.5511 -10.3882
      vertex 14.25 23.5511 -10.3882
    endloop
  endfacet
  facet normal 0 0.946885 0.321574
    outer loop
      vertex 4.525 23.5511 -10.3882
      vertex 14.25 23.6142 -10.574
      vertex 4.525 23.6142 -10.574
    endloop
  endfacet
  facet normal 0 0.89686 0.442315
    outer loop
      vertex -4.525 23.701 -10.75
      vertex -14.25 23.6142 -10.574
      vertex -4.525 23.6142 -10.574
    endloop
  endfacet
  facet normal 0 0.89686 0.442315
    outer loop
      vertex -14.25 23.6142 -10.574
      vertex -4.525 23.701 -10.75
      vertex -14.25 23.701 -10.75
    endloop
  endfacet
  facet normal 0 0.89686 0.442315
    outer loop
      vertex 14.25 23.701 -10.75
      vertex 4.525 23.6142 -10.574
      vertex 14.25 23.6142 -10.574
    endloop
  endfacet
  facet normal 0 0.89686 0.442315
    outer loop
      vertex 4.525 23.6142 -10.574
      vertex 14.25 23.701 -10.75
      vertex 4.525 23.701 -10.75
    endloop
  endfacet
  facet normal -0 0.321574 0.946885
    outer loop
      vertex -14.25 24.6118 -11.4489
      vertex -4.525 24.426 -11.3858
      vertex -4.525 24.6118 -11.4489
    endloop
  endfacet
  facet normal 0 0.321574 0.946885
    outer loop
      vertex -4.525 24.426 -11.3858
      vertex -14.25 24.6118 -11.4489
      vertex -14.25 24.426 -11.3858
    endloop
  endfacet
  facet normal -0 0.321574 0.946885
    outer loop
      vertex 4.525 24.6118 -11.4489
      vertex 14.25 24.426 -11.3858
      vertex 14.25 24.6118 -11.4489
    endloop
  endfacet
  facet normal 0 0.321574 0.946885
    outer loop
      vertex 14.25 24.426 -11.3858
      vertex 4.525 24.6118 -11.4489
      vertex 4.525 24.426 -11.3858
    endloop
  endfacet
  facet normal 0 0.980764 -0.195195
    outer loop
      vertex -4.525 23.5128 -9.80421
      vertex -14.25 23.5511 -9.61177
      vertex -4.525 23.5511 -9.61177
    endloop
  endfacet
  facet normal 0 0.980764 -0.195195
    outer loop
      vertex -14.25 23.5511 -9.61177
      vertex -4.525 23.5128 -9.80421
      vertex -14.25 23.5128 -9.80421
    endloop
  endfacet
  facet normal 0 0.980764 -0.195195
    outer loop
      vertex 14.25 23.5128 -9.80421
      vertex 4.525 23.5511 -9.61177
      vertex 14.25 23.5511 -9.61177
    endloop
  endfacet
  facet normal 0 0.980764 -0.195195
    outer loop
      vertex 4.525 23.5511 -9.61177
      vertex 14.25 23.5128 -9.80421
      vertex 4.525 23.5128 -9.80421
    endloop
  endfacet
  facet normal 0 -0.99787 0.0652336
    outer loop
      vertex -14.25 26.4872 -10.1958
      vertex -4.525 26.5 -10
      vertex -14.25 26.5 -10
    endloop
  endfacet
  facet normal 0 -0.99787 0.0652336
    outer loop
      vertex -4.525 26.5 -10
      vertex -14.25 26.4872 -10.1958
      vertex -4.525 26.4872 -10.1958
    endloop
  endfacet
  facet normal 0 -0.99787 0.0652336
    outer loop
      vertex 4.525 26.4872 -10.1958
      vertex 14.25 26.5 -10
      vertex 4.525 26.5 -10
    endloop
  endfacet
  facet normal 0 -0.99787 0.0652336
    outer loop
      vertex 14.25 26.5 -10
      vertex 4.525 26.4872 -10.1958
      vertex 14.25 26.4872 -10.1958
    endloop
  endfacet
  facet normal 0 -0.980757 0.195234
    outer loop
      vertex -14.25 26.4489 -10.3882
      vertex -4.525 26.4872 -10.1958
      vertex -14.25 26.4872 -10.1958
    endloop
  endfacet
  facet normal 0 -0.980757 0.195234
    outer loop
      vertex -4.525 26.4872 -10.1958
      vertex -14.25 26.4489 -10.3882
      vertex -4.525 26.4489 -10.3882
    endloop
  endfacet
  facet normal 0 -0.980757 0.195234
    outer loop
      vertex 4.525 26.4489 -10.3882
      vertex 14.25 26.4872 -10.1958
      vertex 4.525 26.4872 -10.1958
    endloop
  endfacet
  facet normal 0 -0.980757 0.195234
    outer loop
      vertex 14.25 26.4872 -10.1958
      vertex 4.525 26.4489 -10.3882
      vertex 14.25 26.4489 -10.3882
    endloop
  endfacet
  facet normal 0 0.555676 -0.831399
    outer loop
      vertex -14.25 24.0869 -8.80997
      vertex -4.525 24.25 -8.70096
      vertex -4.525 24.0869 -8.80997
    endloop
  endfacet
  facet normal 0 0.555676 -0.831399
    outer loop
      vertex -4.525 24.25 -8.70096
      vertex -14.25 24.0869 -8.80997
      vertex -14.25 24.25 -8.70096
    endloop
  endfacet
  facet normal 0 0.555676 -0.831399
    outer loop
      vertex 4.525 24.0869 -8.80997
      vertex 14.25 24.25 -8.70096
      vertex 14.25 24.0869 -8.80997
    endloop
  endfacet
  facet normal 0 0.555676 -0.831399
    outer loop
      vertex 14.25 24.25 -8.70096
      vertex 4.525 24.0869 -8.80997
      vertex 4.525 24.25 -8.70096
    endloop
  endfacet
  facet normal 0 0.659139 -0.752021
    outer loop
      vertex -14.25 23.9393 -8.93934
      vertex -4.525 24.0869 -8.80997
      vertex -4.525 23.9393 -8.93934
    endloop
  endfacet
  facet normal 0 0.659139 -0.752021
    outer loop
      vertex -4.525 24.0869 -8.80997
      vertex -14.25 23.9393 -8.93934
      vertex -14.25 24.0869 -8.80997
    endloop
  endfacet
  facet normal 0 0.659139 -0.752021
    outer loop
      vertex 4.525 23.9393 -8.93934
      vertex 14.25 24.0869 -8.80997
      vertex 14.25 23.9393 -8.93934
    endloop
  endfacet
  facet normal 0 0.659139 -0.752021
    outer loop
      vertex 14.25 24.0869 -8.80997
      vertex 4.525 23.9393 -8.93934
      vertex 4.525 24.0869 -8.80997
    endloop
  endfacet
  facet normal 0 -0.321437 -0.946931
    outer loop
      vertex -14.25 25.3882 -8.55111
      vertex -4.525 25.574 -8.61418
      vertex -4.525 25.3882 -8.55111
    endloop
  endfacet
  facet normal -0 -0.321437 -0.946931
    outer loop
      vertex -4.525 25.574 -8.61418
      vertex -14.25 25.3882 -8.55111
      vertex -14.25 25.574 -8.61418
    endloop
  endfacet
  facet normal 0 -0.321437 -0.946931
    outer loop
      vertex 4.525 25.3882 -8.55111
      vertex 14.25 25.574 -8.61418
      vertex 14.25 25.3882 -8.55111
    endloop
  endfacet
  facet normal -0 -0.321437 -0.946931
    outer loop
      vertex 14.25 25.574 -8.61418
      vertex 4.525 25.3882 -8.55111
      vertex 4.525 25.574 -8.61418
    endloop
  endfacet
  facet normal -0.980789 -0.195074 0
    outer loop
      vertex 2.72647 -4.64105 20.25
      vertex 2.6563 -4.28825 24.25
      vertex 2.6563 -4.28825 20.25
    endloop
  endfacet
  facet normal -0.980789 -0.195074 0
    outer loop
      vertex 2.6563 -4.28825 24.25
      vertex 2.72647 -4.64105 20.25
      vertex 2.72647 -4.64105 24.25
    endloop
  endfacet
  facet normal -0.997858 -0.0654119 0
    outer loop
      vertex 2.75 -5 20.25
      vertex 2.72647 -4.64105 24.25
      vertex 2.72647 -4.64105 20.25
    endloop
  endfacet
  facet normal -0.997858 -0.0654119 0
    outer loop
      vertex 2.72647 -4.64105 24.25
      vertex 2.75 -5 20.25
      vertex 2.75 -5 24.25
    endloop
  endfacet
  facet normal -0.946929 -0.321444 0
    outer loop
      vertex 2.6563 -4.28825 20.25
      vertex 2.54067 -3.94762 24.25
      vertex 2.54067 -3.94762 20.25
    endloop
  endfacet
  facet normal -0.946929 -0.321444 0
    outer loop
      vertex 2.54067 -3.94762 24.25
      vertex 2.6563 -4.28825 20.25
      vertex 2.6563 -4.28825 24.25
    endloop
  endfacet
  facet normal 0.321445 0.946928 -0
    outer loop
      vertex -0.711752 -7.6563 20.25
      vertex -1.05238 -7.54067 24.25
      vertex -0.711752 -7.6563 24.25
    endloop
  endfacet
  facet normal 0.321445 0.946928 0
    outer loop
      vertex -1.05238 -7.54067 24.25
      vertex -0.711752 -7.6563 20.25
      vertex -1.05238 -7.54067 20.25
    endloop
  endfacet
  facet normal 0.896871 -0.442292 0
    outer loop
      vertex -2.54067 -3.94762 24.25
      vertex -2.38157 -3.625 20.25
      vertex -2.38157 -3.625 24.25
    endloop
  endfacet
  facet normal 0.896871 -0.442292 0
    outer loop
      vertex -2.38157 -3.625 20.25
      vertex -2.54067 -3.94762 24.25
      vertex -2.54067 -3.94762 20.25
    endloop
  endfacet
  facet normal 0.555579 0.831464 -0
    outer loop
      vertex -1.375 -7.38157 20.25
      vertex -1.67409 -7.18172 24.25
      vertex -1.375 -7.38157 24.25
    endloop
  endfacet
  facet normal 0.555579 0.831464 0
    outer loop
      vertex -1.67409 -7.18172 24.25
      vertex -1.375 -7.38157 20.25
      vertex -1.67409 -7.18172 20.25
    endloop
  endfacet
  facet normal 0.997858 -0.0654119 0
    outer loop
      vertex -2.75 -5 24.25
      vertex -2.72647 -4.64105 20.25
      vertex -2.72647 -4.64105 24.25
    endloop
  endfacet
  facet normal 0.997858 -0.0654119 0
    outer loop
      vertex -2.72647 -4.64105 20.25
      vertex -2.75 -5 24.25
      vertex -2.75 -5 20.25
    endloop
  endfacet
  facet normal -0.0654125 0.997858 0
    outer loop
      vertex 0.358947 -7.72647 20.25
      vertex 0 -7.75 24.25
      vertex 0.358947 -7.72647 24.25
    endloop
  endfacet
  facet normal -0.0654125 0.997858 0
    outer loop
      vertex 0 -7.75 24.25
      vertex 0.358947 -7.72647 20.25
      vertex 0 -7.75 20.25
    endloop
  endfacet
  facet normal -0.946929 0.321444 0
    outer loop
      vertex 2.54067 -6.05238 20.25
      vertex 2.6563 -5.71175 24.25
      vertex 2.6563 -5.71175 20.25
    endloop
  endfacet
  facet normal -0.946929 0.321444 0
    outer loop
      vertex 2.6563 -5.71175 24.25
      vertex 2.54067 -6.05238 20.25
      vertex 2.54067 -6.05238 24.25
    endloop
  endfacet
  facet normal -0.321445 -0.946928 0
    outer loop
      vertex 0.711752 -2.3437 20.25
      vertex 1.05238 -2.45933 24.25
      vertex 0.711752 -2.3437 24.25
    endloop
  endfacet
  facet normal -0.321445 -0.946928 -0
    outer loop
      vertex 1.05238 -2.45933 24.25
      vertex 0.711752 -2.3437 20.25
      vertex 1.05238 -2.45933 20.25
    endloop
  endfacet
  facet normal -0.321445 0.946928 0
    outer loop
      vertex 1.05238 -7.54067 20.25
      vertex 0.711752 -7.6563 24.25
      vertex 1.05238 -7.54067 24.25
    endloop
  endfacet
  facet normal -0.321445 0.946928 0
    outer loop
      vertex 0.711752 -7.6563 24.25
      vertex 1.05238 -7.54067 20.25
      vertex 0.711752 -7.6563 20.25
    endloop
  endfacet
  facet normal 0.946929 -0.321444 0
    outer loop
      vertex -2.6563 -4.28825 24.25
      vertex -2.54067 -3.94762 20.25
      vertex -2.54067 -3.94762 24.25
    endloop
  endfacet
  facet normal 0.946929 -0.321444 0
    outer loop
      vertex -2.54067 -3.94762 20.25
      vertex -2.6563 -4.28825 24.25
      vertex -2.6563 -4.28825 20.25
    endloop
  endfacet
  facet normal -0.896871 -0.442292 0
    outer loop
      vertex 2.54067 -3.94762 20.25
      vertex 2.38157 -3.625 24.25
      vertex 2.38157 -3.625 20.25
    endloop
  endfacet
  facet normal -0.896871 -0.442292 0
    outer loop
      vertex 2.38157 -3.625 24.25
      vertex 2.54067 -3.94762 20.25
      vertex 2.54067 -3.94762 24.25
    endloop
  endfacet
  facet normal 0.980789 -0.195074 0
    outer loop
      vertex -2.72647 -4.64105 24.25
      vertex -2.6563 -4.28825 20.25
      vertex -2.6563 -4.28825 24.25
    endloop
  endfacet
  facet normal 0.980789 -0.195074 0
    outer loop
      vertex -2.6563 -4.28825 20.25
      vertex -2.72647 -4.64105 24.25
      vertex -2.72647 -4.64105 20.25
    endloop
  endfacet
  facet normal 0.831464 0.555579 0
    outer loop
      vertex -2.18172 -6.67409 24.25
      vertex -2.38157 -6.375 20.25
      vertex -2.38157 -6.375 24.25
    endloop
  endfacet
  facet normal 0.831464 0.555579 0
    outer loop
      vertex -2.38157 -6.375 20.25
      vertex -2.18172 -6.67409 24.25
      vertex -2.18172 -6.67409 20.25
    endloop
  endfacet
  facet normal -0.896871 0.442292 0
    outer loop
      vertex 2.38157 -6.375 20.25
      vertex 2.54067 -6.05238 24.25
      vertex 2.54067 -6.05238 20.25
    endloop
  endfacet
  facet normal -0.896871 0.442292 0
    outer loop
      vertex 2.54067 -6.05238 24.25
      vertex 2.38157 -6.375 20.25
      vertex 2.38157 -6.375 24.25
    endloop
  endfacet
  facet normal 0.442292 -0.896871 0
    outer loop
      vertex -1.375 -2.61843 20.25
      vertex -1.05238 -2.45933 24.25
      vertex -1.375 -2.61843 24.25
    endloop
  endfacet
  facet normal 0.442292 -0.896871 0
    outer loop
      vertex -1.05238 -2.45933 24.25
      vertex -1.375 -2.61843 20.25
      vertex -1.05238 -2.45933 20.25
    endloop
  endfacet
  facet normal -0.980789 0.195074 0
    outer loop
      vertex 2.6563 -5.71175 20.25
      vertex 2.72647 -5.35895 24.25
      vertex 2.72647 -5.35895 20.25
    endloop
  endfacet
  facet normal -0.980789 0.195074 0
    outer loop
      vertex 2.72647 -5.35895 24.25
      vertex 2.6563 -5.71175 20.25
      vertex 2.6563 -5.71175 24.25
    endloop
  endfacet
  facet normal -0.0654125 -0.997858 0
    outer loop
      vertex 0 -2.25 20.25
      vertex 0.358947 -2.27353 24.25
      vertex 0 -2.25 24.25
    endloop
  endfacet
  facet normal -0.0654125 -0.997858 -0
    outer loop
      vertex 0.358947 -2.27353 24.25
      vertex 0 -2.25 20.25
      vertex 0.358947 -2.27353 20.25
    endloop
  endfacet
  facet normal -0.442292 -0.896871 0
    outer loop
      vertex 1.05238 -2.45933 20.25
      vertex 1.375 -2.61843 24.25
      vertex 1.05238 -2.45933 24.25
    endloop
  endfacet
  facet normal -0.442292 -0.896871 -0
    outer loop
      vertex 1.375 -2.61843 24.25
      vertex 1.05238 -2.45933 20.25
      vertex 1.375 -2.61843 20.25
    endloop
  endfacet
  facet normal -0.195071 0.980789 0
    outer loop
      vertex 0.711752 -7.6563 20.25
      vertex 0.358947 -7.72647 24.25
      vertex 0.711752 -7.6563 24.25
    endloop
  endfacet
  facet normal -0.195071 0.980789 0
    outer loop
      vertex 0.358947 -7.72647 24.25
      vertex 0.711752 -7.6563 20.25
      vertex 0.358947 -7.72647 20.25
    endloop
  endfacet
  facet normal -0.751837 0.659349 0
    outer loop
      vertex 1.94454 -6.94454 20.25
      vertex 2.18172 -6.67409 24.25
      vertex 2.18172 -6.67409 20.25
    endloop
  endfacet
  facet normal -0.751837 0.659349 0
    outer loop
      vertex 2.18172 -6.67409 24.25
      vertex 1.94454 -6.94454 20.25
      vertex 1.94454 -6.94454 24.25
    endloop
  endfacet
  facet normal 0.442292 0.896871 -0
    outer loop
      vertex -1.05238 -7.54067 20.25
      vertex -1.375 -7.38157 24.25
      vertex -1.05238 -7.54067 24.25
    endloop
  endfacet
  facet normal 0.442292 0.896871 0
    outer loop
      vertex -1.375 -7.38157 24.25
      vertex -1.05238 -7.54067 20.25
      vertex -1.375 -7.38157 20.25
    endloop
  endfacet
  facet normal -0.659349 -0.751837 0
    outer loop
      vertex 1.67409 -2.81828 20.25
      vertex 1.94454 -3.05546 24.25
      vertex 1.67409 -2.81828 24.25
    endloop
  endfacet
  facet normal -0.659349 -0.751837 -0
    outer loop
      vertex 1.94454 -3.05546 24.25
      vertex 1.67409 -2.81828 20.25
      vertex 1.94454 -3.05546 20.25
    endloop
  endfacet
  facet normal -0.997858 0.0654119 0
    outer loop
      vertex 2.72647 -5.35895 20.25
      vertex 2.75 -5 24.25
      vertex 2.75 -5 20.25
    endloop
  endfacet
  facet normal -0.997858 0.0654119 0
    outer loop
      vertex 2.75 -5 24.25
      vertex 2.72647 -5.35895 20.25
      vertex 2.72647 -5.35895 24.25
    endloop
  endfacet
  facet normal -0.555579 -0.831464 0
    outer loop
      vertex 1.375 -2.61843 20.25
      vertex 1.67409 -2.81828 24.25
      vertex 1.375 -2.61843 24.25
    endloop
  endfacet
  facet normal -0.555579 -0.831464 -0
    outer loop
      vertex 1.67409 -2.81828 24.25
      vertex 1.375 -2.61843 20.25
      vertex 1.67409 -2.81828 20.25
    endloop
  endfacet
  facet normal -0.195071 -0.980789 0
    outer loop
      vertex 0.358947 -2.27353 20.25
      vertex 0.711752 -2.3437 24.25
      vertex 0.358947 -2.27353 24.25
    endloop
  endfacet
  facet normal -0.195071 -0.980789 -0
    outer loop
      vertex 0.711752 -2.3437 24.25
      vertex 0.358947 -2.27353 20.25
      vertex 0.711752 -2.3437 20.25
    endloop
  endfacet
  facet normal 0.980789 0.195074 0
    outer loop
      vertex -2.6563 -5.71175 24.25
      vertex -2.72647 -5.35895 20.25
      vertex -2.72647 -5.35895 24.25
    endloop
  endfacet
  facet normal 0.980789 0.195074 0
    outer loop
      vertex -2.72647 -5.35895 20.25
      vertex -2.6563 -5.71175 24.25
      vertex -2.6563 -5.71175 20.25
    endloop
  endfacet
  facet normal 0.195071 0.980789 -0
    outer loop
      vertex -0.358947 -7.72647 20.25
      vertex -0.711752 -7.6563 24.25
      vertex -0.358947 -7.72647 24.25
    endloop
  endfacet
  facet normal 0.195071 0.980789 0
    outer loop
      vertex -0.711752 -7.6563 24.25
      vertex -0.358947 -7.72647 20.25
      vertex -0.711752 -7.6563 20.25
    endloop
  endfacet
  facet normal 0.0654125 0.997858 -0
    outer loop
      vertex 0 -7.75 20.25
      vertex -0.358947 -7.72647 24.25
      vertex 0 -7.75 24.25
    endloop
  endfacet
  facet normal 0.0654125 0.997858 0
    outer loop
      vertex -0.358947 -7.72647 24.25
      vertex 0 -7.75 20.25
      vertex -0.358947 -7.72647 20.25
    endloop
  endfacet
  facet normal 0.321445 -0.946928 0
    outer loop
      vertex -1.05238 -2.45933 20.25
      vertex -0.711752 -2.3437 24.25
      vertex -1.05238 -2.45933 24.25
    endloop
  endfacet
  facet normal 0.321445 -0.946928 0
    outer loop
      vertex -0.711752 -2.3437 24.25
      vertex -1.05238 -2.45933 20.25
      vertex -0.711752 -2.3437 20.25
    endloop
  endfacet
  facet normal 0.195071 -0.980789 0
    outer loop
      vertex -0.711752 -2.3437 20.25
      vertex -0.358947 -2.27353 24.25
      vertex -0.711752 -2.3437 24.25
    endloop
  endfacet
  facet normal 0.195071 -0.980789 0
    outer loop
      vertex -0.358947 -2.27353 24.25
      vertex -0.711752 -2.3437 20.25
      vertex -0.358947 -2.27353 20.25
    endloop
  endfacet
  facet normal 0.896871 0.442292 0
    outer loop
      vertex -2.38157 -6.375 24.25
      vertex -2.54067 -6.05238 20.25
      vertex -2.54067 -6.05238 24.25
    endloop
  endfacet
  facet normal 0.896871 0.442292 0
    outer loop
      vertex -2.54067 -6.05238 20.25
      vertex -2.38157 -6.375 24.25
      vertex -2.38157 -6.375 20.25
    endloop
  endfacet
  facet normal 0.831464 -0.555579 0
    outer loop
      vertex -2.38157 -3.625 24.25
      vertex -2.18172 -3.32591 20.25
      vertex -2.18172 -3.32591 24.25
    endloop
  endfacet
  facet normal 0.831464 -0.555579 0
    outer loop
      vertex -2.18172 -3.32591 20.25
      vertex -2.38157 -3.625 24.25
      vertex -2.38157 -3.625 20.25
    endloop
  endfacet
  facet normal 0.946929 0.321444 0
    outer loop
      vertex -2.54067 -6.05238 24.25
      vertex -2.6563 -5.71175 20.25
      vertex -2.6563 -5.71175 24.25
    endloop
  endfacet
  facet normal 0.946929 0.321444 0
    outer loop
      vertex -2.6563 -5.71175 20.25
      vertex -2.54067 -6.05238 24.25
      vertex -2.54067 -6.05238 20.25
    endloop
  endfacet
  facet normal 0.751837 -0.659349 0
    outer loop
      vertex -2.18172 -3.32591 24.25
      vertex -1.94454 -3.05546 20.25
      vertex -1.94454 -3.05546 24.25
    endloop
  endfacet
  facet normal 0.751837 -0.659349 0
    outer loop
      vertex -1.94454 -3.05546 20.25
      vertex -2.18172 -3.32591 24.25
      vertex -2.18172 -3.32591 20.25
    endloop
  endfacet
  facet normal 0.751837 0.659349 0
    outer loop
      vertex -1.94454 -6.94454 24.25
      vertex -2.18172 -6.67409 20.25
      vertex -2.18172 -6.67409 24.25
    endloop
  endfacet
  facet normal 0.751837 0.659349 0
    outer loop
      vertex -2.18172 -6.67409 20.25
      vertex -1.94454 -6.94454 24.25
      vertex -1.94454 -6.94454 20.25
    endloop
  endfacet
  facet normal -0.831464 0.555579 0
    outer loop
      vertex 2.18172 -6.67409 20.25
      vertex 2.38157 -6.375 24.25
      vertex 2.38157 -6.375 20.25
    endloop
  endfacet
  facet normal -0.831464 0.555579 0
    outer loop
      vertex 2.38157 -6.375 24.25
      vertex 2.18172 -6.67409 20.25
      vertex 2.18172 -6.67409 24.25
    endloop
  endfacet
  facet normal -0.442292 0.896871 0
    outer loop
      vertex 1.375 -7.38157 20.25
      vertex 1.05238 -7.54067 24.25
      vertex 1.375 -7.38157 24.25
    endloop
  endfacet
  facet normal -0.442292 0.896871 0
    outer loop
      vertex 1.05238 -7.54067 24.25
      vertex 1.375 -7.38157 20.25
      vertex 1.05238 -7.54067 20.25
    endloop
  endfacet
  facet normal 0.555579 -0.831464 0
    outer loop
      vertex -1.67409 -2.81828 20.25
      vertex -1.375 -2.61843 24.25
      vertex -1.67409 -2.81828 24.25
    endloop
  endfacet
  facet normal 0.555579 -0.831464 0
    outer loop
      vertex -1.375 -2.61843 24.25
      vertex -1.67409 -2.81828 20.25
      vertex -1.375 -2.61843 20.25
    endloop
  endfacet
  facet normal 0.659349 -0.751837 0
    outer loop
      vertex -1.94454 -3.05546 20.25
      vertex -1.67409 -2.81828 24.25
      vertex -1.94454 -3.05546 24.25
    endloop
  endfacet
  facet normal 0.659349 -0.751837 0
    outer loop
      vertex -1.67409 -2.81828 24.25
      vertex -1.94454 -3.05546 20.25
      vertex -1.67409 -2.81828 20.25
    endloop
  endfacet
  facet normal -0.751837 -0.659349 0
    outer loop
      vertex 2.18172 -3.32591 20.25
      vertex 1.94454 -3.05546 24.25
      vertex 1.94454 -3.05546 20.25
    endloop
  endfacet
  facet normal -0.751837 -0.659349 0
    outer loop
      vertex 1.94454 -3.05546 24.25
      vertex 2.18172 -3.32591 20.25
      vertex 2.18172 -3.32591 24.25
    endloop
  endfacet
  facet normal -0.831464 -0.555579 0
    outer loop
      vertex 2.38157 -3.625 20.25
      vertex 2.18172 -3.32591 24.25
      vertex 2.18172 -3.32591 20.25
    endloop
  endfacet
  facet normal -0.831464 -0.555579 0
    outer loop
      vertex 2.18172 -3.32591 24.25
      vertex 2.38157 -3.625 20.25
      vertex 2.38157 -3.625 24.25
    endloop
  endfacet
  facet normal 0.997858 0.0654119 0
    outer loop
      vertex -2.72647 -5.35895 24.25
      vertex -2.75 -5 20.25
      vertex -2.75 -5 24.25
    endloop
  endfacet
  facet normal 0.997858 0.0654119 0
    outer loop
      vertex -2.75 -5 20.25
      vertex -2.72647 -5.35895 24.25
      vertex -2.72647 -5.35895 20.25
    endloop
  endfacet
  facet normal -0.659349 0.751837 0
    outer loop
      vertex 1.94454 -6.94454 20.25
      vertex 1.67409 -7.18172 24.25
      vertex 1.94454 -6.94454 24.25
    endloop
  endfacet
  facet normal -0.659349 0.751837 0
    outer loop
      vertex 1.67409 -7.18172 24.25
      vertex 1.94454 -6.94454 20.25
      vertex 1.67409 -7.18172 20.25
    endloop
  endfacet
  facet normal 0.0654125 -0.997858 0
    outer loop
      vertex -0.358947 -2.27353 20.25
      vertex 0 -2.25 24.25
      vertex -0.358947 -2.27353 24.25
    endloop
  endfacet
  facet normal 0.0654125 -0.997858 0
    outer loop
      vertex 0 -2.25 24.25
      vertex -0.358947 -2.27353 20.25
      vertex 0 -2.25 20.25
    endloop
  endfacet
  facet normal 0.659349 0.751837 -0
    outer loop
      vertex -1.67409 -7.18172 20.25
      vertex -1.94454 -6.94454 24.25
      vertex -1.67409 -7.18172 24.25
    endloop
  endfacet
  facet normal 0.659349 0.751837 0
    outer loop
      vertex -1.94454 -6.94454 24.25
      vertex -1.67409 -7.18172 20.25
      vertex -1.94454 -6.94454 20.25
    endloop
  endfacet
  facet normal -0.555579 0.831464 0
    outer loop
      vertex 1.67409 -7.18172 20.25
      vertex 1.375 -7.38157 24.25
      vertex 1.67409 -7.18172 24.25
    endloop
  endfacet
  facet normal -0.555579 0.831464 0
    outer loop
      vertex 1.375 -7.38157 24.25
      vertex 1.67409 -7.18172 20.25
      vertex 1.375 -7.38157 20.25
    endloop
  endfacet
endsolid OpenSCAD_Model
