solid OpenSCAD_Model
  facet normal 0.500104 0 0.865965
    outer loop
      vertex -10.4317 34 38.5
      vertex -10.7065 31.9424 38.6587
      vertex -10.4317 31.9736 38.5
    endloop
  endfacet
  facet normal 0.499854 4.45223e-05 0.866109
    outer loop
      vertex -10.4317 34 38.5
      vertex -11.1939 31.7716 38.94
      vertex -10.7065 31.9424 38.6587
    endloop
  endfacet
  facet normal 0.499986 -1.54393e-05 0.866034
    outer loop
      vertex -13.2308 34 40.116
      vertex -11.1939 31.7716 38.94
      vertex -10.4317 34 38.5
    endloop
  endfacet
  facet normal 0.50005 6.23158e-05 0.865997
    outer loop
      vertex -11.1939 31.7716 38.94
      vertex -13.2308 34 40.116
      vertex -11.6431 31.4944 39.1994
    endloop
  endfacet
  facet normal 0.499988 1.03069e-05 0.866032
    outer loop
      vertex -11.6431 31.4944 39.1994
      vertex -13.2308 34 40.116
      vertex -12.0368 31.1213 39.4267
    endloop
  endfacet
  facet normal 0.499924 0 0.866069
    outer loop
      vertex -12.7977 29 39.866
      vertex -13.2308 34 40.116
      vertex -12.7977 -29 39.866
    endloop
  endfacet
  facet normal 0.499899 -2.9616e-06 0.866084
    outer loop
      vertex -12.7478 29.5853 39.8372
      vertex -13.2308 34 40.116
      vertex -12.7977 29 39.866
    endloop
  endfacet
  facet normal 0.500186 3.89359e-05 0.865918
    outer loop
      vertex -12.6 30.148 39.7518
      vertex -13.2308 34 40.116
      vertex -12.7478 29.5853 39.8372
    endloop
  endfacet
  facet normal 0.499958 -1.0749e-05 0.866049
    outer loop
      vertex -12.3599 30.6667 39.6132
      vertex -13.2308 34 40.116
      vertex -12.6 30.148 39.7518
    endloop
  endfacet
  facet normal 0.499936 -1.8716e-05 0.866063
    outer loop
      vertex -12.0368 31.1213 39.4267
      vertex -13.2308 34 40.116
      vertex -12.3599 30.6667 39.6132
    endloop
  endfacet
  facet normal 0.500104 0 0.865965
    outer loop
      vertex -10.7065 26.0576 38.6587
      vertex -10.4317 -26.0264 38.5
      vertex -10.4317 26.0264 38.5
    endloop
  endfacet
  facet normal 0.500104 0 0.865965
    outer loop
      vertex -10.7065 26.0576 38.6587
      vertex -10.7065 -26.0576 38.6587
      vertex -10.4317 -26.0264 38.5
    endloop
  endfacet
  facet normal 0.499866 0 0.866103
    outer loop
      vertex -11.1939 26.2284 38.94
      vertex -10.7065 -26.0576 38.6587
      vertex -10.7065 26.0576 38.6587
    endloop
  endfacet
  facet normal 0.499866 0 0.866103
    outer loop
      vertex -11.1939 26.2284 38.94
      vertex -11.1939 -26.2284 38.94
      vertex -10.7065 -26.0576 38.6587
    endloop
  endfacet
  facet normal 0.500078 0 0.86598
    outer loop
      vertex -11.6431 26.5056 39.1994
      vertex -11.1939 -26.2284 38.94
      vertex -11.1939 26.2284 38.94
    endloop
  endfacet
  facet normal 0.500078 0 0.86598
    outer loop
      vertex -11.6431 26.5056 39.1994
      vertex -11.6431 -26.5056 39.1994
      vertex -11.1939 -26.2284 38.94
    endloop
  endfacet
  facet normal 0.499995 0 0.866028
    outer loop
      vertex -12.0368 26.8787 39.4267
      vertex -11.6431 -26.5056 39.1994
      vertex -11.6431 26.5056 39.1994
    endloop
  endfacet
  facet normal 0.499995 0 0.866028
    outer loop
      vertex -12.0368 26.8787 39.4267
      vertex -12.0368 -26.8787 39.4267
      vertex -11.6431 -26.5056 39.1994
    endloop
  endfacet
  facet normal 0.499916 0 0.866074
    outer loop
      vertex -12.3599 27.3333 39.6132
      vertex -12.0368 -26.8787 39.4267
      vertex -12.0368 26.8787 39.4267
    endloop
  endfacet
  facet normal 0.499916 0 0.866074
    outer loop
      vertex -12.3599 27.3333 39.6132
      vertex -12.3599 -27.3333 39.6132
      vertex -12.0368 -26.8787 39.4267
    endloop
  endfacet
  facet normal 0.499941 0 0.866059
    outer loop
      vertex -12.6 27.8519 39.7518
      vertex -12.3599 -27.3333 39.6132
      vertex -12.3599 27.3333 39.6132
    endloop
  endfacet
  facet normal 0.499941 0 0.866059
    outer loop
      vertex -12.6 27.8519 39.7518
      vertex -12.6 -27.8519 39.7518
      vertex -12.3599 -27.3333 39.6132
    endloop
  endfacet
  facet normal 0.500297 0 0.865854
    outer loop
      vertex -12.7478 28.4147 39.8372
      vertex -12.6 -27.8519 39.7518
      vertex -12.6 27.8519 39.7518
    endloop
  endfacet
  facet normal 0.500297 0 0.865854
    outer loop
      vertex -12.7478 28.4147 39.8372
      vertex -12.7478 -28.4147 39.8372
      vertex -12.6 -27.8519 39.7518
    endloop
  endfacet
  facet normal 0.499873 0 0.866099
    outer loop
      vertex -12.7977 29 39.866
      vertex -12.7478 -28.4147 39.8372
      vertex -12.7478 28.4147 39.8372
    endloop
  endfacet
  facet normal 0.499873 0 0.866099
    outer loop
      vertex -12.7478 -28.4147 39.8372
      vertex -12.7977 29 39.866
      vertex -12.7977 -29 39.866
    endloop
  endfacet
  facet normal 0.500104 0 0.865965
    outer loop
      vertex -10.7065 -31.9424 38.6587
      vertex -10.4317 -34 38.5
      vertex -10.4317 -31.9736 38.5
    endloop
  endfacet
  facet normal 0.499854 -4.45223e-05 0.866109
    outer loop
      vertex -11.1939 -31.7716 38.94
      vertex -10.4317 -34 38.5
      vertex -10.7065 -31.9424 38.6587
    endloop
  endfacet
  facet normal 0.50005 -6.23158e-05 0.865997
    outer loop
      vertex -13.2308 -34 40.116
      vertex -11.1939 -31.7716 38.94
      vertex -11.6431 -31.4944 39.1994
    endloop
  endfacet
  facet normal 0.499988 -1.03069e-05 0.866032
    outer loop
      vertex -13.2308 -34 40.116
      vertex -11.6431 -31.4944 39.1994
      vertex -12.0368 -31.1213 39.4267
    endloop
  endfacet
  facet normal 0.499936 1.8716e-05 0.866063
    outer loop
      vertex -13.2308 -34 40.116
      vertex -12.0368 -31.1213 39.4267
      vertex -12.3599 -30.6667 39.6132
    endloop
  endfacet
  facet normal 0.499986 1.54393e-05 0.866034
    outer loop
      vertex -11.1939 -31.7716 38.94
      vertex -13.2308 -34 40.116
      vertex -10.4317 -34 38.5
    endloop
  endfacet
  facet normal 0.499958 1.0749e-05 0.866049
    outer loop
      vertex -12.6 -30.148 39.7518
      vertex -13.2308 -34 40.116
      vertex -12.3599 -30.6667 39.6132
    endloop
  endfacet
  facet normal 0.500186 -3.89359e-05 0.865918
    outer loop
      vertex -12.7478 -29.5853 39.8372
      vertex -13.2308 -34 40.116
      vertex -12.6 -30.148 39.7518
    endloop
  endfacet
  facet normal 0.499899 2.9616e-06 0.866084
    outer loop
      vertex -12.7977 -29 39.866
      vertex -13.2308 -34 40.116
      vertex -12.7478 -29.5853 39.8372
    endloop
  endfacet
  facet normal 0.499924 -0 0.866069
    outer loop
      vertex -13.2308 -34 40.116
      vertex -12.7977 -29 39.866
      vertex -13.2308 34 40.116
    endloop
  endfacet
  facet normal -0.500045 0 -0.865999
    outer loop
      vertex -12.4317 -34 35.0359
      vertex -12.5247 -30.4006 35.0896
      vertex -12.4317 -30.4147 35.0359
    endloop
  endfacet
  facet normal -0.499952 3.18608e-06 -0.866053
    outer loop
      vertex -12.4317 -34 35.0359
      vertex -12.8275 -30.2557 35.2644
      vertex -12.5247 -30.4006 35.0896
    endloop
  endfacet
  facet normal -0.499986 -1.52455e-06 -0.866034
    outer loop
      vertex -15.2308 -34 36.6519
      vertex -12.8275 -30.2557 35.2644
      vertex -12.4317 -34 35.0359
    endloop
  endfacet
  facet normal -0.500045 4.9269e-05 -0.865999
    outer loop
      vertex -12.8275 -30.2557 35.2644
      vertex -15.2308 -34 36.6519
      vertex -13.0876 -30.0253 35.4146
    endloop
  endfacet
  facet normal -0.499919 -4.12498e-05 -0.866072
    outer loop
      vertex -13.0876 -30.0253 35.4146
      vertex -15.2308 -34 36.6519
      vertex -13.2872 -29.725 35.5298
    endloop
  endfacet
  facet normal -0.499986 -0 -0.866033
    outer loop
      vertex -15.2308 34 36.6519
      vertex -13.4126 28.6247 35.6022
      vertex -15.2308 -34 36.6519
    endloop
  endfacet
  facet normal -0.499953 -1.73347e-05 -0.866052
    outer loop
      vertex -13.4126 -29.3753 35.6022
      vertex -15.2308 -34 36.6519
      vertex -13.4554 -29 35.6269
    endloop
  endfacet
  facet normal -0.499994 3.77537e-06 -0.866029
    outer loop
      vertex -13.2872 -29.725 35.5298
      vertex -15.2308 -34 36.6519
      vertex -13.4126 -29.3753 35.6022
    endloop
  endfacet
  facet normal -0.500045 0 -0.865999
    outer loop
      vertex -12.5247 -27.5994 35.0896
      vertex -12.4317 27.5853 35.0359
      vertex -12.4317 -27.5853 35.0359
    endloop
  endfacet
  facet normal -0.500045 0 -0.865999
    outer loop
      vertex -12.5247 -27.5994 35.0896
      vertex -12.5247 27.5994 35.0896
      vertex -12.4317 27.5853 35.0359
    endloop
  endfacet
  facet normal -0.499954 0 -0.866052
    outer loop
      vertex -12.8275 -27.7443 35.2644
      vertex -12.5247 27.5994 35.0896
      vertex -12.5247 -27.5994 35.0896
    endloop
  endfacet
  facet normal -0.499954 0 -0.866052
    outer loop
      vertex -12.8275 -27.7443 35.2644
      vertex -12.8275 27.7443 35.2644
      vertex -12.5247 27.5994 35.0896
    endloop
  endfacet
  facet normal -0.500078 0 -0.86598
    outer loop
      vertex -13.0876 -27.9747 35.4146
      vertex -12.8275 27.7443 35.2644
      vertex -12.8275 -27.7443 35.2644
    endloop
  endfacet
  facet normal -0.500078 0 -0.86598
    outer loop
      vertex -13.0876 -27.9747 35.4146
      vertex -13.0876 27.9747 35.4146
      vertex -12.8275 27.7443 35.2644
    endloop
  endfacet
  facet normal -0.499873 0 -0.866099
    outer loop
      vertex -13.2872 -28.275 35.5298
      vertex -13.0876 27.9747 35.4146
      vertex -13.0876 -27.9747 35.4146
    endloop
  endfacet
  facet normal -0.499873 0 -0.866099
    outer loop
      vertex -13.2872 -28.275 35.5298
      vertex -13.2872 28.275 35.5298
      vertex -13.0876 27.9747 35.4146
    endloop
  endfacet
  facet normal -0.500001 0 -0.866025
    outer loop
      vertex -13.4126 -28.6247 35.6022
      vertex -13.2872 28.275 35.5298
      vertex -13.2872 -28.275 35.5298
    endloop
  endfacet
  facet normal -0.500001 0 -0.866025
    outer loop
      vertex -13.4126 -28.6247 35.6022
      vertex -13.4126 28.6247 35.6022
      vertex -13.2872 28.275 35.5298
    endloop
  endfacet
  facet normal -0.500061 3.37353e-05 -0.86599
    outer loop
      vertex -15.2308 -34 36.6519
      vertex -13.4126 -28.6247 35.6022
      vertex -13.4554 -29 35.6269
    endloop
  endfacet
  facet normal -0.499986 0 -0.866033
    outer loop
      vertex -13.4126 -28.6247 35.6022
      vertex -15.2308 -34 36.6519
      vertex -13.4126 28.6247 35.6022
    endloop
  endfacet
  facet normal -0.500045 0 -0.865999
    outer loop
      vertex -12.5247 30.4006 35.0896
      vertex -12.4317 34 35.0359
      vertex -12.4317 30.4147 35.0359
    endloop
  endfacet
  facet normal -0.499952 -3.18608e-06 -0.866053
    outer loop
      vertex -12.8275 30.2557 35.2644
      vertex -12.4317 34 35.0359
      vertex -12.5247 30.4006 35.0896
    endloop
  endfacet
  facet normal -0.500045 -4.9269e-05 -0.865999
    outer loop
      vertex -15.2308 34 36.6519
      vertex -12.8275 30.2557 35.2644
      vertex -13.0876 30.0253 35.4146
    endloop
  endfacet
  facet normal -0.499919 4.12498e-05 -0.866072
    outer loop
      vertex -15.2308 34 36.6519
      vertex -13.0876 30.0253 35.4146
      vertex -13.2872 29.725 35.5298
    endloop
  endfacet
  facet normal -0.499994 -3.77537e-06 -0.866029
    outer loop
      vertex -15.2308 34 36.6519
      vertex -13.2872 29.725 35.5298
      vertex -13.4126 29.3753 35.6022
    endloop
  endfacet
  facet normal -0.499986 1.52455e-06 -0.866034
    outer loop
      vertex -12.8275 30.2557 35.2644
      vertex -15.2308 34 36.6519
      vertex -12.4317 34 35.0359
    endloop
  endfacet
  facet normal -0.499953 1.73347e-05 -0.866052
    outer loop
      vertex -13.4554 29 35.6269
      vertex -15.2308 34 36.6519
      vertex -13.4126 29.3753 35.6022
    endloop
  endfacet
  facet normal -0.500061 -3.37353e-05 -0.86599
    outer loop
      vertex -13.4126 28.6247 35.6022
      vertex -15.2308 34 36.6519
      vertex -13.4554 29 35.6269
    endloop
  endfacet
  facet normal -0.866025 0 0.5
    outer loop
      vertex -15.2308 -34 36.6519
      vertex -13.2308 34 40.116
      vertex -15.2308 34 36.6519
    endloop
  endfacet
  facet normal -0.866025 0 0.5
    outer loop
      vertex -13.2308 34 40.116
      vertex -15.2308 -34 36.6519
      vertex -13.2308 -34 40.116
    endloop
  endfacet
  facet normal 0 1 0
    outer loop
      vertex -10.4317 34 38.5
      vertex -15.2308 34 36.6519
      vertex -13.2308 34 40.116
    endloop
  endfacet
  facet normal 0 1 0
    outer loop
      vertex -10.4317 34 38.5
      vertex -12.4317 34 35.0359
      vertex -15.2308 34 36.6519
    endloop
  endfacet
  facet normal 0 1 -0
    outer loop
      vertex 10.25 34 20.25
      vertex -10.4317 34 38.5
      vertex 14.25 34 24.25
    endloop
  endfacet
  facet normal 0 1 0
    outer loop
      vertex -10.4317 34 38.5
      vertex 10.25 34 20.25
      vertex -12.4317 34 35.0359
    endloop
  endfacet
  facet normal 0 1 0
    outer loop
      vertex 10.25 34 20.25
      vertex 14.25 34 24.25
      vertex 14.25 34 20.25
    endloop
  endfacet
  facet normal 0 1 0
    outer loop
      vertex -12.4317 34 35.0359
      vertex 10.25 34 20.25
      vertex -14.25 34 24.25
    endloop
  endfacet
  facet normal 0 1 0
    outer loop
      vertex -14.25 34 24.25
      vertex 10.25 34 20.25
      vertex -14.25 34 20.25
    endloop
  endfacet
  facet normal 0 -1 0
    outer loop
      vertex -15.2308 -34 36.6519
      vertex -10.4317 -34 38.5
      vertex -13.2308 -34 40.116
    endloop
  endfacet
  facet normal 0 -1 0
    outer loop
      vertex -12.4317 -34 35.0359
      vertex -10.4317 -34 38.5
      vertex -15.2308 -34 36.6519
    endloop
  endfacet
  facet normal 0 -1 0
    outer loop
      vertex 10.25 -34 20.25
      vertex -12.4317 -34 35.0359
      vertex -14.25 -34 24.25
    endloop
  endfacet
  facet normal 0 -1 0
    outer loop
      vertex -12.4317 -34 35.0359
      vertex 10.25 -34 20.25
      vertex -10.4317 -34 38.5
    endloop
  endfacet
  facet normal 0 -1 0
    outer loop
      vertex 10.25 -34 20.25
      vertex -14.25 -34 24.25
      vertex -14.25 -34 20.25
    endloop
  endfacet
  facet normal 0 -1 0
    outer loop
      vertex -10.4317 -34 38.5
      vertex 10.25 -34 20.25
      vertex 14.25 -34 24.25
    endloop
  endfacet
  facet normal 0 -1 -0
    outer loop
      vertex 14.25 -34 24.25
      vertex 10.25 -34 20.25
      vertex 14.25 -34 20.25
    endloop
  endfacet
  facet normal 0 0 -1
    outer loop
      vertex 10.25 20 20.25
      vertex 14.25 34 20.25
      vertex 14.25 20 20.25
    endloop
  endfacet
  facet normal -0 0 -1
    outer loop
      vertex 14.25 34 20.25
      vertex 10.25 20 20.25
      vertex 10.25 34 20.25
    endloop
  endfacet
  facet normal 0 0 -1
    outer loop
      vertex -14.25 -34 20.25
      vertex 10.25 -20 20.25
      vertex 10.25 -34 20.25
    endloop
  endfacet
  facet normal -0 0 -1
    outer loop
      vertex 10.25 -20 20.25
      vertex -14.25 -34 20.25
      vertex 10.25 20 20.25
    endloop
  endfacet
  facet normal 0 0 -1
    outer loop
      vertex -14.25 34 20.25
      vertex 10.25 20 20.25
      vertex -14.25 -34 20.25
    endloop
  endfacet
  facet normal 0 0 -1
    outer loop
      vertex 10.25 20 20.25
      vertex -14.25 34 20.25
      vertex 10.25 34 20.25
    endloop
  endfacet
  facet normal 0 0 -1
    outer loop
      vertex 10.25 -34 20.25
      vertex 14.25 -20 20.25
      vertex 14.25 -34 20.25
    endloop
  endfacet
  facet normal -0 0 -1
    outer loop
      vertex 14.25 -20 20.25
      vertex 10.25 -34 20.25
      vertex 10.25 -20 20.25
    endloop
  endfacet
  facet normal 0.500001 2.10366e-05 0.866025
    outer loop
      vertex 7.88179 26.8787 27.9267
      vertex -8.36256 26.8787 37.3054
      vertex 8.2755 26.5056 27.6994
    endloop
  endfacet
  facet normal 0.499993 3.07629e-05 0.866029
    outer loop
      vertex 8.72467 -26.2284 27.4401
      vertex -7.65152 -28.4147 36.8948
      vertex -7.6016 -29 36.866
    endloop
  endfacet
  facet normal 0.5 -6.97258e-06 0.866025
    outer loop
      vertex -8.75626 26.5056 37.5327
      vertex 8.2755 26.5056 27.6994
      vertex -8.36256 26.8787 37.3054
    endloop
  endfacet
  facet normal 0.500003 -6.75206e-05 0.866024
    outer loop
      vertex 8.72467 -26.2284 27.4401
      vertex -7.79936 -27.8519 36.9802
      vertex -7.65152 -28.4147 36.8948
    endloop
  endfacet
  facet normal 0.5 8.95141e-05 0.866025
    outer loop
      vertex 8.2755 26.5056 27.6994
      vertex -8.75626 26.5056 37.5327
      vertex 8.72467 26.2284 27.4401
    endloop
  endfacet
  facet normal 0.499996 2.43643e-05 0.866028
    outer loop
      vertex 8.72467 -26.2284 27.4401
      vertex -8.03945 -27.3333 37.1188
      vertex -7.79936 -27.8519 36.9802
    endloop
  endfacet
  facet normal 0.499998 -8.50293e-05 0.866026
    outer loop
      vertex -9.20543 26.2284 37.792
      vertex 8.72467 26.2284 27.4401
      vertex -8.75626 26.5056 37.5327
    endloop
  endfacet
  facet normal 0.500002 -9.77005e-05 0.866024
    outer loop
      vertex 8.72467 -26.2284 27.4401
      vertex -8.36256 -26.8787 37.3054
      vertex -8.03945 -27.3333 37.1188
    endloop
  endfacet
  facet normal 0.499998 0 0.866026
    outer loop
      vertex 8.72467 26.2284 27.4401
      vertex -9.20543 26.2284 37.792
      vertex 8.72467 -26.2284 27.4401
    endloop
  endfacet
  facet normal 0.499999 5.38466e-06 0.866026
    outer loop
      vertex 8.72467 -26.2284 27.4401
      vertex -8.75626 -26.5056 37.5327
      vertex -8.36256 -26.8787 37.3054
    endloop
  endfacet
  facet normal 0.499998 -0 0.866026
    outer loop
      vertex -9.20543 -26.2284 37.792
      vertex 8.72467 -26.2284 27.4401
      vertex -9.20543 26.2284 37.792
    endloop
  endfacet
  facet normal 0.499998 8.50293e-05 0.866026
    outer loop
      vertex 8.72467 -26.2284 27.4401
      vertex -9.20543 -26.2284 37.792
      vertex -8.75626 -26.5056 37.5327
    endloop
  endfacet
  facet normal 0.500015 0 0.866017
    outer loop
      vertex -9.69281 26.0576 38.0734
      vertex -9.20543 -26.2284 37.792
      vertex -9.20543 26.2284 37.792
    endloop
  endfacet
  facet normal 0.500015 0 0.866017
    outer loop
      vertex -9.69281 26.0576 38.0734
      vertex -9.69281 -26.0576 38.0734
      vertex -9.20543 -26.2284 37.792
    endloop
  endfacet
  facet normal 0.499932 0 0.866065
    outer loop
      vertex -10.1997 26 38.366
      vertex -9.69281 -26.0576 38.0734
      vertex -9.69281 26.0576 38.0734
    endloop
  endfacet
  facet normal 0.499932 0 0.866065
    outer loop
      vertex -10.1997 26 38.366
      vertex -10.1997 -26 38.366
      vertex -9.69281 -26.0576 38.0734
    endloop
  endfacet
  facet normal 0.500153 0 0.865937
    outer loop
      vertex -10.4317 26.0264 38.5
      vertex -10.1997 -26 38.366
      vertex -10.1997 26 38.366
    endloop
  endfacet
  facet normal 0.500153 0 0.865937
    outer loop
      vertex -10.1997 -26 38.366
      vertex -10.4317 26.0264 38.5
      vertex -10.4317 -26.0264 38.5
    endloop
  endfacet
  facet normal 0.499995 0 0.866029
    outer loop
      vertex 14.25 34 24.25
      vertex 12.1192 27.8519 25.4802
      vertex 14.25 -34 24.25
    endloop
  endfacet
  facet normal 0.500028 1.7676e-05 0.866009
    outer loop
      vertex 14.25 -34 24.25
      vertex 12.2671 -28.4147 25.3948
      vertex 12.317 -29 25.366
    endloop
  endfacet
  facet normal 0.499995 -0 0.866029
    outer loop
      vertex 12.1192 -27.8519 25.4802
      vertex 14.25 -34 24.25
      vertex 12.1192 27.8519 25.4802
    endloop
  endfacet
  facet normal 0.499841 -7.09241e-05 0.866117
    outer loop
      vertex 14.25 -34 24.25
      vertex 12.1192 -27.8519 25.4802
      vertex 12.2671 -28.4147 25.3948
    endloop
  endfacet
  facet normal 0.499941 0 0.866059
    outer loop
      vertex 11.8791 27.3333 25.6188
      vertex 12.1192 -27.8519 25.4802
      vertex 12.1192 27.8519 25.4802
    endloop
  endfacet
  facet normal 0.499941 0 0.866059
    outer loop
      vertex 11.8791 27.3333 25.6188
      vertex 11.8791 -27.3333 25.6188
      vertex 12.1192 -27.8519 25.4802
    endloop
  endfacet
  facet normal 0.500117 0 0.865958
    outer loop
      vertex 11.556 26.8787 25.8054
      vertex 11.8791 -27.3333 25.6188
      vertex 11.8791 27.3333 25.6188
    endloop
  endfacet
  facet normal 0.500117 0 0.865958
    outer loop
      vertex 11.556 26.8787 25.8054
      vertex 11.556 -26.8787 25.8054
      vertex 11.8791 -27.3333 25.6188
    endloop
  endfacet
  facet normal 0.499995 0 0.866028
    outer loop
      vertex 11.1623 26.5056 26.0327
      vertex 11.556 -26.8787 25.8054
      vertex 11.556 26.8787 25.8054
    endloop
  endfacet
  facet normal 0.499995 0 0.866028
    outer loop
      vertex 11.1623 26.5056 26.0327
      vertex 11.1623 -26.5056 26.0327
      vertex 11.556 -26.8787 25.8054
    endloop
  endfacet
  facet normal 0.500017 0 0.866015
    outer loop
      vertex 10.7132 26.2284 26.292
      vertex 11.1623 -26.5056 26.0327
      vertex 11.1623 26.5056 26.0327
    endloop
  endfacet
  facet normal 0.500017 0 0.866015
    outer loop
      vertex 10.7132 26.2284 26.292
      vertex 10.7132 -26.2284 26.292
      vertex 11.1623 -26.5056 26.0327
    endloop
  endfacet
  facet normal 0.499999 0 0.866026
    outer loop
      vertex 10.2258 26.0576 26.5734
      vertex 10.7132 -26.2284 26.292
      vertex 10.7132 26.2284 26.292
    endloop
  endfacet
  facet normal 0.499999 0 0.866026
    outer loop
      vertex 10.2258 26.0576 26.5734
      vertex 10.2258 -26.0576 26.5734
      vertex 10.7132 -26.2284 26.292
    endloop
  endfacet
  facet normal 0.499932 0 0.866065
    outer loop
      vertex 9.71891 26 26.866
      vertex 10.2258 -26.0576 26.5734
      vertex 10.2258 26.0576 26.5734
    endloop
  endfacet
  facet normal 0.499932 0 0.866065
    outer loop
      vertex 9.71891 26 26.866
      vertex 9.71891 -26 26.866
      vertex 10.2258 -26.0576 26.5734
    endloop
  endfacet
  facet normal 0.500082 0 0.865978
    outer loop
      vertex 9.21205 26.0576 27.1587
      vertex 9.71891 -26 26.866
      vertex 9.71891 26 26.866
    endloop
  endfacet
  facet normal 0.500082 0 0.865978
    outer loop
      vertex 9.21205 26.0576 27.1587
      vertex 9.21205 -26.0576 27.1587
      vertex 9.71891 -26 26.866
    endloop
  endfacet
  facet normal 0.500015 0 0.866017
    outer loop
      vertex 8.72467 26.2284 27.4401
      vertex 9.21205 -26.0576 27.1587
      vertex 9.21205 26.0576 27.1587
    endloop
  endfacet
  facet normal 0.500015 0 0.866017
    outer loop
      vertex 8.72467 26.2284 27.4401
      vertex 8.72467 -26.2284 27.4401
      vertex 9.21205 -26.0576 27.1587
    endloop
  endfacet
  facet normal 0.5 -2.70111e-05 0.866025
    outer loop
      vertex -8.03945 27.3333 37.1188
      vertex 7.55869 27.3333 28.1132
      vertex -7.79936 27.8519 36.9802
    endloop
  endfacet
  facet normal 0.5 8.01489e-05 0.866025
    outer loop
      vertex 7.55869 27.3333 28.1132
      vertex -8.03945 27.3333 37.1188
      vertex 7.88179 26.8787 27.9267
    endloop
  endfacet
  facet normal 0.500002 2.7869e-05 0.866024
    outer loop
      vertex 7.3186 27.8519 28.2518
      vertex -7.79936 27.8519 36.9802
      vertex 7.55869 27.3333 28.1132
    endloop
  endfacet
  facet normal 0.500001 9.8973e-05 0.866025
    outer loop
      vertex -8.36256 26.8787 37.3054
      vertex 7.88179 26.8787 27.9267
      vertex -8.03945 27.3333 37.1188
    endloop
  endfacet
  facet normal 0.500002 6.79035e-05 0.866024
    outer loop
      vertex -7.79936 27.8519 36.9802
      vertex 7.3186 27.8519 28.2518
      vertex -7.65152 28.4147 36.8948
    endloop
  endfacet
  facet normal 0.500011 -0.000113427 0.866019
    outer loop
      vertex 8.72467 -26.2284 27.4401
      vertex -7.6016 -29 36.866
      vertex 8.2755 -26.5056 27.6994
    endloop
  endfacet
  facet normal 0.499998 -6.92582e-05 0.866027
    outer loop
      vertex 7.17076 28.4147 28.3372
      vertex -7.65152 28.4147 36.8948
      vertex 7.3186 27.8519 28.2518
    endloop
  endfacet
  facet normal 0.5 -2.0549e-05 0.866025
    outer loop
      vertex 8.2755 -26.5056 27.6994
      vertex -7.6016 -29 36.866
      vertex 7.88179 -26.8787 27.9267
    endloop
  endfacet
  facet normal 0.499998 -3.13178e-05 0.866027
    outer loop
      vertex -7.65152 28.4147 36.8948
      vertex 7.17076 28.4147 28.3372
      vertex -7.6016 29 36.866
    endloop
  endfacet
  facet normal 0.500007 -8.66375e-05 0.866021
    outer loop
      vertex 7.88179 -26.8787 27.9267
      vertex -7.6016 -29 36.866
      vertex 7.55869 -27.3333 28.1132
    endloop
  endfacet
  facet normal 0.5 4.01017e-05 0.866025
    outer loop
      vertex -7.6016 29 36.866
      vertex 7.17076 28.4147 28.3372
      vertex 7.12083 29 28.366
    endloop
  endfacet
  facet normal 0.500002 -2.82669e-05 0.866024
    outer loop
      vertex 7.55869 -27.3333 28.1132
      vertex -7.6016 -29 36.866
      vertex 7.3186 -27.8519 28.2518
    endloop
  endfacet
  facet normal 0.500028 -1.7676e-05 0.866009
    outer loop
      vertex 12.2671 28.4147 25.3948
      vertex 14.25 34 24.25
      vertex 12.317 29 25.366
    endloop
  endfacet
  facet normal 0.499972 1.1289e-05 0.866042
    outer loop
      vertex 14.25 34 24.25
      vertex 12.2671 29.5853 25.3948
      vertex 12.317 29 25.366
    endloop
  endfacet
  facet normal 0.50001 -1.16239e-05 0.866019
    outer loop
      vertex 14.25 34 24.25
      vertex 12.1192 30.148 25.4802
      vertex 12.2671 29.5853 25.3948
    endloop
  endfacet
  facet normal 0.49997 1.79769e-05 0.866043
    outer loop
      vertex 14.25 34 24.25
      vertex 11.8791 30.6667 25.6188
      vertex 12.1192 30.148 25.4802
    endloop
  endfacet
  facet normal 0.500053 -6.05489e-05 0.865995
    outer loop
      vertex 14.25 34 24.25
      vertex 11.556 31.1213 25.8054
      vertex 11.8791 30.6667 25.6188
    endloop
  endfacet
  facet normal 0.5 5.98551e-06 0.866026
    outer loop
      vertex 14.25 34 24.25
      vertex 11.1623 31.4944 26.0327
      vertex 11.556 31.1213 25.8054
    endloop
  endfacet
  facet normal 0.500011 -1.31312e-05 0.866019
    outer loop
      vertex 14.25 34 24.25
      vertex 10.7132 31.7716 26.292
      vertex 11.1623 31.4944 26.0327
    endloop
  endfacet
  facet normal 0.500001 7.82913e-06 0.866025
    outer loop
      vertex 14.25 34 24.25
      vertex 10.2258 31.9424 26.5734
      vertex 10.7132 31.7716 26.292
    endloop
  endfacet
  facet normal 0.499945 0.000154428 0.866057
    outer loop
      vertex 14.25 34 24.25
      vertex 9.71891 32 26.866
      vertex 10.2258 31.9424 26.5734
    endloop
  endfacet
  facet normal 0.500112 -0.000350056 0.865961
    outer loop
      vertex 14.25 34 24.25
      vertex 9.21205 31.9424 27.1587
      vertex 9.71891 32 26.866
    endloop
  endfacet
  facet normal 0.5 1.4892e-05 0.866025
    outer loop
      vertex -10.4317 34 38.5
      vertex 9.21205 31.9424 27.1587
      vertex 14.25 34 24.25
    endloop
  endfacet
  facet normal 0.499997 6.96573e-05 0.866027
    outer loop
      vertex 7.3186 -27.8519 28.2518
      vertex -7.6016 -29 36.866
      vertex 7.17076 -28.4147 28.3372
    endloop
  endfacet
  facet normal 0.5 -4.01017e-05 0.866025
    outer loop
      vertex 7.17076 29.5853 28.3372
      vertex -7.6016 29 36.866
      vertex 7.12083 29 28.366
    endloop
  endfacet
  facet normal 0.499998 6.92705e-05 0.866027
    outer loop
      vertex -7.65152 29.5853 36.8948
      vertex 7.17076 29.5853 28.3372
      vertex 7.3186 30.148 28.2518
    endloop
  endfacet
  facet normal 0.500002 -2.78636e-05 0.866024
    outer loop
      vertex -7.79936 30.148 36.9802
      vertex 7.3186 30.148 28.2518
      vertex 7.55869 30.6667 28.1132
    endloop
  endfacet
  facet normal 0.5 -8.01489e-05 0.866025
    outer loop
      vertex -8.03945 30.6667 37.1188
      vertex 7.55869 30.6667 28.1132
      vertex 7.88179 31.1213 27.9267
    endloop
  endfacet
  facet normal 0.499998 -1.71404e-05 0.866027
    outer loop
      vertex -10.4317 34 38.5
      vertex 7.88179 31.1213 27.9267
      vertex 8.2755 31.4944 27.6994
    endloop
  endfacet
  facet normal 0.499992 -7.25285e-05 0.86603
    outer loop
      vertex -10.4317 34 38.5
      vertex 8.2755 31.4944 27.6994
      vertex 8.72467 31.7716 27.4401
    endloop
  endfacet
  facet normal 0.500003 4.5399e-05 0.866024
    outer loop
      vertex 9.21205 31.9424 27.1587
      vertex -10.4317 34 38.5
      vertex 8.72467 31.7716 27.4401
    endloop
  endfacet
  facet normal 0.499998 3.13178e-05 0.866027
    outer loop
      vertex 7.17076 29.5853 28.3372
      vertex -7.65152 29.5853 36.8948
      vertex -7.6016 29 36.866
    endloop
  endfacet
  facet normal 0.500002 -6.79155e-05 0.866024
    outer loop
      vertex 7.3186 30.148 28.2518
      vertex -7.79936 30.148 36.9802
      vertex -7.65152 29.5853 36.8948
    endloop
  endfacet
  facet normal 0.5 2.70059e-05 0.866025
    outer loop
      vertex 7.55869 30.6667 28.1132
      vertex -8.03945 30.6667 37.1188
      vertex -7.79936 30.148 36.9802
    endloop
  endfacet
  facet normal 0.500001 -9.8973e-05 0.866025
    outer loop
      vertex 7.88179 31.1213 27.9267
      vertex -8.36256 31.1213 37.3054
      vertex -8.03945 30.6667 37.1188
    endloop
  endfacet
  facet normal 0.500001 6.34867e-06 0.866025
    outer loop
      vertex 7.88179 31.1213 27.9267
      vertex -10.4317 34 38.5
      vertex -8.36256 31.1213 37.3054
    endloop
  endfacet
  facet normal 0.499998 3.59978e-06 0.866027
    outer loop
      vertex -8.36256 31.1213 37.3054
      vertex -10.4317 34 38.5
      vertex -8.75626 31.4944 37.5327
    endloop
  endfacet
  facet normal 0.499934 -5.31279e-05 0.866063
    outer loop
      vertex -8.75626 31.4944 37.5327
      vertex -10.4317 34 38.5
      vertex -9.20543 31.7716 37.792
    endloop
  endfacet
  facet normal 0.500017 7.24915e-06 0.866016
    outer loop
      vertex -9.20543 31.7716 37.792
      vertex -10.4317 34 38.5
      vertex -9.69281 31.9424 38.0734
    endloop
  endfacet
  facet normal 0.499929 -3.46802e-05 0.866066
    outer loop
      vertex -9.69281 31.9424 38.0734
      vertex -10.4317 34 38.5
      vertex -10.1997 32 38.366
    endloop
  endfacet
  facet normal 0.500153 0 0.865937
    outer loop
      vertex -10.1997 32 38.366
      vertex -10.4317 34 38.5
      vertex -10.4317 31.9736 38.5
    endloop
  endfacet
  facet normal 0.499841 7.09241e-05 0.866117
    outer loop
      vertex 12.1192 27.8519 25.4802
      vertex 14.25 34 24.25
      vertex 12.2671 28.4147 25.3948
    endloop
  endfacet
  facet normal 0.499972 -1.1289e-05 0.866042
    outer loop
      vertex 12.2671 -29.5853 25.3948
      vertex 14.25 -34 24.25
      vertex 12.317 -29 25.366
    endloop
  endfacet
  facet normal 0.50001 1.16239e-05 0.866019
    outer loop
      vertex 12.1192 -30.148 25.4802
      vertex 14.25 -34 24.25
      vertex 12.2671 -29.5853 25.3948
    endloop
  endfacet
  facet normal 0.49997 -1.79769e-05 0.866043
    outer loop
      vertex 11.8791 -30.6667 25.6188
      vertex 14.25 -34 24.25
      vertex 12.1192 -30.148 25.4802
    endloop
  endfacet
  facet normal 0.500053 6.05489e-05 0.865995
    outer loop
      vertex 11.556 -31.1213 25.8054
      vertex 14.25 -34 24.25
      vertex 11.8791 -30.6667 25.6188
    endloop
  endfacet
  facet normal 0.5 -5.98551e-06 0.866026
    outer loop
      vertex 11.1623 -31.4944 26.0327
      vertex 14.25 -34 24.25
      vertex 11.556 -31.1213 25.8054
    endloop
  endfacet
  facet normal 0.500011 1.31312e-05 0.866019
    outer loop
      vertex 10.7132 -31.7716 26.292
      vertex 14.25 -34 24.25
      vertex 11.1623 -31.4944 26.0327
    endloop
  endfacet
  facet normal 0.500001 -7.82913e-06 0.866025
    outer loop
      vertex 10.2258 -31.9424 26.5734
      vertex 14.25 -34 24.25
      vertex 10.7132 -31.7716 26.292
    endloop
  endfacet
  facet normal 0.499945 -0.000154428 0.866057
    outer loop
      vertex 9.71891 -32 26.866
      vertex 14.25 -34 24.25
      vertex 10.2258 -31.9424 26.5734
    endloop
  endfacet
  facet normal 0.500112 0.000350056 0.865961
    outer loop
      vertex 9.21205 -31.9424 27.1587
      vertex 14.25 -34 24.25
      vertex 9.71891 -32 26.866
    endloop
  endfacet
  facet normal 0.500003 -4.5399e-05 0.866024
    outer loop
      vertex -10.4317 -34 38.5
      vertex 9.21205 -31.9424 27.1587
      vertex 8.72467 -31.7716 27.4401
    endloop
  endfacet
  facet normal 0.5 -4.01017e-05 0.866025
    outer loop
      vertex 7.17076 -28.4147 28.3372
      vertex -7.6016 -29 36.866
      vertex 7.12083 -29 28.366
    endloop
  endfacet
  facet normal 0.5 4.01017e-05 0.866025
    outer loop
      vertex 7.12083 -29 28.366
      vertex -7.6016 -29 36.866
      vertex 7.17076 -29.5853 28.3372
    endloop
  endfacet
  facet normal 0.499998 -3.13178e-05 0.866027
    outer loop
      vertex -7.65152 -29.5853 36.8948
      vertex 7.17076 -29.5853 28.3372
      vertex -7.6016 -29 36.866
    endloop
  endfacet
  facet normal 0.499998 -6.92705e-05 0.866027
    outer loop
      vertex 7.17076 -29.5853 28.3372
      vertex -7.65152 -29.5853 36.8948
      vertex 7.3186 -30.148 28.2518
    endloop
  endfacet
  facet normal 0.500002 6.79155e-05 0.866024
    outer loop
      vertex -7.79936 -30.148 36.9802
      vertex 7.3186 -30.148 28.2518
      vertex -7.65152 -29.5853 36.8948
    endloop
  endfacet
  facet normal 0.500002 2.78636e-05 0.866024
    outer loop
      vertex 7.3186 -30.148 28.2518
      vertex -7.79936 -30.148 36.9802
      vertex 7.55869 -30.6667 28.1132
    endloop
  endfacet
  facet normal 0.5 -2.70059e-05 0.866025
    outer loop
      vertex -8.03945 -30.6667 37.1188
      vertex 7.55869 -30.6667 28.1132
      vertex -7.79936 -30.148 36.9802
    endloop
  endfacet
  facet normal 0.5 8.01489e-05 0.866025
    outer loop
      vertex 7.55869 -30.6667 28.1132
      vertex -8.03945 -30.6667 37.1188
      vertex 7.88179 -31.1213 27.9267
    endloop
  endfacet
  facet normal 0.500001 9.8973e-05 0.866025
    outer loop
      vertex -8.36256 -31.1213 37.3054
      vertex 7.88179 -31.1213 27.9267
      vertex -8.03945 -30.6667 37.1188
    endloop
  endfacet
  facet normal 0.500001 -6.34867e-06 0.866025
    outer loop
      vertex -10.4317 -34 38.5
      vertex 7.88179 -31.1213 27.9267
      vertex -8.36256 -31.1213 37.3054
    endloop
  endfacet
  facet normal 0.499998 1.71404e-05 0.866027
    outer loop
      vertex 7.88179 -31.1213 27.9267
      vertex -10.4317 -34 38.5
      vertex 8.2755 -31.4944 27.6994
    endloop
  endfacet
  facet normal 0.499992 7.25285e-05 0.86603
    outer loop
      vertex 8.2755 -31.4944 27.6994
      vertex -10.4317 -34 38.5
      vertex 8.72467 -31.7716 27.4401
    endloop
  endfacet
  facet normal 0.499998 -3.59978e-06 0.866027
    outer loop
      vertex -10.4317 -34 38.5
      vertex -8.36256 -31.1213 37.3054
      vertex -8.75626 -31.4944 37.5327
    endloop
  endfacet
  facet normal 0.499934 5.31279e-05 0.866063
    outer loop
      vertex -10.4317 -34 38.5
      vertex -8.75626 -31.4944 37.5327
      vertex -9.20543 -31.7716 37.792
    endloop
  endfacet
  facet normal 0.500017 -7.24915e-06 0.866016
    outer loop
      vertex -10.4317 -34 38.5
      vertex -9.20543 -31.7716 37.792
      vertex -9.69281 -31.9424 38.0734
    endloop
  endfacet
  facet normal 0.499929 3.46802e-05 0.866066
    outer loop
      vertex -10.4317 -34 38.5
      vertex -9.69281 -31.9424 38.0734
      vertex -10.1997 -32 38.366
    endloop
  endfacet
  facet normal 0.5 -1.4892e-05 0.866025
    outer loop
      vertex 9.21205 -31.9424 27.1587
      vertex -10.4317 -34 38.5
      vertex 14.25 -34 24.25
    endloop
  endfacet
  facet normal 0.500153 -0 0.865937
    outer loop
      vertex -10.4317 -34 38.5
      vertex -10.1997 -32 38.366
      vertex -10.4317 -31.9736 38.5
    endloop
  endfacet
  facet normal 1 0 0
    outer loop
      vertex 14.25 34 24.25
      vertex 14.25 20 20.25
      vertex 14.25 34 20.25
    endloop
  endfacet
  facet normal 1 0 0
    outer loop
      vertex 14.25 15.7265 9.64105
      vertex 14.25 20 20.25
      vertex 14.25 15.75 10
    endloop
  endfacet
  facet normal 1 0 0
    outer loop
      vertex 14.25 20 20.25
      vertex 14.25 15.7265 10.3589
      vertex 14.25 15.75 10
    endloop
  endfacet
  facet normal 1 0 0
    outer loop
      vertex 14.25 20 20.25
      vertex 14.25 15.6563 10.7118
      vertex 14.25 15.7265 10.3589
    endloop
  endfacet
  facet normal 1 0 0
    outer loop
      vertex 14.25 20 20.25
      vertex 14.25 15.5407 11.0524
      vertex 14.25 15.6563 10.7118
    endloop
  endfacet
  facet normal 1 0 0
    outer loop
      vertex 14.25 20 20.25
      vertex 14.25 15.3816 11.375
      vertex 14.25 15.5407 11.0524
    endloop
  endfacet
  facet normal 1 0 0
    outer loop
      vertex 14.25 20 20.25
      vertex 14.25 15.1817 11.6741
      vertex 14.25 15.3816 11.375
    endloop
  endfacet
  facet normal 1 0 0
    outer loop
      vertex 14.25 20 20.25
      vertex 14.25 14.9445 11.9445
      vertex 14.25 15.1817 11.6741
    endloop
  endfacet
  facet normal 1 0 0
    outer loop
      vertex 14.25 20 20.25
      vertex 14.25 14.6741 12.1817
      vertex 14.25 14.9445 11.9445
    endloop
  endfacet
  facet normal 1 0 0
    outer loop
      vertex 14.25 20 20.25
      vertex 14.25 14.375 12.3816
      vertex 14.25 14.6741 12.1817
    endloop
  endfacet
  facet normal 1 0 0
    outer loop
      vertex 14.25 20 20.25
      vertex 14.25 14.0524 12.5407
      vertex 14.25 14.375 12.3816
    endloop
  endfacet
  facet normal 1 0 0
    outer loop
      vertex 14.25 20 20.25
      vertex 14.25 13.7118 12.6563
      vertex 14.25 14.0524 12.5407
    endloop
  endfacet
  facet normal 1 0 0
    outer loop
      vertex 14.25 20 20.25
      vertex 14.25 13.3589 12.7265
      vertex 14.25 13.7118 12.6563
    endloop
  endfacet
  facet normal 1 0 0
    outer loop
      vertex 14.25 20 20.25
      vertex 14.25 13 12.75
      vertex 14.25 13.3589 12.7265
    endloop
  endfacet
  facet normal 1 0 0
    outer loop
      vertex 14.25 20 20.25
      vertex 14.25 12.6411 12.7265
      vertex 14.25 13 12.75
    endloop
  endfacet
  facet normal 1 0 0
    outer loop
      vertex 14.25 20 20.25
      vertex 14.25 12.2882 12.6563
      vertex 14.25 12.6411 12.7265
    endloop
  endfacet
  facet normal 1 0 0
    outer loop
      vertex 14.25 20 20.25
      vertex 14.25 11.9476 12.5407
      vertex 14.25 12.2882 12.6563
    endloop
  endfacet
  facet normal 1 0 0
    outer loop
      vertex 14.25 20 20.25
      vertex 14.25 11.625 12.3816
      vertex 14.25 11.9476 12.5407
    endloop
  endfacet
  facet normal 1 0 0
    outer loop
      vertex 14.25 -11.625 12.3816
      vertex 14.25 11.625 12.3816
      vertex 14.25 20 20.25
    endloop
  endfacet
  facet normal 1 0 0
    outer loop
      vertex 14.25 11.625 12.3816
      vertex 14.25 -11.625 12.3816
      vertex 14.25 11.3259 12.1817
    endloop
  endfacet
  facet normal 1 0 0
    outer loop
      vertex 14.25 10.2735 10.3589
      vertex 14.25 -10.25 10
      vertex 14.25 10.25 10
    endloop
  endfacet
  facet normal 1 0 0
    outer loop
      vertex 14.25 -10.2735 10.3589
      vertex 14.25 10.2735 10.3589
      vertex 14.25 10.3437 10.7118
    endloop
  endfacet
  facet normal 1 0 0
    outer loop
      vertex 14.25 -10.3437 10.7118
      vertex 14.25 10.3437 10.7118
      vertex 14.25 10.4593 11.0524
    endloop
  endfacet
  facet normal 1 0 0
    outer loop
      vertex 14.25 -10.4593 11.0524
      vertex 14.25 10.4593 11.0524
      vertex 14.25 10.6184 11.375
    endloop
  endfacet
  facet normal 1 0 0
    outer loop
      vertex 14.25 -10.6184 11.375
      vertex 14.25 10.6184 11.375
      vertex 14.25 10.8183 11.6741
    endloop
  endfacet
  facet normal 1 0 0
    outer loop
      vertex 14.25 -10.8183 11.6741
      vertex 14.25 10.8183 11.6741
      vertex 14.25 11.0555 11.9445
    endloop
  endfacet
  facet normal 1 0 -0
    outer loop
      vertex 14.25 -11.3259 12.1817
      vertex 14.25 11.3259 12.1817
      vertex 14.25 -11.625 12.3816
    endloop
  endfacet
  facet normal 1 0 0
    outer loop
      vertex 14.25 10.2735 10.3589
      vertex 14.25 -10.2735 10.3589
      vertex 14.25 -10.25 10
    endloop
  endfacet
  facet normal 1 0 0
    outer loop
      vertex 14.25 10.3437 10.7118
      vertex 14.25 -10.3437 10.7118
      vertex 14.25 -10.2735 10.3589
    endloop
  endfacet
  facet normal 1 0 0
    outer loop
      vertex 14.25 10.4593 11.0524
      vertex 14.25 -10.4593 11.0524
      vertex 14.25 -10.3437 10.7118
    endloop
  endfacet
  facet normal 1 0 0
    outer loop
      vertex 14.25 10.6184 11.375
      vertex 14.25 -10.6184 11.375
      vertex 14.25 -10.4593 11.0524
    endloop
  endfacet
  facet normal 1 0 0
    outer loop
      vertex 14.25 10.8183 11.6741
      vertex 14.25 -10.8183 11.6741
      vertex 14.25 -10.6184 11.375
    endloop
  endfacet
  facet normal 1 0 0
    outer loop
      vertex 14.25 -20 20.25
      vertex 14.25 20 20.25
      vertex 14.25 34 24.25
    endloop
  endfacet
  facet normal 1 0 0
    outer loop
      vertex 14.25 11.0555 11.9445
      vertex 14.25 -11.0555 11.9445
      vertex 14.25 -10.8183 11.6741
    endloop
  endfacet
  facet normal 1 0 0
    outer loop
      vertex 14.25 11.0555 11.9445
      vertex 14.25 -11.3259 12.1817
      vertex 14.25 -11.0555 11.9445
    endloop
  endfacet
  facet normal 1 0 0
    outer loop
      vertex 14.25 11.3259 12.1817
      vertex 14.25 -11.3259 12.1817
      vertex 14.25 11.0555 11.9445
    endloop
  endfacet
  facet normal 1 0 0
    outer loop
      vertex 14.25 20 20.25
      vertex 14.25 -20 20.25
      vertex 14.25 -11.625 12.3816
    endloop
  endfacet
  facet normal 1 0 0
    outer loop
      vertex 14.25 -11.625 12.3816
      vertex 14.25 -20 20.25
      vertex 14.25 -11.9476 12.5407
    endloop
  endfacet
  facet normal 1 0 0
    outer loop
      vertex 14.25 -11.9476 12.5407
      vertex 14.25 -20 20.25
      vertex 14.25 -12.2882 12.6563
    endloop
  endfacet
  facet normal 1 0 0
    outer loop
      vertex 14.25 -12.2882 12.6563
      vertex 14.25 -20 20.25
      vertex 14.25 -12.6411 12.7265
    endloop
  endfacet
  facet normal 1 0 0
    outer loop
      vertex 14.25 -12.6411 12.7265
      vertex 14.25 -20 20.25
      vertex 14.25 -13 12.75
    endloop
  endfacet
  facet normal 1 0 0
    outer loop
      vertex 14.25 -13 12.75
      vertex 14.25 -20 20.25
      vertex 14.25 -13.3589 12.7265
    endloop
  endfacet
  facet normal 1 0 0
    outer loop
      vertex 14.25 -15.7265 10.3589
      vertex 14.25 -20 20.25
      vertex 14.25 -15.75 10
    endloop
  endfacet
  facet normal 1 0 0
    outer loop
      vertex 14.25 -15.6563 10.7118
      vertex 14.25 -20 20.25
      vertex 14.25 -15.7265 10.3589
    endloop
  endfacet
  facet normal 1 0 0
    outer loop
      vertex 14.25 -15.5407 11.0524
      vertex 14.25 -20 20.25
      vertex 14.25 -15.6563 10.7118
    endloop
  endfacet
  facet normal 1 0 0
    outer loop
      vertex 14.25 -15.3816 11.375
      vertex 14.25 -20 20.25
      vertex 14.25 -15.5407 11.0524
    endloop
  endfacet
  facet normal 1 0 0
    outer loop
      vertex 14.25 -15.1817 11.6741
      vertex 14.25 -20 20.25
      vertex 14.25 -15.3816 11.375
    endloop
  endfacet
  facet normal 1 0 0
    outer loop
      vertex 14.25 -14.9445 11.9445
      vertex 14.25 -20 20.25
      vertex 14.25 -15.1817 11.6741
    endloop
  endfacet
  facet normal 1 0 0
    outer loop
      vertex 14.25 -14.6741 12.1817
      vertex 14.25 -20 20.25
      vertex 14.25 -14.9445 11.9445
    endloop
  endfacet
  facet normal 1 0 0
    outer loop
      vertex 14.25 -14.375 12.3816
      vertex 14.25 -20 20.25
      vertex 14.25 -14.6741 12.1817
    endloop
  endfacet
  facet normal 1 0 0
    outer loop
      vertex 14.25 -14.0524 12.5407
      vertex 14.25 -20 20.25
      vertex 14.25 -14.375 12.3816
    endloop
  endfacet
  facet normal 1 0 0
    outer loop
      vertex 14.25 -13.7118 12.6563
      vertex 14.25 -20 20.25
      vertex 14.25 -14.0524 12.5407
    endloop
  endfacet
  facet normal 1 0 0
    outer loop
      vertex 14.25 -13.3589 12.7265
      vertex 14.25 -20 20.25
      vertex 14.25 -13.7118 12.6563
    endloop
  endfacet
  facet normal 1 -0 0
    outer loop
      vertex 14.25 -34 24.25
      vertex 14.25 -20 20.25
      vertex 14.25 34 24.25
    endloop
  endfacet
  facet normal 1 0 0
    outer loop
      vertex 14.25 -20 20.25
      vertex 14.25 -34 24.25
      vertex 14.25 -34 20.25
    endloop
  endfacet
  facet normal 1 0 0
    outer loop
      vertex 14.25 20 20.25
      vertex 14.25 15.7265 9.64105
      vertex 14.25 20 -12
    endloop
  endfacet
  facet normal 1 -0 0
    outer loop
      vertex 14.25 15.6563 9.28825
      vertex 14.25 20 -12
      vertex 14.25 15.7265 9.64105
    endloop
  endfacet
  facet normal 1 -0 0
    outer loop
      vertex 14.25 15.5407 8.94762
      vertex 14.25 20 -12
      vertex 14.25 15.6563 9.28825
    endloop
  endfacet
  facet normal 1 -0 0
    outer loop
      vertex 14.25 15.3816 8.625
      vertex 14.25 20 -12
      vertex 14.25 15.5407 8.94762
    endloop
  endfacet
  facet normal 1 -0 0
    outer loop
      vertex 14.25 15.1817 8.32591
      vertex 14.25 20 -12
      vertex 14.25 15.3816 8.625
    endloop
  endfacet
  facet normal 1 -0 0
    outer loop
      vertex 14.25 14.9445 8.05546
      vertex 14.25 20 -12
      vertex 14.25 15.1817 8.32591
    endloop
  endfacet
  facet normal 1 -0 0
    outer loop
      vertex 14.25 14.6741 7.81828
      vertex 14.25 20 -12
      vertex 14.25 14.9445 8.05546
    endloop
  endfacet
  facet normal 1 -0 0
    outer loop
      vertex 14.25 14.375 7.61843
      vertex 14.25 20 -12
      vertex 14.25 14.6741 7.81828
    endloop
  endfacet
  facet normal 1 -0 0
    outer loop
      vertex 14.25 14.0524 7.45933
      vertex 14.25 20 -12
      vertex 14.25 14.375 7.61843
    endloop
  endfacet
  facet normal 1 -0 0
    outer loop
      vertex 14.25 13.7118 7.3437
      vertex 14.25 20 -12
      vertex 14.25 14.0524 7.45933
    endloop
  endfacet
  facet normal 1 -0 0
    outer loop
      vertex 14.25 13.3589 7.27353
      vertex 14.25 20 -12
      vertex 14.25 13.7118 7.3437
    endloop
  endfacet
  facet normal 1 -0 0
    outer loop
      vertex 14.25 13 7.25
      vertex 14.25 20 -12
      vertex 14.25 13.3589 7.27353
    endloop
  endfacet
  facet normal 1 0 0
    outer loop
      vertex 14.25 12.6411 7.27353
      vertex 14.25 20 -12
      vertex 14.25 13 7.25
    endloop
  endfacet
  facet normal 1 0 0
    outer loop
      vertex 14.25 12.2882 7.3437
      vertex 14.25 20 -12
      vertex 14.25 12.6411 7.27353
    endloop
  endfacet
  facet normal 1 0 0
    outer loop
      vertex 14.25 11.9476 7.45933
      vertex 14.25 20 -12
      vertex 14.25 12.2882 7.3437
    endloop
  endfacet
  facet normal 1 0 0
    outer loop
      vertex 14.25 11.625 7.61843
      vertex 14.25 20 -12
      vertex 14.25 11.9476 7.45933
    endloop
  endfacet
  facet normal 1 0 0
    outer loop
      vertex 14.25 11.3259 7.81828
      vertex 14.25 20 -12
      vertex 14.25 11.625 7.61843
    endloop
  endfacet
  facet normal 1 0 0
    outer loop
      vertex 14.25 -11.3259 7.81828
      vertex 14.25 11.3259 7.81828
      vertex 14.25 11.0555 8.05546
    endloop
  endfacet
  facet normal 1 0 0
    outer loop
      vertex 14.25 -11.0555 8.05546
      vertex 14.25 11.0555 8.05546
      vertex 14.25 10.8183 8.32591
    endloop
  endfacet
  facet normal 1 0 0
    outer loop
      vertex 14.25 -10.8183 8.32591
      vertex 14.25 10.8183 8.32591
      vertex 14.25 10.6184 8.625
    endloop
  endfacet
  facet normal 1 0 0
    outer loop
      vertex 14.25 -10.6184 8.625
      vertex 14.25 10.6184 8.625
      vertex 14.25 10.4593 8.94762
    endloop
  endfacet
  facet normal 1 -0 0
    outer loop
      vertex 14.25 -10.25 10
      vertex 14.25 10.2735 9.64105
      vertex 14.25 10.25 10
    endloop
  endfacet
  facet normal 1 0 0
    outer loop
      vertex 14.25 -10.2735 9.64105
      vertex 14.25 10.2735 9.64105
      vertex 14.25 -10.25 10
    endloop
  endfacet
  facet normal 1 0 0
    outer loop
      vertex 14.25 10.2735 9.64105
      vertex 14.25 -10.2735 9.64105
      vertex 14.25 10.3437 9.28825
    endloop
  endfacet
  facet normal 1 0 0
    outer loop
      vertex 14.25 -10.3437 9.28825
      vertex 14.25 10.3437 9.28825
      vertex 14.25 -10.2735 9.64105
    endloop
  endfacet
  facet normal 1 0 0
    outer loop
      vertex 14.25 10.3437 9.28825
      vertex 14.25 -10.3437 9.28825
      vertex 14.25 10.4593 8.94762
    endloop
  endfacet
  facet normal 1 0 0
    outer loop
      vertex 14.25 -10.4593 8.94762
      vertex 14.25 10.4593 8.94762
      vertex 14.25 -10.3437 9.28825
    endloop
  endfacet
  facet normal 1 0 0
    outer loop
      vertex 14.25 -10.6184 8.625
      vertex 14.25 10.4593 8.94762
      vertex 14.25 -10.4593 8.94762
    endloop
  endfacet
  facet normal 1 0 0
    outer loop
      vertex 14.25 10.6184 8.625
      vertex 14.25 -10.6184 8.625
      vertex 14.25 -10.8183 8.32591
    endloop
  endfacet
  facet normal 1 0 0
    outer loop
      vertex 14.25 10.8183 8.32591
      vertex 14.25 -10.8183 8.32591
      vertex 14.25 -11.0555 8.05546
    endloop
  endfacet
  facet normal 1 0 0
    outer loop
      vertex 14.25 11.0555 8.05546
      vertex 14.25 -11.0555 8.05546
      vertex 14.25 -11.3259 7.81828
    endloop
  endfacet
  facet normal 1 0 0
    outer loop
      vertex 14.25 11.3259 7.81828
      vertex 14.25 -11.3259 7.81828
      vertex 14.25 20 -12
    endloop
  endfacet
  facet normal 1 0 0
    outer loop
      vertex 14.25 -20 -12
      vertex 14.25 -11.3259 7.81828
      vertex 14.25 -11.625 7.61843
    endloop
  endfacet
  facet normal 1 0 0
    outer loop
      vertex 14.25 -20 -12
      vertex 14.25 -11.625 7.61843
      vertex 14.25 -11.9476 7.45933
    endloop
  endfacet
  facet normal 1 0 0
    outer loop
      vertex 14.25 -20 -12
      vertex 14.25 -11.9476 7.45933
      vertex 14.25 -12.2882 7.3437
    endloop
  endfacet
  facet normal 1 0 0
    outer loop
      vertex 14.25 -20 -12
      vertex 14.25 -12.2882 7.3437
      vertex 14.25 -12.6411 7.27353
    endloop
  endfacet
  facet normal 1 0 0
    outer loop
      vertex 14.25 -20 -12
      vertex 14.25 -12.6411 7.27353
      vertex 14.25 -13 7.25
    endloop
  endfacet
  facet normal 1 0 0
    outer loop
      vertex 14.25 -20 -12
      vertex 14.25 -13 7.25
      vertex 14.25 -13.3589 7.27353
    endloop
  endfacet
  facet normal 1 0 0
    outer loop
      vertex 14.25 -20 -12
      vertex 14.25 -13.3589 7.27353
      vertex 14.25 -13.7118 7.3437
    endloop
  endfacet
  facet normal 1 0 0
    outer loop
      vertex 14.25 -20 -12
      vertex 14.25 -13.7118 7.3437
      vertex 14.25 -14.0524 7.45933
    endloop
  endfacet
  facet normal 1 0 0
    outer loop
      vertex 14.25 -20 -12
      vertex 14.25 -14.0524 7.45933
      vertex 14.25 -14.375 7.61843
    endloop
  endfacet
  facet normal 1 0 0
    outer loop
      vertex 14.25 -20 20.25
      vertex 14.25 -15.7265 9.64105
      vertex 14.25 -15.75 10
    endloop
  endfacet
  facet normal 1 0 0
    outer loop
      vertex 14.25 -20 -12
      vertex 14.25 -15.7265 9.64105
      vertex 14.25 -20 20.25
    endloop
  endfacet
  facet normal 1 0 0
    outer loop
      vertex 14.25 -15.7265 9.64105
      vertex 14.25 -20 -12
      vertex 14.25 -15.6563 9.28825
    endloop
  endfacet
  facet normal 1 0 0
    outer loop
      vertex 14.25 -11.3259 7.81828
      vertex 14.25 -20 -12
      vertex 14.25 20 -12
    endloop
  endfacet
  facet normal 1 0 0
    outer loop
      vertex 14.25 -14.6741 7.81828
      vertex 14.25 -20 -12
      vertex 14.25 -14.375 7.61843
    endloop
  endfacet
  facet normal 1 0 0
    outer loop
      vertex 14.25 -14.9445 8.05546
      vertex 14.25 -20 -12
      vertex 14.25 -14.6741 7.81828
    endloop
  endfacet
  facet normal 1 0 0
    outer loop
      vertex 14.25 -15.1817 8.32591
      vertex 14.25 -20 -12
      vertex 14.25 -14.9445 8.05546
    endloop
  endfacet
  facet normal 1 0 0
    outer loop
      vertex 14.25 -15.3816 8.625
      vertex 14.25 -20 -12
      vertex 14.25 -15.1817 8.32591
    endloop
  endfacet
  facet normal 1 0 0
    outer loop
      vertex 14.25 -15.5407 8.94762
      vertex 14.25 -20 -12
      vertex 14.25 -15.3816 8.625
    endloop
  endfacet
  facet normal 1 0 0
    outer loop
      vertex 14.25 -15.6563 9.28825
      vertex 14.25 -20 -12
      vertex 14.25 -15.5407 8.94762
    endloop
  endfacet
  facet normal -0.986086 5.53344e-07 0.166236
    outer loop
      vertex -12.6091 30.4362 33.9836
      vertex -12.4317 34 35.0359
      vertex -14.25 34 24.25
    endloop
  endfacet
  facet normal -0.986085 -5.50873e-07 0.166239
    outer loop
      vertex -12.4317 34 35.0359
      vertex -12.6091 30.4362 33.9836
      vertex -12.5593 30.45 34.279
    endloop
  endfacet
  facet normal -0.986086 0 0.166235
    outer loop
      vertex -14.25 34 24.25
      vertex -12.6091 27.5638 33.9836
      vertex -12.6091 30.4362 33.9836
    endloop
  endfacet
  facet normal -0.986085 0 0.166239
    outer loop
      vertex -12.6091 27.5638 33.9836
      vertex -12.5593 -27.55 34.279
      vertex -12.5593 27.55 34.279
    endloop
  endfacet
  facet normal -0.986086 0 0.166235
    outer loop
      vertex -12.6091 -27.5638 33.9836
      vertex -12.6091 27.5638 33.9836
      vertex -14.25 34 24.25
    endloop
  endfacet
  facet normal -0.986085 0 0.166239
    outer loop
      vertex -12.6091 27.5638 33.9836
      vertex -12.6091 -27.5638 33.9836
      vertex -12.5593 -27.55 34.279
    endloop
  endfacet
  facet normal -0.986086 0 0.166235
    outer loop
      vertex -14.25 -34 24.25
      vertex -12.6091 -27.5638 33.9836
      vertex -14.25 34 24.25
    endloop
  endfacet
  facet normal -0.986086 -5.53344e-07 0.166236
    outer loop
      vertex -12.4317 -34 35.0359
      vertex -12.6091 -30.4362 33.9836
      vertex -14.25 -34 24.25
    endloop
  endfacet
  facet normal -0.986086 0 0.166235
    outer loop
      vertex -12.6091 -27.5638 33.9836
      vertex -14.25 -34 24.25
      vertex -12.6091 -30.4362 33.9836
    endloop
  endfacet
  facet normal -0.986086 0 0.166237
    outer loop
      vertex -12.4317 34 35.0359
      vertex -12.5593 30.45 34.279
      vertex -12.4317 30.4147 35.0359
    endloop
  endfacet
  facet normal -0.986086 0 0.166237
    outer loop
      vertex -12.5593 -27.55 34.279
      vertex -12.4317 27.5853 35.0359
      vertex -12.5593 27.55 34.279
    endloop
  endfacet
  facet normal -0.986086 0 0.166237
    outer loop
      vertex -12.4317 27.5853 35.0359
      vertex -12.5593 -27.55 34.279
      vertex -12.4317 -27.5853 35.0359
    endloop
  endfacet
  facet normal -0.986085 5.50873e-07 0.166239
    outer loop
      vertex -12.6091 -30.4362 33.9836
      vertex -12.4317 -34 35.0359
      vertex -12.5593 -30.45 34.279
    endloop
  endfacet
  facet normal -0.986086 0 0.166237
    outer loop
      vertex -12.5593 -30.45 34.279
      vertex -12.4317 -34 35.0359
      vertex -12.4317 -30.4147 35.0359
    endloop
  endfacet
  facet normal -1 0 0
    outer loop
      vertex -14.25 -34 20.25
      vertex -14.25 34 24.25
      vertex -14.25 34 20.25
    endloop
  endfacet
  facet normal -1 -0 0
    outer loop
      vertex -14.25 34 24.25
      vertex -14.25 -34 20.25
      vertex -14.25 -34 24.25
    endloop
  endfacet
  facet normal -0.0847381 -0.995201 0.048924
    outer loop
      vertex -10.4317 -31.9736 38.5
      vertex -9.20653 -31.9424 41.2567
      vertex -10.7065 -31.9424 38.6587
    endloop
  endfacet
  facet normal -0.0848285 -0.995192 0.0489641
    outer loop
      vertex -9.20653 -31.9424 41.2567
      vertex -10.4317 -31.9736 38.5
      vertex -8.69967 -32 40.9641
    endloop
  endfacet
  facet normal -0.0849246 -0.99518 0.0490318
    outer loop
      vertex -8.69967 -32 40.9641
      vertex -10.4317 -31.9736 38.5
      vertex -10.1997 -32 38.366
    endloop
  endfacet
  facet normal 0.669448 -0.634384 -0.386518
    outer loop
      vertex -8.36256 -31.1213 37.3054
      vertex -6.53945 -30.6667 39.7169
      vertex -6.86256 -31.1213 39.9034
    endloop
  endfacet
  facet normal 0.669419 -0.634435 -0.386486
    outer loop
      vertex -6.53945 -30.6667 39.7169
      vertex -8.36256 -31.1213 37.3054
      vertex -8.03945 -30.6667 37.1188
    endloop
  endfacet
  facet normal 0.828733 0.2903 -0.478465
    outer loop
      vertex -6.15152 -28.4147 39.4929
      vertex -7.79936 -27.8519 36.9802
      vertex -6.29936 -27.8519 39.5783
    endloop
  endfacet
  facet normal 0.828733 0.2903 -0.478465
    outer loop
      vertex -7.79936 -27.8519 36.9802
      vertex -6.15152 -28.4147 39.4929
      vertex -7.65152 -28.4147 36.8948
    endloop
  endfacet
  facet normal 0.861859 0.0979918 -0.49759
    outer loop
      vertex -6.1016 -29 39.4641
      vertex -7.65152 -28.4147 36.8948
      vertex -6.15152 -28.4147 39.4929
    endloop
  endfacet
  facet normal 0.861859 0.0979918 -0.49759
    outer loop
      vertex -7.65152 -28.4147 36.8948
      vertex -6.1016 -29 39.4641
      vertex -7.6016 -29 36.866
    endloop
  endfacet
  facet normal 0.763752 0.471432 -0.440948
    outer loop
      vertex -6.29936 -27.8519 39.5783
      vertex -8.03945 -27.3333 37.1188
      vertex -6.53945 -27.3333 39.7169
    endloop
  endfacet
  facet normal 0.763752 0.471432 -0.440948
    outer loop
      vertex -8.03945 -27.3333 37.1188
      vertex -6.29936 -27.8519 39.5783
      vertex -7.79936 -27.8519 36.9802
    endloop
  endfacet
  facet normal -0.763779 -0.471373 0.440964
    outer loop
      vertex -10.8599 -30.6667 42.2113
      vertex -12.6 -30.148 39.7518
      vertex -12.3599 -30.6667 39.6132
    endloop
  endfacet
  facet normal -0.763779 -0.471373 0.440964
    outer loop
      vertex -12.6 -30.148 39.7518
      vertex -10.8599 -30.6667 42.2113
      vertex -11.1 -30.148 42.3499
    endloop
  endfacet
  facet normal 0.861859 -0.0979918 -0.49759
    outer loop
      vertex -7.65152 -29.5853 36.8948
      vertex -6.1016 -29 39.4641
      vertex -6.15152 -29.5853 39.4929
    endloop
  endfacet
  facet normal 0.861859 -0.0979918 -0.49759
    outer loop
      vertex -6.1016 -29 39.4641
      vertex -7.65152 -29.5853 36.8948
      vertex -7.6016 -29 36.866
    endloop
  endfacet
  facet normal 0.251504 -0.956902 -0.145205
    outer loop
      vertex -9.69281 -31.9424 38.0734
      vertex -7.70543 -31.7716 40.3901
      vertex -8.19281 -31.9424 40.6715
    endloop
  endfacet
  facet normal 0.251504 -0.956902 -0.145205
    outer loop
      vertex -7.70543 -31.7716 40.3901
      vertex -9.69281 -31.9424 38.0734
      vertex -9.20543 -31.7716 37.792
    endloop
  endfacet
  facet normal -0.861862 -0.0979627 0.497592
    outer loop
      vertex -11.2478 -29.5853 42.4353
      vertex -12.7977 -29 39.866
      vertex -12.7478 -29.5853 39.8372
    endloop
  endfacet
  facet normal -0.861862 -0.0979627 0.497592
    outer loop
      vertex -12.7977 -29 39.866
      vertex -11.2478 -29.5853 42.4353
      vertex -11.2977 -29 42.4641
    endloop
  endfacet
  facet normal 0.0848232 0.995192 -0.0489732
    outer loop
      vertex -8.19281 -26.0576 40.6715
      vertex -10.1997 -26 38.366
      vertex -8.69967 -26 40.9641
    endloop
  endfacet
  facet normal 0.0848199 0.995192 -0.0489703
    outer loop
      vertex -10.1997 -26 38.366
      vertex -8.19281 -26.0576 40.6715
      vertex -9.69281 -26.0576 38.0734
    endloop
  endfacet
  facet normal 0.82872 -0.290347 -0.478457
    outer loop
      vertex -7.79936 -30.148 36.9802
      vertex -6.15152 -29.5853 39.4929
      vertex -6.29936 -30.148 39.5783
    endloop
  endfacet
  facet normal 0.82872 -0.290347 -0.478457
    outer loop
      vertex -6.15152 -29.5853 39.4929
      vertex -7.79936 -30.148 36.9802
      vertex -7.65152 -29.5853 36.8948
    endloop
  endfacet
  facet normal -0.251505 -0.956902 0.145204
    outer loop
      vertex -11.1939 -31.7716 38.94
      vertex -9.20653 -31.9424 41.2567
      vertex -9.69391 -31.7716 41.5381
    endloop
  endfacet
  facet normal -0.251517 -0.956897 0.145215
    outer loop
      vertex -9.20653 -31.9424 41.2567
      vertex -11.1939 -31.7716 38.94
      vertex -10.7065 -31.9424 38.6587
    endloop
  endfacet
  facet normal -0.861862 0.0979627 0.497592
    outer loop
      vertex -12.7977 -29 39.866
      vertex -11.2478 -28.4147 42.4353
      vertex -12.7478 -28.4147 39.8372
    endloop
  endfacet
  facet normal -0.861862 0.0979627 0.497592
    outer loop
      vertex -11.2478 -28.4147 42.4353
      vertex -12.7977 -29 39.866
      vertex -11.2977 -29 42.4641
    endloop
  endfacet
  facet normal 0.251504 0.956902 -0.145205
    outer loop
      vertex -7.70543 -26.2284 40.3901
      vertex -9.69281 -26.0576 38.0734
      vertex -8.19281 -26.0576 40.6715
    endloop
  endfacet
  facet normal 0.251504 0.956902 -0.145205
    outer loop
      vertex -9.69281 -26.0576 38.0734
      vertex -7.70543 -26.2284 40.3901
      vertex -9.20543 -26.2284 37.792
    endloop
  endfacet
  facet normal -0.0848285 0.995192 0.0489641
    outer loop
      vertex -10.4317 -26.0264 38.5
      vertex -9.20653 -26.0576 41.2567
      vertex -8.69967 -26 40.9641
    endloop
  endfacet
  facet normal -0.0847381 0.995201 0.048924
    outer loop
      vertex -9.20653 -26.0576 41.2567
      vertex -10.4317 -26.0264 38.5
      vertex -10.7065 -26.0576 38.6587
    endloop
  endfacet
  facet normal -0.0849246 0.99518 0.0490318
    outer loop
      vertex -10.4317 -26.0264 38.5
      vertex -8.69967 -26 40.9641
      vertex -10.1997 -26 38.366
    endloop
  endfacet
  facet normal -0.828747 0.290246 0.478473
    outer loop
      vertex -12.7478 -28.4147 39.8372
      vertex -11.1 -27.8519 42.3499
      vertex -12.6 -27.8519 39.7518
    endloop
  endfacet
  facet normal -0.828747 0.290246 0.478473
    outer loop
      vertex -11.1 -27.8519 42.3499
      vertex -12.7478 -28.4147 39.8372
      vertex -11.2478 -28.4147 42.4353
    endloop
  endfacet
  facet normal -0.549416 0.772997 0.317203
    outer loop
      vertex -10.1431 -26.5056 41.7975
      vertex -12.0368 -26.8787 39.4267
      vertex -10.5368 -26.8787 42.0248
    endloop
  endfacet
  facet normal -0.549416 0.772997 0.317203
    outer loop
      vertex -12.0368 -26.8787 39.4267
      vertex -10.1431 -26.5056 41.7975
      vertex -11.6431 -26.5056 39.1994
    endloop
  endfacet
  facet normal 0.669448 0.634384 -0.386518
    outer loop
      vertex -6.53945 -27.3333 39.7169
      vertex -8.36256 -26.8787 37.3054
      vertex -6.86256 -26.8787 39.9034
    endloop
  endfacet
  facet normal 0.669419 0.634435 -0.386486
    outer loop
      vertex -8.36256 -26.8787 37.3054
      vertex -6.53945 -27.3333 39.7169
      vertex -8.03945 -27.3333 37.1188
    endloop
  endfacet
  facet normal -0.408178 0.881961 0.23566
    outer loop
      vertex -9.69391 -26.2284 41.5381
      vertex -11.6431 -26.5056 39.1994
      vertex -10.1431 -26.5056 41.7975
    endloop
  endfacet
  facet normal -0.408173 0.881964 0.235655
    outer loop
      vertex -11.6431 -26.5056 39.1994
      vertex -9.69391 -26.2284 41.5381
      vertex -11.1939 -26.2284 38.94
    endloop
  endfacet
  facet normal 0.408189 -0.881954 -0.235666
    outer loop
      vertex -9.20543 -31.7716 37.792
      vertex -7.25626 -31.4944 40.1307
      vertex -7.70543 -31.7716 40.3901
    endloop
  endfacet
  facet normal 0.408215 -0.881936 -0.23569
    outer loop
      vertex -7.25626 -31.4944 40.1307
      vertex -9.20543 -31.7716 37.792
      vertex -8.75626 -31.4944 37.5327
    endloop
  endfacet
  facet normal 0.763784 -0.471361 -0.440967
    outer loop
      vertex -8.03945 -30.6667 37.1188
      vertex -6.29936 -30.148 39.5783
      vertex -6.53945 -30.6667 39.7169
    endloop
  endfacet
  facet normal 0.763784 -0.471361 -0.440967
    outer loop
      vertex -6.29936 -30.148 39.5783
      vertex -8.03945 -30.6667 37.1188
      vertex -7.79936 -30.148 36.9802
    endloop
  endfacet
  facet normal 0.549411 0.772997 -0.317212
    outer loop
      vertex -6.86256 -26.8787 39.9034
      vertex -8.75626 -26.5056 37.5327
      vertex -7.25626 -26.5056 40.1307
    endloop
  endfacet
  facet normal 0.549411 0.772997 -0.317212
    outer loop
      vertex -8.75626 -26.5056 37.5327
      vertex -6.86256 -26.8787 39.9034
      vertex -8.36256 -26.8787 37.3054
    endloop
  endfacet
  facet normal 0.5 3.15339e-05 0.866026
    outer loop
      vertex -7.44394 -29 40.2391
      vertex -6.1016 -29 39.4641
      vertex -6.15152 -28.4147 39.4929
    endloop
  endfacet
  facet normal 0.500018 -6.22249e-05 0.866015
    outer loop
      vertex -7.48672 -28.6247 40.2638
      vertex -6.15152 -28.4147 39.4929
      vertex -6.29936 -27.8519 39.5783
    endloop
  endfacet
  facet normal 0.5 -3.15339e-05 0.866026
    outer loop
      vertex -6.1016 -29 39.4641
      vertex -7.44394 -29 40.2391
      vertex -6.15152 -29.5853 39.4929
    endloop
  endfacet
  facet normal 0.499972 9.67981e-06 0.866041
    outer loop
      vertex -7.61217 -28.275 40.3362
      vertex -6.29936 -27.8519 39.5783
      vertex -6.53945 -27.3333 39.7169
    endloop
  endfacet
  facet normal 0.500011 5.73855e-07 0.866019
    outer loop
      vertex -7.48672 -29.3753 40.2638
      vertex -6.15152 -29.5853 39.4929
      vertex -7.44394 -29 40.2391
    endloop
  endfacet
  facet normal 0.499993 8.42041e-05 0.866029
    outer loop
      vertex -7.81173 -27.9747 40.4515
      vertex -6.53945 -27.3333 39.7169
      vertex -6.86256 -26.8787 39.9034
    endloop
  endfacet
  facet normal 0.500018 6.22356e-05 0.866015
    outer loop
      vertex -6.15152 -29.5853 39.4929
      vertex -7.48672 -29.3753 40.2638
      vertex -6.29936 -30.148 39.5783
    endloop
  endfacet
  facet normal 0.50001 2.05745e-05 0.86602
    outer loop
      vertex -8.07181 -27.7443 40.6016
      vertex -6.86256 -26.8787 39.9034
      vertex -7.25626 -26.5056 40.1307
    endloop
  endfacet
  facet normal 0.499962 -5.26083e-05 0.866047
    outer loop
      vertex -7.61217 -29.725 40.3362
      vertex -6.29936 -30.148 39.5783
      vertex -7.48672 -29.3753 40.2638
    endloop
  endfacet
  facet normal 0.499972 -9.67848e-06 0.866041
    outer loop
      vertex -6.29936 -30.148 39.5783
      vertex -7.61217 -29.725 40.3362
      vertex -6.53945 -30.6667 39.7169
    endloop
  endfacet
  facet normal 0.500011 -5.73855e-07 0.866019
    outer loop
      vertex -6.15152 -28.4147 39.4929
      vertex -7.48672 -28.6247 40.2638
      vertex -7.44394 -29 40.2391
    endloop
  endfacet
  facet normal 0.499962 5.2607e-05 0.866047
    outer loop
      vertex -6.29936 -27.8519 39.5783
      vertex -7.61217 -28.275 40.3362
      vertex -7.48672 -28.6247 40.2638
    endloop
  endfacet
  facet normal 0.500083 -4.37351e-05 0.865977
    outer loop
      vertex -8.07181 -27.7443 40.6016
      vertex -7.25626 -26.5056 40.1307
      vertex -7.70543 -26.2284 40.3901
    endloop
  endfacet
  facet normal 0.500087 -0.000164868 0.865975
    outer loop
      vertex -6.53945 -27.3333 39.7169
      vertex -7.81173 -27.9747 40.4515
      vertex -7.61217 -28.275 40.3362
    endloop
  endfacet
  facet normal 0.499948 0.000136563 0.866056
    outer loop
      vertex -6.86256 -26.8787 39.9034
      vertex -8.07181 -27.7443 40.6016
      vertex -7.81173 -27.9747 40.4515
    endloop
  endfacet
  facet normal 0.500015 2.55654e-06 0.866017
    outer loop
      vertex -8.37466 -27.5994 40.7765
      vertex -7.70543 -26.2284 40.3901
      vertex -8.19281 -26.0576 40.6715
    endloop
  endfacet
  facet normal 0.50009 -4.57977e-05 0.865974
    outer loop
      vertex -7.70543 -26.2284 40.3901
      vertex -8.37466 -27.5994 40.7765
      vertex -8.07181 -27.7443 40.6016
    endloop
  endfacet
  facet normal 0.499954 -0 0.866052
    outer loop
      vertex -8.69967 -27.55 40.9641
      vertex -8.19281 -26.0576 40.6715
      vertex -8.69967 -26 40.9641
    endloop
  endfacet
  facet normal 0.499913 1.866e-05 0.866076
    outer loop
      vertex -8.19281 -26.0576 40.6715
      vertex -8.69967 -27.55 40.9641
      vertex -8.37466 -27.5994 40.7765
    endloop
  endfacet
  facet normal 0.499954 0 0.866052
    outer loop
      vertex -9.20653 -26.0576 41.2567
      vertex -8.69967 -27.55 40.9641
      vertex -8.69967 -26 40.9641
    endloop
  endfacet
  facet normal 0.499913 -1.866e-05 0.866076
    outer loop
      vertex -8.69967 -27.55 40.9641
      vertex -9.20653 -26.0576 41.2567
      vertex -9.02468 -27.5994 41.1517
    endloop
  endfacet
  facet normal 0.500015 -2.55654e-06 0.866017
    outer loop
      vertex -9.69391 -26.2284 41.5381
      vertex -9.02468 -27.5994 41.1517
      vertex -9.20653 -26.0576 41.2567
    endloop
  endfacet
  facet normal 0.50008 3.92638e-05 0.865979
    outer loop
      vertex -9.02468 -27.5994 41.1517
      vertex -9.69391 -26.2284 41.5381
      vertex -9.32754 -27.7443 41.3266
    endloop
  endfacet
  facet normal 0.50007 3.61817e-05 0.865985
    outer loop
      vertex -10.1431 -26.5056 41.7975
      vertex -9.32754 -27.7443 41.3266
      vertex -9.69391 -26.2284 41.5381
    endloop
  endfacet
  facet normal 0.500008 -1.80889e-05 0.866021
    outer loop
      vertex -10.5368 -26.8787 42.0248
      vertex -9.32754 -27.7443 41.3266
      vertex -10.1431 -26.5056 41.7975
    endloop
  endfacet
  facet normal 0.500064 8.59198e-05 0.865988
    outer loop
      vertex -9.32754 -27.7443 41.3266
      vertex -10.5368 -26.8787 42.0248
      vertex -9.58761 -27.9747 41.4768
    endloop
  endfacet
  facet normal 0.499956 -3.84345e-05 0.866051
    outer loop
      vertex -10.8599 -27.3333 42.2113
      vertex -9.58761 -27.9747 41.4768
      vertex -10.5368 -26.8787 42.0248
    endloop
  endfacet
  facet normal 0.499965 -1.53015e-05 0.866046
    outer loop
      vertex -9.58761 -27.9747 41.4768
      vertex -10.8599 -27.3333 42.2113
      vertex -9.78717 -28.275 41.592
    endloop
  endfacet
  facet normal 0.500087 0.000164868 0.865975
    outer loop
      vertex -7.81173 -30.0253 40.4515
      vertex -6.53945 -30.6667 39.7169
      vertex -7.61217 -29.725 40.3362
    endloop
  endfacet
  facet normal 0.499993 -8.42041e-05 0.866029
    outer loop
      vertex -6.53945 -30.6667 39.7169
      vertex -7.81173 -30.0253 40.4515
      vertex -6.86256 -31.1213 39.9034
    endloop
  endfacet
  facet normal 0.499948 -0.000136563 0.866056
    outer loop
      vertex -8.07181 -30.2557 40.6016
      vertex -6.86256 -31.1213 39.9034
      vertex -7.81173 -30.0253 40.4515
    endloop
  endfacet
  facet normal 0.50001 -2.05745e-05 0.86602
    outer loop
      vertex -6.86256 -31.1213 39.9034
      vertex -8.07181 -30.2557 40.6016
      vertex -7.25626 -31.4944 40.1307
    endloop
  endfacet
  facet normal 0.500083 4.37351e-05 0.865977
    outer loop
      vertex -7.25626 -31.4944 40.1307
      vertex -8.07181 -30.2557 40.6016
      vertex -7.70543 -31.7716 40.3901
    endloop
  endfacet
  facet normal 0.50009 4.57977e-05 0.865974
    outer loop
      vertex -8.37466 -30.4006 40.7765
      vertex -7.70543 -31.7716 40.3901
      vertex -8.07181 -30.2557 40.6016
    endloop
  endfacet
  facet normal 0.500015 -2.55654e-06 0.866017
    outer loop
      vertex -7.70543 -31.7716 40.3901
      vertex -8.37466 -30.4006 40.7765
      vertex -8.19281 -31.9424 40.6715
    endloop
  endfacet
  facet normal 0.499913 -1.866e-05 0.866076
    outer loop
      vertex -8.69967 -30.45 40.9641
      vertex -8.19281 -31.9424 40.6715
      vertex -8.37466 -30.4006 40.7765
    endloop
  endfacet
  facet normal 0.499954 0 0.866052
    outer loop
      vertex -8.69967 -30.45 40.9641
      vertex -8.69967 -32 40.9641
      vertex -8.19281 -31.9424 40.6715
    endloop
  endfacet
  facet normal 0.499913 1.866e-05 0.866076
    outer loop
      vertex -9.20653 -31.9424 41.2567
      vertex -8.69967 -30.45 40.9641
      vertex -9.02468 -30.4006 41.1517
    endloop
  endfacet
  facet normal 0.499954 0 0.866052
    outer loop
      vertex -8.69967 -30.45 40.9641
      vertex -9.20653 -31.9424 41.2567
      vertex -8.69967 -32 40.9641
    endloop
  endfacet
  facet normal 0.50008 -3.92638e-05 0.865979
    outer loop
      vertex -9.69391 -31.7716 41.5381
      vertex -9.02468 -30.4006 41.1517
      vertex -9.32754 -30.2557 41.3266
    endloop
  endfacet
  facet normal 0.500064 -8.59198e-05 0.865988
    outer loop
      vertex -10.5368 -31.1213 42.0248
      vertex -9.32754 -30.2557 41.3266
      vertex -9.58761 -30.0253 41.4768
    endloop
  endfacet
  facet normal 0.500015 2.55654e-06 0.866017
    outer loop
      vertex -9.02468 -30.4006 41.1517
      vertex -9.69391 -31.7716 41.5381
      vertex -9.20653 -31.9424 41.2567
    endloop
  endfacet
  facet normal 0.499965 1.53015e-05 0.866046
    outer loop
      vertex -10.8599 -30.6667 42.2113
      vertex -9.58761 -30.0253 41.4768
      vertex -9.78717 -29.725 41.592
    endloop
  endfacet
  facet normal 0.499957 5.01592e-05 0.86605
    outer loop
      vertex -11.1 -30.148 42.3499
      vertex -9.78717 -29.725 41.592
      vertex -9.91262 -29.3753 41.6644
    endloop
  endfacet
  facet normal 0.500015 1.33533e-05 0.866017
    outer loop
      vertex -11.2478 -29.5853 42.4353
      vertex -9.91262 -29.3753 41.6644
      vertex -9.95541 -29 41.6891
    endloop
  endfacet
  facet normal 0.50007 -3.61817e-05 0.865985
    outer loop
      vertex -9.32754 -30.2557 41.3266
      vertex -10.1431 -31.4944 41.7975
      vertex -9.69391 -31.7716 41.5381
    endloop
  endfacet
  facet normal 0.499965 -1.50004e-05 0.866045
    outer loop
      vertex -11.1 -27.8519 42.3499
      vertex -9.78717 -28.275 41.592
      vertex -10.8599 -27.3333 42.2113
    endloop
  endfacet
  facet normal 0.499957 -5.0158e-05 0.86605
    outer loop
      vertex -9.78717 -28.275 41.592
      vertex -11.1 -27.8519 42.3499
      vertex -9.91262 -28.6247 41.6644
    endloop
  endfacet
  facet normal 0.500014 -1.60363e-05 0.866017
    outer loop
      vertex -11.2977 -29 42.4641
      vertex -9.95541 -29 41.6891
      vertex -11.2478 -28.4147 42.4353
    endloop
  endfacet
  facet normal 0.500027 9.44636e-05 0.86601
    outer loop
      vertex -11.2478 -28.4147 42.4353
      vertex -9.91262 -28.6247 41.6644
      vertex -11.1 -27.8519 42.3499
    endloop
  endfacet
  facet normal 0.500015 -1.33533e-05 0.866017
    outer loop
      vertex -9.91262 -28.6247 41.6644
      vertex -11.2478 -28.4147 42.4353
      vertex -9.95541 -29 41.6891
    endloop
  endfacet
  facet normal 0.500027 -9.44798e-05 0.86601
    outer loop
      vertex -9.91262 -29.3753 41.6644
      vertex -11.2478 -29.5853 42.4353
      vertex -11.1 -30.148 42.3499
    endloop
  endfacet
  facet normal 0.500008 1.80889e-05 0.866021
    outer loop
      vertex -9.32754 -30.2557 41.3266
      vertex -10.5368 -31.1213 42.0248
      vertex -10.1431 -31.4944 41.7975
    endloop
  endfacet
  facet normal 0.499965 1.49984e-05 0.866045
    outer loop
      vertex -9.78717 -29.725 41.592
      vertex -11.1 -30.148 42.3499
      vertex -10.8599 -30.6667 42.2113
    endloop
  endfacet
  facet normal 0.499956 3.84345e-05 0.866051
    outer loop
      vertex -9.58761 -30.0253 41.4768
      vertex -10.8599 -30.6667 42.2113
      vertex -10.5368 -31.1213 42.0248
    endloop
  endfacet
  facet normal 0.500014 1.60363e-05 0.866017
    outer loop
      vertex -9.95541 -29 41.6891
      vertex -11.2977 -29 42.4641
      vertex -11.2478 -29.5853 42.4353
    endloop
  endfacet
  facet normal 0.549411 -0.772997 -0.317212
    outer loop
      vertex -8.75626 -31.4944 37.5327
      vertex -6.86256 -31.1213 39.9034
      vertex -7.25626 -31.4944 40.1307
    endloop
  endfacet
  facet normal 0.549411 -0.772997 -0.317212
    outer loop
      vertex -6.86256 -31.1213 39.9034
      vertex -8.75626 -31.4944 37.5327
      vertex -8.36256 -31.1213 37.3054
    endloop
  endfacet
  facet normal 0.408189 0.881954 -0.235666
    outer loop
      vertex -7.25626 -26.5056 40.1307
      vertex -9.20543 -26.2284 37.792
      vertex -7.70543 -26.2284 40.3901
    endloop
  endfacet
  facet normal 0.408215 0.881936 -0.23569
    outer loop
      vertex -9.20543 -26.2284 37.792
      vertex -7.25626 -26.5056 40.1307
      vertex -8.75626 -26.5056 37.5327
    endloop
  endfacet
  facet normal -0.251505 0.956902 0.145204
    outer loop
      vertex -9.20653 -26.0576 41.2567
      vertex -11.1939 -26.2284 38.94
      vertex -9.69391 -26.2284 41.5381
    endloop
  endfacet
  facet normal -0.251517 0.956897 0.145215
    outer loop
      vertex -11.1939 -26.2284 38.94
      vertex -9.20653 -26.0576 41.2567
      vertex -10.7065 -26.0576 38.6587
    endloop
  endfacet
  facet normal 0.0848232 -0.995192 -0.0489732
    outer loop
      vertex -10.1997 -32 38.366
      vertex -8.19281 -31.9424 40.6715
      vertex -8.69967 -32 40.9641
    endloop
  endfacet
  facet normal 0.0848199 -0.995192 -0.0489703
    outer loop
      vertex -8.19281 -31.9424 40.6715
      vertex -10.1997 -32 38.366
      vertex -9.69281 -31.9424 38.0734
    endloop
  endfacet
  facet normal -0.828734 -0.290293 0.478466
    outer loop
      vertex -11.1 -30.148 42.3499
      vertex -12.7478 -29.5853 39.8372
      vertex -12.6 -30.148 39.7518
    endloop
  endfacet
  facet normal -0.828734 -0.290293 0.478466
    outer loop
      vertex -12.7478 -29.5853 39.8372
      vertex -11.1 -30.148 42.3499
      vertex -11.2478 -29.5853 42.4353
    endloop
  endfacet
  facet normal -0.669461 0.634375 0.38651
    outer loop
      vertex -12.3599 -27.3333 39.6132
      vertex -10.5368 -26.8787 42.0248
      vertex -12.0368 -26.8787 39.4267
    endloop
  endfacet
  facet normal -0.669461 0.634375 0.38651
    outer loop
      vertex -10.5368 -26.8787 42.0248
      vertex -12.3599 -27.3333 39.6132
      vertex -10.8599 -27.3333 42.2113
    endloop
  endfacet
  facet normal -0.669461 -0.634375 0.38651
    outer loop
      vertex -10.5368 -31.1213 42.0248
      vertex -12.3599 -30.6667 39.6132
      vertex -12.0368 -31.1213 39.4267
    endloop
  endfacet
  facet normal -0.669461 -0.634375 0.38651
    outer loop
      vertex -12.3599 -30.6667 39.6132
      vertex -10.5368 -31.1213 42.0248
      vertex -10.8599 -30.6667 42.2113
    endloop
  endfacet
  facet normal -0.549416 -0.772997 0.317203
    outer loop
      vertex -12.0368 -31.1213 39.4267
      vertex -10.1431 -31.4944 41.7975
      vertex -10.5368 -31.1213 42.0248
    endloop
  endfacet
  facet normal -0.549416 -0.772997 0.317203
    outer loop
      vertex -10.1431 -31.4944 41.7975
      vertex -12.0368 -31.1213 39.4267
      vertex -11.6431 -31.4944 39.1994
    endloop
  endfacet
  facet normal -0.408178 -0.881961 0.23566
    outer loop
      vertex -11.6431 -31.4944 39.1994
      vertex -9.69391 -31.7716 41.5381
      vertex -10.1431 -31.4944 41.7975
    endloop
  endfacet
  facet normal -0.408173 -0.881964 0.235655
    outer loop
      vertex -9.69391 -31.7716 41.5381
      vertex -11.6431 -31.4944 39.1994
      vertex -11.1939 -31.7716 38.94
    endloop
  endfacet
  facet normal -0.763746 0.471443 0.440945
    outer loop
      vertex -12.6 -27.8519 39.7518
      vertex -10.8599 -27.3333 42.2113
      vertex -12.3599 -27.3333 39.6132
    endloop
  endfacet
  facet normal -0.763746 0.471443 0.440945
    outer loop
      vertex -10.8599 -27.3333 42.2113
      vertex -12.6 -27.8519 39.7518
      vertex -11.1 -27.8519 42.3499
    endloop
  endfacet
  facet normal 0.251504 -0.956902 -0.145205
    outer loop
      vertex -9.69281 26.0576 38.0734
      vertex -7.70543 26.2284 40.3901
      vertex -8.19281 26.0576 40.6715
    endloop
  endfacet
  facet normal 0.251504 -0.956902 -0.145205
    outer loop
      vertex -7.70543 26.2284 40.3901
      vertex -9.69281 26.0576 38.0734
      vertex -9.20543 26.2284 37.792
    endloop
  endfacet
  facet normal 0.82872 0.290347 -0.478457
    outer loop
      vertex -6.15152 29.5853 39.4929
      vertex -7.79936 30.148 36.9802
      vertex -6.29936 30.148 39.5783
    endloop
  endfacet
  facet normal 0.82872 0.290347 -0.478457
    outer loop
      vertex -7.79936 30.148 36.9802
      vertex -6.15152 29.5853 39.4929
      vertex -7.65152 29.5853 36.8948
    endloop
  endfacet
  facet normal 0.861859 0.0979918 -0.49759
    outer loop
      vertex -6.1016 29 39.4641
      vertex -7.65152 29.5853 36.8948
      vertex -6.15152 29.5853 39.4929
    endloop
  endfacet
  facet normal 0.861859 0.0979918 -0.49759
    outer loop
      vertex -7.65152 29.5853 36.8948
      vertex -6.1016 29 39.4641
      vertex -7.6016 29 36.866
    endloop
  endfacet
  facet normal 0.763784 0.471361 -0.440967
    outer loop
      vertex -6.29936 30.148 39.5783
      vertex -8.03945 30.6667 37.1188
      vertex -6.53945 30.6667 39.7169
    endloop
  endfacet
  facet normal 0.763784 0.471361 -0.440967
    outer loop
      vertex -8.03945 30.6667 37.1188
      vertex -6.29936 30.148 39.5783
      vertex -7.79936 30.148 36.9802
    endloop
  endfacet
  facet normal -0.763746 -0.471443 0.440945
    outer loop
      vertex -10.8599 27.3333 42.2113
      vertex -12.6 27.8519 39.7518
      vertex -12.3599 27.3333 39.6132
    endloop
  endfacet
  facet normal -0.763746 -0.471443 0.440945
    outer loop
      vertex -12.6 27.8519 39.7518
      vertex -10.8599 27.3333 42.2113
      vertex -11.1 27.8519 42.3499
    endloop
  endfacet
  facet normal 0.251504 0.956902 -0.145205
    outer loop
      vertex -7.70543 31.7716 40.3901
      vertex -9.69281 31.9424 38.0734
      vertex -8.19281 31.9424 40.6715
    endloop
  endfacet
  facet normal 0.251504 0.956902 -0.145205
    outer loop
      vertex -9.69281 31.9424 38.0734
      vertex -7.70543 31.7716 40.3901
      vertex -9.20543 31.7716 37.792
    endloop
  endfacet
  facet normal -0.0848285 0.995192 0.0489641
    outer loop
      vertex -10.4317 31.9736 38.5
      vertex -9.20653 31.9424 41.2567
      vertex -8.69967 32 40.9641
    endloop
  endfacet
  facet normal -0.0847381 0.995201 0.048924
    outer loop
      vertex -9.20653 31.9424 41.2567
      vertex -10.4317 31.9736 38.5
      vertex -10.7065 31.9424 38.6587
    endloop
  endfacet
  facet normal -0.0849246 0.99518 0.0490318
    outer loop
      vertex -10.4317 31.9736 38.5
      vertex -8.69967 32 40.9641
      vertex -10.1997 32 38.366
    endloop
  endfacet
  facet normal -0.408178 -0.881961 0.23566
    outer loop
      vertex -11.6431 26.5056 39.1994
      vertex -9.69391 26.2284 41.5381
      vertex -10.1431 26.5056 41.7975
    endloop
  endfacet
  facet normal -0.408173 -0.881964 0.235655
    outer loop
      vertex -9.69391 26.2284 41.5381
      vertex -11.6431 26.5056 39.1994
      vertex -11.1939 26.2284 38.94
    endloop
  endfacet
  facet normal -0.408178 0.881961 0.23566
    outer loop
      vertex -9.69391 31.7716 41.5381
      vertex -11.6431 31.4944 39.1994
      vertex -10.1431 31.4944 41.7975
    endloop
  endfacet
  facet normal -0.408173 0.881964 0.235655
    outer loop
      vertex -11.6431 31.4944 39.1994
      vertex -9.69391 31.7716 41.5381
      vertex -11.1939 31.7716 38.94
    endloop
  endfacet
  facet normal 0.408189 -0.881954 -0.235666
    outer loop
      vertex -9.20543 26.2284 37.792
      vertex -7.25626 26.5056 40.1307
      vertex -7.70543 26.2284 40.3901
    endloop
  endfacet
  facet normal 0.408215 -0.881936 -0.23569
    outer loop
      vertex -7.25626 26.5056 40.1307
      vertex -9.20543 26.2284 37.792
      vertex -8.75626 26.5056 37.5327
    endloop
  endfacet
  facet normal -0.669461 0.634375 0.38651
    outer loop
      vertex -12.3599 30.6667 39.6132
      vertex -10.5368 31.1213 42.0248
      vertex -12.0368 31.1213 39.4267
    endloop
  endfacet
  facet normal -0.669461 0.634375 0.38651
    outer loop
      vertex -10.5368 31.1213 42.0248
      vertex -12.3599 30.6667 39.6132
      vertex -10.8599 30.6667 42.2113
    endloop
  endfacet
  facet normal 0.669448 0.634384 -0.386518
    outer loop
      vertex -6.53945 30.6667 39.7169
      vertex -8.36256 31.1213 37.3054
      vertex -6.86256 31.1213 39.9034
    endloop
  endfacet
  facet normal 0.669419 0.634435 -0.386486
    outer loop
      vertex -8.36256 31.1213 37.3054
      vertex -6.53945 30.6667 39.7169
      vertex -8.03945 30.6667 37.1188
    endloop
  endfacet
  facet normal 0.669448 -0.634384 -0.386518
    outer loop
      vertex -8.36256 26.8787 37.3054
      vertex -6.53945 27.3333 39.7169
      vertex -6.86256 26.8787 39.9034
    endloop
  endfacet
  facet normal 0.669419 -0.634435 -0.386486
    outer loop
      vertex -6.53945 27.3333 39.7169
      vertex -8.36256 26.8787 37.3054
      vertex -8.03945 27.3333 37.1188
    endloop
  endfacet
  facet normal -0.251505 0.956902 0.145204
    outer loop
      vertex -9.20653 31.9424 41.2567
      vertex -11.1939 31.7716 38.94
      vertex -9.69391 31.7716 41.5381
    endloop
  endfacet
  facet normal -0.251517 0.956897 0.145215
    outer loop
      vertex -11.1939 31.7716 38.94
      vertex -9.20653 31.9424 41.2567
      vertex -10.7065 31.9424 38.6587
    endloop
  endfacet
  facet normal 0.549411 -0.772997 -0.317212
    outer loop
      vertex -8.75626 26.5056 37.5327
      vertex -6.86256 26.8787 39.9034
      vertex -7.25626 26.5056 40.1307
    endloop
  endfacet
  facet normal 0.549411 -0.772997 -0.317212
    outer loop
      vertex -6.86256 26.8787 39.9034
      vertex -8.75626 26.5056 37.5327
      vertex -8.36256 26.8787 37.3054
    endloop
  endfacet
  facet normal 0.861859 -0.0979918 -0.49759
    outer loop
      vertex -7.65152 28.4147 36.8948
      vertex -6.1016 29 39.4641
      vertex -6.15152 28.4147 39.4929
    endloop
  endfacet
  facet normal 0.861859 -0.0979918 -0.49759
    outer loop
      vertex -6.1016 29 39.4641
      vertex -7.65152 28.4147 36.8948
      vertex -7.6016 29 36.866
    endloop
  endfacet
  facet normal -0.251505 -0.956902 0.145204
    outer loop
      vertex -11.1939 26.2284 38.94
      vertex -9.20653 26.0576 41.2567
      vertex -9.69391 26.2284 41.5381
    endloop
  endfacet
  facet normal -0.251517 -0.956897 0.145215
    outer loop
      vertex -9.20653 26.0576 41.2567
      vertex -11.1939 26.2284 38.94
      vertex -10.7065 26.0576 38.6587
    endloop
  endfacet
  facet normal 0.5 3.15339e-05 0.866026
    outer loop
      vertex -7.44394 29 40.2391
      vertex -6.1016 29 39.4641
      vertex -6.15152 29.5853 39.4929
    endloop
  endfacet
  facet normal 0.500018 -6.22356e-05 0.866015
    outer loop
      vertex -7.48672 29.3753 40.2638
      vertex -6.15152 29.5853 39.4929
      vertex -6.29936 30.148 39.5783
    endloop
  endfacet
  facet normal 0.5 -3.15339e-05 0.866026
    outer loop
      vertex -6.1016 29 39.4641
      vertex -7.44394 29 40.2391
      vertex -6.15152 28.4147 39.4929
    endloop
  endfacet
  facet normal 0.499972 9.67848e-06 0.866041
    outer loop
      vertex -7.61217 29.725 40.3362
      vertex -6.29936 30.148 39.5783
      vertex -6.53945 30.6667 39.7169
    endloop
  endfacet
  facet normal 0.500011 5.73855e-07 0.866019
    outer loop
      vertex -7.48672 28.6247 40.2638
      vertex -6.15152 28.4147 39.4929
      vertex -7.44394 29 40.2391
    endloop
  endfacet
  facet normal 0.499993 8.42041e-05 0.866029
    outer loop
      vertex -7.81173 30.0253 40.4515
      vertex -6.53945 30.6667 39.7169
      vertex -6.86256 31.1213 39.9034
    endloop
  endfacet
  facet normal 0.500018 6.22249e-05 0.866015
    outer loop
      vertex -6.15152 28.4147 39.4929
      vertex -7.48672 28.6247 40.2638
      vertex -6.29936 27.8519 39.5783
    endloop
  endfacet
  facet normal 0.50001 2.05745e-05 0.86602
    outer loop
      vertex -8.07181 30.2557 40.6016
      vertex -6.86256 31.1213 39.9034
      vertex -7.25626 31.4944 40.1307
    endloop
  endfacet
  facet normal 0.499962 -5.2607e-05 0.866047
    outer loop
      vertex -7.61217 28.275 40.3362
      vertex -6.29936 27.8519 39.5783
      vertex -7.48672 28.6247 40.2638
    endloop
  endfacet
  facet normal 0.499972 -9.67981e-06 0.866041
    outer loop
      vertex -6.29936 27.8519 39.5783
      vertex -7.61217 28.275 40.3362
      vertex -6.53945 27.3333 39.7169
    endloop
  endfacet
  facet normal 0.500011 -5.73855e-07 0.866019
    outer loop
      vertex -6.15152 29.5853 39.4929
      vertex -7.48672 29.3753 40.2638
      vertex -7.44394 29 40.2391
    endloop
  endfacet
  facet normal 0.499962 5.26083e-05 0.866047
    outer loop
      vertex -6.29936 30.148 39.5783
      vertex -7.61217 29.725 40.3362
      vertex -7.48672 29.3753 40.2638
    endloop
  endfacet
  facet normal 0.500083 -4.37351e-05 0.865977
    outer loop
      vertex -8.07181 30.2557 40.6016
      vertex -7.25626 31.4944 40.1307
      vertex -7.70543 31.7716 40.3901
    endloop
  endfacet
  facet normal 0.500087 -0.000164868 0.865975
    outer loop
      vertex -6.53945 30.6667 39.7169
      vertex -7.81173 30.0253 40.4515
      vertex -7.61217 29.725 40.3362
    endloop
  endfacet
  facet normal 0.499948 0.000136563 0.866056
    outer loop
      vertex -6.86256 31.1213 39.9034
      vertex -8.07181 30.2557 40.6016
      vertex -7.81173 30.0253 40.4515
    endloop
  endfacet
  facet normal 0.500015 2.55654e-06 0.866017
    outer loop
      vertex -8.37466 30.4006 40.7765
      vertex -7.70543 31.7716 40.3901
      vertex -8.19281 31.9424 40.6715
    endloop
  endfacet
  facet normal 0.50009 -4.57977e-05 0.865974
    outer loop
      vertex -7.70543 31.7716 40.3901
      vertex -8.37466 30.4006 40.7765
      vertex -8.07181 30.2557 40.6016
    endloop
  endfacet
  facet normal 0.499954 -0 0.866052
    outer loop
      vertex -8.69967 30.45 40.9641
      vertex -8.19281 31.9424 40.6715
      vertex -8.69967 32 40.9641
    endloop
  endfacet
  facet normal 0.499913 1.866e-05 0.866076
    outer loop
      vertex -8.19281 31.9424 40.6715
      vertex -8.69967 30.45 40.9641
      vertex -8.37466 30.4006 40.7765
    endloop
  endfacet
  facet normal 0.499954 0 0.866052
    outer loop
      vertex -9.20653 31.9424 41.2567
      vertex -8.69967 30.45 40.9641
      vertex -8.69967 32 40.9641
    endloop
  endfacet
  facet normal 0.499913 -1.866e-05 0.866076
    outer loop
      vertex -8.69967 30.45 40.9641
      vertex -9.20653 31.9424 41.2567
      vertex -9.02468 30.4006 41.1517
    endloop
  endfacet
  facet normal 0.500015 -2.55654e-06 0.866017
    outer loop
      vertex -9.69391 31.7716 41.5381
      vertex -9.02468 30.4006 41.1517
      vertex -9.20653 31.9424 41.2567
    endloop
  endfacet
  facet normal 0.50008 3.92638e-05 0.865979
    outer loop
      vertex -9.02468 30.4006 41.1517
      vertex -9.69391 31.7716 41.5381
      vertex -9.32754 30.2557 41.3266
    endloop
  endfacet
  facet normal 0.50007 3.61817e-05 0.865985
    outer loop
      vertex -10.1431 31.4944 41.7975
      vertex -9.32754 30.2557 41.3266
      vertex -9.69391 31.7716 41.5381
    endloop
  endfacet
  facet normal 0.500008 -1.80889e-05 0.866021
    outer loop
      vertex -10.5368 31.1213 42.0248
      vertex -9.32754 30.2557 41.3266
      vertex -10.1431 31.4944 41.7975
    endloop
  endfacet
  facet normal 0.500064 8.59198e-05 0.865988
    outer loop
      vertex -9.32754 30.2557 41.3266
      vertex -10.5368 31.1213 42.0248
      vertex -9.58761 30.0253 41.4768
    endloop
  endfacet
  facet normal 0.499956 -3.84345e-05 0.866051
    outer loop
      vertex -10.8599 30.6667 42.2113
      vertex -9.58761 30.0253 41.4768
      vertex -10.5368 31.1213 42.0248
    endloop
  endfacet
  facet normal 0.499965 -1.53015e-05 0.866046
    outer loop
      vertex -9.58761 30.0253 41.4768
      vertex -10.8599 30.6667 42.2113
      vertex -9.78717 29.725 41.592
    endloop
  endfacet
  facet normal 0.500087 0.000164868 0.865975
    outer loop
      vertex -7.81173 27.9747 40.4515
      vertex -6.53945 27.3333 39.7169
      vertex -7.61217 28.275 40.3362
    endloop
  endfacet
  facet normal 0.499993 -8.42041e-05 0.866029
    outer loop
      vertex -6.53945 27.3333 39.7169
      vertex -7.81173 27.9747 40.4515
      vertex -6.86256 26.8787 39.9034
    endloop
  endfacet
  facet normal 0.499948 -0.000136563 0.866056
    outer loop
      vertex -8.07181 27.7443 40.6016
      vertex -6.86256 26.8787 39.9034
      vertex -7.81173 27.9747 40.4515
    endloop
  endfacet
  facet normal 0.50001 -2.05745e-05 0.86602
    outer loop
      vertex -6.86256 26.8787 39.9034
      vertex -8.07181 27.7443 40.6016
      vertex -7.25626 26.5056 40.1307
    endloop
  endfacet
  facet normal 0.500083 4.37351e-05 0.865977
    outer loop
      vertex -7.25626 26.5056 40.1307
      vertex -8.07181 27.7443 40.6016
      vertex -7.70543 26.2284 40.3901
    endloop
  endfacet
  facet normal 0.50009 4.57977e-05 0.865974
    outer loop
      vertex -8.37466 27.5994 40.7765
      vertex -7.70543 26.2284 40.3901
      vertex -8.07181 27.7443 40.6016
    endloop
  endfacet
  facet normal 0.500015 -2.55654e-06 0.866017
    outer loop
      vertex -7.70543 26.2284 40.3901
      vertex -8.37466 27.5994 40.7765
      vertex -8.19281 26.0576 40.6715
    endloop
  endfacet
  facet normal 0.499913 -1.866e-05 0.866076
    outer loop
      vertex -8.69967 27.55 40.9641
      vertex -8.19281 26.0576 40.6715
      vertex -8.37466 27.5994 40.7765
    endloop
  endfacet
  facet normal 0.499954 0 0.866052
    outer loop
      vertex -8.69967 27.55 40.9641
      vertex -8.69967 26 40.9641
      vertex -8.19281 26.0576 40.6715
    endloop
  endfacet
  facet normal 0.499913 1.866e-05 0.866076
    outer loop
      vertex -9.20653 26.0576 41.2567
      vertex -8.69967 27.55 40.9641
      vertex -9.02468 27.5994 41.1517
    endloop
  endfacet
  facet normal 0.499954 0 0.866052
    outer loop
      vertex -8.69967 27.55 40.9641
      vertex -9.20653 26.0576 41.2567
      vertex -8.69967 26 40.9641
    endloop
  endfacet
  facet normal 0.50008 -3.92638e-05 0.865979
    outer loop
      vertex -9.69391 26.2284 41.5381
      vertex -9.02468 27.5994 41.1517
      vertex -9.32754 27.7443 41.3266
    endloop
  endfacet
  facet normal 0.500064 -8.59198e-05 0.865988
    outer loop
      vertex -10.5368 26.8787 42.0248
      vertex -9.32754 27.7443 41.3266
      vertex -9.58761 27.9747 41.4768
    endloop
  endfacet
  facet normal 0.500015 2.55654e-06 0.866017
    outer loop
      vertex -9.02468 27.5994 41.1517
      vertex -9.69391 26.2284 41.5381
      vertex -9.20653 26.0576 41.2567
    endloop
  endfacet
  facet normal 0.499965 1.53015e-05 0.866046
    outer loop
      vertex -10.8599 27.3333 42.2113
      vertex -9.58761 27.9747 41.4768
      vertex -9.78717 28.275 41.592
    endloop
  endfacet
  facet normal 0.499957 5.0158e-05 0.86605
    outer loop
      vertex -11.1 27.8519 42.3499
      vertex -9.78717 28.275 41.592
      vertex -9.91262 28.6247 41.6644
    endloop
  endfacet
  facet normal 0.500015 1.33533e-05 0.866017
    outer loop
      vertex -11.2478 28.4147 42.4353
      vertex -9.91262 28.6247 41.6644
      vertex -9.95541 29 41.6891
    endloop
  endfacet
  facet normal 0.50007 -3.61817e-05 0.865985
    outer loop
      vertex -9.32754 27.7443 41.3266
      vertex -10.1431 26.5056 41.7975
      vertex -9.69391 26.2284 41.5381
    endloop
  endfacet
  facet normal 0.499965 -1.49984e-05 0.866045
    outer loop
      vertex -11.1 30.148 42.3499
      vertex -9.78717 29.725 41.592
      vertex -10.8599 30.6667 42.2113
    endloop
  endfacet
  facet normal 0.499957 -5.01592e-05 0.86605
    outer loop
      vertex -9.78717 29.725 41.592
      vertex -11.1 30.148 42.3499
      vertex -9.91262 29.3753 41.6644
    endloop
  endfacet
  facet normal 0.500014 -1.60363e-05 0.866017
    outer loop
      vertex -11.2977 29 42.4641
      vertex -9.95541 29 41.6891
      vertex -11.2478 29.5853 42.4353
    endloop
  endfacet
  facet normal 0.500027 9.44798e-05 0.86601
    outer loop
      vertex -11.2478 29.5853 42.4353
      vertex -9.91262 29.3753 41.6644
      vertex -11.1 30.148 42.3499
    endloop
  endfacet
  facet normal 0.500015 -1.33533e-05 0.866017
    outer loop
      vertex -9.91262 29.3753 41.6644
      vertex -11.2478 29.5853 42.4353
      vertex -9.95541 29 41.6891
    endloop
  endfacet
  facet normal 0.500027 -9.44636e-05 0.86601
    outer loop
      vertex -9.91262 28.6247 41.6644
      vertex -11.2478 28.4147 42.4353
      vertex -11.1 27.8519 42.3499
    endloop
  endfacet
  facet normal 0.500008 1.80889e-05 0.866021
    outer loop
      vertex -9.32754 27.7443 41.3266
      vertex -10.5368 26.8787 42.0248
      vertex -10.1431 26.5056 41.7975
    endloop
  endfacet
  facet normal 0.499965 1.50004e-05 0.866045
    outer loop
      vertex -9.78717 28.275 41.592
      vertex -11.1 27.8519 42.3499
      vertex -10.8599 27.3333 42.2113
    endloop
  endfacet
  facet normal 0.499956 3.84345e-05 0.866051
    outer loop
      vertex -9.58761 27.9747 41.4768
      vertex -10.8599 27.3333 42.2113
      vertex -10.5368 26.8787 42.0248
    endloop
  endfacet
  facet normal 0.500014 1.60363e-05 0.866017
    outer loop
      vertex -9.95541 29 41.6891
      vertex -11.2977 29 42.4641
      vertex -11.2478 28.4147 42.4353
    endloop
  endfacet
  facet normal 0.828733 -0.2903 -0.478465
    outer loop
      vertex -7.79936 27.8519 36.9802
      vertex -6.15152 28.4147 39.4929
      vertex -6.29936 27.8519 39.5783
    endloop
  endfacet
  facet normal 0.828733 -0.2903 -0.478465
    outer loop
      vertex -6.15152 28.4147 39.4929
      vertex -7.79936 27.8519 36.9802
      vertex -7.65152 28.4147 36.8948
    endloop
  endfacet
  facet normal -0.828747 -0.290246 0.478473
    outer loop
      vertex -11.1 27.8519 42.3499
      vertex -12.7478 28.4147 39.8372
      vertex -12.6 27.8519 39.7518
    endloop
  endfacet
  facet normal -0.828747 -0.290246 0.478473
    outer loop
      vertex -12.7478 28.4147 39.8372
      vertex -11.1 27.8519 42.3499
      vertex -11.2478 28.4147 42.4353
    endloop
  endfacet
  facet normal 0.763752 -0.471432 -0.440948
    outer loop
      vertex -8.03945 27.3333 37.1188
      vertex -6.29936 27.8519 39.5783
      vertex -6.53945 27.3333 39.7169
    endloop
  endfacet
  facet normal 0.763752 -0.471432 -0.440948
    outer loop
      vertex -6.29936 27.8519 39.5783
      vertex -8.03945 27.3333 37.1188
      vertex -7.79936 27.8519 36.9802
    endloop
  endfacet
  facet normal -0.861862 0.0979627 0.497592
    outer loop
      vertex -12.7977 29 39.866
      vertex -11.2478 29.5853 42.4353
      vertex -12.7478 29.5853 39.8372
    endloop
  endfacet
  facet normal -0.861862 0.0979627 0.497592
    outer loop
      vertex -11.2478 29.5853 42.4353
      vertex -12.7977 29 39.866
      vertex -11.2977 29 42.4641
    endloop
  endfacet
  facet normal 0.0848232 0.995192 -0.0489732
    outer loop
      vertex -8.19281 31.9424 40.6715
      vertex -10.1997 32 38.366
      vertex -8.69967 32 40.9641
    endloop
  endfacet
  facet normal 0.0848199 0.995192 -0.0489703
    outer loop
      vertex -10.1997 32 38.366
      vertex -8.19281 31.9424 40.6715
      vertex -9.69281 31.9424 38.0734
    endloop
  endfacet
  facet normal -0.549416 0.772997 0.317203
    outer loop
      vertex -10.1431 31.4944 41.7975
      vertex -12.0368 31.1213 39.4267
      vertex -10.5368 31.1213 42.0248
    endloop
  endfacet
  facet normal -0.549416 0.772997 0.317203
    outer loop
      vertex -12.0368 31.1213 39.4267
      vertex -10.1431 31.4944 41.7975
      vertex -11.6431 31.4944 39.1994
    endloop
  endfacet
  facet normal 0.549411 0.772997 -0.317212
    outer loop
      vertex -6.86256 31.1213 39.9034
      vertex -8.75626 31.4944 37.5327
      vertex -7.25626 31.4944 40.1307
    endloop
  endfacet
  facet normal 0.549411 0.772997 -0.317212
    outer loop
      vertex -8.75626 31.4944 37.5327
      vertex -6.86256 31.1213 39.9034
      vertex -8.36256 31.1213 37.3054
    endloop
  endfacet
  facet normal 0.0848232 -0.995192 -0.0489732
    outer loop
      vertex -10.1997 26 38.366
      vertex -8.19281 26.0576 40.6715
      vertex -8.69967 26 40.9641
    endloop
  endfacet
  facet normal 0.0848199 -0.995192 -0.0489703
    outer loop
      vertex -8.19281 26.0576 40.6715
      vertex -10.1997 26 38.366
      vertex -9.69281 26.0576 38.0734
    endloop
  endfacet
  facet normal 0.408189 0.881954 -0.235666
    outer loop
      vertex -7.25626 31.4944 40.1307
      vertex -9.20543 31.7716 37.792
      vertex -7.70543 31.7716 40.3901
    endloop
  endfacet
  facet normal 0.408215 0.881936 -0.23569
    outer loop
      vertex -9.20543 31.7716 37.792
      vertex -7.25626 31.4944 40.1307
      vertex -8.75626 31.4944 37.5327
    endloop
  endfacet
  facet normal -0.669461 -0.634375 0.38651
    outer loop
      vertex -10.5368 26.8787 42.0248
      vertex -12.3599 27.3333 39.6132
      vertex -12.0368 26.8787 39.4267
    endloop
  endfacet
  facet normal -0.669461 -0.634375 0.38651
    outer loop
      vertex -12.3599 27.3333 39.6132
      vertex -10.5368 26.8787 42.0248
      vertex -10.8599 27.3333 42.2113
    endloop
  endfacet
  facet normal -0.0847381 -0.995201 0.048924
    outer loop
      vertex -10.4317 26.0264 38.5
      vertex -9.20653 26.0576 41.2567
      vertex -10.7065 26.0576 38.6587
    endloop
  endfacet
  facet normal -0.0848285 -0.995192 0.0489641
    outer loop
      vertex -9.20653 26.0576 41.2567
      vertex -10.4317 26.0264 38.5
      vertex -8.69967 26 40.9641
    endloop
  endfacet
  facet normal -0.0849246 -0.99518 0.0490318
    outer loop
      vertex -8.69967 26 40.9641
      vertex -10.4317 26.0264 38.5
      vertex -10.1997 26 38.366
    endloop
  endfacet
  facet normal -0.549416 -0.772997 0.317203
    outer loop
      vertex -12.0368 26.8787 39.4267
      vertex -10.1431 26.5056 41.7975
      vertex -10.5368 26.8787 42.0248
    endloop
  endfacet
  facet normal -0.549416 -0.772997 0.317203
    outer loop
      vertex -10.1431 26.5056 41.7975
      vertex -12.0368 26.8787 39.4267
      vertex -11.6431 26.5056 39.1994
    endloop
  endfacet
  facet normal -0.828734 0.290293 0.478466
    outer loop
      vertex -12.7478 29.5853 39.8372
      vertex -11.1 30.148 42.3499
      vertex -12.6 30.148 39.7518
    endloop
  endfacet
  facet normal -0.828734 0.290293 0.478466
    outer loop
      vertex -11.1 30.148 42.3499
      vertex -12.7478 29.5853 39.8372
      vertex -11.2478 29.5853 42.4353
    endloop
  endfacet
  facet normal -0.763779 0.471373 0.440964
    outer loop
      vertex -12.6 30.148 39.7518
      vertex -10.8599 30.6667 42.2113
      vertex -12.3599 30.6667 39.6132
    endloop
  endfacet
  facet normal -0.763779 0.471373 0.440964
    outer loop
      vertex -10.8599 30.6667 42.2113
      vertex -12.6 30.148 39.7518
      vertex -11.1 30.148 42.3499
    endloop
  endfacet
  facet normal -0.861862 -0.0979627 0.497592
    outer loop
      vertex -11.2478 28.4147 42.4353
      vertex -12.7977 29 39.866
      vertex -12.7478 28.4147 39.8372
    endloop
  endfacet
  facet normal -0.861862 -0.0979627 0.497592
    outer loop
      vertex -12.7977 29 39.866
      vertex -11.2478 28.4147 42.4353
      vertex -11.2977 29 42.4641
    endloop
  endfacet
  facet normal -0.0848295 -0.995191 0.0489794
    outer loop
      vertex 9.21205 -31.9424 27.1587
      vertex 11.2189 -32 29.4641
      vertex 10.7121 -31.9424 29.7567
    endloop
  endfacet
  facet normal -0.0848166 -0.995193 0.0489681
    outer loop
      vertex 11.2189 -32 29.4641
      vertex 9.21205 -31.9424 27.1587
      vertex 9.71891 -32 26.866
    endloop
  endfacet
  facet normal 0.669455 -0.634375 -0.386521
    outer loop
      vertex 11.556 -31.1213 25.8054
      vertex 13.3791 -30.6667 28.2169
      vertex 13.056 -31.1213 28.4034
    endloop
  endfacet
  facet normal 0.669425 -0.634426 -0.386489
    outer loop
      vertex 13.3791 -30.6667 28.2169
      vertex 11.556 -31.1213 25.8054
      vertex 11.8791 -30.6667 25.6188
    endloop
  endfacet
  facet normal 0.828711 0.290381 -0.478452
    outer loop
      vertex 13.7671 -28.4147 27.9929
      vertex 12.1192 -27.8519 25.4802
      vertex 13.6192 -27.8519 28.0783
    endloop
  endfacet
  facet normal 0.828711 0.290381 -0.478452
    outer loop
      vertex 12.1192 -27.8519 25.4802
      vertex 13.7671 -28.4147 27.9929
      vertex 12.2671 -28.4147 25.3948
    endloop
  endfacet
  facet normal 0.861862 0.0979627 -0.497592
    outer loop
      vertex 13.817 -29 27.9641
      vertex 12.2671 -28.4147 25.3948
      vertex 13.7671 -28.4147 27.9929
    endloop
  endfacet
  facet normal 0.861862 0.0979627 -0.497592
    outer loop
      vertex 12.2671 -28.4147 25.3948
      vertex 13.817 -29 27.9641
      vertex 12.317 -29 25.366
    endloop
  endfacet
  facet normal 0.763746 0.471443 -0.440945
    outer loop
      vertex 13.6192 -27.8519 28.0783
      vertex 11.8791 -27.3333 25.6188
      vertex 13.3791 -27.3333 28.2169
    endloop
  endfacet
  facet normal 0.763746 0.471443 -0.440945
    outer loop
      vertex 11.8791 -27.3333 25.6188
      vertex 13.6192 -27.8519 28.0783
      vertex 12.1192 -27.8519 25.4802
    endloop
  endfacet
  facet normal -0.763784 -0.471361 0.440967
    outer loop
      vertex 9.05869 -30.6667 30.7113
      vertex 7.3186 -30.148 28.2518
      vertex 7.55869 -30.6667 28.1132
    endloop
  endfacet
  facet normal -0.763784 -0.471361 0.440967
    outer loop
      vertex 7.3186 -30.148 28.2518
      vertex 9.05869 -30.6667 30.7113
      vertex 8.8186 -30.148 30.8499
    endloop
  endfacet
  facet normal 0.861862 -0.0979627 -0.497592
    outer loop
      vertex 12.2671 -29.5853 25.3948
      vertex 13.817 -29 27.9641
      vertex 13.7671 -29.5853 27.9929
    endloop
  endfacet
  facet normal 0.861862 -0.0979627 -0.497592
    outer loop
      vertex 13.817 -29 27.9641
      vertex 12.2671 -29.5853 25.3948
      vertex 12.317 -29 25.366
    endloop
  endfacet
  facet normal 0.251497 -0.956904 -0.145201
    outer loop
      vertex 10.2258 -31.9424 26.5734
      vertex 12.2132 -31.7716 28.8901
      vertex 11.7258 -31.9424 29.1715
    endloop
  endfacet
  facet normal 0.251497 -0.956904 -0.145201
    outer loop
      vertex 12.2132 -31.7716 28.8901
      vertex 10.2258 -31.9424 26.5734
      vertex 10.7132 -31.7716 26.292
    endloop
  endfacet
  facet normal -0.861858 -0.0980064 0.497589
    outer loop
      vertex 8.67076 -29.5853 30.9353
      vertex 7.12083 -29 28.366
      vertex 7.17076 -29.5853 28.3372
    endloop
  endfacet
  facet normal -0.861858 -0.0980064 0.497589
    outer loop
      vertex 7.12083 -29 28.366
      vertex 8.67076 -29.5853 30.9353
      vertex 8.62083 -29 30.9641
    endloop
  endfacet
  facet normal 0.0848188 0.995192 -0.0489694
    outer loop
      vertex 11.7258 -26.0576 29.1715
      vertex 9.71891 -26 26.866
      vertex 11.2189 -26 29.4641
    endloop
  endfacet
  facet normal 0.0848199 0.995192 -0.0489703
    outer loop
      vertex 9.71891 -26 26.866
      vertex 11.7258 -26.0576 29.1715
      vertex 10.2258 -26.0576 26.5734
    endloop
  endfacet
  facet normal 0.828699 -0.290428 -0.478445
    outer loop
      vertex 12.1192 -30.148 25.4802
      vertex 13.7671 -29.5853 27.9929
      vertex 13.6192 -30.148 28.0783
    endloop
  endfacet
  facet normal 0.828699 -0.290428 -0.478445
    outer loop
      vertex 13.7671 -29.5853 27.9929
      vertex 12.1192 -30.148 25.4802
      vertex 12.2671 -29.5853 25.3948
    endloop
  endfacet
  facet normal -0.251494 -0.956904 0.145207
    outer loop
      vertex 8.72467 -31.7716 27.4401
      vertex 10.7121 -31.9424 29.7567
      vertex 10.2247 -31.7716 30.0381
    endloop
  endfacet
  facet normal -0.2515 -0.956902 0.145213
    outer loop
      vertex 10.7121 -31.9424 29.7567
      vertex 8.72467 -31.7716 27.4401
      vertex 9.21205 -31.9424 27.1587
    endloop
  endfacet
  facet normal -0.861858 0.0980064 0.497589
    outer loop
      vertex 7.12083 -29 28.366
      vertex 8.67076 -28.4147 30.9353
      vertex 7.17076 -28.4147 28.3372
    endloop
  endfacet
  facet normal -0.861858 0.0980064 0.497589
    outer loop
      vertex 8.67076 -28.4147 30.9353
      vertex 7.12083 -29 28.366
      vertex 8.62083 -29 30.9641
    endloop
  endfacet
  facet normal 0.251497 0.956904 -0.145201
    outer loop
      vertex 12.2132 -26.2284 28.8901
      vertex 10.2258 -26.0576 26.5734
      vertex 11.7258 -26.0576 29.1715
    endloop
  endfacet
  facet normal 0.251497 0.956904 -0.145201
    outer loop
      vertex 10.2258 -26.0576 26.5734
      vertex 12.2132 -26.2284 28.8901
      vertex 10.7132 -26.2284 26.292
    endloop
  endfacet
  facet normal -0.0848295 0.995191 0.0489794
    outer loop
      vertex 11.2189 -26 29.4641
      vertex 9.21205 -26.0576 27.1587
      vertex 10.7121 -26.0576 29.7567
    endloop
  endfacet
  facet normal -0.0848166 0.995193 0.0489681
    outer loop
      vertex 9.21205 -26.0576 27.1587
      vertex 11.2189 -26 29.4641
      vertex 9.71891 -26 26.866
    endloop
  endfacet
  facet normal -0.828733 0.2903 0.478465
    outer loop
      vertex 7.17076 -28.4147 28.3372
      vertex 8.8186 -27.8519 30.8499
      vertex 7.3186 -27.8519 28.2518
    endloop
  endfacet
  facet normal -0.828733 0.2903 0.478465
    outer loop
      vertex 8.8186 -27.8519 30.8499
      vertex 7.17076 -28.4147 28.3372
      vertex 8.67076 -28.4147 30.9353
    endloop
  endfacet
  facet normal -0.54941 0.773003 0.317199
    outer loop
      vertex 9.7755 -26.5056 30.2975
      vertex 7.88179 -26.8787 27.9267
      vertex 9.38179 -26.8787 30.5248
    endloop
  endfacet
  facet normal -0.54941 0.773003 0.317199
    outer loop
      vertex 7.88179 -26.8787 27.9267
      vertex 9.7755 -26.5056 30.2975
      vertex 8.2755 -26.5056 27.6994
    endloop
  endfacet
  facet normal 0.669455 0.634375 -0.386521
    outer loop
      vertex 13.3791 -27.3333 28.2169
      vertex 11.556 -26.8787 25.8054
      vertex 13.056 -26.8787 28.4034
    endloop
  endfacet
  facet normal 0.669425 0.634426 -0.386489
    outer loop
      vertex 11.556 -26.8787 25.8054
      vertex 13.3791 -27.3333 28.2169
      vertex 11.8791 -27.3333 25.6188
    endloop
  endfacet
  facet normal -0.408173 0.881964 0.235656
    outer loop
      vertex 10.2247 -26.2284 30.0381
      vertex 8.2755 -26.5056 27.6994
      vertex 9.7755 -26.5056 30.2975
    endloop
  endfacet
  facet normal -0.408213 0.881936 0.235694
    outer loop
      vertex 8.2755 -26.5056 27.6994
      vertex 10.2247 -26.2284 30.0381
      vertex 8.72467 -26.2284 27.4401
    endloop
  endfacet
  facet normal 0.408226 -0.881932 -0.235687
    outer loop
      vertex 10.7132 -31.7716 26.292
      vertex 12.6623 -31.4944 28.6307
      vertex 12.2132 -31.7716 28.8901
    endloop
  endfacet
  facet normal 0.408252 -0.881913 -0.235712
    outer loop
      vertex 12.6623 -31.4944 28.6307
      vertex 10.7132 -31.7716 26.292
      vertex 11.1623 -31.4944 26.0327
    endloop
  endfacet
  facet normal 0.763779 -0.471373 -0.440964
    outer loop
      vertex 11.8791 -30.6667 25.6188
      vertex 13.6192 -30.148 28.0783
      vertex 13.3791 -30.6667 28.2169
    endloop
  endfacet
  facet normal 0.763779 -0.471373 -0.440964
    outer loop
      vertex 13.6192 -30.148 28.0783
      vertex 11.8791 -30.6667 25.6188
      vertex 12.1192 -30.148 25.4802
    endloop
  endfacet
  facet normal 0.549411 0.772997 -0.317212
    outer loop
      vertex 13.056 -26.8787 28.4034
      vertex 11.1623 -26.5056 26.0327
      vertex 12.6623 -26.5056 28.6307
    endloop
  endfacet
  facet normal 0.549411 0.772997 -0.317212
    outer loop
      vertex 11.1623 -26.5056 26.0327
      vertex 13.056 -26.8787 28.4034
      vertex 11.556 -26.8787 25.8054
    endloop
  endfacet
  facet normal 0.499983 1.25435e-05 0.866035
    outer loop
      vertex 12.4746 -29 28.7391
      vertex 13.817 -29 27.9641
      vertex 13.7671 -28.4147 27.9929
    endloop
  endfacet
  facet normal 0.500012 -1.1034e-05 0.866018
    outer loop
      vertex 12.4319 -28.6247 28.7638
      vertex 13.7671 -28.4147 27.9929
      vertex 13.6192 -27.8519 28.0783
    endloop
  endfacet
  facet normal 0.499983 -1.25435e-05 0.866035
    outer loop
      vertex 13.817 -29 27.9641
      vertex 12.4746 -29 28.7391
      vertex 13.7671 -29.5853 27.9929
    endloop
  endfacet
  facet normal 0.499973 1.96031e-05 0.866041
    outer loop
      vertex 12.3064 -28.275 28.8362
      vertex 13.6192 -27.8519 28.0783
      vertex 13.3791 -27.3333 28.2169
    endloop
  endfacet
  facet normal 0.500023 0.000105283 0.866012
    outer loop
      vertex 12.4319 -29.3753 28.7638
      vertex 13.7671 -29.5853 27.9929
      vertex 12.4746 -29 28.7391
    endloop
  endfacet
  facet normal 0.499976 5.69401e-05 0.866039
    outer loop
      vertex 12.1069 -27.9747 28.9514
      vertex 13.3791 -27.3333 28.2169
      vertex 13.056 -26.8787 28.4034
    endloop
  endfacet
  facet normal 0.500012 1.10359e-05 0.866018
    outer loop
      vertex 13.7671 -29.5853 27.9929
      vertex 12.4319 -29.3753 28.7638
      vertex 13.6192 -30.148 28.0783
    endloop
  endfacet
  facet normal 0.500019 3.30029e-05 0.866015
    outer loop
      vertex 11.8468 -27.7443 29.1016
      vertex 13.056 -26.8787 28.4034
      vertex 12.6623 -26.5056 28.6307
    endloop
  endfacet
  facet normal 0.499949 -0.000117909 0.866055
    outer loop
      vertex 12.3064 -29.725 28.8362
      vertex 13.6192 -30.148 28.0783
      vertex 12.4319 -29.3753 28.7638
    endloop
  endfacet
  facet normal 0.499973 -1.96005e-05 0.866041
    outer loop
      vertex 13.6192 -30.148 28.0783
      vertex 12.3064 -29.725 28.8362
      vertex 13.3791 -30.6667 28.2169
    endloop
  endfacet
  facet normal 0.500023 -0.000105283 0.866012
    outer loop
      vertex 13.7671 -28.4147 27.9929
      vertex 12.4319 -28.6247 28.7638
      vertex 12.4746 -29 28.7391
    endloop
  endfacet
  facet normal 0.499949 0.000117907 0.866055
    outer loop
      vertex 13.6192 -27.8519 28.0783
      vertex 12.3064 -28.275 28.8362
      vertex 12.4319 -28.6247 28.7638
    endloop
  endfacet
  facet normal 0.500131 -6.58685e-05 0.865949
    outer loop
      vertex 11.8468 -27.7443 29.1016
      vertex 12.6623 -26.5056 28.6307
      vertex 12.2132 -26.2284 28.8901
    endloop
  endfacet
  facet normal 0.500013 -4.19254e-05 0.866018
    outer loop
      vertex 13.3791 -27.3333 28.2169
      vertex 12.1069 -27.9747 28.9514
      vertex 12.3064 -28.275 28.8362
    endloop
  endfacet
  facet normal 0.500055 -3.44168e-05 0.865994
    outer loop
      vertex 13.056 -26.8787 28.4034
      vertex 11.8468 -27.7443 29.1016
      vertex 12.1069 -27.9747 28.9514
    endloop
  endfacet
  facet normal 0.499996 -1.06906e-05 0.866027
    outer loop
      vertex 11.5439 -27.5994 29.2765
      vertex 12.2132 -26.2284 28.8901
      vertex 11.7258 -26.0576 29.1715
    endloop
  endfacet
  facet normal 0.500032 -3.38283e-05 0.866007
    outer loop
      vertex 12.2132 -26.2284 28.8901
      vertex 11.5439 -27.5994 29.2765
      vertex 11.8468 -27.7443 29.1016
    endloop
  endfacet
  facet normal 0.499925 -0 0.866069
    outer loop
      vertex 11.2189 -27.55 29.4641
      vertex 11.7258 -26.0576 29.1715
      vertex 11.2189 -26 29.4641
    endloop
  endfacet
  facet normal 0.499922 9.50847e-07 0.86607
    outer loop
      vertex 11.7258 -26.0576 29.1715
      vertex 11.2189 -27.55 29.4641
      vertex 11.5439 -27.5994 29.2765
    endloop
  endfacet
  facet normal 0.499999 0 0.866026
    outer loop
      vertex 10.7121 -26.0576 29.7567
      vertex 11.2189 -27.55 29.4641
      vertex 11.2189 -26 29.4641
    endloop
  endfacet
  facet normal 0.499926 -3.28045e-05 0.866068
    outer loop
      vertex 11.2189 -27.55 29.4641
      vertex 10.7121 -26.0576 29.7567
      vertex 10.8939 -27.5994 29.6517
    endloop
  endfacet
  facet normal 0.500005 -2.04519e-05 0.866023
    outer loop
      vertex 10.2247 -26.2284 30.0381
      vertex 10.8939 -27.5994 29.6517
      vertex 10.7121 -26.0576 29.7567
    endloop
  endfacet
  facet normal 0.500043 4.26033e-06 0.866001
    outer loop
      vertex 10.8939 -27.5994 29.6517
      vertex 10.2247 -26.2284 30.0381
      vertex 10.591 -27.7443 29.8266
    endloop
  endfacet
  facet normal 0.500072 1.37454e-05 0.865984
    outer loop
      vertex 9.7755 -26.5056 30.2975
      vertex 10.591 -27.7443 29.8266
      vertex 10.2247 -26.2284 30.0381
    endloop
  endfacet
  facet normal 0.500013 -3.8152e-05 0.866018
    outer loop
      vertex 9.38179 -26.8787 30.5248
      vertex 10.591 -27.7443 29.8266
      vertex 9.7755 -26.5056 30.2975
    endloop
  endfacet
  facet normal 0.500118 0.000157048 0.865957
    outer loop
      vertex 10.591 -27.7443 29.8266
      vertex 9.38179 -26.8787 30.5248
      vertex 10.331 -27.9747 29.9768
    endloop
  endfacet
  facet normal 0.499952 -3.43223e-05 0.866053
    outer loop
      vertex 9.05869 -27.3333 30.7113
      vertex 10.331 -27.9747 29.9768
      vertex 9.38179 -26.8787 30.5248
    endloop
  endfacet
  facet normal 0.499942 -6.12712e-05 0.866059
    outer loop
      vertex 10.331 -27.9747 29.9768
      vertex 9.05869 -27.3333 30.7113
      vertex 10.1314 -28.275 30.092
    endloop
  endfacet
  facet normal 0.500013 4.19254e-05 0.866018
    outer loop
      vertex 12.1069 -30.0253 28.9514
      vertex 13.3791 -30.6667 28.2169
      vertex 12.3064 -29.725 28.8362
    endloop
  endfacet
  facet normal 0.499976 -5.69401e-05 0.866039
    outer loop
      vertex 13.3791 -30.6667 28.2169
      vertex 12.1069 -30.0253 28.9514
      vertex 13.056 -31.1213 28.4034
    endloop
  endfacet
  facet normal 0.500055 3.44168e-05 0.865994
    outer loop
      vertex 11.8468 -30.2557 29.1016
      vertex 13.056 -31.1213 28.4034
      vertex 12.1069 -30.0253 28.9514
    endloop
  endfacet
  facet normal 0.500019 -3.30029e-05 0.866015
    outer loop
      vertex 13.056 -31.1213 28.4034
      vertex 11.8468 -30.2557 29.1016
      vertex 12.6623 -31.4944 28.6307
    endloop
  endfacet
  facet normal 0.500131 6.58685e-05 0.865949
    outer loop
      vertex 12.6623 -31.4944 28.6307
      vertex 11.8468 -30.2557 29.1016
      vertex 12.2132 -31.7716 28.8901
    endloop
  endfacet
  facet normal 0.500032 3.38283e-05 0.866007
    outer loop
      vertex 11.5439 -30.4006 29.2765
      vertex 12.2132 -31.7716 28.8901
      vertex 11.8468 -30.2557 29.1016
    endloop
  endfacet
  facet normal 0.499996 1.06906e-05 0.866027
    outer loop
      vertex 12.2132 -31.7716 28.8901
      vertex 11.5439 -30.4006 29.2765
      vertex 11.7258 -31.9424 29.1715
    endloop
  endfacet
  facet normal 0.499922 -9.50847e-07 0.86607
    outer loop
      vertex 11.2189 -30.45 29.4641
      vertex 11.7258 -31.9424 29.1715
      vertex 11.5439 -30.4006 29.2765
    endloop
  endfacet
  facet normal 0.499925 0 0.866069
    outer loop
      vertex 11.2189 -30.45 29.4641
      vertex 11.2189 -32 29.4641
      vertex 11.7258 -31.9424 29.1715
    endloop
  endfacet
  facet normal 0.499926 3.28045e-05 0.866068
    outer loop
      vertex 10.7121 -31.9424 29.7567
      vertex 11.2189 -30.45 29.4641
      vertex 10.8939 -30.4006 29.6517
    endloop
  endfacet
  facet normal 0.499999 0 0.866026
    outer loop
      vertex 11.2189 -30.45 29.4641
      vertex 10.7121 -31.9424 29.7567
      vertex 11.2189 -32 29.4641
    endloop
  endfacet
  facet normal 0.500043 -4.26033e-06 0.866001
    outer loop
      vertex 10.2247 -31.7716 30.0381
      vertex 10.8939 -30.4006 29.6517
      vertex 10.591 -30.2557 29.8266
    endloop
  endfacet
  facet normal 0.500118 -0.000157048 0.865957
    outer loop
      vertex 9.38179 -31.1213 30.5248
      vertex 10.591 -30.2557 29.8266
      vertex 10.331 -30.0253 29.9768
    endloop
  endfacet
  facet normal 0.500005 2.04519e-05 0.866023
    outer loop
      vertex 10.8939 -30.4006 29.6517
      vertex 10.2247 -31.7716 30.0381
      vertex 10.7121 -31.9424 29.7567
    endloop
  endfacet
  facet normal 0.499942 6.12712e-05 0.866059
    outer loop
      vertex 9.05869 -30.6667 30.7113
      vertex 10.331 -30.0253 29.9768
      vertex 10.1314 -29.725 30.092
    endloop
  endfacet
  facet normal 0.49998 -1.02478e-05 0.866037
    outer loop
      vertex 8.8186 -30.148 30.8499
      vertex 10.1314 -29.725 30.092
      vertex 10.006 -29.3753 30.1644
    endloop
  endfacet
  facet normal 0.499992 6.31879e-05 0.86603
    outer loop
      vertex 8.67076 -29.5853 30.9353
      vertex 10.006 -29.3753 30.1644
      vertex 9.96317 -29 30.1891
    endloop
  endfacet
  facet normal 0.500072 -1.37454e-05 0.865984
    outer loop
      vertex 10.591 -30.2557 29.8266
      vertex 9.7755 -31.4944 30.2975
      vertex 10.2247 -31.7716 30.0381
    endloop
  endfacet
  facet normal 0.499975 -1.1214e-05 0.86604
    outer loop
      vertex 8.8186 -27.8519 30.8499
      vertex 10.1314 -28.275 30.092
      vertex 9.05869 -27.3333 30.7113
    endloop
  endfacet
  facet normal 0.49998 1.02475e-05 0.866037
    outer loop
      vertex 10.1314 -28.275 30.092
      vertex 8.8186 -27.8519 30.8499
      vertex 10.006 -28.6247 30.1644
    endloop
  endfacet
  facet normal 0.5 -4.00765e-05 0.866026
    outer loop
      vertex 8.62083 -29 30.9641
      vertex 9.96317 -29 30.1891
      vertex 8.67076 -28.4147 30.9353
    endloop
  endfacet
  facet normal 0.500007 6.60041e-05 0.866021
    outer loop
      vertex 8.67076 -28.4147 30.9353
      vertex 10.006 -28.6247 30.1644
      vertex 8.8186 -27.8519 30.8499
    endloop
  endfacet
  facet normal 0.499992 -6.31879e-05 0.86603
    outer loop
      vertex 10.006 -28.6247 30.1644
      vertex 8.67076 -28.4147 30.9353
      vertex 9.96317 -29 30.1891
    endloop
  endfacet
  facet normal 0.500007 -6.60154e-05 0.866021
    outer loop
      vertex 10.006 -29.3753 30.1644
      vertex 8.67076 -29.5853 30.9353
      vertex 8.8186 -30.148 30.8499
    endloop
  endfacet
  facet normal 0.500013 3.8152e-05 0.866018
    outer loop
      vertex 10.591 -30.2557 29.8266
      vertex 9.38179 -31.1213 30.5248
      vertex 9.7755 -31.4944 30.2975
    endloop
  endfacet
  facet normal 0.499975 1.12125e-05 0.86604
    outer loop
      vertex 10.1314 -29.725 30.092
      vertex 8.8186 -30.148 30.8499
      vertex 9.05869 -30.6667 30.7113
    endloop
  endfacet
  facet normal 0.499952 3.43223e-05 0.866053
    outer loop
      vertex 10.331 -30.0253 29.9768
      vertex 9.05869 -30.6667 30.7113
      vertex 9.38179 -31.1213 30.5248
    endloop
  endfacet
  facet normal 0.5 4.00765e-05 0.866026
    outer loop
      vertex 9.96317 -29 30.1891
      vertex 8.62083 -29 30.9641
      vertex 8.67076 -29.5853 30.9353
    endloop
  endfacet
  facet normal 0.549411 -0.772997 -0.317212
    outer loop
      vertex 11.1623 -31.4944 26.0327
      vertex 13.056 -31.1213 28.4034
      vertex 12.6623 -31.4944 28.6307
    endloop
  endfacet
  facet normal 0.549411 -0.772997 -0.317212
    outer loop
      vertex 13.056 -31.1213 28.4034
      vertex 11.1623 -31.4944 26.0327
      vertex 11.556 -31.1213 25.8054
    endloop
  endfacet
  facet normal 0.408226 0.881932 -0.235687
    outer loop
      vertex 12.6623 -26.5056 28.6307
      vertex 10.7132 -26.2284 26.292
      vertex 12.2132 -26.2284 28.8901
    endloop
  endfacet
  facet normal 0.408252 0.881913 -0.235712
    outer loop
      vertex 10.7132 -26.2284 26.292
      vertex 12.6623 -26.5056 28.6307
      vertex 11.1623 -26.5056 26.0327
    endloop
  endfacet
  facet normal -0.251494 0.956904 0.145207
    outer loop
      vertex 10.7121 -26.0576 29.7567
      vertex 8.72467 -26.2284 27.4401
      vertex 10.2247 -26.2284 30.0381
    endloop
  endfacet
  facet normal -0.2515 0.956902 0.145213
    outer loop
      vertex 8.72467 -26.2284 27.4401
      vertex 10.7121 -26.0576 29.7567
      vertex 9.21205 -26.0576 27.1587
    endloop
  endfacet
  facet normal 0.0848188 -0.995192 -0.0489694
    outer loop
      vertex 9.71891 -32 26.866
      vertex 11.7258 -31.9424 29.1715
      vertex 11.2189 -32 29.4641
    endloop
  endfacet
  facet normal 0.0848199 -0.995192 -0.0489703
    outer loop
      vertex 11.7258 -31.9424 29.1715
      vertex 9.71891 -32 26.866
      vertex 10.2258 -31.9424 26.5734
    endloop
  endfacet
  facet normal -0.82872 -0.290347 0.478457
    outer loop
      vertex 8.8186 -30.148 30.8499
      vertex 7.17076 -29.5853 28.3372
      vertex 7.3186 -30.148 28.2518
    endloop
  endfacet
  facet normal -0.82872 -0.290347 0.478457
    outer loop
      vertex 7.17076 -29.5853 28.3372
      vertex 8.8186 -30.148 30.8499
      vertex 8.67076 -29.5853 30.9353
    endloop
  endfacet
  facet normal -0.669461 0.634375 0.38651
    outer loop
      vertex 7.55869 -27.3333 28.1132
      vertex 9.38179 -26.8787 30.5248
      vertex 7.88179 -26.8787 27.9267
    endloop
  endfacet
  facet normal -0.669461 0.634375 0.38651
    outer loop
      vertex 9.38179 -26.8787 30.5248
      vertex 7.55869 -27.3333 28.1132
      vertex 9.05869 -27.3333 30.7113
    endloop
  endfacet
  facet normal -0.669461 -0.634375 0.38651
    outer loop
      vertex 9.38179 -31.1213 30.5248
      vertex 7.55869 -30.6667 28.1132
      vertex 7.88179 -31.1213 27.9267
    endloop
  endfacet
  facet normal -0.669461 -0.634375 0.38651
    outer loop
      vertex 7.55869 -30.6667 28.1132
      vertex 9.38179 -31.1213 30.5248
      vertex 9.05869 -30.6667 30.7113
    endloop
  endfacet
  facet normal -0.54941 -0.773003 0.317199
    outer loop
      vertex 7.88179 -31.1213 27.9267
      vertex 9.7755 -31.4944 30.2975
      vertex 9.38179 -31.1213 30.5248
    endloop
  endfacet
  facet normal -0.54941 -0.773003 0.317199
    outer loop
      vertex 9.7755 -31.4944 30.2975
      vertex 7.88179 -31.1213 27.9267
      vertex 8.2755 -31.4944 27.6994
    endloop
  endfacet
  facet normal -0.408173 -0.881964 0.235656
    outer loop
      vertex 8.2755 -31.4944 27.6994
      vertex 10.2247 -31.7716 30.0381
      vertex 9.7755 -31.4944 30.2975
    endloop
  endfacet
  facet normal -0.408213 -0.881936 0.235694
    outer loop
      vertex 10.2247 -31.7716 30.0381
      vertex 8.2755 -31.4944 27.6994
      vertex 8.72467 -31.7716 27.4401
    endloop
  endfacet
  facet normal -0.763752 0.471432 0.440948
    outer loop
      vertex 7.3186 -27.8519 28.2518
      vertex 9.05869 -27.3333 30.7113
      vertex 7.55869 -27.3333 28.1132
    endloop
  endfacet
  facet normal -0.763752 0.471432 0.440948
    outer loop
      vertex 9.05869 -27.3333 30.7113
      vertex 7.3186 -27.8519 28.2518
      vertex 8.8186 -27.8519 30.8499
    endloop
  endfacet
  facet normal 0.251497 -0.956904 -0.145201
    outer loop
      vertex 10.2258 26.0576 26.5734
      vertex 12.2132 26.2284 28.8901
      vertex 11.7258 26.0576 29.1715
    endloop
  endfacet
  facet normal 0.251497 -0.956904 -0.145201
    outer loop
      vertex 12.2132 26.2284 28.8901
      vertex 10.2258 26.0576 26.5734
      vertex 10.7132 26.2284 26.292
    endloop
  endfacet
  facet normal 0.828699 0.290428 -0.478445
    outer loop
      vertex 13.7671 29.5853 27.9929
      vertex 12.1192 30.148 25.4802
      vertex 13.6192 30.148 28.0783
    endloop
  endfacet
  facet normal 0.828699 0.290428 -0.478445
    outer loop
      vertex 12.1192 30.148 25.4802
      vertex 13.7671 29.5853 27.9929
      vertex 12.2671 29.5853 25.3948
    endloop
  endfacet
  facet normal 0.861862 0.0979627 -0.497592
    outer loop
      vertex 13.817 29 27.9641
      vertex 12.2671 29.5853 25.3948
      vertex 13.7671 29.5853 27.9929
    endloop
  endfacet
  facet normal 0.861862 0.0979627 -0.497592
    outer loop
      vertex 12.2671 29.5853 25.3948
      vertex 13.817 29 27.9641
      vertex 12.317 29 25.366
    endloop
  endfacet
  facet normal 0.763779 0.471373 -0.440964
    outer loop
      vertex 13.6192 30.148 28.0783
      vertex 11.8791 30.6667 25.6188
      vertex 13.3791 30.6667 28.2169
    endloop
  endfacet
  facet normal 0.763779 0.471373 -0.440964
    outer loop
      vertex 11.8791 30.6667 25.6188
      vertex 13.6192 30.148 28.0783
      vertex 12.1192 30.148 25.4802
    endloop
  endfacet
  facet normal -0.763752 -0.471432 0.440948
    outer loop
      vertex 9.05869 27.3333 30.7113
      vertex 7.3186 27.8519 28.2518
      vertex 7.55869 27.3333 28.1132
    endloop
  endfacet
  facet normal -0.763752 -0.471432 0.440948
    outer loop
      vertex 7.3186 27.8519 28.2518
      vertex 9.05869 27.3333 30.7113
      vertex 8.8186 27.8519 30.8499
    endloop
  endfacet
  facet normal 0.251497 0.956904 -0.145201
    outer loop
      vertex 12.2132 31.7716 28.8901
      vertex 10.2258 31.9424 26.5734
      vertex 11.7258 31.9424 29.1715
    endloop
  endfacet
  facet normal 0.251497 0.956904 -0.145201
    outer loop
      vertex 10.2258 31.9424 26.5734
      vertex 12.2132 31.7716 28.8901
      vertex 10.7132 31.7716 26.292
    endloop
  endfacet
  facet normal -0.0848295 0.995191 0.0489794
    outer loop
      vertex 11.2189 32 29.4641
      vertex 9.21205 31.9424 27.1587
      vertex 10.7121 31.9424 29.7567
    endloop
  endfacet
  facet normal -0.0848166 0.995193 0.0489681
    outer loop
      vertex 9.21205 31.9424 27.1587
      vertex 11.2189 32 29.4641
      vertex 9.71891 32 26.866
    endloop
  endfacet
  facet normal -0.408173 -0.881964 0.235656
    outer loop
      vertex 8.2755 26.5056 27.6994
      vertex 10.2247 26.2284 30.0381
      vertex 9.7755 26.5056 30.2975
    endloop
  endfacet
  facet normal -0.408213 -0.881936 0.235694
    outer loop
      vertex 10.2247 26.2284 30.0381
      vertex 8.2755 26.5056 27.6994
      vertex 8.72467 26.2284 27.4401
    endloop
  endfacet
  facet normal -0.408173 0.881964 0.235656
    outer loop
      vertex 10.2247 31.7716 30.0381
      vertex 8.2755 31.4944 27.6994
      vertex 9.7755 31.4944 30.2975
    endloop
  endfacet
  facet normal -0.408213 0.881936 0.235694
    outer loop
      vertex 8.2755 31.4944 27.6994
      vertex 10.2247 31.7716 30.0381
      vertex 8.72467 31.7716 27.4401
    endloop
  endfacet
  facet normal 0.408226 -0.881932 -0.235687
    outer loop
      vertex 10.7132 26.2284 26.292
      vertex 12.6623 26.5056 28.6307
      vertex 12.2132 26.2284 28.8901
    endloop
  endfacet
  facet normal 0.408252 -0.881913 -0.235712
    outer loop
      vertex 12.6623 26.5056 28.6307
      vertex 10.7132 26.2284 26.292
      vertex 11.1623 26.5056 26.0327
    endloop
  endfacet
  facet normal -0.669461 0.634375 0.38651
    outer loop
      vertex 7.55869 30.6667 28.1132
      vertex 9.38179 31.1213 30.5248
      vertex 7.88179 31.1213 27.9267
    endloop
  endfacet
  facet normal -0.669461 0.634375 0.38651
    outer loop
      vertex 9.38179 31.1213 30.5248
      vertex 7.55869 30.6667 28.1132
      vertex 9.05869 30.6667 30.7113
    endloop
  endfacet
  facet normal 0.669455 0.634375 -0.386521
    outer loop
      vertex 13.3791 30.6667 28.2169
      vertex 11.556 31.1213 25.8054
      vertex 13.056 31.1213 28.4034
    endloop
  endfacet
  facet normal 0.669425 0.634426 -0.386489
    outer loop
      vertex 11.556 31.1213 25.8054
      vertex 13.3791 30.6667 28.2169
      vertex 11.8791 30.6667 25.6188
    endloop
  endfacet
  facet normal 0.669455 -0.634375 -0.386521
    outer loop
      vertex 11.556 26.8787 25.8054
      vertex 13.3791 27.3333 28.2169
      vertex 13.056 26.8787 28.4034
    endloop
  endfacet
  facet normal 0.669425 -0.634426 -0.386489
    outer loop
      vertex 13.3791 27.3333 28.2169
      vertex 11.556 26.8787 25.8054
      vertex 11.8791 27.3333 25.6188
    endloop
  endfacet
  facet normal -0.0848295 -0.995191 0.0489794
    outer loop
      vertex 9.21205 26.0576 27.1587
      vertex 11.2189 26 29.4641
      vertex 10.7121 26.0576 29.7567
    endloop
  endfacet
  facet normal -0.0848166 -0.995193 0.0489681
    outer loop
      vertex 11.2189 26 29.4641
      vertex 9.21205 26.0576 27.1587
      vertex 9.71891 26 26.866
    endloop
  endfacet
  facet normal -0.251494 0.956904 0.145207
    outer loop
      vertex 10.7121 31.9424 29.7567
      vertex 8.72467 31.7716 27.4401
      vertex 10.2247 31.7716 30.0381
    endloop
  endfacet
  facet normal -0.2515 0.956902 0.145213
    outer loop
      vertex 8.72467 31.7716 27.4401
      vertex 10.7121 31.9424 29.7567
      vertex 9.21205 31.9424 27.1587
    endloop
  endfacet
  facet normal 0.549411 -0.772997 -0.317212
    outer loop
      vertex 11.1623 26.5056 26.0327
      vertex 13.056 26.8787 28.4034
      vertex 12.6623 26.5056 28.6307
    endloop
  endfacet
  facet normal 0.549411 -0.772997 -0.317212
    outer loop
      vertex 13.056 26.8787 28.4034
      vertex 11.1623 26.5056 26.0327
      vertex 11.556 26.8787 25.8054
    endloop
  endfacet
  facet normal 0.861862 -0.0979627 -0.497592
    outer loop
      vertex 12.2671 28.4147 25.3948
      vertex 13.817 29 27.9641
      vertex 13.7671 28.4147 27.9929
    endloop
  endfacet
  facet normal 0.861862 -0.0979627 -0.497592
    outer loop
      vertex 13.817 29 27.9641
      vertex 12.2671 28.4147 25.3948
      vertex 12.317 29 25.366
    endloop
  endfacet
  facet normal -0.251494 -0.956904 0.145207
    outer loop
      vertex 8.72467 26.2284 27.4401
      vertex 10.7121 26.0576 29.7567
      vertex 10.2247 26.2284 30.0381
    endloop
  endfacet
  facet normal -0.2515 -0.956902 0.145213
    outer loop
      vertex 10.7121 26.0576 29.7567
      vertex 8.72467 26.2284 27.4401
      vertex 9.21205 26.0576 27.1587
    endloop
  endfacet
  facet normal 0.499983 1.25435e-05 0.866035
    outer loop
      vertex 12.4746 29 28.7391
      vertex 13.817 29 27.9641
      vertex 13.7671 29.5853 27.9929
    endloop
  endfacet
  facet normal 0.500012 -1.10359e-05 0.866018
    outer loop
      vertex 12.4319 29.3753 28.7638
      vertex 13.7671 29.5853 27.9929
      vertex 13.6192 30.148 28.0783
    endloop
  endfacet
  facet normal 0.499983 -1.25435e-05 0.866035
    outer loop
      vertex 13.817 29 27.9641
      vertex 12.4746 29 28.7391
      vertex 13.7671 28.4147 27.9929
    endloop
  endfacet
  facet normal 0.499973 1.96005e-05 0.866041
    outer loop
      vertex 12.3064 29.725 28.8362
      vertex 13.6192 30.148 28.0783
      vertex 13.3791 30.6667 28.2169
    endloop
  endfacet
  facet normal 0.500023 0.000105283 0.866012
    outer loop
      vertex 12.4319 28.6247 28.7638
      vertex 13.7671 28.4147 27.9929
      vertex 12.4746 29 28.7391
    endloop
  endfacet
  facet normal 0.499976 5.69401e-05 0.866039
    outer loop
      vertex 12.1069 30.0253 28.9514
      vertex 13.3791 30.6667 28.2169
      vertex 13.056 31.1213 28.4034
    endloop
  endfacet
  facet normal 0.500012 1.1034e-05 0.866018
    outer loop
      vertex 13.7671 28.4147 27.9929
      vertex 12.4319 28.6247 28.7638
      vertex 13.6192 27.8519 28.0783
    endloop
  endfacet
  facet normal 0.500019 3.30029e-05 0.866015
    outer loop
      vertex 11.8468 30.2557 29.1016
      vertex 13.056 31.1213 28.4034
      vertex 12.6623 31.4944 28.6307
    endloop
  endfacet
  facet normal 0.499949 -0.000117907 0.866055
    outer loop
      vertex 12.3064 28.275 28.8362
      vertex 13.6192 27.8519 28.0783
      vertex 12.4319 28.6247 28.7638
    endloop
  endfacet
  facet normal 0.499973 -1.96031e-05 0.866041
    outer loop
      vertex 13.6192 27.8519 28.0783
      vertex 12.3064 28.275 28.8362
      vertex 13.3791 27.3333 28.2169
    endloop
  endfacet
  facet normal 0.500023 -0.000105283 0.866012
    outer loop
      vertex 13.7671 29.5853 27.9929
      vertex 12.4319 29.3753 28.7638
      vertex 12.4746 29 28.7391
    endloop
  endfacet
  facet normal 0.499949 0.000117909 0.866055
    outer loop
      vertex 13.6192 30.148 28.0783
      vertex 12.3064 29.725 28.8362
      vertex 12.4319 29.3753 28.7638
    endloop
  endfacet
  facet normal 0.500131 -6.58685e-05 0.865949
    outer loop
      vertex 11.8468 30.2557 29.1016
      vertex 12.6623 31.4944 28.6307
      vertex 12.2132 31.7716 28.8901
    endloop
  endfacet
  facet normal 0.500013 -4.19254e-05 0.866018
    outer loop
      vertex 13.3791 30.6667 28.2169
      vertex 12.1069 30.0253 28.9514
      vertex 12.3064 29.725 28.8362
    endloop
  endfacet
  facet normal 0.500055 -3.44168e-05 0.865994
    outer loop
      vertex 13.056 31.1213 28.4034
      vertex 11.8468 30.2557 29.1016
      vertex 12.1069 30.0253 28.9514
    endloop
  endfacet
  facet normal 0.499996 -1.06906e-05 0.866027
    outer loop
      vertex 11.5439 30.4006 29.2765
      vertex 12.2132 31.7716 28.8901
      vertex 11.7258 31.9424 29.1715
    endloop
  endfacet
  facet normal 0.500032 -3.38283e-05 0.866007
    outer loop
      vertex 12.2132 31.7716 28.8901
      vertex 11.5439 30.4006 29.2765
      vertex 11.8468 30.2557 29.1016
    endloop
  endfacet
  facet normal 0.499925 -0 0.866069
    outer loop
      vertex 11.2189 30.45 29.4641
      vertex 11.7258 31.9424 29.1715
      vertex 11.2189 32 29.4641
    endloop
  endfacet
  facet normal 0.499922 9.50847e-07 0.86607
    outer loop
      vertex 11.7258 31.9424 29.1715
      vertex 11.2189 30.45 29.4641
      vertex 11.5439 30.4006 29.2765
    endloop
  endfacet
  facet normal 0.499999 0 0.866026
    outer loop
      vertex 10.7121 31.9424 29.7567
      vertex 11.2189 30.45 29.4641
      vertex 11.2189 32 29.4641
    endloop
  endfacet
  facet normal 0.499926 -3.28045e-05 0.866068
    outer loop
      vertex 11.2189 30.45 29.4641
      vertex 10.7121 31.9424 29.7567
      vertex 10.8939 30.4006 29.6517
    endloop
  endfacet
  facet normal 0.500005 -2.04519e-05 0.866023
    outer loop
      vertex 10.2247 31.7716 30.0381
      vertex 10.8939 30.4006 29.6517
      vertex 10.7121 31.9424 29.7567
    endloop
  endfacet
  facet normal 0.500043 4.26033e-06 0.866001
    outer loop
      vertex 10.8939 30.4006 29.6517
      vertex 10.2247 31.7716 30.0381
      vertex 10.591 30.2557 29.8266
    endloop
  endfacet
  facet normal 0.500072 1.37454e-05 0.865984
    outer loop
      vertex 9.7755 31.4944 30.2975
      vertex 10.591 30.2557 29.8266
      vertex 10.2247 31.7716 30.0381
    endloop
  endfacet
  facet normal 0.500013 -3.8152e-05 0.866018
    outer loop
      vertex 9.38179 31.1213 30.5248
      vertex 10.591 30.2557 29.8266
      vertex 9.7755 31.4944 30.2975
    endloop
  endfacet
  facet normal 0.500118 0.000157048 0.865957
    outer loop
      vertex 10.591 30.2557 29.8266
      vertex 9.38179 31.1213 30.5248
      vertex 10.331 30.0253 29.9768
    endloop
  endfacet
  facet normal 0.499952 -3.43223e-05 0.866053
    outer loop
      vertex 9.05869 30.6667 30.7113
      vertex 10.331 30.0253 29.9768
      vertex 9.38179 31.1213 30.5248
    endloop
  endfacet
  facet normal 0.499942 -6.12712e-05 0.866059
    outer loop
      vertex 10.331 30.0253 29.9768
      vertex 9.05869 30.6667 30.7113
      vertex 10.1314 29.725 30.092
    endloop
  endfacet
  facet normal 0.500013 4.19254e-05 0.866018
    outer loop
      vertex 12.1069 27.9747 28.9514
      vertex 13.3791 27.3333 28.2169
      vertex 12.3064 28.275 28.8362
    endloop
  endfacet
  facet normal 0.499976 -5.69401e-05 0.866039
    outer loop
      vertex 13.3791 27.3333 28.2169
      vertex 12.1069 27.9747 28.9514
      vertex 13.056 26.8787 28.4034
    endloop
  endfacet
  facet normal 0.500055 3.44168e-05 0.865994
    outer loop
      vertex 11.8468 27.7443 29.1016
      vertex 13.056 26.8787 28.4034
      vertex 12.1069 27.9747 28.9514
    endloop
  endfacet
  facet normal 0.500019 -3.30029e-05 0.866015
    outer loop
      vertex 13.056 26.8787 28.4034
      vertex 11.8468 27.7443 29.1016
      vertex 12.6623 26.5056 28.6307
    endloop
  endfacet
  facet normal 0.500131 6.58685e-05 0.865949
    outer loop
      vertex 12.6623 26.5056 28.6307
      vertex 11.8468 27.7443 29.1016
      vertex 12.2132 26.2284 28.8901
    endloop
  endfacet
  facet normal 0.500032 3.38283e-05 0.866007
    outer loop
      vertex 11.5439 27.5994 29.2765
      vertex 12.2132 26.2284 28.8901
      vertex 11.8468 27.7443 29.1016
    endloop
  endfacet
  facet normal 0.499996 1.06906e-05 0.866027
    outer loop
      vertex 12.2132 26.2284 28.8901
      vertex 11.5439 27.5994 29.2765
      vertex 11.7258 26.0576 29.1715
    endloop
  endfacet
  facet normal 0.499922 -9.50847e-07 0.86607
    outer loop
      vertex 11.2189 27.55 29.4641
      vertex 11.7258 26.0576 29.1715
      vertex 11.5439 27.5994 29.2765
    endloop
  endfacet
  facet normal 0.499925 0 0.866069
    outer loop
      vertex 11.2189 27.55 29.4641
      vertex 11.2189 26 29.4641
      vertex 11.7258 26.0576 29.1715
    endloop
  endfacet
  facet normal 0.499926 3.28045e-05 0.866068
    outer loop
      vertex 10.7121 26.0576 29.7567
      vertex 11.2189 27.55 29.4641
      vertex 10.8939 27.5994 29.6517
    endloop
  endfacet
  facet normal 0.499999 0 0.866026
    outer loop
      vertex 11.2189 27.55 29.4641
      vertex 10.7121 26.0576 29.7567
      vertex 11.2189 26 29.4641
    endloop
  endfacet
  facet normal 0.500043 -4.26033e-06 0.866001
    outer loop
      vertex 10.2247 26.2284 30.0381
      vertex 10.8939 27.5994 29.6517
      vertex 10.591 27.7443 29.8266
    endloop
  endfacet
  facet normal 0.500118 -0.000157048 0.865957
    outer loop
      vertex 9.38179 26.8787 30.5248
      vertex 10.591 27.7443 29.8266
      vertex 10.331 27.9747 29.9768
    endloop
  endfacet
  facet normal 0.500005 2.04519e-05 0.866023
    outer loop
      vertex 10.8939 27.5994 29.6517
      vertex 10.2247 26.2284 30.0381
      vertex 10.7121 26.0576 29.7567
    endloop
  endfacet
  facet normal 0.499942 6.12712e-05 0.866059
    outer loop
      vertex 9.05869 27.3333 30.7113
      vertex 10.331 27.9747 29.9768
      vertex 10.1314 28.275 30.092
    endloop
  endfacet
  facet normal 0.49998 -1.02475e-05 0.866037
    outer loop
      vertex 8.8186 27.8519 30.8499
      vertex 10.1314 28.275 30.092
      vertex 10.006 28.6247 30.1644
    endloop
  endfacet
  facet normal 0.499992 6.31879e-05 0.86603
    outer loop
      vertex 8.67076 28.4147 30.9353
      vertex 10.006 28.6247 30.1644
      vertex 9.96317 29 30.1891
    endloop
  endfacet
  facet normal 0.500072 -1.37454e-05 0.865984
    outer loop
      vertex 10.591 27.7443 29.8266
      vertex 9.7755 26.5056 30.2975
      vertex 10.2247 26.2284 30.0381
    endloop
  endfacet
  facet normal 0.499975 -1.12125e-05 0.86604
    outer loop
      vertex 8.8186 30.148 30.8499
      vertex 10.1314 29.725 30.092
      vertex 9.05869 30.6667 30.7113
    endloop
  endfacet
  facet normal 0.49998 1.02478e-05 0.866037
    outer loop
      vertex 10.1314 29.725 30.092
      vertex 8.8186 30.148 30.8499
      vertex 10.006 29.3753 30.1644
    endloop
  endfacet
  facet normal 0.5 -4.00765e-05 0.866026
    outer loop
      vertex 8.62083 29 30.9641
      vertex 9.96317 29 30.1891
      vertex 8.67076 29.5853 30.9353
    endloop
  endfacet
  facet normal 0.500007 6.60154e-05 0.866021
    outer loop
      vertex 8.67076 29.5853 30.9353
      vertex 10.006 29.3753 30.1644
      vertex 8.8186 30.148 30.8499
    endloop
  endfacet
  facet normal 0.499992 -6.31879e-05 0.86603
    outer loop
      vertex 10.006 29.3753 30.1644
      vertex 8.67076 29.5853 30.9353
      vertex 9.96317 29 30.1891
    endloop
  endfacet
  facet normal 0.500007 -6.60041e-05 0.866021
    outer loop
      vertex 10.006 28.6247 30.1644
      vertex 8.67076 28.4147 30.9353
      vertex 8.8186 27.8519 30.8499
    endloop
  endfacet
  facet normal 0.500013 3.8152e-05 0.866018
    outer loop
      vertex 10.591 27.7443 29.8266
      vertex 9.38179 26.8787 30.5248
      vertex 9.7755 26.5056 30.2975
    endloop
  endfacet
  facet normal 0.499975 1.1214e-05 0.86604
    outer loop
      vertex 10.1314 28.275 30.092
      vertex 8.8186 27.8519 30.8499
      vertex 9.05869 27.3333 30.7113
    endloop
  endfacet
  facet normal 0.499952 3.43223e-05 0.866053
    outer loop
      vertex 10.331 27.9747 29.9768
      vertex 9.05869 27.3333 30.7113
      vertex 9.38179 26.8787 30.5248
    endloop
  endfacet
  facet normal 0.5 4.00765e-05 0.866026
    outer loop
      vertex 9.96317 29 30.1891
      vertex 8.62083 29 30.9641
      vertex 8.67076 28.4147 30.9353
    endloop
  endfacet
  facet normal 0.828711 -0.290381 -0.478452
    outer loop
      vertex 12.1192 27.8519 25.4802
      vertex 13.7671 28.4147 27.9929
      vertex 13.6192 27.8519 28.0783
    endloop
  endfacet
  facet normal 0.828711 -0.290381 -0.478452
    outer loop
      vertex 13.7671 28.4147 27.9929
      vertex 12.1192 27.8519 25.4802
      vertex 12.2671 28.4147 25.3948
    endloop
  endfacet
  facet normal -0.828733 -0.2903 0.478465
    outer loop
      vertex 8.8186 27.8519 30.8499
      vertex 7.17076 28.4147 28.3372
      vertex 7.3186 27.8519 28.2518
    endloop
  endfacet
  facet normal -0.828733 -0.2903 0.478465
    outer loop
      vertex 7.17076 28.4147 28.3372
      vertex 8.8186 27.8519 30.8499
      vertex 8.67076 28.4147 30.9353
    endloop
  endfacet
  facet normal 0.763746 -0.471443 -0.440945
    outer loop
      vertex 11.8791 27.3333 25.6188
      vertex 13.6192 27.8519 28.0783
      vertex 13.3791 27.3333 28.2169
    endloop
  endfacet
  facet normal 0.763746 -0.471443 -0.440945
    outer loop
      vertex 13.6192 27.8519 28.0783
      vertex 11.8791 27.3333 25.6188
      vertex 12.1192 27.8519 25.4802
    endloop
  endfacet
  facet normal -0.861858 0.0980064 0.497589
    outer loop
      vertex 7.12083 29 28.366
      vertex 8.67076 29.5853 30.9353
      vertex 7.17076 29.5853 28.3372
    endloop
  endfacet
  facet normal -0.861858 0.0980064 0.497589
    outer loop
      vertex 8.67076 29.5853 30.9353
      vertex 7.12083 29 28.366
      vertex 8.62083 29 30.9641
    endloop
  endfacet
  facet normal 0.0848188 0.995192 -0.0489694
    outer loop
      vertex 11.7258 31.9424 29.1715
      vertex 9.71891 32 26.866
      vertex 11.2189 32 29.4641
    endloop
  endfacet
  facet normal 0.0848199 0.995192 -0.0489703
    outer loop
      vertex 9.71891 32 26.866
      vertex 11.7258 31.9424 29.1715
      vertex 10.2258 31.9424 26.5734
    endloop
  endfacet
  facet normal -0.54941 0.773003 0.317199
    outer loop
      vertex 9.7755 31.4944 30.2975
      vertex 7.88179 31.1213 27.9267
      vertex 9.38179 31.1213 30.5248
    endloop
  endfacet
  facet normal -0.54941 0.773003 0.317199
    outer loop
      vertex 7.88179 31.1213 27.9267
      vertex 9.7755 31.4944 30.2975
      vertex 8.2755 31.4944 27.6994
    endloop
  endfacet
  facet normal 0.549411 0.772997 -0.317212
    outer loop
      vertex 13.056 31.1213 28.4034
      vertex 11.1623 31.4944 26.0327
      vertex 12.6623 31.4944 28.6307
    endloop
  endfacet
  facet normal 0.549411 0.772997 -0.317212
    outer loop
      vertex 11.1623 31.4944 26.0327
      vertex 13.056 31.1213 28.4034
      vertex 11.556 31.1213 25.8054
    endloop
  endfacet
  facet normal 0.0848188 -0.995192 -0.0489694
    outer loop
      vertex 9.71891 26 26.866
      vertex 11.7258 26.0576 29.1715
      vertex 11.2189 26 29.4641
    endloop
  endfacet
  facet normal 0.0848199 -0.995192 -0.0489703
    outer loop
      vertex 11.7258 26.0576 29.1715
      vertex 9.71891 26 26.866
      vertex 10.2258 26.0576 26.5734
    endloop
  endfacet
  facet normal 0.408226 0.881932 -0.235687
    outer loop
      vertex 12.6623 31.4944 28.6307
      vertex 10.7132 31.7716 26.292
      vertex 12.2132 31.7716 28.8901
    endloop
  endfacet
  facet normal 0.408252 0.881913 -0.235712
    outer loop
      vertex 10.7132 31.7716 26.292
      vertex 12.6623 31.4944 28.6307
      vertex 11.1623 31.4944 26.0327
    endloop
  endfacet
  facet normal -0.669461 -0.634375 0.38651
    outer loop
      vertex 9.38179 26.8787 30.5248
      vertex 7.55869 27.3333 28.1132
      vertex 7.88179 26.8787 27.9267
    endloop
  endfacet
  facet normal -0.669461 -0.634375 0.38651
    outer loop
      vertex 7.55869 27.3333 28.1132
      vertex 9.38179 26.8787 30.5248
      vertex 9.05869 27.3333 30.7113
    endloop
  endfacet
  facet normal -0.54941 -0.773003 0.317199
    outer loop
      vertex 7.88179 26.8787 27.9267
      vertex 9.7755 26.5056 30.2975
      vertex 9.38179 26.8787 30.5248
    endloop
  endfacet
  facet normal -0.54941 -0.773003 0.317199
    outer loop
      vertex 9.7755 26.5056 30.2975
      vertex 7.88179 26.8787 27.9267
      vertex 8.2755 26.5056 27.6994
    endloop
  endfacet
  facet normal -0.82872 0.290347 0.478457
    outer loop
      vertex 7.17076 29.5853 28.3372
      vertex 8.8186 30.148 30.8499
      vertex 7.3186 30.148 28.2518
    endloop
  endfacet
  facet normal -0.82872 0.290347 0.478457
    outer loop
      vertex 8.8186 30.148 30.8499
      vertex 7.17076 29.5853 28.3372
      vertex 8.67076 29.5853 30.9353
    endloop
  endfacet
  facet normal -0.763784 0.471361 0.440967
    outer loop
      vertex 7.3186 30.148 28.2518
      vertex 9.05869 30.6667 30.7113
      vertex 7.55869 30.6667 28.1132
    endloop
  endfacet
  facet normal -0.763784 0.471361 0.440967
    outer loop
      vertex 9.05869 30.6667 30.7113
      vertex 7.3186 30.148 28.2518
      vertex 8.8186 30.148 30.8499
    endloop
  endfacet
  facet normal -0.861858 -0.0980064 0.497589
    outer loop
      vertex 8.67076 28.4147 30.9353
      vertex 7.12083 29 28.366
      vertex 7.17076 28.4147 28.3372
    endloop
  endfacet
  facet normal -0.861858 -0.0980064 0.497589
    outer loop
      vertex 7.12083 29 28.366
      vertex 8.67076 28.4147 30.9353
      vertex 8.62083 29 30.9641
    endloop
  endfacet
  facet normal 0 0 -1
    outer loop
      vertex 14.25 -20 -12
      vertex 10.8 -9 -12
      vertex 14.25 20 -12
    endloop
  endfacet
  facet normal 0 0 -1
    outer loop
      vertex 10.25 -14 -12
      vertex 14.25 -20 -12
      vertex 10.25 -20 -12
    endloop
  endfacet
  facet normal 0 0 -1
    outer loop
      vertex 14.25 -20 -12
      vertex 10.25 -14 -12
      vertex 10.8 -9 -12
    endloop
  endfacet
  facet normal 0 0 -1
    outer loop
      vertex 10.25 -14 -12
      vertex -10.8 -9 -12
      vertex 10.8 -9 -12
    endloop
  endfacet
  facet normal 0 0 -1
    outer loop
      vertex -14 -14 -12
      vertex -10.8 -9 -12
      vertex 10.25 -14 -12
    endloop
  endfacet
  facet normal 0 0 -1
    outer loop
      vertex -14 14 -12
      vertex -10.8 -9 -12
      vertex -14 -14 -12
    endloop
  endfacet
  facet normal 0 0 -1
    outer loop
      vertex -10.8 -9 -12
      vertex -14 14 -12
      vertex -10.8 14 -12
    endloop
  endfacet
  facet normal -0 0 -1
    outer loop
      vertex 14.25 20 -12
      vertex 10.8 -9 -12
      vertex 10.8 20 -12
    endloop
  endfacet
  facet normal -1 0 0
    outer loop
      vertex 10.25 -14 -12
      vertex 10.25 -20 -12
      vertex 10.25 -14 -4.5
    endloop
  endfacet
  facet normal -1 0 0
    outer loop
      vertex 10.25 -10.8 -4.5
      vertex 10.25 -14 -4.5
      vertex 10.25 -10.8 -3.5
    endloop
  endfacet
  facet normal -1 0 0
    outer loop
      vertex 10.25 -10.8 -3.5
      vertex 10.25 20 0
      vertex 10.25 20 -3.5
    endloop
  endfacet
  facet normal -1 0 0
    outer loop
      vertex 10.25 -10.8 -3.5
      vertex 10.25 -20 0
      vertex 10.25 20 0
    endloop
  endfacet
  facet normal -1 0 0
    outer loop
      vertex 10.25 -14 -4.5
      vertex 10.25 -20 0
      vertex 10.25 -10.8 -3.5
    endloop
  endfacet
  facet normal -1 0 0
    outer loop
      vertex 10.25 -20 0
      vertex 10.25 -14 -4.5
      vertex 10.25 -20 -12
    endloop
  endfacet
  facet normal -1 0 0
    outer loop
      vertex 10.25 20 0
      vertex 10.25 15.75 10
      vertex 10.25 20 20.25
    endloop
  endfacet
  facet normal -1 0 0
    outer loop
      vertex 10.25 20 0
      vertex 10.25 15.7265 9.64105
      vertex 10.25 15.75 10
    endloop
  endfacet
  facet normal -1 0 0
    outer loop
      vertex 10.25 20 0
      vertex 10.25 15.6563 9.28825
      vertex 10.25 15.7265 9.64105
    endloop
  endfacet
  facet normal -1 0 0
    outer loop
      vertex 10.25 20 0
      vertex 10.25 15.5407 8.94762
      vertex 10.25 15.6563 9.28825
    endloop
  endfacet
  facet normal -1 0 0
    outer loop
      vertex 10.25 20 0
      vertex 10.25 15.3816 8.625
      vertex 10.25 15.5407 8.94762
    endloop
  endfacet
  facet normal -1 0 0
    outer loop
      vertex 10.25 20 0
      vertex 10.25 15.1817 8.32591
      vertex 10.25 15.3816 8.625
    endloop
  endfacet
  facet normal -1 0 0
    outer loop
      vertex 10.25 20 0
      vertex 10.25 14.9445 8.05546
      vertex 10.25 15.1817 8.32591
    endloop
  endfacet
  facet normal -1 0 0
    outer loop
      vertex 10.25 20 0
      vertex 10.25 14.6741 7.81828
      vertex 10.25 14.9445 8.05546
    endloop
  endfacet
  facet normal -1 0 0
    outer loop
      vertex 10.25 20 0
      vertex 10.25 14.375 7.61843
      vertex 10.25 14.6741 7.81828
    endloop
  endfacet
  facet normal -1 0 0
    outer loop
      vertex 10.25 20 0
      vertex 10.25 14.0524 7.45933
      vertex 10.25 14.375 7.61843
    endloop
  endfacet
  facet normal -1 0 0
    outer loop
      vertex 10.25 20 0
      vertex 10.25 13.7118 7.3437
      vertex 10.25 14.0524 7.45933
    endloop
  endfacet
  facet normal -1 0 0
    outer loop
      vertex 10.25 20 0
      vertex 10.25 13.3589 7.27353
      vertex 10.25 13.7118 7.3437
    endloop
  endfacet
  facet normal -1 0 0
    outer loop
      vertex 10.25 20 0
      vertex 10.25 13 7.25
      vertex 10.25 13.3589 7.27353
    endloop
  endfacet
  facet normal -1 0 0
    outer loop
      vertex 10.25 20 0
      vertex 10.25 12.6411 7.27353
      vertex 10.25 13 7.25
    endloop
  endfacet
  facet normal -1 0 0
    outer loop
      vertex 10.25 20 0
      vertex 10.25 12.2882 7.3437
      vertex 10.25 12.6411 7.27353
    endloop
  endfacet
  facet normal -1 0 0
    outer loop
      vertex 10.25 20 0
      vertex 10.25 11.9476 7.45933
      vertex 10.25 12.2882 7.3437
    endloop
  endfacet
  facet normal -1 0 0
    outer loop
      vertex 10.25 20 0
      vertex 10.25 11.625 7.61843
      vertex 10.25 11.9476 7.45933
    endloop
  endfacet
  facet normal -1 0 0
    outer loop
      vertex 10.25 -11.625 7.61843
      vertex 10.25 11.625 7.61843
      vertex 10.25 20 0
    endloop
  endfacet
  facet normal -1 0 0
    outer loop
      vertex 10.25 11.625 7.61843
      vertex 10.25 -11.625 7.61843
      vertex 10.25 11.3259 7.81828
    endloop
  endfacet
  facet normal -1 0 0
    outer loop
      vertex 10.25 10.2735 9.64105
      vertex 10.25 -10.25 10
      vertex 10.25 10.25 10
    endloop
  endfacet
  facet normal -1 0 0
    outer loop
      vertex 10.25 -10.2735 9.64105
      vertex 10.25 10.2735 9.64105
      vertex 10.25 10.3437 9.28825
    endloop
  endfacet
  facet normal -1 0 0
    outer loop
      vertex 10.25 -10.3437 9.28825
      vertex 10.25 10.3437 9.28825
      vertex 10.25 10.4593 8.94762
    endloop
  endfacet
  facet normal -1 0 0
    outer loop
      vertex 10.25 -10.4593 8.94762
      vertex 10.25 10.4593 8.94762
      vertex 10.25 10.6184 8.625
    endloop
  endfacet
  facet normal -1 0 0
    outer loop
      vertex 10.25 -10.6184 8.625
      vertex 10.25 10.6184 8.625
      vertex 10.25 10.8183 8.32591
    endloop
  endfacet
  facet normal -1 0 0
    outer loop
      vertex 10.25 -10.8183 8.32591
      vertex 10.25 10.8183 8.32591
      vertex 10.25 11.0555 8.05546
    endloop
  endfacet
  facet normal -1 0 -0
    outer loop
      vertex 10.25 -11.3259 7.81828
      vertex 10.25 11.3259 7.81828
      vertex 10.25 -11.625 7.61843
    endloop
  endfacet
  facet normal -1 0 0
    outer loop
      vertex 10.25 10.2735 9.64105
      vertex 10.25 -10.2735 9.64105
      vertex 10.25 -10.25 10
    endloop
  endfacet
  facet normal -1 0 0
    outer loop
      vertex 10.25 10.3437 9.28825
      vertex 10.25 -10.3437 9.28825
      vertex 10.25 -10.2735 9.64105
    endloop
  endfacet
  facet normal -1 0 0
    outer loop
      vertex 10.25 10.4593 8.94762
      vertex 10.25 -10.4593 8.94762
      vertex 10.25 -10.3437 9.28825
    endloop
  endfacet
  facet normal -1 0 0
    outer loop
      vertex 10.25 10.6184 8.625
      vertex 10.25 -10.6184 8.625
      vertex 10.25 -10.4593 8.94762
    endloop
  endfacet
  facet normal -1 0 0
    outer loop
      vertex 10.25 10.8183 8.32591
      vertex 10.25 -10.8183 8.32591
      vertex 10.25 -10.6184 8.625
    endloop
  endfacet
  facet normal -1 0 0
    outer loop
      vertex 10.25 11.0555 8.05546
      vertex 10.25 -11.0555 8.05546
      vertex 10.25 -10.8183 8.32591
    endloop
  endfacet
  facet normal -1 -0 0
    outer loop
      vertex 10.25 11.0555 8.05546
      vertex 10.25 -11.3259 7.81828
      vertex 10.25 -11.0555 8.05546
    endloop
  endfacet
  facet normal -1 0 0
    outer loop
      vertex 10.25 11.3259 7.81828
      vertex 10.25 -11.3259 7.81828
      vertex 10.25 11.0555 8.05546
    endloop
  endfacet
  facet normal -1 0 0
    outer loop
      vertex 10.25 -20 0
      vertex 10.25 -11.625 7.61843
      vertex 10.25 20 0
    endloop
  endfacet
  facet normal -1 0 0
    outer loop
      vertex 10.25 -11.625 7.61843
      vertex 10.25 -20 0
      vertex 10.25 -11.9476 7.45933
    endloop
  endfacet
  facet normal -1 0 0
    outer loop
      vertex 10.25 -11.9476 7.45933
      vertex 10.25 -20 0
      vertex 10.25 -12.2882 7.3437
    endloop
  endfacet
  facet normal -1 0 0
    outer loop
      vertex 10.25 -12.2882 7.3437
      vertex 10.25 -20 0
      vertex 10.25 -12.6411 7.27353
    endloop
  endfacet
  facet normal -1 0 0
    outer loop
      vertex 10.25 -12.6411 7.27353
      vertex 10.25 -20 0
      vertex 10.25 -13 7.25
    endloop
  endfacet
  facet normal -1 -0 0
    outer loop
      vertex 10.25 -13 7.25
      vertex 10.25 -20 0
      vertex 10.25 -13.3589 7.27353
    endloop
  endfacet
  facet normal -1 -0 0
    outer loop
      vertex 10.25 -15.7265 9.64105
      vertex 10.25 -20 0
      vertex 10.25 -15.75 10
    endloop
  endfacet
  facet normal -1 -0 0
    outer loop
      vertex 10.25 -15.6563 9.28825
      vertex 10.25 -20 0
      vertex 10.25 -15.7265 9.64105
    endloop
  endfacet
  facet normal -1 -0 0
    outer loop
      vertex 10.25 -15.5407 8.94762
      vertex 10.25 -20 0
      vertex 10.25 -15.6563 9.28825
    endloop
  endfacet
  facet normal -1 -0 0
    outer loop
      vertex 10.25 -15.3816 8.625
      vertex 10.25 -20 0
      vertex 10.25 -15.5407 8.94762
    endloop
  endfacet
  facet normal -1 -0 0
    outer loop
      vertex 10.25 -15.1817 8.32591
      vertex 10.25 -20 0
      vertex 10.25 -15.3816 8.625
    endloop
  endfacet
  facet normal -1 -0 0
    outer loop
      vertex 10.25 -14.9445 8.05546
      vertex 10.25 -20 0
      vertex 10.25 -15.1817 8.32591
    endloop
  endfacet
  facet normal -1 -0 0
    outer loop
      vertex 10.25 -14.6741 7.81828
      vertex 10.25 -20 0
      vertex 10.25 -14.9445 8.05546
    endloop
  endfacet
  facet normal -1 -0 0
    outer loop
      vertex 10.25 -14.375 7.61843
      vertex 10.25 -20 0
      vertex 10.25 -14.6741 7.81828
    endloop
  endfacet
  facet normal -1 -0 0
    outer loop
      vertex 10.25 -14.0524 7.45933
      vertex 10.25 -20 0
      vertex 10.25 -14.375 7.61843
    endloop
  endfacet
  facet normal -1 -0 0
    outer loop
      vertex 10.25 -13.7118 7.3437
      vertex 10.25 -20 0
      vertex 10.25 -14.0524 7.45933
    endloop
  endfacet
  facet normal -1 -0 0
    outer loop
      vertex 10.25 -13.3589 7.27353
      vertex 10.25 -20 0
      vertex 10.25 -13.7118 7.3437
    endloop
  endfacet
  facet normal -1 0 0
    outer loop
      vertex 10.25 15.7265 10.3589
      vertex 10.25 20 20.25
      vertex 10.25 15.75 10
    endloop
  endfacet
  facet normal -1 0 0
    outer loop
      vertex 10.25 15.6563 10.7118
      vertex 10.25 20 20.25
      vertex 10.25 15.7265 10.3589
    endloop
  endfacet
  facet normal -1 0 0
    outer loop
      vertex 10.25 15.5407 11.0524
      vertex 10.25 20 20.25
      vertex 10.25 15.6563 10.7118
    endloop
  endfacet
  facet normal -1 0 0
    outer loop
      vertex 10.25 15.3816 11.375
      vertex 10.25 20 20.25
      vertex 10.25 15.5407 11.0524
    endloop
  endfacet
  facet normal -1 0 0
    outer loop
      vertex 10.25 15.1817 11.6741
      vertex 10.25 20 20.25
      vertex 10.25 15.3816 11.375
    endloop
  endfacet
  facet normal -1 0 0
    outer loop
      vertex 10.25 14.9445 11.9445
      vertex 10.25 20 20.25
      vertex 10.25 15.1817 11.6741
    endloop
  endfacet
  facet normal -1 0 0
    outer loop
      vertex 10.25 14.6741 12.1817
      vertex 10.25 20 20.25
      vertex 10.25 14.9445 11.9445
    endloop
  endfacet
  facet normal -1 0 0
    outer loop
      vertex 10.25 14.375 12.3816
      vertex 10.25 20 20.25
      vertex 10.25 14.6741 12.1817
    endloop
  endfacet
  facet normal -1 0 0
    outer loop
      vertex 10.25 14.0524 12.5407
      vertex 10.25 20 20.25
      vertex 10.25 14.375 12.3816
    endloop
  endfacet
  facet normal -1 0 0
    outer loop
      vertex 10.25 13.7118 12.6563
      vertex 10.25 20 20.25
      vertex 10.25 14.0524 12.5407
    endloop
  endfacet
  facet normal -1 0 0
    outer loop
      vertex 10.25 13.3589 12.7265
      vertex 10.25 20 20.25
      vertex 10.25 13.7118 12.6563
    endloop
  endfacet
  facet normal -1 0 0
    outer loop
      vertex 10.25 13 12.75
      vertex 10.25 20 20.25
      vertex 10.25 13.3589 12.7265
    endloop
  endfacet
  facet normal -1 0 0
    outer loop
      vertex 10.25 12.6411 12.7265
      vertex 10.25 20 20.25
      vertex 10.25 13 12.75
    endloop
  endfacet
  facet normal -1 0 0
    outer loop
      vertex 10.25 12.2882 12.6563
      vertex 10.25 20 20.25
      vertex 10.25 12.6411 12.7265
    endloop
  endfacet
  facet normal -1 0 0
    outer loop
      vertex 10.25 11.9476 12.5407
      vertex 10.25 20 20.25
      vertex 10.25 12.2882 12.6563
    endloop
  endfacet
  facet normal -1 0 0
    outer loop
      vertex 10.25 11.625 12.3816
      vertex 10.25 20 20.25
      vertex 10.25 11.9476 12.5407
    endloop
  endfacet
  facet normal -1 0 0
    outer loop
      vertex 10.25 -11.625 12.3816
      vertex 10.25 11.625 12.3816
      vertex 10.25 11.3259 12.1817
    endloop
  endfacet
  facet normal -1 0 0
    outer loop
      vertex 10.25 -11.3259 12.1817
      vertex 10.25 11.3259 12.1817
      vertex 10.25 11.0555 11.9445
    endloop
  endfacet
  facet normal -1 0 0
    outer loop
      vertex 10.25 -10.25 10
      vertex 10.25 10.2735 10.3589
      vertex 10.25 10.25 10
    endloop
  endfacet
  facet normal -1 0 0
    outer loop
      vertex 10.25 -10.2735 10.3589
      vertex 10.25 10.2735 10.3589
      vertex 10.25 -10.25 10
    endloop
  endfacet
  facet normal -1 0 0
    outer loop
      vertex 10.25 10.2735 10.3589
      vertex 10.25 -10.2735 10.3589
      vertex 10.25 10.3437 10.7118
    endloop
  endfacet
  facet normal -1 0 0
    outer loop
      vertex 10.25 -10.3437 10.7118
      vertex 10.25 10.3437 10.7118
      vertex 10.25 -10.2735 10.3589
    endloop
  endfacet
  facet normal -1 0 0
    outer loop
      vertex 10.25 10.3437 10.7118
      vertex 10.25 -10.3437 10.7118
      vertex 10.25 10.4593 11.0524
    endloop
  endfacet
  facet normal -1 0 0
    outer loop
      vertex 10.25 -10.4593 11.0524
      vertex 10.25 10.4593 11.0524
      vertex 10.25 -10.3437 10.7118
    endloop
  endfacet
  facet normal -1 0 0
    outer loop
      vertex 10.25 10.4593 11.0524
      vertex 10.25 -10.4593 11.0524
      vertex 10.25 10.6184 11.375
    endloop
  endfacet
  facet normal -1 0 0
    outer loop
      vertex 10.25 -10.6184 11.375
      vertex 10.25 10.6184 11.375
      vertex 10.25 -10.4593 11.0524
    endloop
  endfacet
  facet normal -1 0 0
    outer loop
      vertex 10.25 10.6184 11.375
      vertex 10.25 -10.6184 11.375
      vertex 10.25 10.8183 11.6741
    endloop
  endfacet
  facet normal -1 0 0
    outer loop
      vertex 10.25 -10.8183 11.6741
      vertex 10.25 10.8183 11.6741
      vertex 10.25 -10.6184 11.375
    endloop
  endfacet
  facet normal -1 0 0
    outer loop
      vertex 10.25 10.8183 11.6741
      vertex 10.25 -10.8183 11.6741
      vertex 10.25 11.0555 11.9445
    endloop
  endfacet
  facet normal -1 0 0
    outer loop
      vertex 10.25 -11.0555 11.9445
      vertex 10.25 11.0555 11.9445
      vertex 10.25 -10.8183 11.6741
    endloop
  endfacet
  facet normal -1 0 0
    outer loop
      vertex 10.25 -11.3259 12.1817
      vertex 10.25 11.0555 11.9445
      vertex 10.25 -11.0555 11.9445
    endloop
  endfacet
  facet normal -1 0 0
    outer loop
      vertex 10.25 11.3259 12.1817
      vertex 10.25 -11.3259 12.1817
      vertex 10.25 -11.625 12.3816
    endloop
  endfacet
  facet normal -1 0 0
    outer loop
      vertex 10.25 11.625 12.3816
      vertex 10.25 -11.625 12.3816
      vertex 10.25 20 20.25
    endloop
  endfacet
  facet normal -1 0 0
    outer loop
      vertex 10.25 -20 20.25
      vertex 10.25 -11.625 12.3816
      vertex 10.25 -11.9476 12.5407
    endloop
  endfacet
  facet normal -1 0 0
    outer loop
      vertex 10.25 -20 20.25
      vertex 10.25 -11.9476 12.5407
      vertex 10.25 -12.2882 12.6563
    endloop
  endfacet
  facet normal -1 0 0
    outer loop
      vertex 10.25 -20 20.25
      vertex 10.25 -12.2882 12.6563
      vertex 10.25 -12.6411 12.7265
    endloop
  endfacet
  facet normal -1 0 0
    outer loop
      vertex 10.25 -20 20.25
      vertex 10.25 -12.6411 12.7265
      vertex 10.25 -13 12.75
    endloop
  endfacet
  facet normal -1 0 0
    outer loop
      vertex 10.25 -20 20.25
      vertex 10.25 -13 12.75
      vertex 10.25 -13.3589 12.7265
    endloop
  endfacet
  facet normal -1 0 0
    outer loop
      vertex 10.25 -20 20.25
      vertex 10.25 -13.3589 12.7265
      vertex 10.25 -13.7118 12.6563
    endloop
  endfacet
  facet normal -1 0 0
    outer loop
      vertex 10.25 -20 20.25
      vertex 10.25 -15.75 10
      vertex 10.25 -20 0
    endloop
  endfacet
  facet normal -1 0 0
    outer loop
      vertex 10.25 -15.75 10
      vertex 10.25 -20 20.25
      vertex 10.25 -15.7265 10.3589
    endloop
  endfacet
  facet normal -1 0 0
    outer loop
      vertex 10.25 -15.7265 10.3589
      vertex 10.25 -20 20.25
      vertex 10.25 -15.6563 10.7118
    endloop
  endfacet
  facet normal -1 0 0
    outer loop
      vertex 10.25 -11.625 12.3816
      vertex 10.25 -20 20.25
      vertex 10.25 20 20.25
    endloop
  endfacet
  facet normal -1 0 0
    outer loop
      vertex 10.25 -14.0524 12.5407
      vertex 10.25 -20 20.25
      vertex 10.25 -13.7118 12.6563
    endloop
  endfacet
  facet normal -1 0 0
    outer loop
      vertex 10.25 -14.375 12.3816
      vertex 10.25 -20 20.25
      vertex 10.25 -14.0524 12.5407
    endloop
  endfacet
  facet normal -1 0 0
    outer loop
      vertex 10.25 -14.6741 12.1817
      vertex 10.25 -20 20.25
      vertex 10.25 -14.375 12.3816
    endloop
  endfacet
  facet normal -1 0 0
    outer loop
      vertex 10.25 -14.9445 11.9445
      vertex 10.25 -20 20.25
      vertex 10.25 -14.6741 12.1817
    endloop
  endfacet
  facet normal -1 0 0
    outer loop
      vertex 10.25 -15.1817 11.6741
      vertex 10.25 -20 20.25
      vertex 10.25 -14.9445 11.9445
    endloop
  endfacet
  facet normal -1 0 0
    outer loop
      vertex 10.25 -15.3816 11.375
      vertex 10.25 -20 20.25
      vertex 10.25 -15.1817 11.6741
    endloop
  endfacet
  facet normal -1 0 0
    outer loop
      vertex 10.25 -15.5407 11.0524
      vertex 10.25 -20 20.25
      vertex 10.25 -15.3816 11.375
    endloop
  endfacet
  facet normal -1 0 0
    outer loop
      vertex 10.25 -15.6563 10.7118
      vertex 10.25 -20 20.25
      vertex 10.25 -15.5407 11.0524
    endloop
  endfacet
  facet normal 0 1 0
    outer loop
      vertex 14.25 20 20.25
      vertex 10.25 20 0
      vertex 10.25 20 20.25
    endloop
  endfacet
  facet normal 0 1 -0
    outer loop
      vertex 12.8 20 -6.5
      vertex 10.25 20 0
      vertex 14.25 20 20.25
    endloop
  endfacet
  facet normal 0 1 0
    outer loop
      vertex 10.25 20 0
      vertex 12.8 20 -6.5
      vertex 10.8 20 -3.5
    endloop
  endfacet
  facet normal 0 1 -0
    outer loop
      vertex 14.25 20 -12
      vertex 12.8 20 -6.5
      vertex 14.25 20 20.25
    endloop
  endfacet
  facet normal 0 1 0
    outer loop
      vertex 12.8 20 -6.5
      vertex 14.25 20 -12
      vertex 12.8 20 -10
    endloop
  endfacet
  facet normal 0 1 0
    outer loop
      vertex 10.8 20 -12
      vertex 12.8 20 -10
      vertex 14.25 20 -12
    endloop
  endfacet
  facet normal 0 1 0
    outer loop
      vertex 12.8 20 -10
      vertex 10.8 20 -12
      vertex 10.8 20 -10
    endloop
  endfacet
  facet normal 0 1 0
    outer loop
      vertex 10.25 20 0
      vertex 10.8 20 -3.5
      vertex 10.25 20 -3.5
    endloop
  endfacet
  facet normal 0 1 0
    outer loop
      vertex 10.8 20 -3.5
      vertex 12.8 20 -6.5
      vertex 10.8 20 -6.5
    endloop
  endfacet
  facet normal 0 -1 0
    outer loop
      vertex 10.25 -20 0
      vertex 14.25 -20 20.25
      vertex 10.25 -20 20.25
    endloop
  endfacet
  facet normal 0 -1 0
    outer loop
      vertex 14.25 -20 -12
      vertex 10.25 -20 0
      vertex 10.25 -20 -12
    endloop
  endfacet
  facet normal 0 -1 0
    outer loop
      vertex 10.25 -20 0
      vertex 14.25 -20 -12
      vertex 14.25 -20 20.25
    endloop
  endfacet
  facet normal 0 0 1
    outer loop
      vertex -10.8 14 -4.5
      vertex -14 14 -4.5
      vertex -10.8 -10.8 -4.5
    endloop
  endfacet
  facet normal -0 0 1
    outer loop
      vertex -10.8 -10.8 -4.5
      vertex 10.25 -14 -4.5
      vertex 10.25 -10.8 -4.5
    endloop
  endfacet
  facet normal 0 0 1
    outer loop
      vertex -10.8 -10.8 -4.5
      vertex -14 -14 -4.5
      vertex 10.25 -14 -4.5
    endloop
  endfacet
  facet normal 0 0 1
    outer loop
      vertex -14 -14 -4.5
      vertex -10.8 -10.8 -4.5
      vertex -14 14 -4.5
    endloop
  endfacet
  facet normal -1 0 0
    outer loop
      vertex -14 -14 -12
      vertex -14 14 -4.5
      vertex -14 14 -12
    endloop
  endfacet
  facet normal -1 -0 0
    outer loop
      vertex -14 14 -4.5
      vertex -14 -14 -12
      vertex -14 -14 -4.5
    endloop
  endfacet
  facet normal 0 1 0
    outer loop
      vertex -10.8 14 -10
      vertex -10.8 14 -12
      vertex -12.8 14 -10
    endloop
  endfacet
  facet normal 0 1 0
    outer loop
      vertex -12.8 14 -6.5
      vertex -10.8 14 -4.5
      vertex -10.8 14 -6.5
    endloop
  endfacet
  facet normal 0 1 0
    outer loop
      vertex -10.8 14 -4.5
      vertex -12.8 14 -6.5
      vertex -14 14 -4.5
    endloop
  endfacet
  facet normal 0 1 -0
    outer loop
      vertex -12.8 14 -10
      vertex -14 14 -4.5
      vertex -12.8 14 -6.5
    endloop
  endfacet
  facet normal 0 1 0
    outer loop
      vertex -12.8 14 -10
      vertex -14 14 -12
      vertex -14 14 -4.5
    endloop
  endfacet
  facet normal 0 1 0
    outer loop
      vertex -14 14 -12
      vertex -12.8 14 -10
      vertex -10.8 14 -12
    endloop
  endfacet
  facet normal 0 -1 0
    outer loop
      vertex -14 -14 -12
      vertex 10.25 -14 -4.5
      vertex -14 -14 -4.5
    endloop
  endfacet
  facet normal 0 -1 -0
    outer loop
      vertex 10.25 -14 -4.5
      vertex -14 -14 -12
      vertex 10.25 -14 -12
    endloop
  endfacet
  facet normal 0 -0.19502 0.980799
    outer loop
      vertex 10.25 -12.2882 7.3437
      vertex 14.25 -12.6411 7.27353
      vertex 14.25 -12.2882 7.3437
    endloop
  endfacet
  facet normal 0 -0.19502 0.980799
    outer loop
      vertex 14.25 -12.6411 7.27353
      vertex 10.25 -12.2882 7.3437
      vertex 10.25 -12.6411 7.27353
    endloop
  endfacet
  facet normal 0 -0.75181 0.65938
    outer loop
      vertex 10.25 -11.0555 8.05546
      vertex 14.25 -10.8183 8.32591
      vertex 10.25 -10.8183 8.32591
    endloop
  endfacet
  facet normal 0 -0.75181 0.65938
    outer loop
      vertex 14.25 -10.8183 8.32591
      vertex 10.25 -11.0555 8.05546
      vertex 14.25 -11.0555 8.05546
    endloop
  endfacet
  facet normal 0 -0.0653379 -0.997863
    outer loop
      vertex 10.25 -13 12.75
      vertex 14.25 -12.6411 12.7265
      vertex 14.25 -13 12.75
    endloop
  endfacet
  facet normal -0 -0.0653379 -0.997863
    outer loop
      vertex 14.25 -12.6411 12.7265
      vertex 10.25 -13 12.75
      vertex 10.25 -12.6411 12.7265
    endloop
  endfacet
  facet normal 0 -0.997863 -0.0653379
    outer loop
      vertex 10.25 -10.25 10
      vertex 14.25 -10.2735 10.3589
      vertex 10.25 -10.2735 10.3589
    endloop
  endfacet
  facet normal 0 -0.997863 -0.0653379
    outer loop
      vertex 14.25 -10.2735 10.3589
      vertex 10.25 -10.25 10
      vertex 14.25 -10.25 10
    endloop
  endfacet
  facet normal 0 -0.980773 0.195154
    outer loop
      vertex 10.25 -10.3437 9.28825
      vertex 14.25 -10.2735 9.64105
      vertex 10.25 -10.2735 9.64105
    endloop
  endfacet
  facet normal 0 -0.980773 0.195154
    outer loop
      vertex 14.25 -10.2735 9.64105
      vertex 10.25 -10.3437 9.28825
      vertex 14.25 -10.3437 9.28825
    endloop
  endfacet
  facet normal 0 -0.555566 0.831472
    outer loop
      vertex 10.25 -11.3259 7.81828
      vertex 14.25 -11.625 7.61843
      vertex 14.25 -11.3259 7.81828
    endloop
  endfacet
  facet normal 0 -0.555566 0.831472
    outer loop
      vertex 14.25 -11.625 7.61843
      vertex 10.25 -11.3259 7.81828
      vertex 10.25 -11.625 7.61843
    endloop
  endfacet
  facet normal 0 -0.442314 0.89686
    outer loop
      vertex 10.25 -11.625 7.61843
      vertex 14.25 -11.9476 7.45933
      vertex 14.25 -11.625 7.61843
    endloop
  endfacet
  facet normal 0 -0.442314 0.89686
    outer loop
      vertex 14.25 -11.9476 7.45933
      vertex 10.25 -11.625 7.61843
      vertex 10.25 -11.9476 7.45933
    endloop
  endfacet
  facet normal 0 -0.89686 -0.442314
    outer loop
      vertex 10.25 -10.4593 11.0524
      vertex 14.25 -10.6184 11.375
      vertex 10.25 -10.6184 11.375
    endloop
  endfacet
  facet normal 0 -0.89686 -0.442314
    outer loop
      vertex 14.25 -10.6184 11.375
      vertex 10.25 -10.4593 11.0524
      vertex 14.25 -10.4593 11.0524
    endloop
  endfacet
  facet normal 0 -0.980783 -0.195101
    outer loop
      vertex 10.25 -10.2735 10.3589
      vertex 14.25 -10.3437 10.7118
      vertex 10.25 -10.3437 10.7118
    endloop
  endfacet
  facet normal 0 -0.980783 -0.195101
    outer loop
      vertex 14.25 -10.3437 10.7118
      vertex 10.25 -10.2735 10.3589
      vertex 14.25 -10.2735 10.3589
    endloop
  endfacet
  facet normal 0 0.896871 0.442292
    outer loop
      vertex 14.25 -15.3816 8.625
      vertex 10.25 -15.5407 8.94762
      vertex 14.25 -15.5407 8.94762
    endloop
  endfacet
  facet normal 0 0.896871 0.442292
    outer loop
      vertex 10.25 -15.5407 8.94762
      vertex 14.25 -15.3816 8.625
      vertex 10.25 -15.3816 8.625
    endloop
  endfacet
  facet normal 0 0.75181 0.65938
    outer loop
      vertex 14.25 -14.9445 8.05546
      vertex 10.25 -15.1817 8.32591
      vertex 14.25 -15.1817 8.32591
    endloop
  endfacet
  facet normal 0 0.75181 0.65938
    outer loop
      vertex 10.25 -15.1817 8.32591
      vertex 14.25 -14.9445 8.05546
      vertex 10.25 -14.9445 8.05546
    endloop
  endfacet
  facet normal 0 0.751749 -0.659449
    outer loop
      vertex 14.25 -15.1817 11.6741
      vertex 10.25 -14.9445 11.9445
      vertex 14.25 -14.9445 11.9445
    endloop
  endfacet
  facet normal 0 0.751749 -0.659449
    outer loop
      vertex 10.25 -14.9445 11.9445
      vertex 14.25 -15.1817 11.6741
      vertex 10.25 -15.1817 11.6741
    endloop
  endfacet
  facet normal 0 -0.065421 0.997858
    outer loop
      vertex 10.25 -12.6411 7.27353
      vertex 14.25 -13 7.25
      vertex 14.25 -12.6411 7.27353
    endloop
  endfacet
  facet normal 0 -0.065421 0.997858
    outer loop
      vertex 14.25 -13 7.25
      vertex 10.25 -12.6411 7.27353
      vertex 10.25 -13 7.25
    endloop
  endfacet
  facet normal 0 -0.555662 -0.831408
    outer loop
      vertex 10.25 -11.625 12.3816
      vertex 14.25 -11.3259 12.1817
      vertex 14.25 -11.625 12.3816
    endloop
  endfacet
  facet normal -0 -0.555662 -0.831408
    outer loop
      vertex 14.25 -11.3259 12.1817
      vertex 10.25 -11.625 12.3816
      vertex 10.25 -11.3259 12.1817
    endloop
  endfacet
  facet normal 0 0.980773 0.195154
    outer loop
      vertex 14.25 -15.6563 9.28825
      vertex 10.25 -15.7265 9.64105
      vertex 14.25 -15.7265 9.64105
    endloop
  endfacet
  facet normal 0 0.980773 0.195154
    outer loop
      vertex 10.25 -15.7265 9.64105
      vertex 14.25 -15.6563 9.28825
      vertex 10.25 -15.6563 9.28825
    endloop
  endfacet
  facet normal -0 0.659417 0.751777
    outer loop
      vertex 10.25 -14.6741 7.81828
      vertex 14.25 -14.9445 8.05546
      vertex 14.25 -14.6741 7.81828
    endloop
  endfacet
  facet normal 0 0.659417 0.751777
    outer loop
      vertex 14.25 -14.9445 8.05546
      vertex 10.25 -14.6741 7.81828
      vertex 10.25 -14.9445 8.05546
    endloop
  endfacet
  facet normal 0 -0.659417 0.751777
    outer loop
      vertex 10.25 -11.0555 8.05546
      vertex 14.25 -11.3259 7.81828
      vertex 14.25 -11.0555 8.05546
    endloop
  endfacet
  facet normal 0 -0.659417 0.751777
    outer loop
      vertex 14.25 -11.3259 7.81828
      vertex 10.25 -11.0555 8.05546
      vertex 10.25 -11.3259 7.81828
    endloop
  endfacet
  facet normal 0 0.946945 -0.321394
    outer loop
      vertex 14.25 -15.6563 10.7118
      vertex 10.25 -15.5407 11.0524
      vertex 14.25 -15.5407 11.0524
    endloop
  endfacet
  facet normal 0 0.946945 -0.321394
    outer loop
      vertex 10.25 -15.5407 11.0524
      vertex 14.25 -15.6563 10.7118
      vertex 10.25 -15.6563 10.7118
    endloop
  endfacet
  facet normal -0 0.065421 0.997858
    outer loop
      vertex 10.25 -13 7.25
      vertex 14.25 -13.3589 7.27353
      vertex 14.25 -13 7.25
    endloop
  endfacet
  facet normal 0 0.065421 0.997858
    outer loop
      vertex 14.25 -13.3589 7.27353
      vertex 10.25 -13 7.25
      vertex 10.25 -13.3589 7.27353
    endloop
  endfacet
  facet normal -0 0.19502 0.980799
    outer loop
      vertex 10.25 -13.3589 7.27353
      vertex 14.25 -13.7118 7.3437
      vertex 14.25 -13.3589 7.27353
    endloop
  endfacet
  facet normal 0 0.19502 0.980799
    outer loop
      vertex 14.25 -13.7118 7.3437
      vertex 10.25 -13.3589 7.27353
      vertex 10.25 -13.7118 7.3437
    endloop
  endfacet
  facet normal 0 -0.321469 0.94692
    outer loop
      vertex 10.25 -11.9476 7.45933
      vertex 14.25 -12.2882 7.3437
      vertex 14.25 -11.9476 7.45933
    endloop
  endfacet
  facet normal 0 -0.321469 0.94692
    outer loop
      vertex 14.25 -12.2882 7.3437
      vertex 10.25 -11.9476 7.45933
      vertex 10.25 -12.2882 7.3437
    endloop
  endfacet
  facet normal 0 0.946954 0.321369
    outer loop
      vertex 14.25 -15.5407 8.94762
      vertex 10.25 -15.6563 9.28825
      vertex 14.25 -15.6563 9.28825
    endloop
  endfacet
  facet normal 0 0.946954 0.321369
    outer loop
      vertex 10.25 -15.6563 9.28825
      vertex 14.25 -15.5407 8.94762
      vertex 10.25 -15.5407 8.94762
    endloop
  endfacet
  facet normal 0 -0.195101 -0.980783
    outer loop
      vertex 10.25 -12.6411 12.7265
      vertex 14.25 -12.2882 12.6563
      vertex 14.25 -12.6411 12.7265
    endloop
  endfacet
  facet normal -0 -0.195101 -0.980783
    outer loop
      vertex 14.25 -12.2882 12.6563
      vertex 10.25 -12.6411 12.7265
      vertex 10.25 -12.2882 12.6563
    endloop
  endfacet
  facet normal 0 -0.946954 0.321369
    outer loop
      vertex 10.25 -10.4593 8.94762
      vertex 14.25 -10.3437 9.28825
      vertex 10.25 -10.3437 9.28825
    endloop
  endfacet
  facet normal 0 -0.946954 0.321369
    outer loop
      vertex 14.25 -10.3437 9.28825
      vertex 10.25 -10.4593 8.94762
      vertex 14.25 -10.4593 8.94762
    endloop
  endfacet
  facet normal -0 0.321469 0.94692
    outer loop
      vertex 10.25 -13.7118 7.3437
      vertex 14.25 -14.0524 7.45933
      vertex 14.25 -13.7118 7.3437
    endloop
  endfacet
  facet normal 0 0.321469 0.94692
    outer loop
      vertex 14.25 -14.0524 7.45933
      vertex 10.25 -13.7118 7.3437
      vertex 10.25 -14.0524 7.45933
    endloop
  endfacet
  facet normal 0 0.321394 -0.946945
    outer loop
      vertex 10.25 -14.0524 12.5407
      vertex 14.25 -13.7118 12.6563
      vertex 14.25 -14.0524 12.5407
    endloop
  endfacet
  facet normal 0 0.321394 -0.946945
    outer loop
      vertex 14.25 -13.7118 12.6563
      vertex 10.25 -14.0524 12.5407
      vertex 10.25 -13.7118 12.6563
    endloop
  endfacet
  facet normal 0 0.997863 -0.0653379
    outer loop
      vertex 14.25 -15.75 10
      vertex 10.25 -15.7265 10.3589
      vertex 14.25 -15.7265 10.3589
    endloop
  endfacet
  facet normal 0 0.997863 -0.0653379
    outer loop
      vertex 10.25 -15.7265 10.3589
      vertex 14.25 -15.75 10
      vertex 10.25 -15.75 10
    endloop
  endfacet
  facet normal 0 -0.751749 -0.659449
    outer loop
      vertex 10.25 -10.8183 11.6741
      vertex 14.25 -11.0555 11.9445
      vertex 10.25 -11.0555 11.9445
    endloop
  endfacet
  facet normal 0 -0.751749 -0.659449
    outer loop
      vertex 14.25 -11.0555 11.9445
      vertex 10.25 -10.8183 11.6741
      vertex 14.25 -10.8183 11.6741
    endloop
  endfacet
  facet normal 0 -0.321394 -0.946945
    outer loop
      vertex 10.25 -12.2882 12.6563
      vertex 14.25 -11.9476 12.5407
      vertex 14.25 -12.2882 12.6563
    endloop
  endfacet
  facet normal -0 -0.321394 -0.946945
    outer loop
      vertex 14.25 -11.9476 12.5407
      vertex 10.25 -12.2882 12.6563
      vertex 10.25 -11.9476 12.5407
    endloop
  endfacet
  facet normal 0 -0.946945 -0.321394
    outer loop
      vertex 10.25 -10.3437 10.7118
      vertex 14.25 -10.4593 11.0524
      vertex 10.25 -10.4593 11.0524
    endloop
  endfacet
  facet normal 0 -0.946945 -0.321394
    outer loop
      vertex 14.25 -10.4593 11.0524
      vertex 10.25 -10.3437 10.7118
      vertex 14.25 -10.3437 10.7118
    endloop
  endfacet
  facet normal 0 0.442314 -0.89686
    outer loop
      vertex 10.25 -14.375 12.3816
      vertex 14.25 -14.0524 12.5407
      vertex 14.25 -14.375 12.3816
    endloop
  endfacet
  facet normal 0 0.442314 -0.89686
    outer loop
      vertex 14.25 -14.0524 12.5407
      vertex 10.25 -14.375 12.3816
      vertex 10.25 -14.0524 12.5407
    endloop
  endfacet
  facet normal -0 0.442314 0.89686
    outer loop
      vertex 10.25 -14.0524 7.45933
      vertex 14.25 -14.375 7.61843
      vertex 14.25 -14.0524 7.45933
    endloop
  endfacet
  facet normal 0 0.442314 0.89686
    outer loop
      vertex 14.25 -14.375 7.61843
      vertex 10.25 -14.0524 7.45933
      vertex 10.25 -14.375 7.61843
    endloop
  endfacet
  facet normal 0 0.997864 0.0653289
    outer loop
      vertex 14.25 -15.7265 9.64105
      vertex 10.25 -15.75 10
      vertex 14.25 -15.75 10
    endloop
  endfacet
  facet normal 0 0.997864 0.0653289
    outer loop
      vertex 10.25 -15.75 10
      vertex 14.25 -15.7265 9.64105
      vertex 10.25 -15.7265 9.64105
    endloop
  endfacet
  facet normal 0 -0.8314 0.555675
    outer loop
      vertex 10.25 -10.8183 8.32591
      vertex 14.25 -10.6184 8.625
      vertex 10.25 -10.6184 8.625
    endloop
  endfacet
  facet normal 0 -0.8314 0.555675
    outer loop
      vertex 14.25 -10.6184 8.625
      vertex 10.25 -10.8183 8.32591
      vertex 14.25 -10.8183 8.32591
    endloop
  endfacet
  facet normal 0 -0.896871 0.442292
    outer loop
      vertex 10.25 -10.6184 8.625
      vertex 14.25 -10.4593 8.94762
      vertex 10.25 -10.4593 8.94762
    endloop
  endfacet
  facet normal 0 -0.896871 0.442292
    outer loop
      vertex 14.25 -10.4593 8.94762
      vertex 10.25 -10.6184 8.625
      vertex 14.25 -10.6184 8.625
    endloop
  endfacet
  facet normal 0 0.555662 -0.831408
    outer loop
      vertex 10.25 -14.6741 12.1817
      vertex 14.25 -14.375 12.3816
      vertex 14.25 -14.6741 12.1817
    endloop
  endfacet
  facet normal 0 0.555662 -0.831408
    outer loop
      vertex 14.25 -14.375 12.3816
      vertex 10.25 -14.6741 12.1817
      vertex 10.25 -14.375 12.3816
    endloop
  endfacet
  facet normal 0 -0.442314 -0.89686
    outer loop
      vertex 10.25 -11.9476 12.5407
      vertex 14.25 -11.625 12.3816
      vertex 14.25 -11.9476 12.5407
    endloop
  endfacet
  facet normal -0 -0.442314 -0.89686
    outer loop
      vertex 14.25 -11.625 12.3816
      vertex 10.25 -11.9476 12.5407
      vertex 10.25 -11.625 12.3816
    endloop
  endfacet
  facet normal 0 -0.831408 -0.555662
    outer loop
      vertex 10.25 -10.6184 11.375
      vertex 14.25 -10.8183 11.6741
      vertex 10.25 -10.8183 11.6741
    endloop
  endfacet
  facet normal 0 -0.831408 -0.555662
    outer loop
      vertex 14.25 -10.8183 11.6741
      vertex 10.25 -10.6184 11.375
      vertex 14.25 -10.6184 11.375
    endloop
  endfacet
  facet normal 0 0.195101 -0.980783
    outer loop
      vertex 10.25 -13.7118 12.6563
      vertex 14.25 -13.3589 12.7265
      vertex 14.25 -13.7118 12.6563
    endloop
  endfacet
  facet normal 0 0.195101 -0.980783
    outer loop
      vertex 14.25 -13.3589 12.7265
      vertex 10.25 -13.7118 12.6563
      vertex 10.25 -13.3589 12.7265
    endloop
  endfacet
  facet normal 0 0.0653379 -0.997863
    outer loop
      vertex 10.25 -13.3589 12.7265
      vertex 14.25 -13 12.75
      vertex 14.25 -13.3589 12.7265
    endloop
  endfacet
  facet normal 0 0.0653379 -0.997863
    outer loop
      vertex 14.25 -13 12.75
      vertex 10.25 -13.3589 12.7265
      vertex 10.25 -13 12.75
    endloop
  endfacet
  facet normal 0 0.659449 -0.751749
    outer loop
      vertex 10.25 -14.9445 11.9445
      vertex 14.25 -14.6741 12.1817
      vertex 14.25 -14.9445 11.9445
    endloop
  endfacet
  facet normal 0 0.659449 -0.751749
    outer loop
      vertex 14.25 -14.6741 12.1817
      vertex 10.25 -14.9445 11.9445
      vertex 10.25 -14.6741 12.1817
    endloop
  endfacet
  facet normal 0 -0.659449 -0.751749
    outer loop
      vertex 10.25 -11.3259 12.1817
      vertex 14.25 -11.0555 11.9445
      vertex 14.25 -11.3259 12.1817
    endloop
  endfacet
  facet normal -0 -0.659449 -0.751749
    outer loop
      vertex 14.25 -11.0555 11.9445
      vertex 10.25 -11.3259 12.1817
      vertex 10.25 -11.0555 11.9445
    endloop
  endfacet
  facet normal 0 -0.997864 0.0653289
    outer loop
      vertex 10.25 -10.2735 9.64105
      vertex 14.25 -10.25 10
      vertex 10.25 -10.25 10
    endloop
  endfacet
  facet normal 0 -0.997864 0.0653289
    outer loop
      vertex 14.25 -10.25 10
      vertex 10.25 -10.2735 9.64105
      vertex 14.25 -10.2735 9.64105
    endloop
  endfacet
  facet normal 0 0.89686 -0.442314
    outer loop
      vertex 14.25 -15.5407 11.0524
      vertex 10.25 -15.3816 11.375
      vertex 14.25 -15.3816 11.375
    endloop
  endfacet
  facet normal 0 0.89686 -0.442314
    outer loop
      vertex 10.25 -15.3816 11.375
      vertex 14.25 -15.5407 11.0524
      vertex 10.25 -15.5407 11.0524
    endloop
  endfacet
  facet normal 0 0.831408 -0.555662
    outer loop
      vertex 14.25 -15.3816 11.375
      vertex 10.25 -15.1817 11.6741
      vertex 14.25 -15.1817 11.6741
    endloop
  endfacet
  facet normal 0 0.831408 -0.555662
    outer loop
      vertex 10.25 -15.1817 11.6741
      vertex 14.25 -15.3816 11.375
      vertex 10.25 -15.3816 11.375
    endloop
  endfacet
  facet normal 0 0.8314 0.555675
    outer loop
      vertex 14.25 -15.1817 8.32591
      vertex 10.25 -15.3816 8.625
      vertex 14.25 -15.3816 8.625
    endloop
  endfacet
  facet normal 0 0.8314 0.555675
    outer loop
      vertex 10.25 -15.3816 8.625
      vertex 14.25 -15.1817 8.32591
      vertex 10.25 -15.1817 8.32591
    endloop
  endfacet
  facet normal -0 0.555566 0.831472
    outer loop
      vertex 10.25 -14.375 7.61843
      vertex 14.25 -14.6741 7.81828
      vertex 14.25 -14.375 7.61843
    endloop
  endfacet
  facet normal 0 0.555566 0.831472
    outer loop
      vertex 14.25 -14.6741 7.81828
      vertex 10.25 -14.375 7.61843
      vertex 10.25 -14.6741 7.81828
    endloop
  endfacet
  facet normal 0 0.980783 -0.195101
    outer loop
      vertex 14.25 -15.7265 10.3589
      vertex 10.25 -15.6563 10.7118
      vertex 14.25 -15.6563 10.7118
    endloop
  endfacet
  facet normal 0 0.980783 -0.195101
    outer loop
      vertex 10.25 -15.6563 10.7118
      vertex 14.25 -15.7265 10.3589
      vertex 10.25 -15.7265 10.3589
    endloop
  endfacet
  facet normal 0 -0.19502 0.980799
    outer loop
      vertex 10.25 13.7118 7.3437
      vertex 14.25 13.3589 7.27353
      vertex 14.25 13.7118 7.3437
    endloop
  endfacet
  facet normal 0 -0.19502 0.980799
    outer loop
      vertex 14.25 13.3589 7.27353
      vertex 10.25 13.7118 7.3437
      vertex 10.25 13.3589 7.27353
    endloop
  endfacet
  facet normal 0 -0.555662 -0.831408
    outer loop
      vertex 10.25 14.375 12.3816
      vertex 14.25 14.6741 12.1817
      vertex 14.25 14.375 12.3816
    endloop
  endfacet
  facet normal -0 -0.555662 -0.831408
    outer loop
      vertex 14.25 14.6741 12.1817
      vertex 10.25 14.375 12.3816
      vertex 10.25 14.6741 12.1817
    endloop
  endfacet
  facet normal 0 0.896871 0.442292
    outer loop
      vertex 14.25 10.6184 8.625
      vertex 10.25 10.4593 8.94762
      vertex 14.25 10.4593 8.94762
    endloop
  endfacet
  facet normal 0 0.896871 0.442292
    outer loop
      vertex 10.25 10.4593 8.94762
      vertex 14.25 10.6184 8.625
      vertex 10.25 10.6184 8.625
    endloop
  endfacet
  facet normal 0 0.946954 0.321369
    outer loop
      vertex 14.25 10.4593 8.94762
      vertex 10.25 10.3437 9.28825
      vertex 14.25 10.3437 9.28825
    endloop
  endfacet
  facet normal 0 0.946954 0.321369
    outer loop
      vertex 10.25 10.3437 9.28825
      vertex 14.25 10.4593 8.94762
      vertex 10.25 10.4593 8.94762
    endloop
  endfacet
  facet normal 0 -0.321469 0.94692
    outer loop
      vertex 10.25 14.0524 7.45933
      vertex 14.25 13.7118 7.3437
      vertex 14.25 14.0524 7.45933
    endloop
  endfacet
  facet normal 0 -0.321469 0.94692
    outer loop
      vertex 14.25 13.7118 7.3437
      vertex 10.25 14.0524 7.45933
      vertex 10.25 13.7118 7.3437
    endloop
  endfacet
  facet normal 0 -0.195101 -0.980783
    outer loop
      vertex 10.25 13.3589 12.7265
      vertex 14.25 13.7118 12.6563
      vertex 14.25 13.3589 12.7265
    endloop
  endfacet
  facet normal -0 -0.195101 -0.980783
    outer loop
      vertex 14.25 13.7118 12.6563
      vertex 10.25 13.3589 12.7265
      vertex 10.25 13.7118 12.6563
    endloop
  endfacet
  facet normal 0 -0.8314 0.555675
    outer loop
      vertex 10.25 15.1817 8.32591
      vertex 14.25 15.3816 8.625
      vertex 10.25 15.3816 8.625
    endloop
  endfacet
  facet normal 0 -0.8314 0.555675
    outer loop
      vertex 14.25 15.3816 8.625
      vertex 10.25 15.1817 8.32591
      vertex 14.25 15.1817 8.32591
    endloop
  endfacet
  facet normal 0 -0.065421 0.997858
    outer loop
      vertex 10.25 13.3589 7.27353
      vertex 14.25 13 7.25
      vertex 14.25 13.3589 7.27353
    endloop
  endfacet
  facet normal 0 -0.065421 0.997858
    outer loop
      vertex 14.25 13 7.25
      vertex 10.25 13.3589 7.27353
      vertex 10.25 13 7.25
    endloop
  endfacet
  facet normal 0 -0.321394 -0.946945
    outer loop
      vertex 10.25 13.7118 12.6563
      vertex 14.25 14.0524 12.5407
      vertex 14.25 13.7118 12.6563
    endloop
  endfacet
  facet normal -0 -0.321394 -0.946945
    outer loop
      vertex 14.25 14.0524 12.5407
      vertex 10.25 13.7118 12.6563
      vertex 10.25 14.0524 12.5407
    endloop
  endfacet
  facet normal 0 -0.997863 -0.0653379
    outer loop
      vertex 10.25 15.75 10
      vertex 14.25 15.7265 10.3589
      vertex 10.25 15.7265 10.3589
    endloop
  endfacet
  facet normal 0 -0.997863 -0.0653379
    outer loop
      vertex 14.25 15.7265 10.3589
      vertex 10.25 15.75 10
      vertex 14.25 15.75 10
    endloop
  endfacet
  facet normal 0 0.946945 -0.321394
    outer loop
      vertex 14.25 10.3437 10.7118
      vertex 10.25 10.4593 11.0524
      vertex 14.25 10.4593 11.0524
    endloop
  endfacet
  facet normal 0 0.946945 -0.321394
    outer loop
      vertex 10.25 10.4593 11.0524
      vertex 14.25 10.3437 10.7118
      vertex 10.25 10.3437 10.7118
    endloop
  endfacet
  facet normal 0 0.195101 -0.980783
    outer loop
      vertex 10.25 12.2882 12.6563
      vertex 14.25 12.6411 12.7265
      vertex 14.25 12.2882 12.6563
    endloop
  endfacet
  facet normal 0 0.195101 -0.980783
    outer loop
      vertex 14.25 12.6411 12.7265
      vertex 10.25 12.2882 12.6563
      vertex 10.25 12.6411 12.7265
    endloop
  endfacet
  facet normal 0 -0.980773 0.195154
    outer loop
      vertex 10.25 15.6563 9.28825
      vertex 14.25 15.7265 9.64105
      vertex 10.25 15.7265 9.64105
    endloop
  endfacet
  facet normal 0 -0.980773 0.195154
    outer loop
      vertex 14.25 15.7265 9.64105
      vertex 10.25 15.6563 9.28825
      vertex 14.25 15.6563 9.28825
    endloop
  endfacet
  facet normal 0 0.75181 0.65938
    outer loop
      vertex 14.25 11.0555 8.05546
      vertex 10.25 10.8183 8.32591
      vertex 14.25 10.8183 8.32591
    endloop
  endfacet
  facet normal 0 0.75181 0.65938
    outer loop
      vertex 10.25 10.8183 8.32591
      vertex 14.25 11.0555 8.05546
      vertex 10.25 11.0555 8.05546
    endloop
  endfacet
  facet normal 0 -0.75181 0.65938
    outer loop
      vertex 10.25 14.9445 8.05546
      vertex 14.25 15.1817 8.32591
      vertex 10.25 15.1817 8.32591
    endloop
  endfacet
  facet normal 0 -0.75181 0.65938
    outer loop
      vertex 14.25 15.1817 8.32591
      vertex 10.25 14.9445 8.05546
      vertex 14.25 14.9445 8.05546
    endloop
  endfacet
  facet normal 0 0.89686 -0.442314
    outer loop
      vertex 14.25 10.4593 11.0524
      vertex 10.25 10.6184 11.375
      vertex 14.25 10.6184 11.375
    endloop
  endfacet
  facet normal 0 0.89686 -0.442314
    outer loop
      vertex 10.25 10.6184 11.375
      vertex 14.25 10.4593 11.0524
      vertex 10.25 10.4593 11.0524
    endloop
  endfacet
  facet normal -0 0.659417 0.751777
    outer loop
      vertex 10.25 11.3259 7.81828
      vertex 14.25 11.0555 8.05546
      vertex 14.25 11.3259 7.81828
    endloop
  endfacet
  facet normal 0 0.659417 0.751777
    outer loop
      vertex 14.25 11.0555 8.05546
      vertex 10.25 11.3259 7.81828
      vertex 10.25 11.0555 8.05546
    endloop
  endfacet
  facet normal 0 -0.659449 -0.751749
    outer loop
      vertex 10.25 14.6741 12.1817
      vertex 14.25 14.9445 11.9445
      vertex 14.25 14.6741 12.1817
    endloop
  endfacet
  facet normal -0 -0.659449 -0.751749
    outer loop
      vertex 14.25 14.9445 11.9445
      vertex 10.25 14.6741 12.1817
      vertex 10.25 14.9445 11.9445
    endloop
  endfacet
  facet normal 0 0.321394 -0.946945
    outer loop
      vertex 10.25 11.9476 12.5407
      vertex 14.25 12.2882 12.6563
      vertex 14.25 11.9476 12.5407
    endloop
  endfacet
  facet normal 0 0.321394 -0.946945
    outer loop
      vertex 14.25 12.2882 12.6563
      vertex 10.25 11.9476 12.5407
      vertex 10.25 12.2882 12.6563
    endloop
  endfacet
  facet normal -0 0.321469 0.94692
    outer loop
      vertex 10.25 12.2882 7.3437
      vertex 14.25 11.9476 7.45933
      vertex 14.25 12.2882 7.3437
    endloop
  endfacet
  facet normal 0 0.321469 0.94692
    outer loop
      vertex 14.25 11.9476 7.45933
      vertex 10.25 12.2882 7.3437
      vertex 10.25 11.9476 7.45933
    endloop
  endfacet
  facet normal -0 0.065421 0.997858
    outer loop
      vertex 10.25 13 7.25
      vertex 14.25 12.6411 7.27353
      vertex 14.25 13 7.25
    endloop
  endfacet
  facet normal 0 0.065421 0.997858
    outer loop
      vertex 14.25 12.6411 7.27353
      vertex 10.25 13 7.25
      vertex 10.25 12.6411 7.27353
    endloop
  endfacet
  facet normal 0 -0.980783 -0.195101
    outer loop
      vertex 10.25 15.7265 10.3589
      vertex 14.25 15.6563 10.7118
      vertex 10.25 15.6563 10.7118
    endloop
  endfacet
  facet normal 0 -0.980783 -0.195101
    outer loop
      vertex 14.25 15.6563 10.7118
      vertex 10.25 15.7265 10.3589
      vertex 14.25 15.7265 10.3589
    endloop
  endfacet
  facet normal 0 -0.442314 0.89686
    outer loop
      vertex 10.25 14.375 7.61843
      vertex 14.25 14.0524 7.45933
      vertex 14.25 14.375 7.61843
    endloop
  endfacet
  facet normal 0 -0.442314 0.89686
    outer loop
      vertex 14.25 14.0524 7.45933
      vertex 10.25 14.375 7.61843
      vertex 10.25 14.0524 7.45933
    endloop
  endfacet
  facet normal 0 0.980783 -0.195101
    outer loop
      vertex 14.25 10.2735 10.3589
      vertex 10.25 10.3437 10.7118
      vertex 14.25 10.3437 10.7118
    endloop
  endfacet
  facet normal 0 0.980783 -0.195101
    outer loop
      vertex 10.25 10.3437 10.7118
      vertex 14.25 10.2735 10.3589
      vertex 10.25 10.2735 10.3589
    endloop
  endfacet
  facet normal -0 0.442314 0.89686
    outer loop
      vertex 10.25 11.9476 7.45933
      vertex 14.25 11.625 7.61843
      vertex 14.25 11.9476 7.45933
    endloop
  endfacet
  facet normal 0 0.442314 0.89686
    outer loop
      vertex 14.25 11.625 7.61843
      vertex 10.25 11.9476 7.45933
      vertex 10.25 11.625 7.61843
    endloop
  endfacet
  facet normal 0 -0.896871 0.442292
    outer loop
      vertex 10.25 15.3816 8.625
      vertex 14.25 15.5407 8.94762
      vertex 10.25 15.5407 8.94762
    endloop
  endfacet
  facet normal 0 -0.896871 0.442292
    outer loop
      vertex 14.25 15.5407 8.94762
      vertex 10.25 15.3816 8.625
      vertex 14.25 15.3816 8.625
    endloop
  endfacet
  facet normal 0 -0.659417 0.751777
    outer loop
      vertex 10.25 14.9445 8.05546
      vertex 14.25 14.6741 7.81828
      vertex 14.25 14.9445 8.05546
    endloop
  endfacet
  facet normal 0 -0.659417 0.751777
    outer loop
      vertex 14.25 14.6741 7.81828
      vertex 10.25 14.9445 8.05546
      vertex 10.25 14.6741 7.81828
    endloop
  endfacet
  facet normal 0 0.8314 0.555675
    outer loop
      vertex 14.25 10.8183 8.32591
      vertex 10.25 10.6184 8.625
      vertex 14.25 10.6184 8.625
    endloop
  endfacet
  facet normal 0 0.8314 0.555675
    outer loop
      vertex 10.25 10.6184 8.625
      vertex 14.25 10.8183 8.32591
      vertex 10.25 10.8183 8.32591
    endloop
  endfacet
  facet normal 0 -0.751749 -0.659449
    outer loop
      vertex 10.25 15.1817 11.6741
      vertex 14.25 14.9445 11.9445
      vertex 10.25 14.9445 11.9445
    endloop
  endfacet
  facet normal 0 -0.751749 -0.659449
    outer loop
      vertex 14.25 14.9445 11.9445
      vertex 10.25 15.1817 11.6741
      vertex 14.25 15.1817 11.6741
    endloop
  endfacet
  facet normal 0 0.659449 -0.751749
    outer loop
      vertex 10.25 11.0555 11.9445
      vertex 14.25 11.3259 12.1817
      vertex 14.25 11.0555 11.9445
    endloop
  endfacet
  facet normal 0 0.659449 -0.751749
    outer loop
      vertex 14.25 11.3259 12.1817
      vertex 10.25 11.0555 11.9445
      vertex 10.25 11.3259 12.1817
    endloop
  endfacet
  facet normal 0 -0.89686 -0.442314
    outer loop
      vertex 10.25 15.5407 11.0524
      vertex 14.25 15.3816 11.375
      vertex 10.25 15.3816 11.375
    endloop
  endfacet
  facet normal 0 -0.89686 -0.442314
    outer loop
      vertex 14.25 15.3816 11.375
      vertex 10.25 15.5407 11.0524
      vertex 14.25 15.5407 11.0524
    endloop
  endfacet
  facet normal 0 0.997863 -0.0653379
    outer loop
      vertex 14.25 10.25 10
      vertex 10.25 10.2735 10.3589
      vertex 14.25 10.2735 10.3589
    endloop
  endfacet
  facet normal 0 0.997863 -0.0653379
    outer loop
      vertex 10.25 10.2735 10.3589
      vertex 14.25 10.25 10
      vertex 10.25 10.25 10
    endloop
  endfacet
  facet normal 0 -0.946945 -0.321394
    outer loop
      vertex 10.25 15.6563 10.7118
      vertex 14.25 15.5407 11.0524
      vertex 10.25 15.5407 11.0524
    endloop
  endfacet
  facet normal 0 -0.946945 -0.321394
    outer loop
      vertex 14.25 15.5407 11.0524
      vertex 10.25 15.6563 10.7118
      vertex 14.25 15.6563 10.7118
    endloop
  endfacet
  facet normal -0 0.19502 0.980799
    outer loop
      vertex 10.25 12.6411 7.27353
      vertex 14.25 12.2882 7.3437
      vertex 14.25 12.6411 7.27353
    endloop
  endfacet
  facet normal 0 0.19502 0.980799
    outer loop
      vertex 14.25 12.2882 7.3437
      vertex 10.25 12.6411 7.27353
      vertex 10.25 12.2882 7.3437
    endloop
  endfacet
  facet normal 0 -0.946954 0.321369
    outer loop
      vertex 10.25 15.5407 8.94762
      vertex 14.25 15.6563 9.28825
      vertex 10.25 15.6563 9.28825
    endloop
  endfacet
  facet normal 0 -0.946954 0.321369
    outer loop
      vertex 14.25 15.6563 9.28825
      vertex 10.25 15.5407 8.94762
      vertex 14.25 15.5407 8.94762
    endloop
  endfacet
  facet normal 0 0.980773 0.195154
    outer loop
      vertex 14.25 10.3437 9.28825
      vertex 10.25 10.2735 9.64105
      vertex 14.25 10.2735 9.64105
    endloop
  endfacet
  facet normal 0 0.980773 0.195154
    outer loop
      vertex 10.25 10.2735 9.64105
      vertex 14.25 10.3437 9.28825
      vertex 10.25 10.3437 9.28825
    endloop
  endfacet
  facet normal 0 -0.555566 0.831472
    outer loop
      vertex 10.25 14.6741 7.81828
      vertex 14.25 14.375 7.61843
      vertex 14.25 14.6741 7.81828
    endloop
  endfacet
  facet normal 0 -0.555566 0.831472
    outer loop
      vertex 14.25 14.375 7.61843
      vertex 10.25 14.6741 7.81828
      vertex 10.25 14.375 7.61843
    endloop
  endfacet
  facet normal 0 0.997864 0.0653289
    outer loop
      vertex 14.25 10.2735 9.64105
      vertex 10.25 10.25 10
      vertex 14.25 10.25 10
    endloop
  endfacet
  facet normal 0 0.997864 0.0653289
    outer loop
      vertex 10.25 10.25 10
      vertex 14.25 10.2735 9.64105
      vertex 10.25 10.2735 9.64105
    endloop
  endfacet
  facet normal 0 -0.997864 0.0653289
    outer loop
      vertex 10.25 15.7265 9.64105
      vertex 14.25 15.75 10
      vertex 10.25 15.75 10
    endloop
  endfacet
  facet normal 0 -0.997864 0.0653289
    outer loop
      vertex 14.25 15.75 10
      vertex 10.25 15.7265 9.64105
      vertex 14.25 15.7265 9.64105
    endloop
  endfacet
  facet normal 0 -0.442314 -0.89686
    outer loop
      vertex 10.25 14.0524 12.5407
      vertex 14.25 14.375 12.3816
      vertex 14.25 14.0524 12.5407
    endloop
  endfacet
  facet normal -0 -0.442314 -0.89686
    outer loop
      vertex 14.25 14.375 12.3816
      vertex 10.25 14.0524 12.5407
      vertex 10.25 14.375 12.3816
    endloop
  endfacet
  facet normal 0 -0.831408 -0.555662
    outer loop
      vertex 10.25 15.3816 11.375
      vertex 14.25 15.1817 11.6741
      vertex 10.25 15.1817 11.6741
    endloop
  endfacet
  facet normal 0 -0.831408 -0.555662
    outer loop
      vertex 14.25 15.1817 11.6741
      vertex 10.25 15.3816 11.375
      vertex 14.25 15.3816 11.375
    endloop
  endfacet
  facet normal 0 0.751749 -0.659449
    outer loop
      vertex 14.25 10.8183 11.6741
      vertex 10.25 11.0555 11.9445
      vertex 14.25 11.0555 11.9445
    endloop
  endfacet
  facet normal 0 0.751749 -0.659449
    outer loop
      vertex 10.25 11.0555 11.9445
      vertex 14.25 10.8183 11.6741
      vertex 10.25 10.8183 11.6741
    endloop
  endfacet
  facet normal 0 -0.0653379 -0.997863
    outer loop
      vertex 10.25 13 12.75
      vertex 14.25 13.3589 12.7265
      vertex 14.25 13 12.75
    endloop
  endfacet
  facet normal -0 -0.0653379 -0.997863
    outer loop
      vertex 14.25 13.3589 12.7265
      vertex 10.25 13 12.75
      vertex 10.25 13.3589 12.7265
    endloop
  endfacet
  facet normal 0 0.0653379 -0.997863
    outer loop
      vertex 10.25 12.6411 12.7265
      vertex 14.25 13 12.75
      vertex 14.25 12.6411 12.7265
    endloop
  endfacet
  facet normal 0 0.0653379 -0.997863
    outer loop
      vertex 14.25 13 12.75
      vertex 10.25 12.6411 12.7265
      vertex 10.25 13 12.75
    endloop
  endfacet
  facet normal -0 0.555566 0.831472
    outer loop
      vertex 10.25 11.625 7.61843
      vertex 14.25 11.3259 7.81828
      vertex 14.25 11.625 7.61843
    endloop
  endfacet
  facet normal 0 0.555566 0.831472
    outer loop
      vertex 14.25 11.3259 7.81828
      vertex 10.25 11.625 7.61843
      vertex 10.25 11.3259 7.81828
    endloop
  endfacet
  facet normal 0 0.442314 -0.89686
    outer loop
      vertex 10.25 11.625 12.3816
      vertex 14.25 11.9476 12.5407
      vertex 14.25 11.625 12.3816
    endloop
  endfacet
  facet normal 0 0.442314 -0.89686
    outer loop
      vertex 14.25 11.9476 12.5407
      vertex 10.25 11.625 12.3816
      vertex 10.25 11.9476 12.5407
    endloop
  endfacet
  facet normal 0 0.555662 -0.831408
    outer loop
      vertex 10.25 11.3259 12.1817
      vertex 14.25 11.625 12.3816
      vertex 14.25 11.3259 12.1817
    endloop
  endfacet
  facet normal 0 0.555662 -0.831408
    outer loop
      vertex 14.25 11.625 12.3816
      vertex 10.25 11.3259 12.1817
      vertex 10.25 11.625 12.3816
    endloop
  endfacet
  facet normal 0 0.831408 -0.555662
    outer loop
      vertex 14.25 10.6184 11.375
      vertex 10.25 10.8183 11.6741
      vertex 14.25 10.8183 11.6741
    endloop
  endfacet
  facet normal 0 0.831408 -0.555662
    outer loop
      vertex 10.25 10.8183 11.6741
      vertex 14.25 10.6184 11.375
      vertex 10.25 10.6184 11.375
    endloop
  endfacet
  facet normal -0.800075 -0.382764 0.461922
    outer loop
      vertex -7.48672 -28.6247 40.2638
      vertex -11.6122 -28.275 33.408
      vertex -11.4867 -28.6247 33.3356
    endloop
  endfacet
  facet normal -0.800108 -0.382666 0.461946
    outer loop
      vertex -11.6122 -28.275 33.408
      vertex -7.48672 -28.6247 40.2638
      vertex -7.61217 -28.275 40.3362
    endloop
  endfacet
  facet normal -0.858616 -0.130544 0.495718
    outer loop
      vertex -7.44394 -29 40.2391
      vertex -11.4867 -28.6247 33.3356
      vertex -11.4439 -29 33.3109
    endloop
  endfacet
  facet normal -0.858621 -0.130499 0.495723
    outer loop
      vertex -11.4867 -28.6247 33.3356
      vertex -7.44394 -29 40.2391
      vertex -7.48672 -28.6247 40.2638
    endloop
  endfacet
  facet normal -0.687125 -0.608668 0.396715
    outer loop
      vertex -7.61217 -28.275 40.3362
      vertex -11.8117 -27.9747 33.5232
      vertex -11.6122 -28.275 33.408
    endloop
  endfacet
  facet normal -0.687017 -0.608837 0.396641
    outer loop
      vertex -11.8117 -27.9747 33.5232
      vertex -7.61217 -28.275 40.3362
      vertex -7.81173 -27.9747 40.4515
    endloop
  endfacet
  facet normal 0.687068 -0.608754 -0.396681
    outer loop
      vertex -13.2872 -28.275 35.5298
      vertex -9.58761 -27.9747 41.4768
      vertex -9.78717 -28.275 41.592
    endloop
  endfacet
  facet normal 0.687032 -0.608812 -0.396655
    outer loop
      vertex -9.58761 -27.9747 41.4768
      vertex -13.2872 -28.275 35.5298
      vertex -13.0876 -27.9747 35.4146
    endloop
  endfacet
  facet normal 0.527133 -0.793416 -0.304338
    outer loop
      vertex -13.0876 -27.9747 35.4146
      vertex -9.32754 -27.7443 41.3266
      vertex -9.58761 -27.9747 41.4768
    endloop
  endfacet
  facet normal 0.527105 -0.793442 -0.30432
    outer loop
      vertex -9.32754 -27.7443 41.3266
      vertex -13.0876 -27.9747 35.4146
      vertex -12.8275 -27.7443 35.2644
    endloop
  endfacet
  facet normal -0.331489 0.923843 0.191387
    outer loop
      vertex -8.07181 -30.2557 40.6016
      vertex -12.3747 -30.4006 33.8483
      vertex -8.37466 -30.4006 40.7765
    endloop
  endfacet
  facet normal -0.331455 0.92386 0.191365
    outer loop
      vertex -12.3747 -30.4006 33.8483
      vertex -8.07181 -30.2557 40.6016
      vertex -12.0718 -30.2557 33.6734
    endloop
  endfacet
  facet normal 0.800111 -0.382666 -0.46194
    outer loop
      vertex -13.4126 -28.6247 35.6022
      vertex -9.78717 -28.275 41.592
      vertex -9.91262 -28.6247 41.6644
    endloop
  endfacet
  facet normal 0.800143 -0.382569 -0.461965
    outer loop
      vertex -9.78717 -28.275 41.592
      vertex -13.4126 -28.6247 35.6022
      vertex -13.2872 -28.275 35.5298
    endloop
  endfacet
  facet normal -0.527178 -0.793376 0.304366
    outer loop
      vertex -12.0718 -27.7443 33.6734
      vertex -7.81173 -27.9747 40.4515
      vertex -8.07181 -27.7443 40.6016
    endloop
  endfacet
  facet normal -0.527106 -0.793442 0.304318
    outer loop
      vertex -7.81173 -27.9747 40.4515
      vertex -12.0718 -27.7443 33.6734
      vertex -11.8117 -27.9747 33.5232
    endloop
  endfacet
  facet normal -0.113028 -0.991447 0.0652566
    outer loop
      vertex -12.5593 -27.55 34.279
      vertex -8.37466 -27.5994 40.7765
      vertex -8.69967 -27.55 40.9641
    endloop
  endfacet
  facet normal -0.112862 -0.99146 0.0653442
    outer loop
      vertex -12.3747 -27.5994 33.8483
      vertex -12.5593 -27.55 34.279
      vertex -12.6091 -27.5638 33.9836
    endloop
  endfacet
  facet normal -0.113042 -0.991444 0.0652654
    outer loop
      vertex -12.5593 -27.55 34.279
      vertex -12.3747 -27.5994 33.8483
      vertex -8.37466 -27.5994 40.7765
    endloop
  endfacet
  facet normal -0.113028 0.991447 0.0652566
    outer loop
      vertex -8.37466 -30.4006 40.7765
      vertex -12.5593 -30.45 34.279
      vertex -8.69967 -30.45 40.9641
    endloop
  endfacet
  facet normal -0.113042 0.991444 0.0652654
    outer loop
      vertex -12.3747 -30.4006 33.8483
      vertex -12.5593 -30.45 34.279
      vertex -8.37466 -30.4006 40.7765
    endloop
  endfacet
  facet normal -0.112862 0.99146 0.0653442
    outer loop
      vertex -12.5593 -30.45 34.279
      vertex -12.3747 -30.4006 33.8483
      vertex -12.6091 -30.4362 33.9836
    endloop
  endfacet
  facet normal -0.687125 0.608668 0.396715
    outer loop
      vertex -11.8117 -30.0253 33.5232
      vertex -7.61217 -29.725 40.3362
      vertex -11.6122 -29.725 33.408
    endloop
  endfacet
  facet normal -0.687017 0.608837 0.396641
    outer loop
      vertex -7.61217 -29.725 40.3362
      vertex -11.8117 -30.0253 33.5232
      vertex -7.81173 -30.0253 40.4515
    endloop
  endfacet
  facet normal -0.527178 0.793376 0.304366
    outer loop
      vertex -7.81173 -30.0253 40.4515
      vertex -12.0718 -30.2557 33.6734
      vertex -8.07181 -30.2557 40.6016
    endloop
  endfacet
  facet normal -0.527106 0.793442 0.304318
    outer loop
      vertex -12.0718 -30.2557 33.6734
      vertex -7.81173 -30.0253 40.4515
      vertex -11.8117 -30.0253 33.5232
    endloop
  endfacet
  facet normal 0.687068 0.608754 -0.396681
    outer loop
      vertex -9.58761 -30.0253 41.4768
      vertex -13.2872 -29.725 35.5298
      vertex -9.78717 -29.725 41.592
    endloop
  endfacet
  facet normal 0.687032 0.608812 -0.396655
    outer loop
      vertex -13.2872 -29.725 35.5298
      vertex -9.58761 -30.0253 41.4768
      vertex -13.0876 -30.0253 35.4146
    endloop
  endfacet
  facet normal -0.858616 0.130544 0.495718
    outer loop
      vertex -11.4867 -29.3753 33.3356
      vertex -7.44394 -29 40.2391
      vertex -11.4439 -29 33.3109
    endloop
  endfacet
  facet normal -0.858621 0.130499 0.495723
    outer loop
      vertex -7.44394 -29 40.2391
      vertex -11.4867 -29.3753 33.3356
      vertex -7.48672 -29.3753 40.2638
    endloop
  endfacet
  facet normal 0.858618 -0.130521 -0.49572
    outer loop
      vertex -13.4554 -29 35.6269
      vertex -9.91262 -28.6247 41.6644
      vertex -9.95541 -29 41.6891
    endloop
  endfacet
  facet normal 0.858616 -0.130544 -0.495718
    outer loop
      vertex -9.91262 -28.6247 41.6644
      vertex -13.4554 -29 35.6269
      vertex -13.4126 -28.6247 35.6022
    endloop
  endfacet
  facet normal 0.112738 -0.99149 -0.0650906
    outer loop
      vertex -12.4317 -27.5853 35.0359
      vertex -9.02468 -27.5994 41.1517
      vertex -12.5247 -27.5994 35.0896
    endloop
  endfacet
  facet normal 0.11303 -0.991447 -0.0652532
    outer loop
      vertex -9.02468 -27.5994 41.1517
      vertex -12.4317 -27.5853 35.0359
      vertex -8.69967 -27.55 40.9641
    endloop
  endfacet
  facet normal 0.113116 -0.991433 -0.0653075
    outer loop
      vertex -8.69967 -27.55 40.9641
      vertex -12.4317 -27.5853 35.0359
      vertex -12.5593 -27.55 34.279
    endloop
  endfacet
  facet normal -0.800075 0.382764 0.461922
    outer loop
      vertex -11.6122 -29.725 33.408
      vertex -7.48672 -29.3753 40.2638
      vertex -11.4867 -29.3753 33.3356
    endloop
  endfacet
  facet normal -0.800108 0.382666 0.461946
    outer loop
      vertex -7.48672 -29.3753 40.2638
      vertex -11.6122 -29.725 33.408
      vertex -7.61217 -29.725 40.3362
    endloop
  endfacet
  facet normal 0.331484 -0.923847 -0.191379
    outer loop
      vertex -12.8275 -27.7443 35.2644
      vertex -9.02468 -27.5994 41.1517
      vertex -9.32754 -27.7443 41.3266
    endloop
  endfacet
  facet normal 0.331563 -0.923807 -0.191432
    outer loop
      vertex -9.02468 -27.5994 41.1517
      vertex -12.8275 -27.7443 35.2644
      vertex -12.5247 -27.5994 35.0896
    endloop
  endfacet
  facet normal -0.331489 -0.923843 0.191387
    outer loop
      vertex -12.3747 -27.5994 33.8483
      vertex -8.07181 -27.7443 40.6016
      vertex -8.37466 -27.5994 40.7765
    endloop
  endfacet
  facet normal -0.331455 -0.92386 0.191365
    outer loop
      vertex -8.07181 -27.7443 40.6016
      vertex -12.3747 -27.5994 33.8483
      vertex -12.0718 -27.7443 33.6734
    endloop
  endfacet
  facet normal 0.11303 0.991447 -0.0652532
    outer loop
      vertex -12.4317 -30.4147 35.0359
      vertex -9.02468 -30.4006 41.1517
      vertex -8.69967 -30.45 40.9641
    endloop
  endfacet
  facet normal 0.112738 0.99149 -0.0650906
    outer loop
      vertex -9.02468 -30.4006 41.1517
      vertex -12.4317 -30.4147 35.0359
      vertex -12.5247 -30.4006 35.0896
    endloop
  endfacet
  facet normal 0.113116 0.991433 -0.0653075
    outer loop
      vertex -12.4317 -30.4147 35.0359
      vertex -8.69967 -30.45 40.9641
      vertex -12.5593 -30.45 34.279
    endloop
  endfacet
  facet normal 0.800111 0.382666 -0.46194
    outer loop
      vertex -9.78717 -29.725 41.592
      vertex -13.4126 -29.3753 35.6022
      vertex -9.91262 -29.3753 41.6644
    endloop
  endfacet
  facet normal 0.800143 0.382569 -0.461965
    outer loop
      vertex -13.4126 -29.3753 35.6022
      vertex -9.78717 -29.725 41.592
      vertex -13.2872 -29.725 35.5298
    endloop
  endfacet
  facet normal 0.858618 0.130521 -0.49572
    outer loop
      vertex -9.91262 -29.3753 41.6644
      vertex -13.4554 -29 35.6269
      vertex -9.95541 -29 41.6891
    endloop
  endfacet
  facet normal 0.858616 0.130544 -0.495718
    outer loop
      vertex -13.4554 -29 35.6269
      vertex -9.91262 -29.3753 41.6644
      vertex -13.4126 -29.3753 35.6022
    endloop
  endfacet
  facet normal 0.527133 0.793416 -0.304338
    outer loop
      vertex -9.32754 -30.2557 41.3266
      vertex -13.0876 -30.0253 35.4146
      vertex -9.58761 -30.0253 41.4768
    endloop
  endfacet
  facet normal 0.527105 0.793442 -0.30432
    outer loop
      vertex -13.0876 -30.0253 35.4146
      vertex -9.32754 -30.2557 41.3266
      vertex -12.8275 -30.2557 35.2644
    endloop
  endfacet
  facet normal 0.500008 2.56237e-05 0.866021
    outer loop
      vertex -12.6091 -27.5638 33.9836
      vertex -11.4439 -29 33.3109
      vertex -11.4867 -28.6247 33.3356
    endloop
  endfacet
  facet normal 0.500137 0.000207805 0.865946
    outer loop
      vertex -12.6091 -27.5638 33.9836
      vertex -11.4867 -28.6247 33.3356
      vertex -11.6122 -28.275 33.408
    endloop
  endfacet
  facet normal 0.499984 -0 0.866035
    outer loop
      vertex -12.6091 -30.4362 33.9836
      vertex -11.4439 -29 33.3109
      vertex -12.6091 -27.5638 33.9836
    endloop
  endfacet
  facet normal 0.499994 -5.87307e-05 0.866029
    outer loop
      vertex -12.6091 -27.5638 33.9836
      vertex -11.6122 -28.275 33.408
      vertex -11.8117 -27.9747 33.5232
    endloop
  endfacet
  facet normal 0.500008 -2.56237e-05 0.866021
    outer loop
      vertex -11.4439 -29 33.3109
      vertex -12.6091 -30.4362 33.9836
      vertex -11.4867 -29.3753 33.3356
    endloop
  endfacet
  facet normal 0.499932 -0.000219092 0.866064
    outer loop
      vertex -12.6091 -27.5638 33.9836
      vertex -11.8117 -27.9747 33.5232
      vertex -12.0718 -27.7443 33.6734
    endloop
  endfacet
  facet normal 0.500137 -0.000207805 0.865946
    outer loop
      vertex -11.4867 -29.3753 33.3356
      vertex -12.6091 -30.4362 33.9836
      vertex -11.6122 -29.725 33.408
    endloop
  endfacet
  facet normal 0.499854 -0.000530172 0.86611
    outer loop
      vertex -12.6091 -27.5638 33.9836
      vertex -12.0718 -27.7443 33.6734
      vertex -12.3747 -27.5994 33.8483
    endloop
  endfacet
  facet normal 0.499994 5.87307e-05 0.866029
    outer loop
      vertex -11.6122 -29.725 33.408
      vertex -12.6091 -30.4362 33.9836
      vertex -11.8117 -30.0253 33.5232
    endloop
  endfacet
  facet normal 0.499932 0.000219092 0.866064
    outer loop
      vertex -11.8117 -30.0253 33.5232
      vertex -12.6091 -30.4362 33.9836
      vertex -12.0718 -30.2557 33.6734
    endloop
  endfacet
  facet normal 0.499854 0.000530172 0.86611
    outer loop
      vertex -12.0718 -30.2557 33.6734
      vertex -12.6091 -30.4362 33.9836
      vertex -12.3747 -30.4006 33.8483
    endloop
  endfacet
  facet normal 0.331484 0.923847 -0.191379
    outer loop
      vertex -9.02468 -30.4006 41.1517
      vertex -12.8275 -30.2557 35.2644
      vertex -9.32754 -30.2557 41.3266
    endloop
  endfacet
  facet normal 0.331563 0.923807 -0.191432
    outer loop
      vertex -12.8275 -30.2557 35.2644
      vertex -9.02468 -30.4006 41.1517
      vertex -12.5247 -30.4006 35.0896
    endloop
  endfacet
  facet normal 0.11303 0.991447 -0.0652532
    outer loop
      vertex -12.4317 27.5853 35.0359
      vertex -9.02468 27.5994 41.1517
      vertex -8.69967 27.55 40.9641
    endloop
  endfacet
  facet normal 0.112738 0.99149 -0.0650906
    outer loop
      vertex -9.02468 27.5994 41.1517
      vertex -12.4317 27.5853 35.0359
      vertex -12.5247 27.5994 35.0896
    endloop
  endfacet
  facet normal 0.113116 0.991433 -0.0653075
    outer loop
      vertex -12.4317 27.5853 35.0359
      vertex -8.69967 27.55 40.9641
      vertex -12.5593 27.55 34.279
    endloop
  endfacet
  facet normal -0.800075 -0.382764 0.461922
    outer loop
      vertex -7.48672 29.3753 40.2638
      vertex -11.6122 29.725 33.408
      vertex -11.4867 29.3753 33.3356
    endloop
  endfacet
  facet normal -0.800108 -0.382666 0.461946
    outer loop
      vertex -11.6122 29.725 33.408
      vertex -7.48672 29.3753 40.2638
      vertex -7.61217 29.725 40.3362
    endloop
  endfacet
  facet normal -0.858616 -0.130544 0.495718
    outer loop
      vertex -7.44394 29 40.2391
      vertex -11.4867 29.3753 33.3356
      vertex -11.4439 29 33.3109
    endloop
  endfacet
  facet normal -0.858621 -0.130499 0.495723
    outer loop
      vertex -11.4867 29.3753 33.3356
      vertex -7.44394 29 40.2391
      vertex -7.48672 29.3753 40.2638
    endloop
  endfacet
  facet normal -0.687125 -0.608668 0.396715
    outer loop
      vertex -7.61217 29.725 40.3362
      vertex -11.8117 30.0253 33.5232
      vertex -11.6122 29.725 33.408
    endloop
  endfacet
  facet normal -0.687017 -0.608837 0.396641
    outer loop
      vertex -11.8117 30.0253 33.5232
      vertex -7.61217 29.725 40.3362
      vertex -7.81173 30.0253 40.4515
    endloop
  endfacet
  facet normal 0.800111 0.382666 -0.46194
    outer loop
      vertex -9.78717 28.275 41.592
      vertex -13.4126 28.6247 35.6022
      vertex -9.91262 28.6247 41.6644
    endloop
  endfacet
  facet normal 0.800143 0.382569 -0.461965
    outer loop
      vertex -13.4126 28.6247 35.6022
      vertex -9.78717 28.275 41.592
      vertex -13.2872 28.275 35.5298
    endloop
  endfacet
  facet normal -0.527178 -0.793376 0.304366
    outer loop
      vertex -12.0718 30.2557 33.6734
      vertex -7.81173 30.0253 40.4515
      vertex -8.07181 30.2557 40.6016
    endloop
  endfacet
  facet normal -0.527106 -0.793442 0.304318
    outer loop
      vertex -7.81173 30.0253 40.4515
      vertex -12.0718 30.2557 33.6734
      vertex -11.8117 30.0253 33.5232
    endloop
  endfacet
  facet normal 0.687068 -0.608754 -0.396681
    outer loop
      vertex -13.2872 29.725 35.5298
      vertex -9.58761 30.0253 41.4768
      vertex -9.78717 29.725 41.592
    endloop
  endfacet
  facet normal 0.687032 -0.608812 -0.396655
    outer loop
      vertex -9.58761 30.0253 41.4768
      vertex -13.2872 29.725 35.5298
      vertex -13.0876 30.0253 35.4146
    endloop
  endfacet
  facet normal -0.527178 0.793376 0.304366
    outer loop
      vertex -7.81173 27.9747 40.4515
      vertex -12.0718 27.7443 33.6734
      vertex -8.07181 27.7443 40.6016
    endloop
  endfacet
  facet normal -0.527106 0.793442 0.304318
    outer loop
      vertex -12.0718 27.7443 33.6734
      vertex -7.81173 27.9747 40.4515
      vertex -11.8117 27.9747 33.5232
    endloop
  endfacet
  facet normal -0.113028 0.991447 0.0652566
    outer loop
      vertex -8.37466 27.5994 40.7765
      vertex -12.5593 27.55 34.279
      vertex -8.69967 27.55 40.9641
    endloop
  endfacet
  facet normal -0.113042 0.991444 0.0652654
    outer loop
      vertex -12.3747 27.5994 33.8483
      vertex -12.5593 27.55 34.279
      vertex -8.37466 27.5994 40.7765
    endloop
  endfacet
  facet normal -0.112862 0.99146 0.0653442
    outer loop
      vertex -12.5593 27.55 34.279
      vertex -12.3747 27.5994 33.8483
      vertex -12.6091 27.5638 33.9836
    endloop
  endfacet
  facet normal -0.800075 0.382764 0.461922
    outer loop
      vertex -11.6122 28.275 33.408
      vertex -7.48672 28.6247 40.2638
      vertex -11.4867 28.6247 33.3356
    endloop
  endfacet
  facet normal -0.800108 0.382666 0.461946
    outer loop
      vertex -7.48672 28.6247 40.2638
      vertex -11.6122 28.275 33.408
      vertex -7.61217 28.275 40.3362
    endloop
  endfacet
  facet normal -0.858616 0.130544 0.495718
    outer loop
      vertex -11.4867 28.6247 33.3356
      vertex -7.44394 29 40.2391
      vertex -11.4439 29 33.3109
    endloop
  endfacet
  facet normal -0.858621 0.130499 0.495723
    outer loop
      vertex -7.44394 29 40.2391
      vertex -11.4867 28.6247 33.3356
      vertex -7.48672 28.6247 40.2638
    endloop
  endfacet
  facet normal 0.527133 0.793416 -0.304338
    outer loop
      vertex -9.32754 27.7443 41.3266
      vertex -13.0876 27.9747 35.4146
      vertex -9.58761 27.9747 41.4768
    endloop
  endfacet
  facet normal 0.527105 0.793442 -0.30432
    outer loop
      vertex -13.0876 27.9747 35.4146
      vertex -9.32754 27.7443 41.3266
      vertex -12.8275 27.7443 35.2644
    endloop
  endfacet
  facet normal 0.687068 0.608754 -0.396681
    outer loop
      vertex -9.58761 27.9747 41.4768
      vertex -13.2872 28.275 35.5298
      vertex -9.78717 28.275 41.592
    endloop
  endfacet
  facet normal 0.687032 0.608812 -0.396655
    outer loop
      vertex -13.2872 28.275 35.5298
      vertex -9.58761 27.9747 41.4768
      vertex -13.0876 27.9747 35.4146
    endloop
  endfacet
  facet normal -0.331489 -0.923843 0.191387
    outer loop
      vertex -12.3747 30.4006 33.8483
      vertex -8.07181 30.2557 40.6016
      vertex -8.37466 30.4006 40.7765
    endloop
  endfacet
  facet normal -0.331455 -0.92386 0.191365
    outer loop
      vertex -8.07181 30.2557 40.6016
      vertex -12.3747 30.4006 33.8483
      vertex -12.0718 30.2557 33.6734
    endloop
  endfacet
  facet normal 0.112738 -0.99149 -0.0650906
    outer loop
      vertex -12.4317 30.4147 35.0359
      vertex -9.02468 30.4006 41.1517
      vertex -12.5247 30.4006 35.0896
    endloop
  endfacet
  facet normal 0.11303 -0.991447 -0.0652532
    outer loop
      vertex -9.02468 30.4006 41.1517
      vertex -12.4317 30.4147 35.0359
      vertex -8.69967 30.45 40.9641
    endloop
  endfacet
  facet normal 0.113116 -0.991433 -0.0653075
    outer loop
      vertex -8.69967 30.45 40.9641
      vertex -12.4317 30.4147 35.0359
      vertex -12.5593 30.45 34.279
    endloop
  endfacet
  facet normal 0.331484 -0.923847 -0.191379
    outer loop
      vertex -12.8275 30.2557 35.2644
      vertex -9.02468 30.4006 41.1517
      vertex -9.32754 30.2557 41.3266
    endloop
  endfacet
  facet normal 0.331563 -0.923807 -0.191432
    outer loop
      vertex -9.02468 30.4006 41.1517
      vertex -12.8275 30.2557 35.2644
      vertex -12.5247 30.4006 35.0896
    endloop
  endfacet
  facet normal 0.500008 2.56237e-05 0.866021
    outer loop
      vertex -12.6091 30.4362 33.9836
      vertex -11.4439 29 33.3109
      vertex -11.4867 29.3753 33.3356
    endloop
  endfacet
  facet normal 0.500137 0.000207805 0.865946
    outer loop
      vertex -12.6091 30.4362 33.9836
      vertex -11.4867 29.3753 33.3356
      vertex -11.6122 29.725 33.408
    endloop
  endfacet
  facet normal 0.499984 -0 0.866035
    outer loop
      vertex -12.6091 27.5638 33.9836
      vertex -11.4439 29 33.3109
      vertex -12.6091 30.4362 33.9836
    endloop
  endfacet
  facet normal 0.499994 -5.87307e-05 0.866029
    outer loop
      vertex -12.6091 30.4362 33.9836
      vertex -11.6122 29.725 33.408
      vertex -11.8117 30.0253 33.5232
    endloop
  endfacet
  facet normal 0.500008 -2.56237e-05 0.866021
    outer loop
      vertex -11.4439 29 33.3109
      vertex -12.6091 27.5638 33.9836
      vertex -11.4867 28.6247 33.3356
    endloop
  endfacet
  facet normal 0.499932 -0.000219092 0.866064
    outer loop
      vertex -12.6091 30.4362 33.9836
      vertex -11.8117 30.0253 33.5232
      vertex -12.0718 30.2557 33.6734
    endloop
  endfacet
  facet normal 0.500137 -0.000207805 0.865946
    outer loop
      vertex -11.4867 28.6247 33.3356
      vertex -12.6091 27.5638 33.9836
      vertex -11.6122 28.275 33.408
    endloop
  endfacet
  facet normal 0.499854 -0.000530172 0.86611
    outer loop
      vertex -12.6091 30.4362 33.9836
      vertex -12.0718 30.2557 33.6734
      vertex -12.3747 30.4006 33.8483
    endloop
  endfacet
  facet normal 0.499994 5.87307e-05 0.866029
    outer loop
      vertex -11.6122 28.275 33.408
      vertex -12.6091 27.5638 33.9836
      vertex -11.8117 27.9747 33.5232
    endloop
  endfacet
  facet normal 0.499932 0.000219092 0.866064
    outer loop
      vertex -11.8117 27.9747 33.5232
      vertex -12.6091 27.5638 33.9836
      vertex -12.0718 27.7443 33.6734
    endloop
  endfacet
  facet normal 0.499854 0.000530172 0.86611
    outer loop
      vertex -12.0718 27.7443 33.6734
      vertex -12.6091 27.5638 33.9836
      vertex -12.3747 27.5994 33.8483
    endloop
  endfacet
  facet normal -0.331489 0.923843 0.191387
    outer loop
      vertex -8.07181 27.7443 40.6016
      vertex -12.3747 27.5994 33.8483
      vertex -8.37466 27.5994 40.7765
    endloop
  endfacet
  facet normal -0.331455 0.92386 0.191365
    outer loop
      vertex -12.3747 27.5994 33.8483
      vertex -8.07181 27.7443 40.6016
      vertex -12.0718 27.7443 33.6734
    endloop
  endfacet
  facet normal 0.858618 -0.130521 -0.49572
    outer loop
      vertex -13.4554 29 35.6269
      vertex -9.91262 29.3753 41.6644
      vertex -9.95541 29 41.6891
    endloop
  endfacet
  facet normal 0.858616 -0.130544 -0.495718
    outer loop
      vertex -9.91262 29.3753 41.6644
      vertex -13.4554 29 35.6269
      vertex -13.4126 29.3753 35.6022
    endloop
  endfacet
  facet normal -0.687125 0.608668 0.396715
    outer loop
      vertex -11.8117 27.9747 33.5232
      vertex -7.61217 28.275 40.3362
      vertex -11.6122 28.275 33.408
    endloop
  endfacet
  facet normal -0.687017 0.608837 0.396641
    outer loop
      vertex -7.61217 28.275 40.3362
      vertex -11.8117 27.9747 33.5232
      vertex -7.81173 27.9747 40.4515
    endloop
  endfacet
  facet normal 0.527133 -0.793416 -0.304338
    outer loop
      vertex -13.0876 30.0253 35.4146
      vertex -9.32754 30.2557 41.3266
      vertex -9.58761 30.0253 41.4768
    endloop
  endfacet
  facet normal 0.527105 -0.793442 -0.30432
    outer loop
      vertex -9.32754 30.2557 41.3266
      vertex -13.0876 30.0253 35.4146
      vertex -12.8275 30.2557 35.2644
    endloop
  endfacet
  facet normal 0.858618 0.130521 -0.49572
    outer loop
      vertex -9.91262 28.6247 41.6644
      vertex -13.4554 29 35.6269
      vertex -9.95541 29 41.6891
    endloop
  endfacet
  facet normal 0.858616 0.130544 -0.495718
    outer loop
      vertex -13.4554 29 35.6269
      vertex -9.91262 28.6247 41.6644
      vertex -13.4126 28.6247 35.6022
    endloop
  endfacet
  facet normal -0.113028 -0.991447 0.0652566
    outer loop
      vertex -12.5593 30.45 34.279
      vertex -8.37466 30.4006 40.7765
      vertex -8.69967 30.45 40.9641
    endloop
  endfacet
  facet normal -0.112862 -0.99146 0.0653442
    outer loop
      vertex -12.3747 30.4006 33.8483
      vertex -12.5593 30.45 34.279
      vertex -12.6091 30.4362 33.9836
    endloop
  endfacet
  facet normal -0.113042 -0.991444 0.0652654
    outer loop
      vertex -12.5593 30.45 34.279
      vertex -12.3747 30.4006 33.8483
      vertex -8.37466 30.4006 40.7765
    endloop
  endfacet
  facet normal 0.331484 0.923847 -0.191379
    outer loop
      vertex -9.02468 27.5994 41.1517
      vertex -12.8275 27.7443 35.2644
      vertex -9.32754 27.7443 41.3266
    endloop
  endfacet
  facet normal 0.331563 0.923807 -0.191432
    outer loop
      vertex -12.8275 27.7443 35.2644
      vertex -9.02468 27.5994 41.1517
      vertex -12.5247 27.5994 35.0896
    endloop
  endfacet
  facet normal 0.800111 -0.382666 -0.46194
    outer loop
      vertex -13.4126 29.3753 35.6022
      vertex -9.78717 29.725 41.592
      vertex -9.91262 29.3753 41.6644
    endloop
  endfacet
  facet normal 0.800143 -0.382569 -0.461965
    outer loop
      vertex -9.78717 29.725 41.592
      vertex -13.4126 29.3753 35.6022
      vertex -13.2872 29.725 35.5298
    endloop
  endfacet
  facet normal -0.800107 -0.382666 0.461947
    outer loop
      vertex 12.4319 -28.6247 28.7638
      vertex 8.30641 -28.275 21.908
      vertex 8.43186 -28.6247 21.8356
    endloop
  endfacet
  facet normal -0.800075 -0.382764 0.461922
    outer loop
      vertex 8.30641 -28.275 21.908
      vertex 12.4319 -28.6247 28.7638
      vertex 12.3064 -28.275 28.8362
    endloop
  endfacet
  facet normal -0.85862 -0.130521 0.495718
    outer loop
      vertex 12.4746 -29 28.7391
      vertex 8.43186 -28.6247 21.8356
      vertex 8.47465 -29 21.8109
    endloop
  endfacet
  facet normal -0.858638 -0.130319 0.49574
    outer loop
      vertex 8.43186 -28.6247 21.8356
      vertex 12.4746 -29 28.7391
      vertex 12.4319 -28.6247 28.7638
    endloop
  endfacet
  facet normal -0.687069 -0.608754 0.396679
    outer loop
      vertex 12.3064 -28.275 28.8362
      vertex 8.10685 -27.9747 22.0232
      vertex 8.30641 -28.275 21.908
    endloop
  endfacet
  facet normal -0.687124 -0.608668 0.396716
    outer loop
      vertex 8.10685 -27.9747 22.0232
      vertex 12.3064 -28.275 28.8362
      vertex 12.1069 -27.9747 28.9514
    endloop
  endfacet
  facet normal 0.687031 -0.608812 -0.396657
    outer loop
      vertex 6.13141 -28.275 23.1638
      vertex 10.331 -27.9747 29.9768
      vertex 10.1314 -28.275 30.092
    endloop
  endfacet
  facet normal 0.687067 -0.608754 -0.396682
    outer loop
      vertex 10.331 -27.9747 29.9768
      vertex 6.13141 -28.275 23.1638
      vertex 6.33097 -27.9747 23.0486
    endloop
  endfacet
  facet normal 0.527198 -0.793357 -0.30438
    outer loop
      vertex 6.33097 -27.9747 23.0486
      vertex 10.591 -27.7443 29.8266
      vertex 10.331 -27.9747 29.9768
    endloop
  endfacet
  facet normal 0.527133 -0.793416 -0.304338
    outer loop
      vertex 10.591 -27.7443 29.8266
      vertex 6.33097 -27.9747 23.0486
      vertex 6.59104 -27.7443 22.8984
    endloop
  endfacet
  facet normal -0.331455 0.92386 0.191365
    outer loop
      vertex 11.8468 -30.2557 29.1016
      vertex 7.54392 -30.4006 22.3483
      vertex 11.5439 -30.4006 29.2765
    endloop
  endfacet
  facet normal -0.331482 0.923847 0.191382
    outer loop
      vertex 7.54392 -30.4006 22.3483
      vertex 11.8468 -30.2557 29.1016
      vertex 7.84678 -30.2557 22.1734
    endloop
  endfacet
  facet normal 0.800142 -0.382569 -0.461967
    outer loop
      vertex 6.00596 -28.6247 23.2362
      vertex 10.1314 -28.275 30.092
      vertex 10.006 -28.6247 30.1644
    endloop
  endfacet
  facet normal 0.80011 -0.382666 -0.461943
    outer loop
      vertex 10.1314 -28.275 30.092
      vertex 6.00596 -28.6247 23.2362
      vertex 6.13141 -28.275 23.1638
    endloop
  endfacet
  facet normal -0.527103 -0.793442 0.304324
    outer loop
      vertex 7.84678 -27.7443 22.1734
      vertex 12.1069 -27.9747 28.9514
      vertex 11.8468 -27.7443 29.1016
    endloop
  endfacet
  facet normal -0.52713 -0.793416 0.304343
    outer loop
      vertex 12.1069 -27.9747 28.9514
      vertex 7.84678 -27.7443 22.1734
      vertex 8.10685 -27.9747 22.0232
    endloop
  endfacet
  facet normal -0.113031 -0.991446 0.0652582
    outer loop
      vertex 7.21891 -27.55 22.5359
      vertex 11.5439 -27.5994 29.2765
      vertex 11.2189 -27.55 29.4641
    endloop
  endfacet
  facet normal -0.113028 -0.991447 0.0652566
    outer loop
      vertex 11.5439 -27.5994 29.2765
      vertex 7.21891 -27.55 22.5359
      vertex 7.54392 -27.5994 22.3483
    endloop
  endfacet
  facet normal -0.113031 0.991446 0.0652582
    outer loop
      vertex 11.5439 -30.4006 29.2765
      vertex 7.21891 -30.45 22.5359
      vertex 11.2189 -30.45 29.4641
    endloop
  endfacet
  facet normal -0.113028 0.991447 0.0652566
    outer loop
      vertex 7.21891 -30.45 22.5359
      vertex 11.5439 -30.4006 29.2765
      vertex 7.54392 -30.4006 22.3483
    endloop
  endfacet
  facet normal -0.687069 0.608754 0.396679
    outer loop
      vertex 8.10685 -30.0253 22.0232
      vertex 12.3064 -29.725 28.8362
      vertex 8.30641 -29.725 21.908
    endloop
  endfacet
  facet normal -0.687124 0.608668 0.396716
    outer loop
      vertex 12.3064 -29.725 28.8362
      vertex 8.10685 -30.0253 22.0232
      vertex 12.1069 -30.0253 28.9514
    endloop
  endfacet
  facet normal -0.527103 0.793442 0.304324
    outer loop
      vertex 12.1069 -30.0253 28.9514
      vertex 7.84678 -30.2557 22.1734
      vertex 11.8468 -30.2557 29.1016
    endloop
  endfacet
  facet normal -0.52713 0.793416 0.304343
    outer loop
      vertex 7.84678 -30.2557 22.1734
      vertex 12.1069 -30.0253 28.9514
      vertex 8.10685 -30.0253 22.0232
    endloop
  endfacet
  facet normal 0.687031 0.608812 -0.396657
    outer loop
      vertex 10.331 -30.0253 29.9768
      vertex 6.13141 -29.725 23.1638
      vertex 10.1314 -29.725 30.092
    endloop
  endfacet
  facet normal 0.687067 0.608754 -0.396682
    outer loop
      vertex 6.13141 -29.725 23.1638
      vertex 10.331 -30.0253 29.9768
      vertex 6.33097 -30.0253 23.0486
    endloop
  endfacet
  facet normal -0.85862 0.130521 0.495718
    outer loop
      vertex 8.43186 -29.3753 21.8356
      vertex 12.4746 -29 28.7391
      vertex 8.47465 -29 21.8109
    endloop
  endfacet
  facet normal -0.858638 0.130319 0.49574
    outer loop
      vertex 12.4746 -29 28.7391
      vertex 8.43186 -29.3753 21.8356
      vertex 12.4319 -29.3753 28.7638
    endloop
  endfacet
  facet normal 0.858607 -0.130611 -0.495717
    outer loop
      vertex 5.96317 -29 23.2609
      vertex 10.006 -28.6247 30.1644
      vertex 9.96317 -29 30.1891
    endloop
  endfacet
  facet normal 0.858615 -0.130521 -0.495727
    outer loop
      vertex 10.006 -28.6247 30.1644
      vertex 5.96317 -29 23.2609
      vertex 6.00596 -28.6247 23.2362
    endloop
  endfacet
  facet normal 0.113031 -0.991446 -0.0652583
    outer loop
      vertex 6.8939 -27.5994 22.7235
      vertex 11.2189 -27.55 29.4641
      vertex 10.8939 -27.5994 29.6517
    endloop
  endfacet
  facet normal 0.113028 -0.991447 -0.0652567
    outer loop
      vertex 11.2189 -27.55 29.4641
      vertex 6.8939 -27.5994 22.7235
      vertex 7.21891 -27.55 22.5359
    endloop
  endfacet
  facet normal -0.800107 0.382666 0.461947
    outer loop
      vertex 8.30641 -29.725 21.908
      vertex 12.4319 -29.3753 28.7638
      vertex 8.43186 -29.3753 21.8356
    endloop
  endfacet
  facet normal -0.800075 0.382764 0.461922
    outer loop
      vertex 12.4319 -29.3753 28.7638
      vertex 8.30641 -29.725 21.908
      vertex 12.3064 -29.725 28.8362
    endloop
  endfacet
  facet normal 0.331455 -0.92386 -0.191364
    outer loop
      vertex 6.59104 -27.7443 22.8984
      vertex 10.8939 -27.5994 29.6517
      vertex 10.591 -27.7443 29.8266
    endloop
  endfacet
  facet normal 0.331482 -0.923847 -0.191382
    outer loop
      vertex 10.8939 -27.5994 29.6517
      vertex 6.59104 -27.7443 22.8984
      vertex 6.8939 -27.5994 22.7235
    endloop
  endfacet
  facet normal -0.331455 -0.92386 0.191365
    outer loop
      vertex 7.54392 -27.5994 22.3483
      vertex 11.8468 -27.7443 29.1016
      vertex 11.5439 -27.5994 29.2765
    endloop
  endfacet
  facet normal -0.331482 -0.923847 0.191382
    outer loop
      vertex 11.8468 -27.7443 29.1016
      vertex 7.54392 -27.5994 22.3483
      vertex 7.84678 -27.7443 22.1734
    endloop
  endfacet
  facet normal 0.113031 0.991446 -0.0652583
    outer loop
      vertex 11.2189 -30.45 29.4641
      vertex 6.8939 -30.4006 22.7235
      vertex 10.8939 -30.4006 29.6517
    endloop
  endfacet
  facet normal 0.113028 0.991447 -0.0652567
    outer loop
      vertex 6.8939 -30.4006 22.7235
      vertex 11.2189 -30.45 29.4641
      vertex 7.21891 -30.45 22.5359
    endloop
  endfacet
  facet normal 0.800142 0.382569 -0.461967
    outer loop
      vertex 10.1314 -29.725 30.092
      vertex 6.00596 -29.3753 23.2362
      vertex 10.006 -29.3753 30.1644
    endloop
  endfacet
  facet normal 0.80011 0.382666 -0.461943
    outer loop
      vertex 6.00596 -29.3753 23.2362
      vertex 10.1314 -29.725 30.092
      vertex 6.13141 -29.725 23.1638
    endloop
  endfacet
  facet normal 0.858607 0.130611 -0.495717
    outer loop
      vertex 10.006 -29.3753 30.1644
      vertex 5.96317 -29 23.2609
      vertex 9.96317 -29 30.1891
    endloop
  endfacet
  facet normal 0.858615 0.130521 -0.495727
    outer loop
      vertex 5.96317 -29 23.2609
      vertex 10.006 -29.3753 30.1644
      vertex 6.00596 -29.3753 23.2362
    endloop
  endfacet
  facet normal 0.527198 0.793357 -0.30438
    outer loop
      vertex 10.591 -30.2557 29.8266
      vertex 6.33097 -30.0253 23.0486
      vertex 10.331 -30.0253 29.9768
    endloop
  endfacet
  facet normal 0.527133 0.793416 -0.304338
    outer loop
      vertex 6.33097 -30.0253 23.0486
      vertex 10.591 -30.2557 29.8266
      vertex 6.59104 -30.2557 22.8984
    endloop
  endfacet
  facet normal 0.499999 1.09742e-05 0.866026
    outer loop
      vertex 5.96317 -29 23.2609
      vertex 8.47465 -29 21.8109
      vertex 8.43186 -28.6247 21.8356
    endloop
  endfacet
  facet normal 0.500002 7.15717e-05 0.866024
    outer loop
      vertex 6.00596 -28.6247 23.2362
      vertex 8.43186 -28.6247 21.8356
      vertex 8.30641 -28.275 21.908
    endloop
  endfacet
  facet normal 0.499999 -1.09742e-05 0.866026
    outer loop
      vertex 8.47465 -29 21.8109
      vertex 5.96317 -29 23.2609
      vertex 8.43186 -29.3753 21.8356
    endloop
  endfacet
  facet normal 0.500019 6.29113e-05 0.866015
    outer loop
      vertex 6.13141 -28.275 23.1638
      vertex 8.30641 -28.275 21.908
      vertex 8.10685 -27.9747 22.0232
    endloop
  endfacet
  facet normal 0.500002 1.13613e-05 0.866024
    outer loop
      vertex 6.00596 -29.3753 23.2362
      vertex 8.43186 -29.3753 21.8356
      vertex 5.96317 -29 23.2609
    endloop
  endfacet
  facet normal 0.500035 -0.000129951 0.866005
    outer loop
      vertex 6.33097 -27.9747 23.0486
      vertex 8.10685 -27.9747 22.0232
      vertex 7.84678 -27.7443 22.1734
    endloop
  endfacet
  facet normal 0.500002 -7.15717e-05 0.866024
    outer loop
      vertex 8.43186 -29.3753 21.8356
      vertex 6.00596 -29.3753 23.2362
      vertex 8.30641 -29.725 21.908
    endloop
  endfacet
  facet normal 0.499999 -0.000263801 0.866026
    outer loop
      vertex 6.59104 -27.7443 22.8984
      vertex 7.84678 -27.7443 22.1734
      vertex 7.54392 -27.5994 22.3483
    endloop
  endfacet
  facet normal 0.500019 7.98271e-05 0.866015
    outer loop
      vertex 6.13141 -29.725 23.1638
      vertex 8.30641 -29.725 21.908
      vertex 6.00596 -29.3753 23.2362
    endloop
  endfacet
  facet normal 0.49994 0.00025488 0.86606
    outer loop
      vertex 6.59104 -27.7443 22.8984
      vertex 7.54392 -27.5994 22.3483
      vertex 7.21891 -27.55 22.5359
    endloop
  endfacet
  facet normal 0.500019 -6.29113e-05 0.866015
    outer loop
      vertex 8.30641 -29.725 21.908
      vertex 6.13141 -29.725 23.1638
      vertex 8.10685 -30.0253 22.0232
    endloop
  endfacet
  facet normal 0.499826 0.000746995 0.866126
    outer loop
      vertex 6.59104 -27.7443 22.8984
      vertex 7.21891 -27.55 22.5359
      vertex 6.8939 -27.5994 22.7235
    endloop
  endfacet
  facet normal 0.500035 7.70494e-05 0.866005
    outer loop
      vertex 6.33097 -30.0253 23.0486
      vertex 8.10685 -30.0253 22.0232
      vertex 6.13141 -29.725 23.1638
    endloop
  endfacet
  facet normal 0.499999 0.000183782 0.866026
    outer loop
      vertex 7.84678 -27.7443 22.1734
      vertex 6.59104 -27.7443 22.8984
      vertex 6.33097 -27.9747 23.0486
    endloop
  endfacet
  facet normal 0.500002 -1.13613e-05 0.866024
    outer loop
      vertex 8.43186 -28.6247 21.8356
      vertex 6.00596 -28.6247 23.2362
      vertex 5.96317 -29 23.2609
    endloop
  endfacet
  facet normal 0.500035 -7.70494e-05 0.866005
    outer loop
      vertex 8.10685 -27.9747 22.0232
      vertex 6.33097 -27.9747 23.0486
      vertex 6.13141 -28.275 23.1638
    endloop
  endfacet
  facet normal 0.500035 0.000129951 0.866005
    outer loop
      vertex 8.10685 -30.0253 22.0232
      vertex 6.33097 -30.0253 23.0486
      vertex 7.84678 -30.2557 22.1734
    endloop
  endfacet
  facet normal 0.500019 -7.98271e-05 0.866015
    outer loop
      vertex 8.30641 -28.275 21.908
      vertex 6.13141 -28.275 23.1638
      vertex 6.00596 -28.6247 23.2362
    endloop
  endfacet
  facet normal 0.499999 -0.000183782 0.866026
    outer loop
      vertex 6.59104 -30.2557 22.8984
      vertex 7.84678 -30.2557 22.1734
      vertex 6.33097 -30.0253 23.0486
    endloop
  endfacet
  facet normal 0.49994 -0.00025488 0.86606
    outer loop
      vertex 7.54392 -30.4006 22.3483
      vertex 6.59104 -30.2557 22.8984
      vertex 7.21891 -30.45 22.5359
    endloop
  endfacet
  facet normal 0.499826 -0.000746995 0.866126
    outer loop
      vertex 7.21891 -30.45 22.5359
      vertex 6.59104 -30.2557 22.8984
      vertex 6.8939 -30.4006 22.7235
    endloop
  endfacet
  facet normal 0.499999 0.000263801 0.866026
    outer loop
      vertex 7.84678 -30.2557 22.1734
      vertex 6.59104 -30.2557 22.8984
      vertex 7.54392 -30.4006 22.3483
    endloop
  endfacet
  facet normal 0.331455 0.92386 -0.191364
    outer loop
      vertex 10.8939 -30.4006 29.6517
      vertex 6.59104 -30.2557 22.8984
      vertex 10.591 -30.2557 29.8266
    endloop
  endfacet
  facet normal 0.331482 0.923847 -0.191382
    outer loop
      vertex 6.59104 -30.2557 22.8984
      vertex 10.8939 -30.4006 29.6517
      vertex 6.8939 -30.4006 22.7235
    endloop
  endfacet
  facet normal 0.113031 0.991446 -0.0652583
    outer loop
      vertex 11.2189 27.55 29.4641
      vertex 6.8939 27.5994 22.7235
      vertex 10.8939 27.5994 29.6517
    endloop
  endfacet
  facet normal 0.113028 0.991447 -0.0652567
    outer loop
      vertex 6.8939 27.5994 22.7235
      vertex 11.2189 27.55 29.4641
      vertex 7.21891 27.55 22.5359
    endloop
  endfacet
  facet normal -0.800107 -0.382666 0.461947
    outer loop
      vertex 12.4319 29.3753 28.7638
      vertex 8.30641 29.725 21.908
      vertex 8.43186 29.3753 21.8356
    endloop
  endfacet
  facet normal -0.800075 -0.382764 0.461922
    outer loop
      vertex 8.30641 29.725 21.908
      vertex 12.4319 29.3753 28.7638
      vertex 12.3064 29.725 28.8362
    endloop
  endfacet
  facet normal -0.85862 -0.130521 0.495718
    outer loop
      vertex 12.4746 29 28.7391
      vertex 8.43186 29.3753 21.8356
      vertex 8.47465 29 21.8109
    endloop
  endfacet
  facet normal -0.858638 -0.130319 0.49574
    outer loop
      vertex 8.43186 29.3753 21.8356
      vertex 12.4746 29 28.7391
      vertex 12.4319 29.3753 28.7638
    endloop
  endfacet
  facet normal -0.687069 -0.608754 0.396679
    outer loop
      vertex 12.3064 29.725 28.8362
      vertex 8.10685 30.0253 22.0232
      vertex 8.30641 29.725 21.908
    endloop
  endfacet
  facet normal -0.687124 -0.608668 0.396716
    outer loop
      vertex 8.10685 30.0253 22.0232
      vertex 12.3064 29.725 28.8362
      vertex 12.1069 30.0253 28.9514
    endloop
  endfacet
  facet normal 0.800142 0.382569 -0.461967
    outer loop
      vertex 10.1314 28.275 30.092
      vertex 6.00596 28.6247 23.2362
      vertex 10.006 28.6247 30.1644
    endloop
  endfacet
  facet normal 0.80011 0.382666 -0.461943
    outer loop
      vertex 6.00596 28.6247 23.2362
      vertex 10.1314 28.275 30.092
      vertex 6.13141 28.275 23.1638
    endloop
  endfacet
  facet normal -0.527103 -0.793442 0.304324
    outer loop
      vertex 7.84678 30.2557 22.1734
      vertex 12.1069 30.0253 28.9514
      vertex 11.8468 30.2557 29.1016
    endloop
  endfacet
  facet normal -0.52713 -0.793416 0.304343
    outer loop
      vertex 12.1069 30.0253 28.9514
      vertex 7.84678 30.2557 22.1734
      vertex 8.10685 30.0253 22.0232
    endloop
  endfacet
  facet normal 0.687031 -0.608812 -0.396657
    outer loop
      vertex 6.13141 29.725 23.1638
      vertex 10.331 30.0253 29.9768
      vertex 10.1314 29.725 30.092
    endloop
  endfacet
  facet normal 0.687067 -0.608754 -0.396682
    outer loop
      vertex 10.331 30.0253 29.9768
      vertex 6.13141 29.725 23.1638
      vertex 6.33097 30.0253 23.0486
    endloop
  endfacet
  facet normal -0.527103 0.793442 0.304324
    outer loop
      vertex 12.1069 27.9747 28.9514
      vertex 7.84678 27.7443 22.1734
      vertex 11.8468 27.7443 29.1016
    endloop
  endfacet
  facet normal -0.52713 0.793416 0.304343
    outer loop
      vertex 7.84678 27.7443 22.1734
      vertex 12.1069 27.9747 28.9514
      vertex 8.10685 27.9747 22.0232
    endloop
  endfacet
  facet normal -0.113031 0.991446 0.0652582
    outer loop
      vertex 11.5439 27.5994 29.2765
      vertex 7.21891 27.55 22.5359
      vertex 11.2189 27.55 29.4641
    endloop
  endfacet
  facet normal -0.113028 0.991447 0.0652566
    outer loop
      vertex 7.21891 27.55 22.5359
      vertex 11.5439 27.5994 29.2765
      vertex 7.54392 27.5994 22.3483
    endloop
  endfacet
  facet normal -0.800107 0.382666 0.461947
    outer loop
      vertex 8.30641 28.275 21.908
      vertex 12.4319 28.6247 28.7638
      vertex 8.43186 28.6247 21.8356
    endloop
  endfacet
  facet normal -0.800075 0.382764 0.461922
    outer loop
      vertex 12.4319 28.6247 28.7638
      vertex 8.30641 28.275 21.908
      vertex 12.3064 28.275 28.8362
    endloop
  endfacet
  facet normal -0.85862 0.130521 0.495718
    outer loop
      vertex 8.43186 28.6247 21.8356
      vertex 12.4746 29 28.7391
      vertex 8.47465 29 21.8109
    endloop
  endfacet
  facet normal -0.858638 0.130319 0.49574
    outer loop
      vertex 12.4746 29 28.7391
      vertex 8.43186 28.6247 21.8356
      vertex 12.4319 28.6247 28.7638
    endloop
  endfacet
  facet normal 0.527198 0.793357 -0.30438
    outer loop
      vertex 10.591 27.7443 29.8266
      vertex 6.33097 27.9747 23.0486
      vertex 10.331 27.9747 29.9768
    endloop
  endfacet
  facet normal 0.527133 0.793416 -0.304338
    outer loop
      vertex 6.33097 27.9747 23.0486
      vertex 10.591 27.7443 29.8266
      vertex 6.59104 27.7443 22.8984
    endloop
  endfacet
  facet normal 0.687031 0.608812 -0.396657
    outer loop
      vertex 10.331 27.9747 29.9768
      vertex 6.13141 28.275 23.1638
      vertex 10.1314 28.275 30.092
    endloop
  endfacet
  facet normal 0.687067 0.608754 -0.396682
    outer loop
      vertex 6.13141 28.275 23.1638
      vertex 10.331 27.9747 29.9768
      vertex 6.33097 27.9747 23.0486
    endloop
  endfacet
  facet normal -0.331455 -0.92386 0.191365
    outer loop
      vertex 7.54392 30.4006 22.3483
      vertex 11.8468 30.2557 29.1016
      vertex 11.5439 30.4006 29.2765
    endloop
  endfacet
  facet normal -0.331482 -0.923847 0.191382
    outer loop
      vertex 11.8468 30.2557 29.1016
      vertex 7.54392 30.4006 22.3483
      vertex 7.84678 30.2557 22.1734
    endloop
  endfacet
  facet normal 0.113031 -0.991446 -0.0652583
    outer loop
      vertex 6.8939 30.4006 22.7235
      vertex 11.2189 30.45 29.4641
      vertex 10.8939 30.4006 29.6517
    endloop
  endfacet
  facet normal 0.113028 -0.991447 -0.0652567
    outer loop
      vertex 11.2189 30.45 29.4641
      vertex 6.8939 30.4006 22.7235
      vertex 7.21891 30.45 22.5359
    endloop
  endfacet
  facet normal 0.499999 1.09742e-05 0.866026
    outer loop
      vertex 5.96317 29 23.2609
      vertex 8.47465 29 21.8109
      vertex 8.43186 29.3753 21.8356
    endloop
  endfacet
  facet normal 0.500002 7.15717e-05 0.866024
    outer loop
      vertex 6.00596 29.3753 23.2362
      vertex 8.43186 29.3753 21.8356
      vertex 8.30641 29.725 21.908
    endloop
  endfacet
  facet normal 0.499999 -1.09742e-05 0.866026
    outer loop
      vertex 8.47465 29 21.8109
      vertex 5.96317 29 23.2609
      vertex 8.43186 28.6247 21.8356
    endloop
  endfacet
  facet normal 0.500019 6.29113e-05 0.866015
    outer loop
      vertex 6.13141 29.725 23.1638
      vertex 8.30641 29.725 21.908
      vertex 8.10685 30.0253 22.0232
    endloop
  endfacet
  facet normal 0.500002 1.13613e-05 0.866024
    outer loop
      vertex 6.00596 28.6247 23.2362
      vertex 8.43186 28.6247 21.8356
      vertex 5.96317 29 23.2609
    endloop
  endfacet
  facet normal 0.500035 -0.000129951 0.866005
    outer loop
      vertex 6.33097 30.0253 23.0486
      vertex 8.10685 30.0253 22.0232
      vertex 7.84678 30.2557 22.1734
    endloop
  endfacet
  facet normal 0.500002 -7.15717e-05 0.866024
    outer loop
      vertex 8.43186 28.6247 21.8356
      vertex 6.00596 28.6247 23.2362
      vertex 8.30641 28.275 21.908
    endloop
  endfacet
  facet normal 0.499999 -0.000263801 0.866026
    outer loop
      vertex 6.59104 30.2557 22.8984
      vertex 7.84678 30.2557 22.1734
      vertex 7.54392 30.4006 22.3483
    endloop
  endfacet
  facet normal 0.500019 7.98271e-05 0.866015
    outer loop
      vertex 6.13141 28.275 23.1638
      vertex 8.30641 28.275 21.908
      vertex 6.00596 28.6247 23.2362
    endloop
  endfacet
  facet normal 0.49994 0.00025488 0.86606
    outer loop
      vertex 6.59104 30.2557 22.8984
      vertex 7.54392 30.4006 22.3483
      vertex 7.21891 30.45 22.5359
    endloop
  endfacet
  facet normal 0.500019 -6.29113e-05 0.866015
    outer loop
      vertex 8.30641 28.275 21.908
      vertex 6.13141 28.275 23.1638
      vertex 8.10685 27.9747 22.0232
    endloop
  endfacet
  facet normal 0.499826 0.000746995 0.866126
    outer loop
      vertex 6.59104 30.2557 22.8984
      vertex 7.21891 30.45 22.5359
      vertex 6.8939 30.4006 22.7235
    endloop
  endfacet
  facet normal 0.500035 7.70494e-05 0.866005
    outer loop
      vertex 6.33097 27.9747 23.0486
      vertex 8.10685 27.9747 22.0232
      vertex 6.13141 28.275 23.1638
    endloop
  endfacet
  facet normal 0.499999 0.000183782 0.866026
    outer loop
      vertex 7.84678 30.2557 22.1734
      vertex 6.59104 30.2557 22.8984
      vertex 6.33097 30.0253 23.0486
    endloop
  endfacet
  facet normal 0.500002 -1.13613e-05 0.866024
    outer loop
      vertex 8.43186 29.3753 21.8356
      vertex 6.00596 29.3753 23.2362
      vertex 5.96317 29 23.2609
    endloop
  endfacet
  facet normal 0.500035 -7.70494e-05 0.866005
    outer loop
      vertex 8.10685 30.0253 22.0232
      vertex 6.33097 30.0253 23.0486
      vertex 6.13141 29.725 23.1638
    endloop
  endfacet
  facet normal 0.500035 0.000129951 0.866005
    outer loop
      vertex 8.10685 27.9747 22.0232
      vertex 6.33097 27.9747 23.0486
      vertex 7.84678 27.7443 22.1734
    endloop
  endfacet
  facet normal 0.500019 -7.98271e-05 0.866015
    outer loop
      vertex 8.30641 29.725 21.908
      vertex 6.13141 29.725 23.1638
      vertex 6.00596 29.3753 23.2362
    endloop
  endfacet
  facet normal 0.499999 -0.000183782 0.866026
    outer loop
      vertex 6.59104 27.7443 22.8984
      vertex 7.84678 27.7443 22.1734
      vertex 6.33097 27.9747 23.0486
    endloop
  endfacet
  facet normal 0.49994 -0.00025488 0.86606
    outer loop
      vertex 7.54392 27.5994 22.3483
      vertex 6.59104 27.7443 22.8984
      vertex 7.21891 27.55 22.5359
    endloop
  endfacet
  facet normal 0.499826 -0.000746995 0.866126
    outer loop
      vertex 7.21891 27.55 22.5359
      vertex 6.59104 27.7443 22.8984
      vertex 6.8939 27.5994 22.7235
    endloop
  endfacet
  facet normal 0.499999 0.000263801 0.866026
    outer loop
      vertex 7.84678 27.7443 22.1734
      vertex 6.59104 27.7443 22.8984
      vertex 7.54392 27.5994 22.3483
    endloop
  endfacet
  facet normal -0.331455 0.92386 0.191365
    outer loop
      vertex 11.8468 27.7443 29.1016
      vertex 7.54392 27.5994 22.3483
      vertex 11.5439 27.5994 29.2765
    endloop
  endfacet
  facet normal -0.331482 0.923847 0.191382
    outer loop
      vertex 7.54392 27.5994 22.3483
      vertex 11.8468 27.7443 29.1016
      vertex 7.84678 27.7443 22.1734
    endloop
  endfacet
  facet normal 0.858607 -0.130611 -0.495717
    outer loop
      vertex 5.96317 29 23.2609
      vertex 10.006 29.3753 30.1644
      vertex 9.96317 29 30.1891
    endloop
  endfacet
  facet normal 0.858615 -0.130521 -0.495727
    outer loop
      vertex 10.006 29.3753 30.1644
      vertex 5.96317 29 23.2609
      vertex 6.00596 29.3753 23.2362
    endloop
  endfacet
  facet normal -0.687069 0.608754 0.396679
    outer loop
      vertex 8.10685 27.9747 22.0232
      vertex 12.3064 28.275 28.8362
      vertex 8.30641 28.275 21.908
    endloop
  endfacet
  facet normal -0.687124 0.608668 0.396716
    outer loop
      vertex 12.3064 28.275 28.8362
      vertex 8.10685 27.9747 22.0232
      vertex 12.1069 27.9747 28.9514
    endloop
  endfacet
  facet normal 0.527198 -0.793357 -0.30438
    outer loop
      vertex 6.33097 30.0253 23.0486
      vertex 10.591 30.2557 29.8266
      vertex 10.331 30.0253 29.9768
    endloop
  endfacet
  facet normal 0.527133 -0.793416 -0.304338
    outer loop
      vertex 10.591 30.2557 29.8266
      vertex 6.33097 30.0253 23.0486
      vertex 6.59104 30.2557 22.8984
    endloop
  endfacet
  facet normal 0.331455 -0.92386 -0.191364
    outer loop
      vertex 6.59104 30.2557 22.8984
      vertex 10.8939 30.4006 29.6517
      vertex 10.591 30.2557 29.8266
    endloop
  endfacet
  facet normal 0.331482 -0.923847 -0.191382
    outer loop
      vertex 10.8939 30.4006 29.6517
      vertex 6.59104 30.2557 22.8984
      vertex 6.8939 30.4006 22.7235
    endloop
  endfacet
  facet normal 0.858607 0.130611 -0.495717
    outer loop
      vertex 10.006 28.6247 30.1644
      vertex 5.96317 29 23.2609
      vertex 9.96317 29 30.1891
    endloop
  endfacet
  facet normal 0.858615 0.130521 -0.495727
    outer loop
      vertex 5.96317 29 23.2609
      vertex 10.006 28.6247 30.1644
      vertex 6.00596 28.6247 23.2362
    endloop
  endfacet
  facet normal -0.113031 -0.991446 0.0652582
    outer loop
      vertex 7.21891 30.45 22.5359
      vertex 11.5439 30.4006 29.2765
      vertex 11.2189 30.45 29.4641
    endloop
  endfacet
  facet normal -0.113028 -0.991447 0.0652566
    outer loop
      vertex 11.5439 30.4006 29.2765
      vertex 7.21891 30.45 22.5359
      vertex 7.54392 30.4006 22.3483
    endloop
  endfacet
  facet normal 0.331455 0.92386 -0.191364
    outer loop
      vertex 10.8939 27.5994 29.6517
      vertex 6.59104 27.7443 22.8984
      vertex 10.591 27.7443 29.8266
    endloop
  endfacet
  facet normal 0.331482 0.923847 -0.191382
    outer loop
      vertex 6.59104 27.7443 22.8984
      vertex 10.8939 27.5994 29.6517
      vertex 6.8939 27.5994 22.7235
    endloop
  endfacet
  facet normal 0.800142 -0.382569 -0.461967
    outer loop
      vertex 6.00596 29.3753 23.2362
      vertex 10.1314 29.725 30.092
      vertex 10.006 29.3753 30.1644
    endloop
  endfacet
  facet normal 0.80011 -0.382666 -0.461943
    outer loop
      vertex 10.1314 29.725 30.092
      vertex 6.00596 29.3753 23.2362
      vertex 6.13141 29.725 23.1638
    endloop
  endfacet
  facet normal -1 0 0
    outer loop
      vertex 12.8 -12.8 -10
      vertex 12.8 20 -6.5
      vertex 12.8 20 -10
    endloop
  endfacet
  facet normal -1 -0 0
    outer loop
      vertex 12.8 20 -6.5
      vertex 12.8 -12.8 -10
      vertex 12.8 -12.8 -6.5
    endloop
  endfacet
  facet normal 0 0 -1
    outer loop
      vertex 12.8 -12.8 -6.5
      vertex 10.8 -10.8 -6.5
      vertex 12.8 20 -6.5
    endloop
  endfacet
  facet normal 0 0 -1
    outer loop
      vertex 12.8 -12.8 -6.5
      vertex -10.8 -10.8 -6.5
      vertex 10.8 -10.8 -6.5
    endloop
  endfacet
  facet normal 0 0 -1
    outer loop
      vertex -12.8 -12.8 -6.5
      vertex -10.8 -10.8 -6.5
      vertex 12.8 -12.8 -6.5
    endloop
  endfacet
  facet normal 0 0 -1
    outer loop
      vertex -12.8 14 -6.5
      vertex -10.8 -10.8 -6.5
      vertex -12.8 -12.8 -6.5
    endloop
  endfacet
  facet normal 0 0 -1
    outer loop
      vertex -10.8 -10.8 -6.5
      vertex -12.8 14 -6.5
      vertex -10.8 14 -6.5
    endloop
  endfacet
  facet normal -0 0 -1
    outer loop
      vertex 12.8 20 -6.5
      vertex 10.8 -10.8 -6.5
      vertex 10.8 20 -6.5
    endloop
  endfacet
  facet normal 0 0 1
    outer loop
      vertex -10.8 14 -10
      vertex -12.8 14 -10
      vertex -10.8 -9 -10
    endloop
  endfacet
  facet normal 0 0 1
    outer loop
      vertex 10.8 -9 -10
      vertex 12.8 20 -10
      vertex 10.8 20 -10
    endloop
  endfacet
  facet normal 0 0 1
    outer loop
      vertex 12.8 20 -10
      vertex 10.8 -9 -10
      vertex 12.8 -12.8 -10
    endloop
  endfacet
  facet normal -0 0 1
    outer loop
      vertex -10.8 -9 -10
      vertex 12.8 -12.8 -10
      vertex 10.8 -9 -10
    endloop
  endfacet
  facet normal 0 0 1
    outer loop
      vertex -10.8 -9 -10
      vertex -12.8 -12.8 -10
      vertex 12.8 -12.8 -10
    endloop
  endfacet
  facet normal 0 0 1
    outer loop
      vertex -12.8 -12.8 -10
      vertex -10.8 -9 -10
      vertex -12.8 14 -10
    endloop
  endfacet
  facet normal 1 -0 0
    outer loop
      vertex -12.8 -12.8 -6.5
      vertex -12.8 14 -10
      vertex -12.8 14 -6.5
    endloop
  endfacet
  facet normal 1 0 0
    outer loop
      vertex -12.8 14 -10
      vertex -12.8 -12.8 -6.5
      vertex -12.8 -12.8 -10
    endloop
  endfacet
  facet normal 0 1 -0
    outer loop
      vertex 12.8 -12.8 -10
      vertex -12.8 -12.8 -6.5
      vertex 12.8 -12.8 -6.5
    endloop
  endfacet
  facet normal 0 1 0
    outer loop
      vertex -12.8 -12.8 -6.5
      vertex 12.8 -12.8 -10
      vertex -12.8 -12.8 -10
    endloop
  endfacet
  facet normal -1 0 0
    outer loop
      vertex 10.8 -10.8 -6.5
      vertex 10.8 20 -3.5
      vertex 10.8 20 -6.5
    endloop
  endfacet
  facet normal -1 -0 0
    outer loop
      vertex 10.8 20 -3.5
      vertex 10.8 -10.8 -6.5
      vertex 10.8 -10.8 -3.5
    endloop
  endfacet
  facet normal 0 0 -1
    outer loop
      vertex 10.25 -10.8 -3.5
      vertex 10.8 20 -3.5
      vertex 10.8 -10.8 -3.5
    endloop
  endfacet
  facet normal -0 0 -1
    outer loop
      vertex 10.8 20 -3.5
      vertex 10.25 -10.8 -3.5
      vertex 10.25 20 -3.5
    endloop
  endfacet
  facet normal 1 -0 0
    outer loop
      vertex -10.8 -10.8 -4.5
      vertex -10.8 14 -6.5
      vertex -10.8 14 -4.5
    endloop
  endfacet
  facet normal 1 0 0
    outer loop
      vertex -10.8 14 -6.5
      vertex -10.8 -10.8 -4.5
      vertex -10.8 -10.8 -6.5
    endloop
  endfacet
  facet normal 0 1 0
    outer loop
      vertex 10.8 -10.8 -3.5
      vertex 10.25 -10.8 -4.5
      vertex 10.25 -10.8 -3.5
    endloop
  endfacet
  facet normal 0 1 -0
    outer loop
      vertex 10.8 -10.8 -6.5
      vertex 10.25 -10.8 -4.5
      vertex 10.8 -10.8 -3.5
    endloop
  endfacet
  facet normal 0 1 0
    outer loop
      vertex -10.8 -10.8 -6.5
      vertex 10.25 -10.8 -4.5
      vertex 10.8 -10.8 -6.5
    endloop
  endfacet
  facet normal 0 1 0
    outer loop
      vertex 10.25 -10.8 -4.5
      vertex -10.8 -10.8 -6.5
      vertex -10.8 -10.8 -4.5
    endloop
  endfacet
  facet normal -1 0 0
    outer loop
      vertex 10.8 -9 -12
      vertex 10.8 20 -10
      vertex 10.8 20 -12
    endloop
  endfacet
  facet normal -1 -0 0
    outer loop
      vertex 10.8 20 -10
      vertex 10.8 -9 -12
      vertex 10.8 -9 -10
    endloop
  endfacet
  facet normal 1 -0 0
    outer loop
      vertex -10.8 -9 -10
      vertex -10.8 14 -12
      vertex -10.8 14 -10
    endloop
  endfacet
  facet normal 1 0 0
    outer loop
      vertex -10.8 14 -12
      vertex -10.8 -9 -10
      vertex -10.8 -9 -12
    endloop
  endfacet
  facet normal 0 1 -0
    outer loop
      vertex 10.8 -9 -12
      vertex -10.8 -9 -10
      vertex 10.8 -9 -10
    endloop
  endfacet
  facet normal 0 1 0
    outer loop
      vertex -10.8 -9 -10
      vertex 10.8 -9 -12
      vertex -10.8 -9 -12
    endloop
  endfacet
endsolid OpenSCAD_Model
