solid OpenSCAD_Model
  facet normal 0.500013 -4.42315e-05 0.866018
    outer loop
      vertex -31.9891 27.3333 50.9462
      vertex -10.4317 35 38.5
      vertex -31.749 27.8519 50.8076
    endloop
  endfacet
  facet normal 0.500003 1.48034e-05 0.866024
    outer loop
      vertex -10.4317 -35 38.5
      vertex -31.6012 -28.4147 50.7222
      vertex -31.5513 -29 50.6934
    endloop
  endfacet
  facet normal 0.50003 -0.000107868 0.866008
    outer loop
      vertex -32.3122 26.8787 51.1327
      vertex -10.4317 35 38.5
      vertex -31.9891 27.3333 50.9462
    endloop
  endfacet
  facet normal 0.499973 -0.000113521 0.866041
    outer loop
      vertex -10.4317 -35 38.5
      vertex -31.749 -27.8519 50.8076
      vertex -31.6012 -28.4147 50.7222
    endloop
  endfacet
  facet normal 0.500002 -9.82466e-06 0.866024
    outer loop
      vertex -32.7059 26.5056 51.36
      vertex -10.4317 35 38.5
      vertex -32.3122 26.8787 51.1327
    endloop
  endfacet
  facet normal 0.500013 4.42315e-05 0.866018
    outer loop
      vertex -10.4317 -35 38.5
      vertex -31.9891 -27.3333 50.9462
      vertex -31.749 -27.8519 50.8076
    endloop
  endfacet
  facet normal 0.5 0 0.866026
    outer loop
      vertex -10.4317 35 38.5
      vertex -32.7059 26.5056 51.36
      vertex -10.4317 -35 38.5
    endloop
  endfacet
  facet normal 0.50003 0.000107868 0.866008
    outer loop
      vertex -10.4317 -35 38.5
      vertex -32.3122 -26.8787 51.1327
      vertex -31.9891 -27.3333 50.9462
    endloop
  endfacet
  facet normal 0.5 -0 0.866026
    outer loop
      vertex -32.7059 -26.5056 51.36
      vertex -10.4317 -35 38.5
      vertex -32.7059 26.5056 51.36
    endloop
  endfacet
  facet normal 0.500002 9.82466e-06 0.866024
    outer loop
      vertex -10.4317 -35 38.5
      vertex -32.7059 -26.5056 51.36
      vertex -32.3122 -26.8787 51.1327
    endloop
  endfacet
  facet normal 0.500078 0 0.86598
    outer loop
      vertex -33.1551 26.2284 51.6194
      vertex -32.7059 -26.5056 51.36
      vertex -32.7059 26.5056 51.36
    endloop
  endfacet
  facet normal 0.500078 0 0.86598
    outer loop
      vertex -33.1551 26.2284 51.6194
      vertex -33.1551 -26.2284 51.6194
      vertex -32.7059 -26.5056 51.36
    endloop
  endfacet
  facet normal 0.499866 0 0.866103
    outer loop
      vertex -33.6425 26.0576 51.9007
      vertex -33.1551 -26.2284 51.6194
      vertex -33.1551 26.2284 51.6194
    endloop
  endfacet
  facet normal 0.499866 0 0.866103
    outer loop
      vertex -33.6425 26.0576 51.9007
      vertex -33.6425 -26.0576 51.9007
      vertex -33.1551 -26.2284 51.6194
    endloop
  endfacet
  facet normal 0.500127 0 0.865952
    outer loop
      vertex -34.1493 26 52.1934
      vertex -33.6425 -26.0576 51.9007
      vertex -33.6425 26.0576 51.9007
    endloop
  endfacet
  facet normal 0.500127 0 0.865952
    outer loop
      vertex -34.1493 26 52.1934
      vertex -34.1493 -26 52.1934
      vertex -33.6425 -26.0576 51.9007
    endloop
  endfacet
  facet normal 0.499925 0 0.866069
    outer loop
      vertex -34.6562 26.0576 52.486
      vertex -34.1493 -26 52.1934
      vertex -34.1493 26 52.1934
    endloop
  endfacet
  facet normal 0.499925 0 0.866069
    outer loop
      vertex -34.6562 26.0576 52.486
      vertex -34.6562 -26.0576 52.486
      vertex -34.1493 -26 52.1934
    endloop
  endfacet
  facet normal 0.499999 0 0.866026
    outer loop
      vertex -35.1436 26.2284 52.7674
      vertex -34.6562 -26.0576 52.486
      vertex -34.6562 26.0576 52.486
    endloop
  endfacet
  facet normal 0.499999 0 0.866026
    outer loop
      vertex -35.1436 26.2284 52.7674
      vertex -35.1436 -26.2284 52.7674
      vertex -34.6562 -26.0576 52.486
    endloop
  endfacet
  facet normal 0.499934 0 0.866064
    outer loop
      vertex -35.5928 26.5056 53.0267
      vertex -35.1436 -26.2284 52.7674
      vertex -35.1436 26.2284 52.7674
    endloop
  endfacet
  facet normal 0.499934 0 0.866064
    outer loop
      vertex -35.5928 26.5056 53.0267
      vertex -35.5928 -26.5056 53.0267
      vertex -35.1436 -26.2284 52.7674
    endloop
  endfacet
  facet normal 0.499995 0 0.866028
    outer loop
      vertex -35.9865 26.8787 53.254
      vertex -35.5928 -26.5056 53.0267
      vertex -35.5928 26.5056 53.0267
    endloop
  endfacet
  facet normal 0.499995 0 0.866028
    outer loop
      vertex -35.9865 26.8787 53.254
      vertex -35.9865 -26.8787 53.254
      vertex -35.5928 -26.5056 53.0267
    endloop
  endfacet
  facet normal 0.500117 0 0.865958
    outer loop
      vertex -36.3096 27.3333 53.4406
      vertex -35.9865 -26.8787 53.254
      vertex -35.9865 26.8787 53.254
    endloop
  endfacet
  facet normal 0.500117 0 0.865958
    outer loop
      vertex -36.3096 27.3333 53.4406
      vertex -36.3096 -27.3333 53.4406
      vertex -35.9865 -26.8787 53.254
    endloop
  endfacet
  facet normal 0.499941 0 0.866059
    outer loop
      vertex -36.5497 27.8519 53.5792
      vertex -36.3096 -27.3333 53.4406
      vertex -36.3096 27.3333 53.4406
    endloop
  endfacet
  facet normal 0.499941 0 0.866059
    outer loop
      vertex -36.5497 27.8519 53.5792
      vertex -36.5497 -27.8519 53.5792
      vertex -36.3096 -27.3333 53.4406
    endloop
  endfacet
  facet normal 0.500297 0 0.865854
    outer loop
      vertex -36.6975 28.4147 53.6646
      vertex -36.5497 -27.8519 53.5792
      vertex -36.5497 27.8519 53.5792
    endloop
  endfacet
  facet normal 0.500297 0 0.865854
    outer loop
      vertex -36.6975 28.4147 53.6646
      vertex -36.6975 -28.4147 53.6646
      vertex -36.5497 -27.8519 53.5792
    endloop
  endfacet
  facet normal 0.499873 0 0.866099
    outer loop
      vertex -36.7474 29 53.6934
      vertex -36.6975 -28.4147 53.6646
      vertex -36.6975 28.4147 53.6646
    endloop
  endfacet
  facet normal 0.499873 0 0.866099
    outer loop
      vertex -36.6975 -28.4147 53.6646
      vertex -36.7474 29 53.6934
      vertex -36.7474 -29 53.6934
    endloop
  endfacet
  facet normal 0.500003 -1.48034e-05 0.866024
    outer loop
      vertex -31.6012 28.4147 50.7222
      vertex -10.4317 35 38.5
      vertex -31.5513 29 50.6934
    endloop
  endfacet
  facet normal 0.499997 1.41033e-05 0.866027
    outer loop
      vertex -10.4317 35 38.5
      vertex -31.6012 29.5853 50.7222
      vertex -31.5513 29 50.6934
    endloop
  endfacet
  facet normal 0.500018 -9.76991e-05 0.866015
    outer loop
      vertex -10.4317 35 38.5
      vertex -31.749 30.148 50.8076
      vertex -31.6012 29.5853 50.7222
    endloop
  endfacet
  facet normal 0.499996 3.37972e-05 0.866028
    outer loop
      vertex -10.4317 35 38.5
      vertex -31.9891 30.6667 50.9462
      vertex -31.749 30.148 50.8076
    endloop
  endfacet
  facet normal 0.49999 7.05284e-05 0.866031
    outer loop
      vertex -10.4317 35 38.5
      vertex -32.3122 31.1213 51.1327
      vertex -31.9891 30.6667 50.9462
    endloop
  endfacet
  facet normal 0.499999 5.03494e-06 0.866026
    outer loop
      vertex -10.4317 35 38.5
      vertex -32.7059 31.4944 51.36
      vertex -32.3122 31.1213 51.1327
    endloop
  endfacet
  facet normal 0.500016 -0.000135838 0.866016
    outer loop
      vertex -10.4317 35 38.5
      vertex -33.1551 31.7716 51.6194
      vertex -32.7059 31.4944 51.36
    endloop
  endfacet
  facet normal 0.500001 3.4019e-06 0.866025
    outer loop
      vertex -37.1804 35 53.9434
      vertex -33.1551 31.7716 51.6194
      vertex -10.4317 35 38.5
    endloop
  endfacet
  facet normal 0.499763 -0.000391738 0.866162
    outer loop
      vertex -33.1551 31.7716 51.6194
      vertex -37.1804 35 53.9434
      vertex -33.6425 31.9424 51.9007
    endloop
  endfacet
  facet normal 0.500143 0.000194942 0.865943
    outer loop
      vertex -33.6425 31.9424 51.9007
      vertex -37.1804 35 53.9434
      vertex -34.1493 32 52.1934
    endloop
  endfacet
  facet normal 0.500011 0 0.866019
    outer loop
      vertex -36.7474 29 53.6934
      vertex -37.1804 35 53.9434
      vertex -36.7474 -29 53.6934
    endloop
  endfacet
  facet normal 0.499936 -7.20629e-06 0.866062
    outer loop
      vertex -36.6975 29.5853 53.6646
      vertex -37.1804 35 53.9434
      vertex -36.7474 29 53.6934
    endloop
  endfacet
  facet normal 0.500221 2.66711e-05 0.865898
    outer loop
      vertex -36.5497 30.148 53.5792
      vertex -37.1804 35 53.9434
      vertex -36.6975 29.5853 53.6646
    endloop
  endfacet
  facet normal 0.499969 -1.70642e-05 0.866043
    outer loop
      vertex -36.3096 30.6667 53.4406
      vertex -37.1804 35 53.9434
      vertex -36.5497 30.148 53.5792
    endloop
  endfacet
  facet normal 0.500098 1.76477e-05 0.865969
    outer loop
      vertex -35.9865 31.1213 53.254
      vertex -37.1804 35 53.9434
      vertex -36.3096 30.6667 53.4406
    endloop
  endfacet
  facet normal 0.500009 -1.90152e-05 0.86602
    outer loop
      vertex -35.5928 31.4944 53.0267
      vertex -37.1804 35 53.9434
      vertex -35.9865 31.1213 53.254
    endloop
  endfacet
  facet normal 0.499957 -5.02746e-05 0.86605
    outer loop
      vertex -35.1436 31.7716 52.7674
      vertex -37.1804 35 53.9434
      vertex -35.5928 31.4944 53.0267
    endloop
  endfacet
  facet normal 0.500002 -1.21155e-05 0.866024
    outer loop
      vertex -34.6562 31.9424 52.486
      vertex -37.1804 35 53.9434
      vertex -35.1436 31.7716 52.7674
    endloop
  endfacet
  facet normal 0.499932 -8.94728e-05 0.866065
    outer loop
      vertex -34.1493 32 52.1934
      vertex -37.1804 35 53.9434
      vertex -34.6562 31.9424 52.486
    endloop
  endfacet
  facet normal 0.499973 0.000113521 0.866041
    outer loop
      vertex -31.749 27.8519 50.8076
      vertex -10.4317 35 38.5
      vertex -31.6012 28.4147 50.7222
    endloop
  endfacet
  facet normal 0.499997 -1.41033e-05 0.866027
    outer loop
      vertex -31.6012 -29.5853 50.7222
      vertex -10.4317 -35 38.5
      vertex -31.5513 -29 50.6934
    endloop
  endfacet
  facet normal 0.500018 9.76991e-05 0.866015
    outer loop
      vertex -31.749 -30.148 50.8076
      vertex -10.4317 -35 38.5
      vertex -31.6012 -29.5853 50.7222
    endloop
  endfacet
  facet normal 0.499996 -3.37972e-05 0.866028
    outer loop
      vertex -31.9891 -30.6667 50.9462
      vertex -10.4317 -35 38.5
      vertex -31.749 -30.148 50.8076
    endloop
  endfacet
  facet normal 0.49999 -7.05284e-05 0.866031
    outer loop
      vertex -32.3122 -31.1213 51.1327
      vertex -10.4317 -35 38.5
      vertex -31.9891 -30.6667 50.9462
    endloop
  endfacet
  facet normal 0.499999 -5.03494e-06 0.866026
    outer loop
      vertex -32.7059 -31.4944 51.36
      vertex -10.4317 -35 38.5
      vertex -32.3122 -31.1213 51.1327
    endloop
  endfacet
  facet normal 0.500016 0.000135838 0.866016
    outer loop
      vertex -33.1551 -31.7716 51.6194
      vertex -10.4317 -35 38.5
      vertex -32.7059 -31.4944 51.36
    endloop
  endfacet
  facet normal 0.499763 0.000391738 0.866162
    outer loop
      vertex -37.1804 -35 53.9434
      vertex -33.1551 -31.7716 51.6194
      vertex -33.6425 -31.9424 51.9007
    endloop
  endfacet
  facet normal 0.500143 -0.000194942 0.865943
    outer loop
      vertex -37.1804 -35 53.9434
      vertex -33.6425 -31.9424 51.9007
      vertex -34.1493 -32 52.1934
    endloop
  endfacet
  facet normal 0.499932 8.94728e-05 0.866065
    outer loop
      vertex -37.1804 -35 53.9434
      vertex -34.1493 -32 52.1934
      vertex -34.6562 -31.9424 52.486
    endloop
  endfacet
  facet normal 0.500001 -3.4019e-06 0.866025
    outer loop
      vertex -33.1551 -31.7716 51.6194
      vertex -37.1804 -35 53.9434
      vertex -10.4317 -35 38.5
    endloop
  endfacet
  facet normal 0.500002 1.21155e-05 0.866024
    outer loop
      vertex -35.1436 -31.7716 52.7674
      vertex -37.1804 -35 53.9434
      vertex -34.6562 -31.9424 52.486
    endloop
  endfacet
  facet normal 0.499957 5.02746e-05 0.86605
    outer loop
      vertex -35.5928 -31.4944 53.0267
      vertex -37.1804 -35 53.9434
      vertex -35.1436 -31.7716 52.7674
    endloop
  endfacet
  facet normal 0.500009 1.90152e-05 0.86602
    outer loop
      vertex -35.9865 -31.1213 53.254
      vertex -37.1804 -35 53.9434
      vertex -35.5928 -31.4944 53.0267
    endloop
  endfacet
  facet normal 0.500098 -1.76477e-05 0.865969
    outer loop
      vertex -36.3096 -30.6667 53.4406
      vertex -37.1804 -35 53.9434
      vertex -35.9865 -31.1213 53.254
    endloop
  endfacet
  facet normal 0.499969 1.70642e-05 0.866043
    outer loop
      vertex -36.5497 -30.148 53.5792
      vertex -37.1804 -35 53.9434
      vertex -36.3096 -30.6667 53.4406
    endloop
  endfacet
  facet normal 0.500221 -2.66711e-05 0.865898
    outer loop
      vertex -36.6975 -29.5853 53.6646
      vertex -37.1804 -35 53.9434
      vertex -36.5497 -30.148 53.5792
    endloop
  endfacet
  facet normal 0.499936 7.20629e-06 0.866062
    outer loop
      vertex -36.7474 -29 53.6934
      vertex -37.1804 -35 53.9434
      vertex -36.6975 -29.5853 53.6646
    endloop
  endfacet
  facet normal 0.500011 -0 0.866019
    outer loop
      vertex -37.1804 -35 53.9434
      vertex -36.7474 -29 53.6934
      vertex -37.1804 35 53.9434
    endloop
  endfacet
  facet normal -0.500032 -0.00014074 -0.866007
    outer loop
      vertex -35.2614 -27.9747 48.2166
      vertex -12.4317 -35 35.0359
      vertex -35.0618 -28.275 48.1014
    endloop
  endfacet
  facet normal -0.500006 2.52809e-05 -0.866022
    outer loop
      vertex -12.4317 35 35.0359
      vertex -34.9364 28.6247 48.029
      vertex -34.8936 29 48.0043
    endloop
  endfacet
  facet normal -0.499957 0.000181872 -0.86605
    outer loop
      vertex -35.5215 -27.7443 48.3668
      vertex -12.4317 -35 35.0359
      vertex -35.2614 -27.9747 48.2166
    endloop
  endfacet
  facet normal -0.5 -6.7857e-07 -0.866025
    outer loop
      vertex -12.4317 35 35.0359
      vertex -35.0618 28.275 48.1014
      vertex -34.9364 28.6247 48.029
    endloop
  endfacet
  facet normal -0.5 0 -0.866025
    outer loop
      vertex -12.4317 -35 35.0359
      vertex -35.5215 -27.7443 48.3668
      vertex -12.4317 35 35.0359
    endloop
  endfacet
  facet normal -0.500032 0.00014074 -0.866007
    outer loop
      vertex -12.4317 35 35.0359
      vertex -35.2614 27.9747 48.2166
      vertex -35.0618 28.275 48.1014
    endloop
  endfacet
  facet normal -0.5 -0 -0.866025
    outer loop
      vertex -35.5215 27.7443 48.3668
      vertex -12.4317 35 35.0359
      vertex -35.5215 -27.7443 48.3668
    endloop
  endfacet
  facet normal -0.499957 -0.000181872 -0.86605
    outer loop
      vertex -12.4317 35 35.0359
      vertex -35.5215 27.7443 48.3668
      vertex -35.2614 27.9747 48.2166
    endloop
  endfacet
  facet normal -0.499954 0 -0.866052
    outer loop
      vertex -35.8243 -27.5994 48.5416
      vertex -35.5215 27.7443 48.3668
      vertex -35.5215 -27.7443 48.3668
    endloop
  endfacet
  facet normal -0.499954 0 -0.866052
    outer loop
      vertex -35.8243 -27.5994 48.5416
      vertex -35.8243 27.5994 48.5416
      vertex -35.5215 27.7443 48.3668
    endloop
  endfacet
  facet normal -0.500122 0 -0.865955
    outer loop
      vertex -36.1493 -27.55 48.7293
      vertex -35.8243 27.5994 48.5416
      vertex -35.8243 -27.5994 48.5416
    endloop
  endfacet
  facet normal -0.500122 0 -0.865955
    outer loop
      vertex -36.1493 -27.55 48.7293
      vertex -36.1493 27.55 48.7293
      vertex -35.8243 27.5994 48.5416
    endloop
  endfacet
  facet normal -0.499807 0 -0.866137
    outer loop
      vertex -36.4744 -27.5994 48.9169
      vertex -36.1493 27.55 48.7293
      vertex -36.1493 -27.55 48.7293
    endloop
  endfacet
  facet normal -0.499807 0 -0.866137
    outer loop
      vertex -36.4744 -27.5994 48.9169
      vertex -36.4744 27.5994 48.9169
      vertex -36.1493 27.55 48.7293
    endloop
  endfacet
  facet normal -0.500168 0 -0.865928
    outer loop
      vertex -36.7772 -27.7443 49.0918
      vertex -36.4744 27.5994 48.9169
      vertex -36.4744 -27.5994 48.9169
    endloop
  endfacet
  facet normal -0.500168 0 -0.865928
    outer loop
      vertex -36.7772 -27.7443 49.0918
      vertex -36.7772 27.7443 49.0918
      vertex -36.4744 27.5994 48.9169
    endloop
  endfacet
  facet normal -0.499828 0 -0.866125
    outer loop
      vertex -37.0373 -27.9747 49.2419
      vertex -36.7772 27.7443 49.0918
      vertex -36.7772 -27.7443 49.0918
    endloop
  endfacet
  facet normal -0.499828 0 -0.866125
    outer loop
      vertex -37.0373 -27.9747 49.2419
      vertex -37.0373 27.9747 49.2419
      vertex -36.7772 27.7443 49.0918
    endloop
  endfacet
  facet normal -0.500061 0 -0.86599
    outer loop
      vertex -37.2368 -28.275 49.3571
      vertex -37.0373 27.9747 49.2419
      vertex -37.0373 -27.9747 49.2419
    endloop
  endfacet
  facet normal -0.500061 0 -0.86599
    outer loop
      vertex -37.2368 -28.275 49.3571
      vertex -37.2368 28.275 49.3571
      vertex -37.0373 27.9747 49.2419
    endloop
  endfacet
  facet normal -0.50022 0 -0.865898
    outer loop
      vertex -37.3623 -28.6247 49.4296
      vertex -37.2368 28.275 49.3571
      vertex -37.2368 -28.275 49.3571
    endloop
  endfacet
  facet normal -0.50022 0 -0.865898
    outer loop
      vertex -37.3623 -28.6247 49.4296
      vertex -37.3623 28.6247 49.4296
      vertex -37.2368 28.275 49.3571
    endloop
  endfacet
  facet normal -0.500119 4.24868e-05 -0.865957
    outer loop
      vertex -39.1804 -35 50.4793
      vertex -37.3623 -28.6247 49.4296
      vertex -37.4051 -29 49.4543
    endloop
  endfacet
  facet normal -0.500007 0 -0.866021
    outer loop
      vertex -37.3623 -28.6247 49.4296
      vertex -39.1804 -35 50.4793
      vertex -37.3623 28.6247 49.4296
    endloop
  endfacet
  facet normal -0.500006 -2.52809e-05 -0.866022
    outer loop
      vertex -34.9364 -28.6247 48.029
      vertex -12.4317 -35 35.0359
      vertex -34.8936 -29 48.0043
    endloop
  endfacet
  facet normal -0.499996 2.37863e-05 -0.866028
    outer loop
      vertex -12.4317 -35 35.0359
      vertex -34.9364 -29.3753 48.029
      vertex -34.8936 -29 48.0043
    endloop
  endfacet
  facet normal -0.5 -5.59493e-07 -0.866025
    outer loop
      vertex -12.4317 -35 35.0359
      vertex -35.0618 -29.725 48.1014
      vertex -34.9364 -29.3753 48.029
    endloop
  endfacet
  facet normal -0.499983 9.77931e-05 -0.866035
    outer loop
      vertex -12.4317 -35 35.0359
      vertex -35.2614 -30.0253 48.2166
      vertex -35.0618 -29.725 48.1014
    endloop
  endfacet
  facet normal -0.500015 -9.52543e-05 -0.866017
    outer loop
      vertex -12.4317 -35 35.0359
      vertex -35.5215 -30.2557 48.3668
      vertex -35.2614 -30.0253 48.2166
    endloop
  endfacet
  facet normal -0.500001 -5.27167e-06 -0.866025
    outer loop
      vertex -39.1804 -35 50.4793
      vertex -35.5215 -30.2557 48.3668
      vertex -12.4317 -35 35.0359
    endloop
  endfacet
  facet normal -0.499923 -8.53076e-05 -0.86607
    outer loop
      vertex -35.5215 -30.2557 48.3668
      vertex -39.1804 -35 50.4793
      vertex -35.8243 -30.4006 48.5416
    endloop
  endfacet
  facet normal -0.500136 0.00012215 -0.865947
    outer loop
      vertex -35.8243 -30.4006 48.5416
      vertex -39.1804 -35 50.4793
      vertex -36.1493 -30.45 48.7293
    endloop
  endfacet
  facet normal -0.500007 -0 -0.866021
    outer loop
      vertex -39.1804 35 50.4793
      vertex -37.3623 28.6247 49.4296
      vertex -39.1804 -35 50.4793
    endloop
  endfacet
  facet normal -0.499963 -1.88489e-05 -0.866047
    outer loop
      vertex -37.3623 -29.3753 49.4296
      vertex -39.1804 -35 50.4793
      vertex -37.4051 -29 49.4543
    endloop
  endfacet
  facet normal -0.500119 4.83421e-05 -0.865957
    outer loop
      vertex -37.2368 -29.725 49.3571
      vertex -39.1804 -35 50.4793
      vertex -37.3623 -29.3753 49.4296
    endloop
  endfacet
  facet normal -0.500046 1.26087e-05 -0.865999
    outer loop
      vertex -37.0373 -30.0253 49.2419
      vertex -39.1804 -35 50.4793
      vertex -37.2368 -29.725 49.3571
    endloop
  endfacet
  facet normal -0.499882 -8.16003e-05 -0.866093
    outer loop
      vertex -36.7772 -30.2557 49.0918
      vertex -39.1804 -35 50.4793
      vertex -37.0373 -30.0253 49.2419
    endloop
  endfacet
  facet normal -0.500136 8.96029e-05 -0.865947
    outer loop
      vertex -36.4744 -30.4006 48.9169
      vertex -39.1804 -35 50.4793
      vertex -36.7772 -30.2557 49.0918
    endloop
  endfacet
  facet normal -0.499825 -0.000154537 -0.866127
    outer loop
      vertex -36.1493 -30.45 48.7293
      vertex -39.1804 -35 50.4793
      vertex -36.4744 -30.4006 48.9169
    endloop
  endfacet
  facet normal -0.5 6.7857e-07 -0.866025
    outer loop
      vertex -35.0618 -28.275 48.1014
      vertex -12.4317 -35 35.0359
      vertex -34.9364 -28.6247 48.029
    endloop
  endfacet
  facet normal -0.499996 -2.37863e-05 -0.866028
    outer loop
      vertex -34.9364 29.3753 48.029
      vertex -12.4317 35 35.0359
      vertex -34.8936 29 48.0043
    endloop
  endfacet
  facet normal -0.5 5.59493e-07 -0.866025
    outer loop
      vertex -35.0618 29.725 48.1014
      vertex -12.4317 35 35.0359
      vertex -34.9364 29.3753 48.029
    endloop
  endfacet
  facet normal -0.499983 -9.77931e-05 -0.866035
    outer loop
      vertex -35.2614 30.0253 48.2166
      vertex -12.4317 35 35.0359
      vertex -35.0618 29.725 48.1014
    endloop
  endfacet
  facet normal -0.500015 9.52543e-05 -0.866017
    outer loop
      vertex -35.5215 30.2557 48.3668
      vertex -12.4317 35 35.0359
      vertex -35.2614 30.0253 48.2166
    endloop
  endfacet
  facet normal -0.499923 8.53076e-05 -0.86607
    outer loop
      vertex -39.1804 35 50.4793
      vertex -35.5215 30.2557 48.3668
      vertex -35.8243 30.4006 48.5416
    endloop
  endfacet
  facet normal -0.500136 -0.00012215 -0.865947
    outer loop
      vertex -39.1804 35 50.4793
      vertex -35.8243 30.4006 48.5416
      vertex -36.1493 30.45 48.7293
    endloop
  endfacet
  facet normal -0.499825 0.000154537 -0.866127
    outer loop
      vertex -39.1804 35 50.4793
      vertex -36.1493 30.45 48.7293
      vertex -36.4744 30.4006 48.9169
    endloop
  endfacet
  facet normal -0.500001 5.27167e-06 -0.866025
    outer loop
      vertex -35.5215 30.2557 48.3668
      vertex -39.1804 35 50.4793
      vertex -12.4317 35 35.0359
    endloop
  endfacet
  facet normal -0.500136 -8.96029e-05 -0.865947
    outer loop
      vertex -36.7772 30.2557 49.0918
      vertex -39.1804 35 50.4793
      vertex -36.4744 30.4006 48.9169
    endloop
  endfacet
  facet normal -0.499882 8.16003e-05 -0.866093
    outer loop
      vertex -37.0373 30.0253 49.2419
      vertex -39.1804 35 50.4793
      vertex -36.7772 30.2557 49.0918
    endloop
  endfacet
  facet normal -0.500046 -1.26087e-05 -0.865999
    outer loop
      vertex -37.2368 29.725 49.3571
      vertex -39.1804 35 50.4793
      vertex -37.0373 30.0253 49.2419
    endloop
  endfacet
  facet normal -0.500119 -4.83421e-05 -0.865957
    outer loop
      vertex -37.3623 29.3753 49.4296
      vertex -39.1804 35 50.4793
      vertex -37.2368 29.725 49.3571
    endloop
  endfacet
  facet normal -0.499963 1.88489e-05 -0.866047
    outer loop
      vertex -37.4051 29 49.4543
      vertex -39.1804 35 50.4793
      vertex -37.3623 29.3753 49.4296
    endloop
  endfacet
  facet normal -0.500119 -4.24868e-05 -0.865957
    outer loop
      vertex -37.3623 28.6247 49.4296
      vertex -39.1804 35 50.4793
      vertex -37.4051 29 49.4543
    endloop
  endfacet
  facet normal -0.866025 0 0.5
    outer loop
      vertex -39.1804 -35 50.4793
      vertex -37.1804 35 53.9434
      vertex -39.1804 35 50.4793
    endloop
  endfacet
  facet normal -0.866025 0 0.5
    outer loop
      vertex -37.1804 35 53.9434
      vertex -39.1804 -35 50.4793
      vertex -37.1804 -35 53.9434
    endloop
  endfacet
  facet normal 0 1 0
    outer loop
      vertex -10.4317 35 38.5
      vertex -39.1804 35 50.4793
      vertex -37.1804 35 53.9434
    endloop
  endfacet
  facet normal 0 1 0
    outer loop
      vertex -10.4317 35 38.5
      vertex -12.4317 35 35.0359
      vertex -39.1804 35 50.4793
    endloop
  endfacet
  facet normal 0 1 -0
    outer loop
      vertex 10.25 35 20.25
      vertex -10.4317 35 38.5
      vertex 14.25 35 24.25
    endloop
  endfacet
  facet normal 0 1 0
    outer loop
      vertex -10.4317 35 38.5
      vertex 10.25 35 20.25
      vertex -12.4317 35 35.0359
    endloop
  endfacet
  facet normal 0 1 0
    outer loop
      vertex 10.25 35 20.25
      vertex 14.25 35 24.25
      vertex 14.25 35 20.25
    endloop
  endfacet
  facet normal 0 1 0
    outer loop
      vertex -12.4317 35 35.0359
      vertex 10.25 35 20.25
      vertex -14.25 35 24.25
    endloop
  endfacet
  facet normal 0 1 0
    outer loop
      vertex -14.25 35 24.25
      vertex 10.25 35 20.25
      vertex -14.25 35 20.25
    endloop
  endfacet
  facet normal 0 -1 0
    outer loop
      vertex -39.1804 -35 50.4793
      vertex -10.4317 -35 38.5
      vertex -37.1804 -35 53.9434
    endloop
  endfacet
  facet normal 0 -1 0
    outer loop
      vertex -12.4317 -35 35.0359
      vertex -10.4317 -35 38.5
      vertex -39.1804 -35 50.4793
    endloop
  endfacet
  facet normal 0 -1 0
    outer loop
      vertex 10.25 -35 20.25
      vertex -12.4317 -35 35.0359
      vertex -14.25 -35 24.25
    endloop
  endfacet
  facet normal 0 -1 0
    outer loop
      vertex -12.4317 -35 35.0359
      vertex 10.25 -35 20.25
      vertex -10.4317 -35 38.5
    endloop
  endfacet
  facet normal 0 -1 0
    outer loop
      vertex 10.25 -35 20.25
      vertex -14.25 -35 24.25
      vertex -14.25 -35 20.25
    endloop
  endfacet
  facet normal 0 -1 0
    outer loop
      vertex -10.4317 -35 38.5
      vertex 10.25 -35 20.25
      vertex 14.25 -35 24.25
    endloop
  endfacet
  facet normal 0 -1 -0
    outer loop
      vertex 14.25 -35 24.25
      vertex 10.25 -35 20.25
      vertex 14.25 -35 20.25
    endloop
  endfacet
  facet normal 0 0 -1
    outer loop
      vertex 10.25 20 20.25
      vertex 14.25 35 20.25
      vertex 14.25 20 20.25
    endloop
  endfacet
  facet normal -0 0 -1
    outer loop
      vertex 14.25 35 20.25
      vertex 10.25 20 20.25
      vertex 10.25 35 20.25
    endloop
  endfacet
  facet normal 0 0 -1
    outer loop
      vertex -14.25 -35 20.25
      vertex 10.25 -20 20.25
      vertex 10.25 -35 20.25
    endloop
  endfacet
  facet normal -0 0 -1
    outer loop
      vertex 10.25 -20 20.25
      vertex -14.25 -35 20.25
      vertex 10.25 20 20.25
    endloop
  endfacet
  facet normal 0 0 -1
    outer loop
      vertex -14.25 35 20.25
      vertex 10.25 20 20.25
      vertex -14.25 -35 20.25
    endloop
  endfacet
  facet normal 0 0 -1
    outer loop
      vertex 10.25 20 20.25
      vertex -14.25 35 20.25
      vertex 10.25 35 20.25
    endloop
  endfacet
  facet normal 0 0 -1
    outer loop
      vertex 10.25 -35 20.25
      vertex 14.25 -20 20.25
      vertex 14.25 -35 20.25
    endloop
  endfacet
  facet normal -0 0 -1
    outer loop
      vertex 14.25 -20 20.25
      vertex 10.25 -35 20.25
      vertex 10.25 -20 20.25
    endloop
  endfacet
  facet normal 0.500007 0 0.866021
    outer loop
      vertex 14.25 35 24.25
      vertex 10.6862 27.8519 26.3076
      vertex 14.25 -35 24.25
    endloop
  endfacet
  facet normal 0.500032 1.80695e-05 0.866007
    outer loop
      vertex 14.25 -35 24.25
      vertex 10.8341 -28.4147 26.2222
      vertex 10.884 -29 26.1934
    endloop
  endfacet
  facet normal 0.500007 -0 0.866021
    outer loop
      vertex 10.6862 -27.8519 26.3076
      vertex 14.25 -35 24.25
      vertex 10.6862 27.8519 26.3076
    endloop
  endfacet
  facet normal 0.499967 -2.69172e-05 0.866045
    outer loop
      vertex 14.25 -35 24.25
      vertex 10.6862 -27.8519 26.3076
      vertex 10.8341 -28.4147 26.2222
    endloop
  endfacet
  facet normal 0.499941 0 0.866059
    outer loop
      vertex 10.4461 27.3333 26.4462
      vertex 10.6862 -27.8519 26.3076
      vertex 10.6862 27.8519 26.3076
    endloop
  endfacet
  facet normal 0.499941 0 0.866059
    outer loop
      vertex 10.4461 27.3333 26.4462
      vertex 10.4461 -27.3333 26.4462
      vertex 10.6862 -27.8519 26.3076
    endloop
  endfacet
  facet normal 0.499916 0 0.866074
    outer loop
      vertex 10.123 26.8787 26.6327
      vertex 10.4461 -27.3333 26.4462
      vertex 10.4461 27.3333 26.4462
    endloop
  endfacet
  facet normal 0.499916 0 0.866074
    outer loop
      vertex 10.123 26.8787 26.6327
      vertex 10.123 -26.8787 26.6327
      vertex 10.4461 -27.3333 26.4462
    endloop
  endfacet
  facet normal 0.500005 0 0.866023
    outer loop
      vertex 9.72931 26.5056 26.86
      vertex 10.123 -26.8787 26.6327
      vertex 10.123 26.8787 26.6327
    endloop
  endfacet
  facet normal 0.500005 0 0.866023
    outer loop
      vertex 9.72931 26.5056 26.86
      vertex 9.72931 -26.5056 26.86
      vertex 10.123 -26.8787 26.6327
    endloop
  endfacet
  facet normal 0.500103 0 0.865966
    outer loop
      vertex 9.28014 26.2284 27.1194
      vertex 9.72931 -26.5056 26.86
      vertex 9.72931 26.5056 26.86
    endloop
  endfacet
  facet normal 0.500103 0 0.865966
    outer loop
      vertex 9.28014 26.2284 27.1194
      vertex 9.28014 -26.2284 27.1194
      vertex 9.72931 -26.5056 26.86
    endloop
  endfacet
  facet normal 0.499881 0 0.866094
    outer loop
      vertex 8.79276 26.0576 27.4007
      vertex 9.28014 -26.2284 27.1194
      vertex 9.28014 26.2284 27.1194
    endloop
  endfacet
  facet normal 0.499881 0 0.866094
    outer loop
      vertex 8.79276 26.0576 27.4007
      vertex 8.79276 -26.0576 27.4007
      vertex 9.28014 -26.2284 27.1194
    endloop
  endfacet
  facet normal 0.500082 0 0.865978
    outer loop
      vertex 8.2859 26 27.6934
      vertex 8.79276 -26.0576 27.4007
      vertex 8.79276 26.0576 27.4007
    endloop
  endfacet
  facet normal 0.500082 0 0.865978
    outer loop
      vertex 8.2859 26 27.6934
      vertex 8.2859 -26 27.6934
      vertex 8.79276 -26.0576 27.4007
    endloop
  endfacet
  facet normal 0.499954 0 0.866052
    outer loop
      vertex 7.77904 26.0576 27.986
      vertex 8.2859 -26 27.6934
      vertex 8.2859 26 27.6934
    endloop
  endfacet
  facet normal 0.499954 0 0.866052
    outer loop
      vertex 7.77904 26.0576 27.986
      vertex 7.77904 -26.0576 27.986
      vertex 8.2859 -26 27.6934
    endloop
  endfacet
  facet normal 0.500015 0 0.866017
    outer loop
      vertex 7.29166 26.2284 28.2674
      vertex 7.77904 -26.0576 27.986
      vertex 7.77904 26.0576 27.986
    endloop
  endfacet
  facet normal 0.500015 0 0.866017
    outer loop
      vertex 7.29166 26.2284 28.2674
      vertex 7.29166 -26.2284 28.2674
      vertex 7.77904 -26.0576 27.986
    endloop
  endfacet
  facet normal 0.499951 0 0.866054
    outer loop
      vertex 6.84248 26.5056 28.5267
      vertex 7.29166 -26.2284 28.2674
      vertex 7.29166 26.2284 28.2674
    endloop
  endfacet
  facet normal 0.499951 0 0.866054
    outer loop
      vertex 6.84248 26.5056 28.5267
      vertex 6.84248 -26.5056 28.5267
      vertex 7.29166 -26.2284 28.2674
    endloop
  endfacet
  facet normal 0.500009 1.87395e-05 0.86602
    outer loop
      vertex -10.4317 35 38.5
      vertex 6.84248 26.5056 28.5267
      vertex 6.44878 26.8787 28.754
    endloop
  endfacet
  facet normal 0.500002 0 0.866024
    outer loop
      vertex 6.84248 26.5056 28.5267
      vertex -10.4317 35 38.5
      vertex 6.84248 -26.5056 28.5267
    endloop
  endfacet
  facet normal 0.499942 -0.000165493 0.866059
    outer loop
      vertex -10.4317 35 38.5
      vertex 6.44878 26.8787 28.754
      vertex 6.12568 27.3333 28.9406
    endloop
  endfacet
  facet normal 0.500002 -0 0.866024
    outer loop
      vertex -10.4317 -35 38.5
      vertex 6.84248 -26.5056 28.5267
      vertex -10.4317 35 38.5
    endloop
  endfacet
  facet normal 0.500011 3.38242e-05 0.866019
    outer loop
      vertex -10.4317 35 38.5
      vertex 6.12568 27.3333 28.9406
      vertex 5.88559 27.8519 29.0792
    endloop
  endfacet
  facet normal 0.500009 -1.87395e-05 0.86602
    outer loop
      vertex 6.84248 -26.5056 28.5267
      vertex -10.4317 -35 38.5
      vertex 6.44878 -26.8787 28.754
    endloop
  endfacet
  facet normal 0.499978 -6.72757e-05 0.866038
    outer loop
      vertex -10.4317 35 38.5
      vertex 5.88559 27.8519 29.0792
      vertex 5.73774 28.4147 29.1646
    endloop
  endfacet
  facet normal 0.499942 0.000165493 0.866059
    outer loop
      vertex 6.44878 -26.8787 28.754
      vertex -10.4317 -35 38.5
      vertex 6.12568 -27.3333 28.9406
    endloop
  endfacet
  facet normal 0.500009 3.25445e-05 0.86602
    outer loop
      vertex -10.4317 35 38.5
      vertex 5.73774 28.4147 29.1646
      vertex 5.68782 29 29.1934
    endloop
  endfacet
  facet normal 0.500011 -3.38242e-05 0.866019
    outer loop
      vertex 6.12568 -27.3333 28.9406
      vertex -10.4317 -35 38.5
      vertex 5.88559 -27.8519 29.0792
    endloop
  endfacet
  facet normal 0.500032 -1.80695e-05 0.866007
    outer loop
      vertex 10.8341 28.4147 26.2222
      vertex 14.25 35 24.25
      vertex 10.884 29 26.1934
    endloop
  endfacet
  facet normal 0.49999 1.33023e-05 0.866031
    outer loop
      vertex 14.25 35 24.25
      vertex 10.8341 29.5853 26.2222
      vertex 10.884 29 26.1934
    endloop
  endfacet
  facet normal 0.500017 -9.37588e-06 0.866016
    outer loop
      vertex 14.25 35 24.25
      vertex 10.6862 30.148 26.3076
      vertex 10.8341 29.5853 26.2222
    endloop
  endfacet
  facet normal 0.499982 2.50255e-05 0.866036
    outer loop
      vertex 14.25 35 24.25
      vertex 10.4461 30.6667 26.4462
      vertex 10.6862 30.148 26.3076
    endloop
  endfacet
  facet normal 0.499964 4.56278e-05 0.866046
    outer loop
      vertex 14.25 35 24.25
      vertex 10.123 31.1213 26.6327
      vertex 10.4461 30.6667 26.4462
    endloop
  endfacet
  facet normal 0.500001 -6.19475e-06 0.866025
    outer loop
      vertex 14.25 35 24.25
      vertex 9.72931 31.4944 26.86
      vertex 10.123 31.1213 26.6327
    endloop
  endfacet
  facet normal 0.500056 -0.000102068 0.865993
    outer loop
      vertex 14.25 35 24.25
      vertex 9.28014 31.7716 27.1194
      vertex 9.72931 31.4944 26.86
    endloop
  endfacet
  facet normal 0.499925 0.000166811 0.866069
    outer loop
      vertex 14.25 35 24.25
      vertex 8.79276 31.9424 27.4007
      vertex 9.28014 31.7716 27.1194
    endloop
  endfacet
  facet normal 0.500068 -0.000172047 0.865986
    outer loop
      vertex 14.25 35 24.25
      vertex 8.2859 32 27.6934
      vertex 8.79276 31.9424 27.4007
    endloop
  endfacet
  facet normal 0.49994 0.000166336 0.86606
    outer loop
      vertex 14.25 35 24.25
      vertex 7.77904 31.9424 27.986
      vertex 8.2859 32 27.6934
    endloop
  endfacet
  facet normal 0.5 -4.00268e-06 0.866025
    outer loop
      vertex -10.4317 35 38.5
      vertex 7.77904 31.9424 27.986
      vertex 14.25 35 24.25
    endloop
  endfacet
  facet normal 0.499978 6.72757e-05 0.866038
    outer loop
      vertex 5.88559 -27.8519 29.0792
      vertex -10.4317 -35 38.5
      vertex 5.73774 -28.4147 29.1646
    endloop
  endfacet
  facet normal 0.499991 -3.05421e-05 0.866031
    outer loop
      vertex 5.73774 29.5853 29.1646
      vertex -10.4317 35 38.5
      vertex 5.68782 29 29.1934
    endloop
  endfacet
  facet normal 0.500013 5.52277e-05 0.866018
    outer loop
      vertex 5.88559 30.148 29.0792
      vertex -10.4317 35 38.5
      vertex 5.73774 29.5853 29.1646
    endloop
  endfacet
  facet normal 0.499995 -2.36979e-05 0.866028
    outer loop
      vertex 6.12568 30.6667 28.9406
      vertex -10.4317 35 38.5
      vertex 5.88559 30.148 29.0792
    endloop
  endfacet
  facet normal 0.500018 9.36115e-05 0.866015
    outer loop
      vertex 6.44878 31.1213 28.754
      vertex -10.4317 35 38.5
      vertex 6.12568 30.6667 28.9406
    endloop
  endfacet
  facet normal 0.500001 -7.42565e-06 0.866025
    outer loop
      vertex 6.84248 31.4944 28.5267
      vertex -10.4317 35 38.5
      vertex 6.44878 31.1213 28.754
    endloop
  endfacet
  facet normal 0.499989 -8.32979e-05 0.866032
    outer loop
      vertex 7.29166 31.7716 28.2674
      vertex -10.4317 35 38.5
      vertex 6.84248 31.4944 28.5267
    endloop
  endfacet
  facet normal 0.500005 3.55617e-05 0.866022
    outer loop
      vertex 7.77904 31.9424 27.986
      vertex -10.4317 35 38.5
      vertex 7.29166 31.7716 28.2674
    endloop
  endfacet
  facet normal 0.499967 2.69172e-05 0.866045
    outer loop
      vertex 10.6862 27.8519 26.3076
      vertex 14.25 35 24.25
      vertex 10.8341 28.4147 26.2222
    endloop
  endfacet
  facet normal 0.49999 -1.33023e-05 0.866031
    outer loop
      vertex 10.8341 -29.5853 26.2222
      vertex 14.25 -35 24.25
      vertex 10.884 -29 26.1934
    endloop
  endfacet
  facet normal 0.500017 9.37588e-06 0.866016
    outer loop
      vertex 10.6862 -30.148 26.3076
      vertex 14.25 -35 24.25
      vertex 10.8341 -29.5853 26.2222
    endloop
  endfacet
  facet normal 0.499982 -2.50255e-05 0.866036
    outer loop
      vertex 10.4461 -30.6667 26.4462
      vertex 14.25 -35 24.25
      vertex 10.6862 -30.148 26.3076
    endloop
  endfacet
  facet normal 0.499964 -4.56278e-05 0.866046
    outer loop
      vertex 10.123 -31.1213 26.6327
      vertex 14.25 -35 24.25
      vertex 10.4461 -30.6667 26.4462
    endloop
  endfacet
  facet normal 0.500001 6.19475e-06 0.866025
    outer loop
      vertex 9.72931 -31.4944 26.86
      vertex 14.25 -35 24.25
      vertex 10.123 -31.1213 26.6327
    endloop
  endfacet
  facet normal 0.500056 0.000102068 0.865993
    outer loop
      vertex 9.28014 -31.7716 27.1194
      vertex 14.25 -35 24.25
      vertex 9.72931 -31.4944 26.86
    endloop
  endfacet
  facet normal 0.499925 -0.000166811 0.866069
    outer loop
      vertex 8.79276 -31.9424 27.4007
      vertex 14.25 -35 24.25
      vertex 9.28014 -31.7716 27.1194
    endloop
  endfacet
  facet normal 0.500068 0.000172047 0.865986
    outer loop
      vertex 8.2859 -32 27.6934
      vertex 14.25 -35 24.25
      vertex 8.79276 -31.9424 27.4007
    endloop
  endfacet
  facet normal 0.49994 -0.000166336 0.86606
    outer loop
      vertex 7.77904 -31.9424 27.986
      vertex 14.25 -35 24.25
      vertex 8.2859 -32 27.6934
    endloop
  endfacet
  facet normal 0.500005 -3.55617e-05 0.866022
    outer loop
      vertex -10.4317 -35 38.5
      vertex 7.77904 -31.9424 27.986
      vertex 7.29166 -31.7716 28.2674
    endloop
  endfacet
  facet normal 0.500009 -3.25445e-05 0.86602
    outer loop
      vertex 5.73774 -28.4147 29.1646
      vertex -10.4317 -35 38.5
      vertex 5.68782 -29 29.1934
    endloop
  endfacet
  facet normal 0.5 4.00268e-06 0.866025
    outer loop
      vertex 7.77904 -31.9424 27.986
      vertex -10.4317 -35 38.5
      vertex 14.25 -35 24.25
    endloop
  endfacet
  facet normal 0.499989 8.32979e-05 0.866032
    outer loop
      vertex 6.84248 -31.4944 28.5267
      vertex -10.4317 -35 38.5
      vertex 7.29166 -31.7716 28.2674
    endloop
  endfacet
  facet normal 0.500001 7.42565e-06 0.866025
    outer loop
      vertex 6.44878 -31.1213 28.754
      vertex -10.4317 -35 38.5
      vertex 6.84248 -31.4944 28.5267
    endloop
  endfacet
  facet normal 0.500018 -9.36115e-05 0.866015
    outer loop
      vertex 6.12568 -30.6667 28.9406
      vertex -10.4317 -35 38.5
      vertex 6.44878 -31.1213 28.754
    endloop
  endfacet
  facet normal 0.499995 2.36979e-05 0.866028
    outer loop
      vertex 5.88559 -30.148 29.0792
      vertex -10.4317 -35 38.5
      vertex 6.12568 -30.6667 28.9406
    endloop
  endfacet
  facet normal 0.500013 -5.52277e-05 0.866018
    outer loop
      vertex 5.73774 -29.5853 29.1646
      vertex -10.4317 -35 38.5
      vertex 5.88559 -30.148 29.0792
    endloop
  endfacet
  facet normal 0.499991 3.05421e-05 0.866031
    outer loop
      vertex 5.68782 -29 29.1934
      vertex -10.4317 -35 38.5
      vertex 5.73774 -29.5853 29.1646
    endloop
  endfacet
  facet normal 1 0 0
    outer loop
      vertex 14.25 35 24.25
      vertex 14.25 20 20.25
      vertex 14.25 35 20.25
    endloop
  endfacet
  facet normal 1 0 0
    outer loop
      vertex 14.25 15.7265 9.64105
      vertex 14.25 20 20.25
      vertex 14.25 15.75 10
    endloop
  endfacet
  facet normal 1 0 0
    outer loop
      vertex 14.25 20 20.25
      vertex 14.25 15.7265 10.3589
      vertex 14.25 15.75 10
    endloop
  endfacet
  facet normal 1 0 0
    outer loop
      vertex 14.25 20 20.25
      vertex 14.25 15.6563 10.7118
      vertex 14.25 15.7265 10.3589
    endloop
  endfacet
  facet normal 1 0 0
    outer loop
      vertex 14.25 20 20.25
      vertex 14.25 15.5407 11.0524
      vertex 14.25 15.6563 10.7118
    endloop
  endfacet
  facet normal 1 0 0
    outer loop
      vertex 14.25 20 20.25
      vertex 14.25 15.3816 11.375
      vertex 14.25 15.5407 11.0524
    endloop
  endfacet
  facet normal 1 0 0
    outer loop
      vertex 14.25 20 20.25
      vertex 14.25 15.1817 11.6741
      vertex 14.25 15.3816 11.375
    endloop
  endfacet
  facet normal 1 0 0
    outer loop
      vertex 14.25 20 20.25
      vertex 14.25 14.9445 11.9445
      vertex 14.25 15.1817 11.6741
    endloop
  endfacet
  facet normal 1 0 0
    outer loop
      vertex 14.25 20 20.25
      vertex 14.25 14.6741 12.1817
      vertex 14.25 14.9445 11.9445
    endloop
  endfacet
  facet normal 1 0 0
    outer loop
      vertex 14.25 20 20.25
      vertex 14.25 14.375 12.3816
      vertex 14.25 14.6741 12.1817
    endloop
  endfacet
  facet normal 1 0 0
    outer loop
      vertex 14.25 20 20.25
      vertex 14.25 14.0524 12.5407
      vertex 14.25 14.375 12.3816
    endloop
  endfacet
  facet normal 1 0 0
    outer loop
      vertex 14.25 20 20.25
      vertex 14.25 13.7118 12.6563
      vertex 14.25 14.0524 12.5407
    endloop
  endfacet
  facet normal 1 0 0
    outer loop
      vertex 14.25 20 20.25
      vertex 14.25 13.3589 12.7265
      vertex 14.25 13.7118 12.6563
    endloop
  endfacet
  facet normal 1 0 0
    outer loop
      vertex 14.25 20 20.25
      vertex 14.25 13 12.75
      vertex 14.25 13.3589 12.7265
    endloop
  endfacet
  facet normal 1 0 0
    outer loop
      vertex 14.25 20 20.25
      vertex 14.25 12.6411 12.7265
      vertex 14.25 13 12.75
    endloop
  endfacet
  facet normal 1 0 0
    outer loop
      vertex 14.25 20 20.25
      vertex 14.25 12.2882 12.6563
      vertex 14.25 12.6411 12.7265
    endloop
  endfacet
  facet normal 1 0 0
    outer loop
      vertex 14.25 20 20.25
      vertex 14.25 11.9476 12.5407
      vertex 14.25 12.2882 12.6563
    endloop
  endfacet
  facet normal 1 0 0
    outer loop
      vertex 14.25 20 20.25
      vertex 14.25 11.625 12.3816
      vertex 14.25 11.9476 12.5407
    endloop
  endfacet
  facet normal 1 0 0
    outer loop
      vertex 14.25 -11.625 12.3816
      vertex 14.25 11.625 12.3816
      vertex 14.25 20 20.25
    endloop
  endfacet
  facet normal 1 0 0
    outer loop
      vertex 14.25 11.625 12.3816
      vertex 14.25 -11.625 12.3816
      vertex 14.25 11.3259 12.1817
    endloop
  endfacet
  facet normal 1 0 0
    outer loop
      vertex 14.25 10.2735 10.3589
      vertex 14.25 -10.25 10
      vertex 14.25 10.25 10
    endloop
  endfacet
  facet normal 1 0 0
    outer loop
      vertex 14.25 -10.2735 10.3589
      vertex 14.25 10.2735 10.3589
      vertex 14.25 10.3437 10.7118
    endloop
  endfacet
  facet normal 1 0 0
    outer loop
      vertex 14.25 -10.3437 10.7118
      vertex 14.25 10.3437 10.7118
      vertex 14.25 10.4593 11.0524
    endloop
  endfacet
  facet normal 1 0 0
    outer loop
      vertex 14.25 -10.4593 11.0524
      vertex 14.25 10.4593 11.0524
      vertex 14.25 10.6184 11.375
    endloop
  endfacet
  facet normal 1 0 0
    outer loop
      vertex 14.25 -10.6184 11.375
      vertex 14.25 10.6184 11.375
      vertex 14.25 10.8183 11.6741
    endloop
  endfacet
  facet normal 1 0 0
    outer loop
      vertex 14.25 -10.8183 11.6741
      vertex 14.25 10.8183 11.6741
      vertex 14.25 11.0555 11.9445
    endloop
  endfacet
  facet normal 1 0 -0
    outer loop
      vertex 14.25 -11.3259 12.1817
      vertex 14.25 11.3259 12.1817
      vertex 14.25 -11.625 12.3816
    endloop
  endfacet
  facet normal 1 0 0
    outer loop
      vertex 14.25 10.2735 10.3589
      vertex 14.25 -10.2735 10.3589
      vertex 14.25 -10.25 10
    endloop
  endfacet
  facet normal 1 0 0
    outer loop
      vertex 14.25 10.3437 10.7118
      vertex 14.25 -10.3437 10.7118
      vertex 14.25 -10.2735 10.3589
    endloop
  endfacet
  facet normal 1 0 0
    outer loop
      vertex 14.25 10.4593 11.0524
      vertex 14.25 -10.4593 11.0524
      vertex 14.25 -10.3437 10.7118
    endloop
  endfacet
  facet normal 1 0 0
    outer loop
      vertex 14.25 10.6184 11.375
      vertex 14.25 -10.6184 11.375
      vertex 14.25 -10.4593 11.0524
    endloop
  endfacet
  facet normal 1 0 0
    outer loop
      vertex 14.25 10.8183 11.6741
      vertex 14.25 -10.8183 11.6741
      vertex 14.25 -10.6184 11.375
    endloop
  endfacet
  facet normal 1 0 0
    outer loop
      vertex 14.25 11.0555 11.9445
      vertex 14.25 -11.0555 11.9445
      vertex 14.25 -10.8183 11.6741
    endloop
  endfacet
  facet normal 1 0 0
    outer loop
      vertex 14.25 11.0555 11.9445
      vertex 14.25 -11.3259 12.1817
      vertex 14.25 -11.0555 11.9445
    endloop
  endfacet
  facet normal 1 0 0
    outer loop
      vertex 14.25 -20 20.25
      vertex 14.25 20 20.25
      vertex 14.25 35 24.25
    endloop
  endfacet
  facet normal 1 0 0
    outer loop
      vertex 14.25 11.3259 12.1817
      vertex 14.25 -11.3259 12.1817
      vertex 14.25 11.0555 11.9445
    endloop
  endfacet
  facet normal 1 0 0
    outer loop
      vertex 14.25 20 20.25
      vertex 14.25 -20 20.25
      vertex 14.25 -11.625 12.3816
    endloop
  endfacet
  facet normal 1 0 0
    outer loop
      vertex 14.25 -11.625 12.3816
      vertex 14.25 -20 20.25
      vertex 14.25 -11.9476 12.5407
    endloop
  endfacet
  facet normal 1 0 0
    outer loop
      vertex 14.25 -11.9476 12.5407
      vertex 14.25 -20 20.25
      vertex 14.25 -12.2882 12.6563
    endloop
  endfacet
  facet normal 1 0 0
    outer loop
      vertex 14.25 -12.2882 12.6563
      vertex 14.25 -20 20.25
      vertex 14.25 -12.6411 12.7265
    endloop
  endfacet
  facet normal 1 0 0
    outer loop
      vertex 14.25 -12.6411 12.7265
      vertex 14.25 -20 20.25
      vertex 14.25 -13 12.75
    endloop
  endfacet
  facet normal 1 0 0
    outer loop
      vertex 14.25 -13 12.75
      vertex 14.25 -20 20.25
      vertex 14.25 -13.3589 12.7265
    endloop
  endfacet
  facet normal 1 0 0
    outer loop
      vertex 14.25 -15.7265 10.3589
      vertex 14.25 -20 20.25
      vertex 14.25 -15.75 10
    endloop
  endfacet
  facet normal 1 0 0
    outer loop
      vertex 14.25 -15.6563 10.7118
      vertex 14.25 -20 20.25
      vertex 14.25 -15.7265 10.3589
    endloop
  endfacet
  facet normal 1 0 0
    outer loop
      vertex 14.25 -15.5407 11.0524
      vertex 14.25 -20 20.25
      vertex 14.25 -15.6563 10.7118
    endloop
  endfacet
  facet normal 1 0 0
    outer loop
      vertex 14.25 -15.3816 11.375
      vertex 14.25 -20 20.25
      vertex 14.25 -15.5407 11.0524
    endloop
  endfacet
  facet normal 1 0 0
    outer loop
      vertex 14.25 -15.1817 11.6741
      vertex 14.25 -20 20.25
      vertex 14.25 -15.3816 11.375
    endloop
  endfacet
  facet normal 1 0 0
    outer loop
      vertex 14.25 -14.9445 11.9445
      vertex 14.25 -20 20.25
      vertex 14.25 -15.1817 11.6741
    endloop
  endfacet
  facet normal 1 0 0
    outer loop
      vertex 14.25 -14.6741 12.1817
      vertex 14.25 -20 20.25
      vertex 14.25 -14.9445 11.9445
    endloop
  endfacet
  facet normal 1 0 0
    outer loop
      vertex 14.25 -14.375 12.3816
      vertex 14.25 -20 20.25
      vertex 14.25 -14.6741 12.1817
    endloop
  endfacet
  facet normal 1 0 0
    outer loop
      vertex 14.25 -14.0524 12.5407
      vertex 14.25 -20 20.25
      vertex 14.25 -14.375 12.3816
    endloop
  endfacet
  facet normal 1 0 0
    outer loop
      vertex 14.25 -13.7118 12.6563
      vertex 14.25 -20 20.25
      vertex 14.25 -14.0524 12.5407
    endloop
  endfacet
  facet normal 1 0 0
    outer loop
      vertex 14.25 -13.3589 12.7265
      vertex 14.25 -20 20.25
      vertex 14.25 -13.7118 12.6563
    endloop
  endfacet
  facet normal 1 -0 0
    outer loop
      vertex 14.25 -35 24.25
      vertex 14.25 -20 20.25
      vertex 14.25 35 24.25
    endloop
  endfacet
  facet normal 1 0 0
    outer loop
      vertex 14.25 -20 20.25
      vertex 14.25 -35 24.25
      vertex 14.25 -35 20.25
    endloop
  endfacet
  facet normal 1 0 0
    outer loop
      vertex 14.25 20 20.25
      vertex 14.25 15.7265 9.64105
      vertex 14.25 20 -12
    endloop
  endfacet
  facet normal 1 -0 0
    outer loop
      vertex 14.25 15.6563 9.28825
      vertex 14.25 20 -12
      vertex 14.25 15.7265 9.64105
    endloop
  endfacet
  facet normal 1 -0 0
    outer loop
      vertex 14.25 15.5407 8.94762
      vertex 14.25 20 -12
      vertex 14.25 15.6563 9.28825
    endloop
  endfacet
  facet normal 1 -0 0
    outer loop
      vertex 14.25 15.3816 8.625
      vertex 14.25 20 -12
      vertex 14.25 15.5407 8.94762
    endloop
  endfacet
  facet normal 1 -0 0
    outer loop
      vertex 14.25 15.1817 8.32591
      vertex 14.25 20 -12
      vertex 14.25 15.3816 8.625
    endloop
  endfacet
  facet normal 1 -0 0
    outer loop
      vertex 14.25 14.9445 8.05546
      vertex 14.25 20 -12
      vertex 14.25 15.1817 8.32591
    endloop
  endfacet
  facet normal 1 -0 0
    outer loop
      vertex 14.25 14.6741 7.81828
      vertex 14.25 20 -12
      vertex 14.25 14.9445 8.05546
    endloop
  endfacet
  facet normal 1 -0 0
    outer loop
      vertex 14.25 14.375 7.61843
      vertex 14.25 20 -12
      vertex 14.25 14.6741 7.81828
    endloop
  endfacet
  facet normal 1 -0 0
    outer loop
      vertex 14.25 14.0524 7.45933
      vertex 14.25 20 -12
      vertex 14.25 14.375 7.61843
    endloop
  endfacet
  facet normal 1 -0 0
    outer loop
      vertex 14.25 13.7118 7.3437
      vertex 14.25 20 -12
      vertex 14.25 14.0524 7.45933
    endloop
  endfacet
  facet normal 1 -0 0
    outer loop
      vertex 14.25 13.3589 7.27353
      vertex 14.25 20 -12
      vertex 14.25 13.7118 7.3437
    endloop
  endfacet
  facet normal 1 -0 0
    outer loop
      vertex 14.25 13 7.25
      vertex 14.25 20 -12
      vertex 14.25 13.3589 7.27353
    endloop
  endfacet
  facet normal 1 0 0
    outer loop
      vertex 14.25 12.6411 7.27353
      vertex 14.25 20 -12
      vertex 14.25 13 7.25
    endloop
  endfacet
  facet normal 1 0 0
    outer loop
      vertex 14.25 12.2882 7.3437
      vertex 14.25 20 -12
      vertex 14.25 12.6411 7.27353
    endloop
  endfacet
  facet normal 1 0 0
    outer loop
      vertex 14.25 11.9476 7.45933
      vertex 14.25 20 -12
      vertex 14.25 12.2882 7.3437
    endloop
  endfacet
  facet normal 1 0 0
    outer loop
      vertex 14.25 11.625 7.61843
      vertex 14.25 20 -12
      vertex 14.25 11.9476 7.45933
    endloop
  endfacet
  facet normal 1 0 0
    outer loop
      vertex 14.25 11.3259 7.81828
      vertex 14.25 20 -12
      vertex 14.25 11.625 7.61843
    endloop
  endfacet
  facet normal 1 0 0
    outer loop
      vertex 14.25 -11.3259 7.81828
      vertex 14.25 11.3259 7.81828
      vertex 14.25 11.0555 8.05546
    endloop
  endfacet
  facet normal 1 0 0
    outer loop
      vertex 14.25 -11.0555 8.05546
      vertex 14.25 11.0555 8.05546
      vertex 14.25 10.8183 8.32591
    endloop
  endfacet
  facet normal 1 0 0
    outer loop
      vertex 14.25 -10.8183 8.32591
      vertex 14.25 10.8183 8.32591
      vertex 14.25 10.6184 8.625
    endloop
  endfacet
  facet normal 1 0 0
    outer loop
      vertex 14.25 -10.6184 8.625
      vertex 14.25 10.6184 8.625
      vertex 14.25 10.4593 8.94762
    endloop
  endfacet
  facet normal 1 -0 0
    outer loop
      vertex 14.25 -10.25 10
      vertex 14.25 10.2735 9.64105
      vertex 14.25 10.25 10
    endloop
  endfacet
  facet normal 1 0 0
    outer loop
      vertex 14.25 -10.2735 9.64105
      vertex 14.25 10.2735 9.64105
      vertex 14.25 -10.25 10
    endloop
  endfacet
  facet normal 1 0 0
    outer loop
      vertex 14.25 10.2735 9.64105
      vertex 14.25 -10.2735 9.64105
      vertex 14.25 10.3437 9.28825
    endloop
  endfacet
  facet normal 1 0 0
    outer loop
      vertex 14.25 -10.3437 9.28825
      vertex 14.25 10.3437 9.28825
      vertex 14.25 -10.2735 9.64105
    endloop
  endfacet
  facet normal 1 0 0
    outer loop
      vertex 14.25 10.3437 9.28825
      vertex 14.25 -10.3437 9.28825
      vertex 14.25 10.4593 8.94762
    endloop
  endfacet
  facet normal 1 0 0
    outer loop
      vertex 14.25 -10.4593 8.94762
      vertex 14.25 10.4593 8.94762
      vertex 14.25 -10.3437 9.28825
    endloop
  endfacet
  facet normal 1 0 0
    outer loop
      vertex 14.25 -10.6184 8.625
      vertex 14.25 10.4593 8.94762
      vertex 14.25 -10.4593 8.94762
    endloop
  endfacet
  facet normal 1 0 0
    outer loop
      vertex 14.25 10.6184 8.625
      vertex 14.25 -10.6184 8.625
      vertex 14.25 -10.8183 8.32591
    endloop
  endfacet
  facet normal 1 0 0
    outer loop
      vertex 14.25 10.8183 8.32591
      vertex 14.25 -10.8183 8.32591
      vertex 14.25 -11.0555 8.05546
    endloop
  endfacet
  facet normal 1 0 0
    outer loop
      vertex 14.25 11.0555 8.05546
      vertex 14.25 -11.0555 8.05546
      vertex 14.25 -11.3259 7.81828
    endloop
  endfacet
  facet normal 1 0 0
    outer loop
      vertex 14.25 11.3259 7.81828
      vertex 14.25 -11.3259 7.81828
      vertex 14.25 20 -12
    endloop
  endfacet
  facet normal 1 0 0
    outer loop
      vertex 14.25 -20 -12
      vertex 14.25 -11.3259 7.81828
      vertex 14.25 -11.625 7.61843
    endloop
  endfacet
  facet normal 1 0 0
    outer loop
      vertex 14.25 -20 -12
      vertex 14.25 -11.625 7.61843
      vertex 14.25 -11.9476 7.45933
    endloop
  endfacet
  facet normal 1 0 0
    outer loop
      vertex 14.25 -20 -12
      vertex 14.25 -11.9476 7.45933
      vertex 14.25 -12.2882 7.3437
    endloop
  endfacet
  facet normal 1 0 0
    outer loop
      vertex 14.25 -20 -12
      vertex 14.25 -12.2882 7.3437
      vertex 14.25 -12.6411 7.27353
    endloop
  endfacet
  facet normal 1 0 0
    outer loop
      vertex 14.25 -20 -12
      vertex 14.25 -12.6411 7.27353
      vertex 14.25 -13 7.25
    endloop
  endfacet
  facet normal 1 0 0
    outer loop
      vertex 14.25 -20 -12
      vertex 14.25 -13 7.25
      vertex 14.25 -13.3589 7.27353
    endloop
  endfacet
  facet normal 1 0 0
    outer loop
      vertex 14.25 -20 -12
      vertex 14.25 -13.3589 7.27353
      vertex 14.25 -13.7118 7.3437
    endloop
  endfacet
  facet normal 1 0 0
    outer loop
      vertex 14.25 -20 -12
      vertex 14.25 -13.7118 7.3437
      vertex 14.25 -14.0524 7.45933
    endloop
  endfacet
  facet normal 1 0 0
    outer loop
      vertex 14.25 -20 -12
      vertex 14.25 -14.0524 7.45933
      vertex 14.25 -14.375 7.61843
    endloop
  endfacet
  facet normal 1 0 0
    outer loop
      vertex 14.25 -20 20.25
      vertex 14.25 -15.7265 9.64105
      vertex 14.25 -15.75 10
    endloop
  endfacet
  facet normal 1 0 0
    outer loop
      vertex 14.25 -20 -12
      vertex 14.25 -15.7265 9.64105
      vertex 14.25 -20 20.25
    endloop
  endfacet
  facet normal 1 0 0
    outer loop
      vertex 14.25 -15.7265 9.64105
      vertex 14.25 -20 -12
      vertex 14.25 -15.6563 9.28825
    endloop
  endfacet
  facet normal 1 0 0
    outer loop
      vertex 14.25 -11.3259 7.81828
      vertex 14.25 -20 -12
      vertex 14.25 20 -12
    endloop
  endfacet
  facet normal 1 0 0
    outer loop
      vertex 14.25 -14.6741 7.81828
      vertex 14.25 -20 -12
      vertex 14.25 -14.375 7.61843
    endloop
  endfacet
  facet normal 1 0 0
    outer loop
      vertex 14.25 -14.9445 8.05546
      vertex 14.25 -20 -12
      vertex 14.25 -14.6741 7.81828
    endloop
  endfacet
  facet normal 1 0 0
    outer loop
      vertex 14.25 -15.1817 8.32591
      vertex 14.25 -20 -12
      vertex 14.25 -14.9445 8.05546
    endloop
  endfacet
  facet normal 1 0 0
    outer loop
      vertex 14.25 -15.3816 8.625
      vertex 14.25 -20 -12
      vertex 14.25 -15.1817 8.32591
    endloop
  endfacet
  facet normal 1 0 0
    outer loop
      vertex 14.25 -15.5407 8.94762
      vertex 14.25 -20 -12
      vertex 14.25 -15.3816 8.625
    endloop
  endfacet
  facet normal 1 0 0
    outer loop
      vertex 14.25 -15.6563 9.28825
      vertex 14.25 -20 -12
      vertex 14.25 -15.5407 8.94762
    endloop
  endfacet
  facet normal -0.986086 0 0.166236
    outer loop
      vertex -14.25 -35 24.25
      vertex -12.4317 35 35.0359
      vertex -14.25 35 24.25
    endloop
  endfacet
  facet normal -0.986086 0 0.166236
    outer loop
      vertex -12.4317 35 35.0359
      vertex -14.25 -35 24.25
      vertex -12.4317 -35 35.0359
    endloop
  endfacet
  facet normal -1 0 0
    outer loop
      vertex -14.25 -35 20.25
      vertex -14.25 35 24.25
      vertex -14.25 35 20.25
    endloop
  endfacet
  facet normal -1 -0 0
    outer loop
      vertex -14.25 35 24.25
      vertex -14.25 -35 20.25
      vertex -14.25 -35 24.25
    endloop
  endfacet
  facet normal 0.763743 0.471443 -0.44095
    outer loop
      vertex -29.249 -27.8519 55.1377
      vertex -31.9891 -27.3333 50.9462
      vertex -29.4891 -27.3333 55.2763
    endloop
  endfacet
  facet normal 0.763743 0.471443 -0.44095
    outer loop
      vertex -31.9891 -27.3333 50.9462
      vertex -29.249 -27.8519 55.1377
      vertex -31.749 -27.8519 50.8076
    endloop
  endfacet
  facet normal -0.669426 0.634426 0.386487
    outer loop
      vertex -36.3096 -27.3333 53.4406
      vertex -33.4865 -26.8787 57.5842
      vertex -35.9865 -26.8787 53.254
    endloop
  endfacet
  facet normal -0.669458 0.634375 0.386514
    outer loop
      vertex -33.4865 -26.8787 57.5842
      vertex -36.3096 -27.3333 53.4406
      vertex -33.8096 -27.3333 57.7707
    endloop
  endfacet
  facet normal -0.828731 -0.290293 0.478471
    outer loop
      vertex -34.0497 -30.148 57.9093
      vertex -36.6975 -29.5853 53.6646
      vertex -36.5497 -30.148 53.5792
    endloop
  endfacet
  facet normal -0.828731 -0.290293 0.478471
    outer loop
      vertex -36.6975 -29.5853 53.6646
      vertex -34.0497 -30.148 57.9093
      vertex -34.1975 -29.5853 57.9947
    endloop
  endfacet
  facet normal 0.828744 0.290246 -0.478478
    outer loop
      vertex -29.1012 -28.4147 55.0523
      vertex -31.749 -27.8519 50.8076
      vertex -29.249 -27.8519 55.1377
    endloop
  endfacet
  facet normal 0.828744 0.290246 -0.478478
    outer loop
      vertex -31.749 -27.8519 50.8076
      vertex -29.1012 -28.4147 55.0523
      vertex -31.6012 -28.4147 50.7222
    endloop
  endfacet
  facet normal -0.251496 0.956904 0.145202
    outer loop
      vertex -32.1562 -26.0576 56.8161
      vertex -35.1436 -26.2284 52.7674
      vertex -32.6436 -26.2284 57.0975
    endloop
  endfacet
  facet normal -0.251496 0.956904 0.145202
    outer loop
      vertex -35.1436 -26.2284 52.7674
      vertex -32.1562 -26.0576 56.8161
      vertex -34.6562 -26.0576 52.486
    endloop
  endfacet
  facet normal 0.861859 -0.0979627 -0.497597
    outer loop
      vertex -31.6012 -29.5853 50.7222
      vertex -29.0513 -29 55.0235
      vertex -29.1012 -29.5853 55.0523
    endloop
  endfacet
  facet normal 0.861859 -0.0979627 -0.497597
    outer loop
      vertex -29.0513 -29 55.0235
      vertex -31.6012 -29.5853 50.7222
      vertex -31.5513 -29 50.6934
    endloop
  endfacet
  facet normal 0.408171 -0.881964 -0.235659
    outer loop
      vertex -33.1551 -31.7716 51.6194
      vertex -30.2059 -31.4944 55.6901
      vertex -30.6551 -31.7716 55.9495
    endloop
  endfacet
  facet normal 0.408171 -0.881964 -0.235659
    outer loop
      vertex -30.2059 -31.4944 55.6901
      vertex -33.1551 -31.7716 51.6194
      vertex -32.7059 -31.4944 51.36
    endloop
  endfacet
  facet normal -0.763776 -0.471373 0.440969
    outer loop
      vertex -33.8096 -30.6667 57.7707
      vertex -36.5497 -30.148 53.5792
      vertex -36.3096 -30.6667 53.4406
    endloop
  endfacet
  facet normal -0.763776 -0.471373 0.440969
    outer loop
      vertex -36.5497 -30.148 53.5792
      vertex -33.8096 -30.6667 57.7707
      vertex -34.0497 -30.148 57.9093
    endloop
  endfacet
  facet normal 0.251498 -0.956904 -0.1452
    outer loop
      vertex -33.6425 -31.9424 51.9007
      vertex -30.6551 -31.7716 55.9495
      vertex -31.1425 -31.9424 56.2309
    endloop
  endfacet
  facet normal 0.251517 -0.956897 -0.145214
    outer loop
      vertex -30.6551 -31.7716 55.9495
      vertex -33.6425 -31.9424 51.9007
      vertex -33.1551 -31.7716 51.6194
    endloop
  endfacet
  facet normal -0.549417 0.772997 0.317201
    outer loop
      vertex -33.0928 -26.5056 57.3569
      vertex -35.9865 -26.8787 53.254
      vertex -33.4865 -26.8787 57.5842
    endloop
  endfacet
  facet normal -0.549417 0.772997 0.317201
    outer loop
      vertex -35.9865 -26.8787 53.254
      vertex -33.0928 -26.5056 57.3569
      vertex -35.5928 -26.5056 53.0267
    endloop
  endfacet
  facet normal 0.861859 0.0979627 -0.497597
    outer loop
      vertex -29.0513 -29 55.0235
      vertex -31.6012 -28.4147 50.7222
      vertex -29.1012 -28.4147 55.0523
    endloop
  endfacet
  facet normal 0.861859 0.0979627 -0.497597
    outer loop
      vertex -31.6012 -28.4147 50.7222
      vertex -29.0513 -29 55.0235
      vertex -31.5513 -29 50.6934
    endloop
  endfacet
  facet normal -0.408174 -0.881964 0.235655
    outer loop
      vertex -35.5928 -31.4944 53.0267
      vertex -32.6436 -31.7716 57.0975
      vertex -33.0928 -31.4944 57.3569
    endloop
  endfacet
  facet normal -0.408202 -0.881945 0.235677
    outer loop
      vertex -32.6436 -31.7716 57.0975
      vertex -35.5928 -31.4944 53.0267
      vertex -35.1436 -31.7716 52.7674
    endloop
  endfacet
  facet normal -0.549417 -0.772997 0.317201
    outer loop
      vertex -35.9865 -31.1213 53.254
      vertex -33.0928 -31.4944 57.3569
      vertex -33.4865 -31.1213 57.5842
    endloop
  endfacet
  facet normal -0.549417 -0.772997 0.317201
    outer loop
      vertex -33.0928 -31.4944 57.3569
      vertex -35.9865 -31.1213 53.254
      vertex -35.5928 -31.4944 53.0267
    endloop
  endfacet
  facet normal -0.251496 -0.956904 0.145202
    outer loop
      vertex -35.1436 -31.7716 52.7674
      vertex -32.1562 -31.9424 56.8161
      vertex -32.6436 -31.7716 57.0975
    endloop
  endfacet
  facet normal -0.251496 -0.956904 0.145202
    outer loop
      vertex -32.1562 -31.9424 56.8161
      vertex -35.1436 -31.7716 52.7674
      vertex -34.6562 -31.9424 52.486
    endloop
  endfacet
  facet normal -0.408174 0.881964 0.235655
    outer loop
      vertex -32.6436 -26.2284 57.0975
      vertex -35.5928 -26.5056 53.0267
      vertex -33.0928 -26.5056 57.3569
    endloop
  endfacet
  facet normal -0.408202 0.881945 0.235677
    outer loop
      vertex -35.5928 -26.5056 53.0267
      vertex -32.6436 -26.2284 57.0975
      vertex -35.1436 -26.2284 52.7674
    endloop
  endfacet
  facet normal 0.500011 1.57188e-05 0.866019
    outer loop
      vertex -30.3936 -29 55.7985
      vertex -29.0513 -29 55.0235
      vertex -29.1012 -28.4147 55.0523
    endloop
  endfacet
  facet normal 0.500022 -9.63529e-05 0.866013
    outer loop
      vertex -30.4364 -28.6247 55.8232
      vertex -29.1012 -28.4147 55.0523
      vertex -29.249 -27.8519 55.1377
    endloop
  endfacet
  facet normal 0.500011 -1.57188e-05 0.866019
    outer loop
      vertex -29.0513 -29 55.0235
      vertex -30.3936 -29 55.7985
      vertex -29.1012 -29.5853 55.0523
    endloop
  endfacet
  facet normal 0.499973 1.96031e-05 0.866041
    outer loop
      vertex -30.5618 -28.275 55.8956
      vertex -29.249 -27.8519 55.1377
      vertex -29.4891 -27.3333 55.2763
    endloop
  endfacet
  facet normal 0.500008 -2.56026e-05 0.866021
    outer loop
      vertex -30.4364 -29.3753 55.8232
      vertex -29.1012 -29.5853 55.0523
      vertex -30.3936 -29 55.7985
    endloop
  endfacet
  facet normal 0.499954 3.63784e-05 0.866052
    outer loop
      vertex -30.7614 -27.9747 56.0108
      vertex -29.4891 -27.3333 55.2763
      vertex -29.8122 -26.8787 55.4628
    endloop
  endfacet
  facet normal 0.500022 9.63694e-05 0.866013
    outer loop
      vertex -29.1012 -29.5853 55.0523
      vertex -30.4364 -29.3753 55.8232
      vertex -29.249 -30.148 55.1377
    endloop
  endfacet
  facet normal 0.500001 8.14656e-06 0.866025
    outer loop
      vertex -31.0215 -27.7443 56.161
      vertex -29.8122 -26.8787 55.4628
      vertex -30.2059 -26.5056 55.6901
    endloop
  endfacet
  facet normal 0.49998 1.02478e-05 0.866037
    outer loop
      vertex -30.5618 -29.725 55.8956
      vertex -29.249 -30.148 55.1377
      vertex -30.4364 -29.3753 55.8232
    endloop
  endfacet
  facet normal 0.499973 -1.96005e-05 0.866041
    outer loop
      vertex -29.249 -30.148 55.1377
      vertex -30.5618 -29.725 55.8956
      vertex -29.4891 -30.6667 55.2763
    endloop
  endfacet
  facet normal 0.500008 2.56026e-05 0.866021
    outer loop
      vertex -29.1012 -28.4147 55.0523
      vertex -30.4364 -28.6247 55.8232
      vertex -30.3936 -29 55.7985
    endloop
  endfacet
  facet normal 0.49998 -1.02475e-05 0.866037
    outer loop
      vertex -29.249 -27.8519 55.1377
      vertex -30.5618 -28.275 55.8956
      vertex -30.4364 -28.6247 55.8232
    endloop
  endfacet
  facet normal 0.500059 -4.24525e-05 0.865991
    outer loop
      vertex -31.0215 -27.7443 56.161
      vertex -30.2059 -26.5056 55.6901
      vertex -30.6551 -26.2284 55.9495
    endloop
  endfacet
  facet normal 0.499944 6.32274e-05 0.866058
    outer loop
      vertex -29.4891 -27.3333 55.2763
      vertex -30.7614 -27.9747 56.0108
      vertex -30.5618 -28.275 55.8956
    endloop
  endfacet
  facet normal 0.500038 -6.02359e-05 0.866004
    outer loop
      vertex -29.8122 -26.8787 55.4628
      vertex -31.0215 -27.7443 56.161
      vertex -30.7614 -27.9747 56.0108
    endloop
  endfacet
  facet normal 0.500005 2.04519e-05 0.866023
    outer loop
      vertex -31.3243 -27.5994 56.3359
      vertex -30.6551 -26.2284 55.9495
      vertex -31.1425 -26.0576 56.2309
    endloop
  endfacet
  facet normal 0.500143 -6.95993e-05 0.865943
    outer loop
      vertex -30.6551 -26.2284 55.9495
      vertex -31.3243 -27.5994 56.3359
      vertex -31.0215 -27.7443 56.161
    endloop
  endfacet
  facet normal 0.499999 -0 0.866026
    outer loop
      vertex -31.6493 -27.55 56.5235
      vertex -31.1425 -26.0576 56.2309
      vertex -31.6493 -26 56.5235
    endloop
  endfacet
  facet normal 0.499926 3.28045e-05 0.866068
    outer loop
      vertex -31.1425 -26.0576 56.2309
      vertex -31.6493 -27.55 56.5235
      vertex -31.3243 -27.5994 56.3359
    endloop
  endfacet
  facet normal 0.499925 0 0.866069
    outer loop
      vertex -32.1562 -26.0576 56.8161
      vertex -31.6493 -27.55 56.5235
      vertex -31.6493 -26 56.5235
    endloop
  endfacet
  facet normal 0.499813 -5.06215e-05 0.866133
    outer loop
      vertex -31.6493 -27.55 56.5235
      vertex -32.1562 -26.0576 56.8161
      vertex -31.9744 -27.5994 56.7111
    endloop
  endfacet
  facet normal 0.500005 -2.04519e-05 0.866023
    outer loop
      vertex -32.6436 -26.2284 57.0975
      vertex -31.9744 -27.5994 56.7111
      vertex -32.1562 -26.0576 56.8161
    endloop
  endfacet
  facet normal 0.500143 6.95993e-05 0.865943
    outer loop
      vertex -31.9744 -27.5994 56.7111
      vertex -32.6436 -26.2284 57.0975
      vertex -32.2772 -27.7443 56.886
    endloop
  endfacet
  facet normal 0.500059 4.24525e-05 0.865991
    outer loop
      vertex -33.0928 -26.5056 57.3569
      vertex -32.2772 -27.7443 56.886
      vertex -32.6436 -26.2284 57.0975
    endloop
  endfacet
  facet normal 0.500001 -8.14656e-06 0.866025
    outer loop
      vertex -33.4865 -26.8787 57.5842
      vertex -32.2772 -27.7443 56.886
      vertex -33.0928 -26.5056 57.3569
    endloop
  endfacet
  facet normal 0.500038 6.02359e-05 0.866004
    outer loop
      vertex -32.2772 -27.7443 56.886
      vertex -33.4865 -26.8787 57.5842
      vertex -32.5373 -27.9747 57.0362
    endloop
  endfacet
  facet normal 0.499954 -3.63784e-05 0.866052
    outer loop
      vertex -33.8096 -27.3333 57.7707
      vertex -32.5373 -27.9747 57.0362
      vertex -33.4865 -26.8787 57.5842
    endloop
  endfacet
  facet normal 0.499991 6.14844e-05 0.86603
    outer loop
      vertex -32.5373 -27.9747 57.0362
      vertex -33.8096 -27.3333 57.7707
      vertex -32.7368 -28.275 57.1514
    endloop
  endfacet
  facet normal 0.499944 -6.32274e-05 0.866058
    outer loop
      vertex -30.7614 -30.0253 56.0108
      vertex -29.4891 -30.6667 55.2763
      vertex -30.5618 -29.725 55.8956
    endloop
  endfacet
  facet normal 0.499954 -3.63784e-05 0.866052
    outer loop
      vertex -29.4891 -30.6667 55.2763
      vertex -30.7614 -30.0253 56.0108
      vertex -29.8122 -31.1213 55.4628
    endloop
  endfacet
  facet normal 0.500038 6.02359e-05 0.866004
    outer loop
      vertex -31.0215 -30.2557 56.161
      vertex -29.8122 -31.1213 55.4628
      vertex -30.7614 -30.0253 56.0108
    endloop
  endfacet
  facet normal 0.500001 -8.14656e-06 0.866025
    outer loop
      vertex -29.8122 -31.1213 55.4628
      vertex -31.0215 -30.2557 56.161
      vertex -30.2059 -31.4944 55.6901
    endloop
  endfacet
  facet normal 0.500059 4.24525e-05 0.865991
    outer loop
      vertex -30.2059 -31.4944 55.6901
      vertex -31.0215 -30.2557 56.161
      vertex -30.6551 -31.7716 55.9495
    endloop
  endfacet
  facet normal 0.500143 6.95993e-05 0.865943
    outer loop
      vertex -31.3243 -30.4006 56.3359
      vertex -30.6551 -31.7716 55.9495
      vertex -31.0215 -30.2557 56.161
    endloop
  endfacet
  facet normal 0.500005 -2.04519e-05 0.866023
    outer loop
      vertex -30.6551 -31.7716 55.9495
      vertex -31.3243 -30.4006 56.3359
      vertex -31.1425 -31.9424 56.2309
    endloop
  endfacet
  facet normal 0.499926 -3.28045e-05 0.866068
    outer loop
      vertex -31.6493 -30.45 56.5235
      vertex -31.1425 -31.9424 56.2309
      vertex -31.3243 -30.4006 56.3359
    endloop
  endfacet
  facet normal 0.499999 0 0.866026
    outer loop
      vertex -31.6493 -30.45 56.5235
      vertex -31.6493 -32 56.5235
      vertex -31.1425 -31.9424 56.2309
    endloop
  endfacet
  facet normal 0.499813 5.06215e-05 0.866133
    outer loop
      vertex -32.1562 -31.9424 56.8161
      vertex -31.6493 -30.45 56.5235
      vertex -31.9744 -30.4006 56.7111
    endloop
  endfacet
  facet normal 0.499925 0 0.866069
    outer loop
      vertex -31.6493 -30.45 56.5235
      vertex -32.1562 -31.9424 56.8161
      vertex -31.6493 -32 56.5235
    endloop
  endfacet
  facet normal 0.500143 -6.95993e-05 0.865943
    outer loop
      vertex -32.6436 -31.7716 57.0975
      vertex -31.9744 -30.4006 56.7111
      vertex -32.2772 -30.2557 56.886
    endloop
  endfacet
  facet normal 0.500038 -6.02359e-05 0.866004
    outer loop
      vertex -33.4865 -31.1213 57.5842
      vertex -32.2772 -30.2557 56.886
      vertex -32.5373 -30.0253 57.0362
    endloop
  endfacet
  facet normal 0.500005 2.04519e-05 0.866023
    outer loop
      vertex -31.9744 -30.4006 56.7111
      vertex -32.6436 -31.7716 57.0975
      vertex -32.1562 -31.9424 56.8161
    endloop
  endfacet
  facet normal 0.499991 -6.14844e-05 0.86603
    outer loop
      vertex -33.8096 -30.6667 57.7707
      vertex -32.5373 -30.0253 57.0362
      vertex -32.7368 -29.725 57.1514
    endloop
  endfacet
  facet normal 0.499923 0.000105662 0.86607
    outer loop
      vertex -34.0497 -30.148 57.9093
      vertex -32.7368 -29.725 57.1514
      vertex -32.8623 -29.3753 57.2238
    endloop
  endfacet
  facet normal 0.500008 2.56026e-05 0.866021
    outer loop
      vertex -34.1975 -29.5853 57.9947
      vertex -32.8623 -29.3753 57.2238
      vertex -32.9051 -29 57.2485
    endloop
  endfacet
  facet normal 0.500059 -4.24525e-05 0.865991
    outer loop
      vertex -32.2772 -30.2557 56.886
      vertex -33.0928 -31.4944 57.3569
      vertex -32.6436 -31.7716 57.0975
    endloop
  endfacet
  facet normal 0.499948 -4.26134e-06 0.866055
    outer loop
      vertex -34.0497 -27.8519 57.9093
      vertex -32.7368 -28.275 57.1514
      vertex -33.8096 -27.3333 57.7707
    endloop
  endfacet
  facet normal 0.499923 -0.000105659 0.86607
    outer loop
      vertex -32.7368 -28.275 57.1514
      vertex -34.0497 -27.8519 57.9093
      vertex -32.8623 -28.6247 57.2238
    endloop
  endfacet
  facet normal 0.500011 -1.57188e-05 0.866019
    outer loop
      vertex -34.2474 -29 58.0235
      vertex -32.9051 -29 57.2485
      vertex -34.1975 -28.4147 57.9947
    endloop
  endfacet
  facet normal 0.500022 9.63529e-05 0.866013
    outer loop
      vertex -34.1975 -28.4147 57.9947
      vertex -32.8623 -28.6247 57.2238
      vertex -34.0497 -27.8519 57.9093
    endloop
  endfacet
  facet normal 0.500008 -2.56026e-05 0.866021
    outer loop
      vertex -32.8623 -28.6247 57.2238
      vertex -34.1975 -28.4147 57.9947
      vertex -32.9051 -29 57.2485
    endloop
  endfacet
  facet normal 0.500022 -9.63694e-05 0.866013
    outer loop
      vertex -32.8623 -29.3753 57.2238
      vertex -34.1975 -29.5853 57.9947
      vertex -34.0497 -30.148 57.9093
    endloop
  endfacet
  facet normal 0.500001 8.14656e-06 0.866025
    outer loop
      vertex -32.2772 -30.2557 56.886
      vertex -33.4865 -31.1213 57.5842
      vertex -33.0928 -31.4944 57.3569
    endloop
  endfacet
  facet normal 0.499948 4.26076e-06 0.866055
    outer loop
      vertex -32.7368 -29.725 57.1514
      vertex -34.0497 -30.148 57.9093
      vertex -33.8096 -30.6667 57.7707
    endloop
  endfacet
  facet normal 0.499954 3.63784e-05 0.866052
    outer loop
      vertex -32.5373 -30.0253 57.0362
      vertex -33.8096 -30.6667 57.7707
      vertex -33.4865 -31.1213 57.5842
    endloop
  endfacet
  facet normal 0.500011 1.57188e-05 0.866019
    outer loop
      vertex -32.9051 -29 57.2485
      vertex -34.2474 -29 58.0235
      vertex -34.1975 -29.5853 57.9947
    endloop
  endfacet
  facet normal 0.549414 0.772997 -0.317206
    outer loop
      vertex -29.8122 -26.8787 55.4628
      vertex -32.7059 -26.5056 51.36
      vertex -30.2059 -26.5056 55.6901
    endloop
  endfacet
  facet normal 0.549414 0.772997 -0.317206
    outer loop
      vertex -32.7059 -26.5056 51.36
      vertex -29.8122 -26.8787 55.4628
      vertex -32.3122 -26.8787 51.1327
    endloop
  endfacet
  facet normal -0.0848183 0.995192 0.0489702
    outer loop
      vertex -31.6493 -26 56.5235
      vertex -34.6562 -26.0576 52.486
      vertex -32.1562 -26.0576 56.8161
    endloop
  endfacet
  facet normal -0.0848183 0.995192 0.0489702
    outer loop
      vertex -34.6562 -26.0576 52.486
      vertex -31.6493 -26 56.5235
      vertex -34.1493 -26 52.1934
    endloop
  endfacet
  facet normal 0.251498 0.956904 -0.1452
    outer loop
      vertex -30.6551 -26.2284 55.9495
      vertex -33.6425 -26.0576 51.9007
      vertex -31.1425 -26.0576 56.2309
    endloop
  endfacet
  facet normal 0.251517 0.956897 -0.145214
    outer loop
      vertex -33.6425 -26.0576 51.9007
      vertex -30.6551 -26.2284 55.9495
      vertex -33.1551 -26.2284 51.6194
    endloop
  endfacet
  facet normal -0.861859 0.0979627 0.497597
    outer loop
      vertex -36.7474 -29 53.6934
      vertex -34.1975 -28.4147 57.9947
      vertex -36.6975 -28.4147 53.6646
    endloop
  endfacet
  facet normal -0.861859 0.0979627 0.497597
    outer loop
      vertex -34.1975 -28.4147 57.9947
      vertex -36.7474 -29 53.6934
      vertex -34.2474 -29 58.0235
    endloop
  endfacet
  facet normal 0.669458 0.634375 -0.386514
    outer loop
      vertex -29.4891 -27.3333 55.2763
      vertex -32.3122 -26.8787 51.1327
      vertex -29.8122 -26.8787 55.4628
    endloop
  endfacet
  facet normal 0.669458 0.634375 -0.386514
    outer loop
      vertex -32.3122 -26.8787 51.1327
      vertex -29.4891 -27.3333 55.2763
      vertex -31.9891 -27.3333 50.9462
    endloop
  endfacet
  facet normal 0.408171 0.881964 -0.235659
    outer loop
      vertex -30.2059 -26.5056 55.6901
      vertex -33.1551 -26.2284 51.6194
      vertex -30.6551 -26.2284 55.9495
    endloop
  endfacet
  facet normal 0.408171 0.881964 -0.235659
    outer loop
      vertex -33.1551 -26.2284 51.6194
      vertex -30.2059 -26.5056 55.6901
      vertex -32.7059 -26.5056 51.36
    endloop
  endfacet
  facet normal 0.549414 -0.772997 -0.317206
    outer loop
      vertex -32.7059 -31.4944 51.36
      vertex -29.8122 -31.1213 55.4628
      vertex -30.2059 -31.4944 55.6901
    endloop
  endfacet
  facet normal 0.549414 -0.772997 -0.317206
    outer loop
      vertex -29.8122 -31.1213 55.4628
      vertex -32.7059 -31.4944 51.36
      vertex -32.3122 -31.1213 51.1327
    endloop
  endfacet
  facet normal -0.861859 -0.0979627 0.497597
    outer loop
      vertex -34.1975 -29.5853 57.9947
      vertex -36.7474 -29 53.6934
      vertex -36.6975 -29.5853 53.6646
    endloop
  endfacet
  facet normal -0.861859 -0.0979627 0.497597
    outer loop
      vertex -36.7474 -29 53.6934
      vertex -34.1975 -29.5853 57.9947
      vertex -34.2474 -29 58.0235
    endloop
  endfacet
  facet normal -0.669426 -0.634426 0.386487
    outer loop
      vertex -33.4865 -31.1213 57.5842
      vertex -36.3096 -30.6667 53.4406
      vertex -35.9865 -31.1213 53.254
    endloop
  endfacet
  facet normal -0.669458 -0.634375 0.386514
    outer loop
      vertex -36.3096 -30.6667 53.4406
      vertex -33.4865 -31.1213 57.5842
      vertex -33.8096 -30.6667 57.7707
    endloop
  endfacet
  facet normal 0.0848307 0.995191 -0.0489774
    outer loop
      vertex -31.1425 -26.0576 56.2309
      vertex -34.1493 -26 52.1934
      vertex -31.6493 -26 56.5235
    endloop
  endfacet
  facet normal 0.0848241 0.995192 -0.0489724
    outer loop
      vertex -34.1493 -26 52.1934
      vertex -31.1425 -26.0576 56.2309
      vertex -33.6425 -26.0576 51.9007
    endloop
  endfacet
  facet normal 0.669458 -0.634375 -0.386514
    outer loop
      vertex -32.3122 -31.1213 51.1327
      vertex -29.4891 -30.6667 55.2763
      vertex -29.8122 -31.1213 55.4628
    endloop
  endfacet
  facet normal 0.669458 -0.634375 -0.386514
    outer loop
      vertex -29.4891 -30.6667 55.2763
      vertex -32.3122 -31.1213 51.1327
      vertex -31.9891 -30.6667 50.9462
    endloop
  endfacet
  facet normal 0.763776 -0.471373 -0.440969
    outer loop
      vertex -31.9891 -30.6667 50.9462
      vertex -29.249 -30.148 55.1377
      vertex -29.4891 -30.6667 55.2763
    endloop
  endfacet
  facet normal 0.763776 -0.471373 -0.440969
    outer loop
      vertex -29.249 -30.148 55.1377
      vertex -31.9891 -30.6667 50.9462
      vertex -31.749 -30.148 50.8076
    endloop
  endfacet
  facet normal 0.0848307 -0.995191 -0.0489774
    outer loop
      vertex -34.1493 -32 52.1934
      vertex -31.1425 -31.9424 56.2309
      vertex -31.6493 -32 56.5235
    endloop
  endfacet
  facet normal 0.0848241 -0.995192 -0.0489724
    outer loop
      vertex -31.1425 -31.9424 56.2309
      vertex -34.1493 -32 52.1934
      vertex -33.6425 -31.9424 51.9007
    endloop
  endfacet
  facet normal -0.763743 0.471443 0.44095
    outer loop
      vertex -36.5497 -27.8519 53.5792
      vertex -33.8096 -27.3333 57.7707
      vertex -36.3096 -27.3333 53.4406
    endloop
  endfacet
  facet normal -0.763743 0.471443 0.44095
    outer loop
      vertex -33.8096 -27.3333 57.7707
      vertex -36.5497 -27.8519 53.5792
      vertex -34.0497 -27.8519 57.9093
    endloop
  endfacet
  facet normal -0.828744 0.290246 0.478478
    outer loop
      vertex -36.6975 -28.4147 53.6646
      vertex -34.0497 -27.8519 57.9093
      vertex -36.5497 -27.8519 53.5792
    endloop
  endfacet
  facet normal -0.828744 0.290246 0.478478
    outer loop
      vertex -34.0497 -27.8519 57.9093
      vertex -36.6975 -28.4147 53.6646
      vertex -34.1975 -28.4147 57.9947
    endloop
  endfacet
  facet normal -0.0848183 -0.995192 0.0489702
    outer loop
      vertex -34.6562 -31.9424 52.486
      vertex -31.6493 -32 56.5235
      vertex -32.1562 -31.9424 56.8161
    endloop
  endfacet
  facet normal -0.0848183 -0.995192 0.0489702
    outer loop
      vertex -31.6493 -32 56.5235
      vertex -34.6562 -31.9424 52.486
      vertex -34.1493 -32 52.1934
    endloop
  endfacet
  facet normal 0.828731 -0.290293 -0.478471
    outer loop
      vertex -31.749 -30.148 50.8076
      vertex -29.1012 -29.5853 55.0523
      vertex -29.249 -30.148 55.1377
    endloop
  endfacet
  facet normal 0.828731 -0.290293 -0.478471
    outer loop
      vertex -29.1012 -29.5853 55.0523
      vertex -31.749 -30.148 50.8076
      vertex -31.6012 -29.5853 50.7222
    endloop
  endfacet
  facet normal 0.408171 0.881964 -0.235659
    outer loop
      vertex -30.2059 31.4944 55.6901
      vertex -33.1551 31.7716 51.6194
      vertex -30.6551 31.7716 55.9495
    endloop
  endfacet
  facet normal 0.408171 0.881964 -0.235659
    outer loop
      vertex -33.1551 31.7716 51.6194
      vertex -30.2059 31.4944 55.6901
      vertex -32.7059 31.4944 51.36
    endloop
  endfacet
  facet normal 0.828731 0.290293 -0.478471
    outer loop
      vertex -29.1012 29.5853 55.0523
      vertex -31.749 30.148 50.8076
      vertex -29.249 30.148 55.1377
    endloop
  endfacet
  facet normal 0.828731 0.290293 -0.478471
    outer loop
      vertex -31.749 30.148 50.8076
      vertex -29.1012 29.5853 55.0523
      vertex -31.6012 29.5853 50.7222
    endloop
  endfacet
  facet normal 0.861859 0.0979627 -0.497597
    outer loop
      vertex -29.0513 29 55.0235
      vertex -31.6012 29.5853 50.7222
      vertex -29.1012 29.5853 55.0523
    endloop
  endfacet
  facet normal 0.861859 0.0979627 -0.497597
    outer loop
      vertex -31.6012 29.5853 50.7222
      vertex -29.0513 29 55.0235
      vertex -31.5513 29 50.6934
    endloop
  endfacet
  facet normal 0.763776 0.471373 -0.440969
    outer loop
      vertex -29.249 30.148 55.1377
      vertex -31.9891 30.6667 50.9462
      vertex -29.4891 30.6667 55.2763
    endloop
  endfacet
  facet normal 0.763776 0.471373 -0.440969
    outer loop
      vertex -31.9891 30.6667 50.9462
      vertex -29.249 30.148 55.1377
      vertex -31.749 30.148 50.8076
    endloop
  endfacet
  facet normal 0.828744 -0.290246 -0.478478
    outer loop
      vertex -31.749 27.8519 50.8076
      vertex -29.1012 28.4147 55.0523
      vertex -29.249 27.8519 55.1377
    endloop
  endfacet
  facet normal 0.828744 -0.290246 -0.478478
    outer loop
      vertex -29.1012 28.4147 55.0523
      vertex -31.749 27.8519 50.8076
      vertex -31.6012 28.4147 50.7222
    endloop
  endfacet
  facet normal 0.549414 -0.772997 -0.317206
    outer loop
      vertex -32.7059 26.5056 51.36
      vertex -29.8122 26.8787 55.4628
      vertex -30.2059 26.5056 55.6901
    endloop
  endfacet
  facet normal 0.549414 -0.772997 -0.317206
    outer loop
      vertex -29.8122 26.8787 55.4628
      vertex -32.7059 26.5056 51.36
      vertex -32.3122 26.8787 51.1327
    endloop
  endfacet
  facet normal 0.251498 -0.956904 -0.1452
    outer loop
      vertex -33.6425 26.0576 51.9007
      vertex -30.6551 26.2284 55.9495
      vertex -31.1425 26.0576 56.2309
    endloop
  endfacet
  facet normal 0.251517 -0.956897 -0.145214
    outer loop
      vertex -30.6551 26.2284 55.9495
      vertex -33.6425 26.0576 51.9007
      vertex -33.1551 26.2284 51.6194
    endloop
  endfacet
  facet normal 0.669458 0.634375 -0.386514
    outer loop
      vertex -29.4891 30.6667 55.2763
      vertex -32.3122 31.1213 51.1327
      vertex -29.8122 31.1213 55.4628
    endloop
  endfacet
  facet normal 0.669458 0.634375 -0.386514
    outer loop
      vertex -32.3122 31.1213 51.1327
      vertex -29.4891 30.6667 55.2763
      vertex -31.9891 30.6667 50.9462
    endloop
  endfacet
  facet normal -0.669426 0.634426 0.386487
    outer loop
      vertex -36.3096 30.6667 53.4406
      vertex -33.4865 31.1213 57.5842
      vertex -35.9865 31.1213 53.254
    endloop
  endfacet
  facet normal -0.669458 0.634375 0.386514
    outer loop
      vertex -33.4865 31.1213 57.5842
      vertex -36.3096 30.6667 53.4406
      vertex -33.8096 30.6667 57.7707
    endloop
  endfacet
  facet normal 0.763743 -0.471443 -0.44095
    outer loop
      vertex -31.9891 27.3333 50.9462
      vertex -29.249 27.8519 55.1377
      vertex -29.4891 27.3333 55.2763
    endloop
  endfacet
  facet normal 0.763743 -0.471443 -0.44095
    outer loop
      vertex -29.249 27.8519 55.1377
      vertex -31.9891 27.3333 50.9462
      vertex -31.749 27.8519 50.8076
    endloop
  endfacet
  facet normal -0.549417 -0.772997 0.317201
    outer loop
      vertex -35.9865 26.8787 53.254
      vertex -33.0928 26.5056 57.3569
      vertex -33.4865 26.8787 57.5842
    endloop
  endfacet
  facet normal -0.549417 -0.772997 0.317201
    outer loop
      vertex -33.0928 26.5056 57.3569
      vertex -35.9865 26.8787 53.254
      vertex -35.5928 26.5056 53.0267
    endloop
  endfacet
  facet normal -0.408174 0.881964 0.235655
    outer loop
      vertex -32.6436 31.7716 57.0975
      vertex -35.5928 31.4944 53.0267
      vertex -33.0928 31.4944 57.3569
    endloop
  endfacet
  facet normal -0.408202 0.881945 0.235677
    outer loop
      vertex -35.5928 31.4944 53.0267
      vertex -32.6436 31.7716 57.0975
      vertex -35.1436 31.7716 52.7674
    endloop
  endfacet
  facet normal 0.408171 -0.881964 -0.235659
    outer loop
      vertex -33.1551 26.2284 51.6194
      vertex -30.2059 26.5056 55.6901
      vertex -30.6551 26.2284 55.9495
    endloop
  endfacet
  facet normal 0.408171 -0.881964 -0.235659
    outer loop
      vertex -30.2059 26.5056 55.6901
      vertex -33.1551 26.2284 51.6194
      vertex -32.7059 26.5056 51.36
    endloop
  endfacet
  facet normal 0.0848307 0.995191 -0.0489774
    outer loop
      vertex -31.1425 31.9424 56.2309
      vertex -34.1493 32 52.1934
      vertex -31.6493 32 56.5235
    endloop
  endfacet
  facet normal 0.0848241 0.995192 -0.0489724
    outer loop
      vertex -34.1493 32 52.1934
      vertex -31.1425 31.9424 56.2309
      vertex -33.6425 31.9424 51.9007
    endloop
  endfacet
  facet normal -0.763776 0.471373 0.440969
    outer loop
      vertex -36.5497 30.148 53.5792
      vertex -33.8096 30.6667 57.7707
      vertex -36.3096 30.6667 53.4406
    endloop
  endfacet
  facet normal -0.763776 0.471373 0.440969
    outer loop
      vertex -33.8096 30.6667 57.7707
      vertex -36.5497 30.148 53.5792
      vertex -34.0497 30.148 57.9093
    endloop
  endfacet
  facet normal -0.828731 0.290293 0.478471
    outer loop
      vertex -36.6975 29.5853 53.6646
      vertex -34.0497 30.148 57.9093
      vertex -36.5497 30.148 53.5792
    endloop
  endfacet
  facet normal -0.828731 0.290293 0.478471
    outer loop
      vertex -34.0497 30.148 57.9093
      vertex -36.6975 29.5853 53.6646
      vertex -34.1975 29.5853 57.9947
    endloop
  endfacet
  facet normal -0.251496 -0.956904 0.145202
    outer loop
      vertex -35.1436 26.2284 52.7674
      vertex -32.1562 26.0576 56.8161
      vertex -32.6436 26.2284 57.0975
    endloop
  endfacet
  facet normal -0.251496 -0.956904 0.145202
    outer loop
      vertex -32.1562 26.0576 56.8161
      vertex -35.1436 26.2284 52.7674
      vertex -34.6562 26.0576 52.486
    endloop
  endfacet
  facet normal -0.763743 -0.471443 0.44095
    outer loop
      vertex -33.8096 27.3333 57.7707
      vertex -36.5497 27.8519 53.5792
      vertex -36.3096 27.3333 53.4406
    endloop
  endfacet
  facet normal -0.763743 -0.471443 0.44095
    outer loop
      vertex -36.5497 27.8519 53.5792
      vertex -33.8096 27.3333 57.7707
      vertex -34.0497 27.8519 57.9093
    endloop
  endfacet
  facet normal 0.861859 -0.0979627 -0.497597
    outer loop
      vertex -31.6012 28.4147 50.7222
      vertex -29.0513 29 55.0235
      vertex -29.1012 28.4147 55.0523
    endloop
  endfacet
  facet normal 0.861859 -0.0979627 -0.497597
    outer loop
      vertex -29.0513 29 55.0235
      vertex -31.6012 28.4147 50.7222
      vertex -31.5513 29 50.6934
    endloop
  endfacet
  facet normal -0.549417 0.772997 0.317201
    outer loop
      vertex -33.0928 31.4944 57.3569
      vertex -35.9865 31.1213 53.254
      vertex -33.4865 31.1213 57.5842
    endloop
  endfacet
  facet normal -0.549417 0.772997 0.317201
    outer loop
      vertex -35.9865 31.1213 53.254
      vertex -33.0928 31.4944 57.3569
      vertex -35.5928 31.4944 53.0267
    endloop
  endfacet
  facet normal -0.251496 0.956904 0.145202
    outer loop
      vertex -32.1562 31.9424 56.8161
      vertex -35.1436 31.7716 52.7674
      vertex -32.6436 31.7716 57.0975
    endloop
  endfacet
  facet normal -0.251496 0.956904 0.145202
    outer loop
      vertex -35.1436 31.7716 52.7674
      vertex -32.1562 31.9424 56.8161
      vertex -34.6562 31.9424 52.486
    endloop
  endfacet
  facet normal -0.408174 -0.881964 0.235655
    outer loop
      vertex -35.5928 26.5056 53.0267
      vertex -32.6436 26.2284 57.0975
      vertex -33.0928 26.5056 57.3569
    endloop
  endfacet
  facet normal -0.408202 -0.881945 0.235677
    outer loop
      vertex -32.6436 26.2284 57.0975
      vertex -35.5928 26.5056 53.0267
      vertex -35.1436 26.2284 52.7674
    endloop
  endfacet
  facet normal -0.0848183 -0.995192 0.0489702
    outer loop
      vertex -34.6562 26.0576 52.486
      vertex -31.6493 26 56.5235
      vertex -32.1562 26.0576 56.8161
    endloop
  endfacet
  facet normal -0.0848183 -0.995192 0.0489702
    outer loop
      vertex -31.6493 26 56.5235
      vertex -34.6562 26.0576 52.486
      vertex -34.1493 26 52.1934
    endloop
  endfacet
  facet normal -0.861859 0.0979627 0.497597
    outer loop
      vertex -36.7474 29 53.6934
      vertex -34.1975 29.5853 57.9947
      vertex -36.6975 29.5853 53.6646
    endloop
  endfacet
  facet normal -0.861859 0.0979627 0.497597
    outer loop
      vertex -34.1975 29.5853 57.9947
      vertex -36.7474 29 53.6934
      vertex -34.2474 29 58.0235
    endloop
  endfacet
  facet normal 0.549414 0.772997 -0.317206
    outer loop
      vertex -29.8122 31.1213 55.4628
      vertex -32.7059 31.4944 51.36
      vertex -30.2059 31.4944 55.6901
    endloop
  endfacet
  facet normal 0.549414 0.772997 -0.317206
    outer loop
      vertex -32.7059 31.4944 51.36
      vertex -29.8122 31.1213 55.4628
      vertex -32.3122 31.1213 51.1327
    endloop
  endfacet
  facet normal 0.0848307 -0.995191 -0.0489774
    outer loop
      vertex -34.1493 26 52.1934
      vertex -31.1425 26.0576 56.2309
      vertex -31.6493 26 56.5235
    endloop
  endfacet
  facet normal 0.0848241 -0.995192 -0.0489724
    outer loop
      vertex -31.1425 26.0576 56.2309
      vertex -34.1493 26 52.1934
      vertex -33.6425 26.0576 51.9007
    endloop
  endfacet
  facet normal -0.0848183 0.995192 0.0489702
    outer loop
      vertex -31.6493 32 56.5235
      vertex -34.6562 31.9424 52.486
      vertex -32.1562 31.9424 56.8161
    endloop
  endfacet
  facet normal -0.0848183 0.995192 0.0489702
    outer loop
      vertex -34.6562 31.9424 52.486
      vertex -31.6493 32 56.5235
      vertex -34.1493 32 52.1934
    endloop
  endfacet
  facet normal -0.828744 -0.290246 0.478478
    outer loop
      vertex -34.0497 27.8519 57.9093
      vertex -36.6975 28.4147 53.6646
      vertex -36.5497 27.8519 53.5792
    endloop
  endfacet
  facet normal -0.828744 -0.290246 0.478478
    outer loop
      vertex -36.6975 28.4147 53.6646
      vertex -34.0497 27.8519 57.9093
      vertex -34.1975 28.4147 57.9947
    endloop
  endfacet
  facet normal -0.861859 -0.0979627 0.497597
    outer loop
      vertex -34.1975 28.4147 57.9947
      vertex -36.7474 29 53.6934
      vertex -36.6975 28.4147 53.6646
    endloop
  endfacet
  facet normal -0.861859 -0.0979627 0.497597
    outer loop
      vertex -36.7474 29 53.6934
      vertex -34.1975 28.4147 57.9947
      vertex -34.2474 29 58.0235
    endloop
  endfacet
  facet normal 0.669458 -0.634375 -0.386514
    outer loop
      vertex -32.3122 26.8787 51.1327
      vertex -29.4891 27.3333 55.2763
      vertex -29.8122 26.8787 55.4628
    endloop
  endfacet
  facet normal 0.669458 -0.634375 -0.386514
    outer loop
      vertex -29.4891 27.3333 55.2763
      vertex -32.3122 26.8787 51.1327
      vertex -31.9891 27.3333 50.9462
    endloop
  endfacet
  facet normal -0.669426 -0.634426 0.386487
    outer loop
      vertex -33.4865 26.8787 57.5842
      vertex -36.3096 27.3333 53.4406
      vertex -35.9865 26.8787 53.254
    endloop
  endfacet
  facet normal -0.669458 -0.634375 0.386514
    outer loop
      vertex -36.3096 27.3333 53.4406
      vertex -33.4865 26.8787 57.5842
      vertex -33.8096 27.3333 57.7707
    endloop
  endfacet
  facet normal 0.251498 0.956904 -0.1452
    outer loop
      vertex -30.6551 31.7716 55.9495
      vertex -33.6425 31.9424 51.9007
      vertex -31.1425 31.9424 56.2309
    endloop
  endfacet
  facet normal 0.251517 0.956897 -0.145214
    outer loop
      vertex -33.6425 31.9424 51.9007
      vertex -30.6551 31.7716 55.9495
      vertex -33.1551 31.7716 51.6194
    endloop
  endfacet
  facet normal 0.500011 1.57188e-05 0.866019
    outer loop
      vertex -30.3936 29 55.7985
      vertex -29.0513 29 55.0235
      vertex -29.1012 29.5853 55.0523
    endloop
  endfacet
  facet normal 0.500022 -9.63694e-05 0.866013
    outer loop
      vertex -30.4364 29.3753 55.8232
      vertex -29.1012 29.5853 55.0523
      vertex -29.249 30.148 55.1377
    endloop
  endfacet
  facet normal 0.500011 -1.57188e-05 0.866019
    outer loop
      vertex -29.0513 29 55.0235
      vertex -30.3936 29 55.7985
      vertex -29.1012 28.4147 55.0523
    endloop
  endfacet
  facet normal 0.499973 1.96005e-05 0.866041
    outer loop
      vertex -30.5618 29.725 55.8956
      vertex -29.249 30.148 55.1377
      vertex -29.4891 30.6667 55.2763
    endloop
  endfacet
  facet normal 0.500008 -2.56026e-05 0.866021
    outer loop
      vertex -30.4364 28.6247 55.8232
      vertex -29.1012 28.4147 55.0523
      vertex -30.3936 29 55.7985
    endloop
  endfacet
  facet normal 0.499954 3.63784e-05 0.866052
    outer loop
      vertex -30.7614 30.0253 56.0108
      vertex -29.4891 30.6667 55.2763
      vertex -29.8122 31.1213 55.4628
    endloop
  endfacet
  facet normal 0.500022 9.63529e-05 0.866013
    outer loop
      vertex -29.1012 28.4147 55.0523
      vertex -30.4364 28.6247 55.8232
      vertex -29.249 27.8519 55.1377
    endloop
  endfacet
  facet normal 0.500001 8.14656e-06 0.866025
    outer loop
      vertex -31.0215 30.2557 56.161
      vertex -29.8122 31.1213 55.4628
      vertex -30.2059 31.4944 55.6901
    endloop
  endfacet
  facet normal 0.49998 1.02475e-05 0.866037
    outer loop
      vertex -30.5618 28.275 55.8956
      vertex -29.249 27.8519 55.1377
      vertex -30.4364 28.6247 55.8232
    endloop
  endfacet
  facet normal 0.499973 -1.96031e-05 0.866041
    outer loop
      vertex -29.249 27.8519 55.1377
      vertex -30.5618 28.275 55.8956
      vertex -29.4891 27.3333 55.2763
    endloop
  endfacet
  facet normal 0.500008 2.56026e-05 0.866021
    outer loop
      vertex -29.1012 29.5853 55.0523
      vertex -30.4364 29.3753 55.8232
      vertex -30.3936 29 55.7985
    endloop
  endfacet
  facet normal 0.49998 -1.02478e-05 0.866037
    outer loop
      vertex -29.249 30.148 55.1377
      vertex -30.5618 29.725 55.8956
      vertex -30.4364 29.3753 55.8232
    endloop
  endfacet
  facet normal 0.500059 -4.24525e-05 0.865991
    outer loop
      vertex -31.0215 30.2557 56.161
      vertex -30.2059 31.4944 55.6901
      vertex -30.6551 31.7716 55.9495
    endloop
  endfacet
  facet normal 0.499944 6.32274e-05 0.866058
    outer loop
      vertex -29.4891 30.6667 55.2763
      vertex -30.7614 30.0253 56.0108
      vertex -30.5618 29.725 55.8956
    endloop
  endfacet
  facet normal 0.500038 -6.02359e-05 0.866004
    outer loop
      vertex -29.8122 31.1213 55.4628
      vertex -31.0215 30.2557 56.161
      vertex -30.7614 30.0253 56.0108
    endloop
  endfacet
  facet normal 0.500005 2.04519e-05 0.866023
    outer loop
      vertex -31.3243 30.4006 56.3359
      vertex -30.6551 31.7716 55.9495
      vertex -31.1425 31.9424 56.2309
    endloop
  endfacet
  facet normal 0.500143 -6.95993e-05 0.865943
    outer loop
      vertex -30.6551 31.7716 55.9495
      vertex -31.3243 30.4006 56.3359
      vertex -31.0215 30.2557 56.161
    endloop
  endfacet
  facet normal 0.499999 -0 0.866026
    outer loop
      vertex -31.6493 30.45 56.5235
      vertex -31.1425 31.9424 56.2309
      vertex -31.6493 32 56.5235
    endloop
  endfacet
  facet normal 0.499926 3.28045e-05 0.866068
    outer loop
      vertex -31.1425 31.9424 56.2309
      vertex -31.6493 30.45 56.5235
      vertex -31.3243 30.4006 56.3359
    endloop
  endfacet
  facet normal 0.499925 0 0.866069
    outer loop
      vertex -32.1562 31.9424 56.8161
      vertex -31.6493 30.45 56.5235
      vertex -31.6493 32 56.5235
    endloop
  endfacet
  facet normal 0.499813 -5.06215e-05 0.866133
    outer loop
      vertex -31.6493 30.45 56.5235
      vertex -32.1562 31.9424 56.8161
      vertex -31.9744 30.4006 56.7111
    endloop
  endfacet
  facet normal 0.500005 -2.04519e-05 0.866023
    outer loop
      vertex -32.6436 31.7716 57.0975
      vertex -31.9744 30.4006 56.7111
      vertex -32.1562 31.9424 56.8161
    endloop
  endfacet
  facet normal 0.500143 6.95993e-05 0.865943
    outer loop
      vertex -31.9744 30.4006 56.7111
      vertex -32.6436 31.7716 57.0975
      vertex -32.2772 30.2557 56.886
    endloop
  endfacet
  facet normal 0.500059 4.24525e-05 0.865991
    outer loop
      vertex -33.0928 31.4944 57.3569
      vertex -32.2772 30.2557 56.886
      vertex -32.6436 31.7716 57.0975
    endloop
  endfacet
  facet normal 0.500001 -8.14656e-06 0.866025
    outer loop
      vertex -33.4865 31.1213 57.5842
      vertex -32.2772 30.2557 56.886
      vertex -33.0928 31.4944 57.3569
    endloop
  endfacet
  facet normal 0.500038 6.02359e-05 0.866004
    outer loop
      vertex -32.2772 30.2557 56.886
      vertex -33.4865 31.1213 57.5842
      vertex -32.5373 30.0253 57.0362
    endloop
  endfacet
  facet normal 0.499954 -3.63784e-05 0.866052
    outer loop
      vertex -33.8096 30.6667 57.7707
      vertex -32.5373 30.0253 57.0362
      vertex -33.4865 31.1213 57.5842
    endloop
  endfacet
  facet normal 0.499991 6.14844e-05 0.86603
    outer loop
      vertex -32.5373 30.0253 57.0362
      vertex -33.8096 30.6667 57.7707
      vertex -32.7368 29.725 57.1514
    endloop
  endfacet
  facet normal 0.499944 -6.32274e-05 0.866058
    outer loop
      vertex -30.7614 27.9747 56.0108
      vertex -29.4891 27.3333 55.2763
      vertex -30.5618 28.275 55.8956
    endloop
  endfacet
  facet normal 0.499954 -3.63784e-05 0.866052
    outer loop
      vertex -29.4891 27.3333 55.2763
      vertex -30.7614 27.9747 56.0108
      vertex -29.8122 26.8787 55.4628
    endloop
  endfacet
  facet normal 0.500038 6.02359e-05 0.866004
    outer loop
      vertex -31.0215 27.7443 56.161
      vertex -29.8122 26.8787 55.4628
      vertex -30.7614 27.9747 56.0108
    endloop
  endfacet
  facet normal 0.500001 -8.14656e-06 0.866025
    outer loop
      vertex -29.8122 26.8787 55.4628
      vertex -31.0215 27.7443 56.161
      vertex -30.2059 26.5056 55.6901
    endloop
  endfacet
  facet normal 0.500059 4.24525e-05 0.865991
    outer loop
      vertex -30.2059 26.5056 55.6901
      vertex -31.0215 27.7443 56.161
      vertex -30.6551 26.2284 55.9495
    endloop
  endfacet
  facet normal 0.500143 6.95993e-05 0.865943
    outer loop
      vertex -31.3243 27.5994 56.3359
      vertex -30.6551 26.2284 55.9495
      vertex -31.0215 27.7443 56.161
    endloop
  endfacet
  facet normal 0.500005 -2.04519e-05 0.866023
    outer loop
      vertex -30.6551 26.2284 55.9495
      vertex -31.3243 27.5994 56.3359
      vertex -31.1425 26.0576 56.2309
    endloop
  endfacet
  facet normal 0.499926 -3.28045e-05 0.866068
    outer loop
      vertex -31.6493 27.55 56.5235
      vertex -31.1425 26.0576 56.2309
      vertex -31.3243 27.5994 56.3359
    endloop
  endfacet
  facet normal 0.499999 0 0.866026
    outer loop
      vertex -31.6493 27.55 56.5235
      vertex -31.6493 26 56.5235
      vertex -31.1425 26.0576 56.2309
    endloop
  endfacet
  facet normal 0.499813 5.06215e-05 0.866133
    outer loop
      vertex -32.1562 26.0576 56.8161
      vertex -31.6493 27.55 56.5235
      vertex -31.9744 27.5994 56.7111
    endloop
  endfacet
  facet normal 0.499925 0 0.866069
    outer loop
      vertex -31.6493 27.55 56.5235
      vertex -32.1562 26.0576 56.8161
      vertex -31.6493 26 56.5235
    endloop
  endfacet
  facet normal 0.500143 -6.95993e-05 0.865943
    outer loop
      vertex -32.6436 26.2284 57.0975
      vertex -31.9744 27.5994 56.7111
      vertex -32.2772 27.7443 56.886
    endloop
  endfacet
  facet normal 0.500038 -6.02359e-05 0.866004
    outer loop
      vertex -33.4865 26.8787 57.5842
      vertex -32.2772 27.7443 56.886
      vertex -32.5373 27.9747 57.0362
    endloop
  endfacet
  facet normal 0.500005 2.04519e-05 0.866023
    outer loop
      vertex -31.9744 27.5994 56.7111
      vertex -32.6436 26.2284 57.0975
      vertex -32.1562 26.0576 56.8161
    endloop
  endfacet
  facet normal 0.499991 -6.14844e-05 0.86603
    outer loop
      vertex -33.8096 27.3333 57.7707
      vertex -32.5373 27.9747 57.0362
      vertex -32.7368 28.275 57.1514
    endloop
  endfacet
  facet normal 0.499923 0.000105659 0.86607
    outer loop
      vertex -34.0497 27.8519 57.9093
      vertex -32.7368 28.275 57.1514
      vertex -32.8623 28.6247 57.2238
    endloop
  endfacet
  facet normal 0.500008 2.56026e-05 0.866021
    outer loop
      vertex -34.1975 28.4147 57.9947
      vertex -32.8623 28.6247 57.2238
      vertex -32.9051 29 57.2485
    endloop
  endfacet
  facet normal 0.500059 -4.24525e-05 0.865991
    outer loop
      vertex -32.2772 27.7443 56.886
      vertex -33.0928 26.5056 57.3569
      vertex -32.6436 26.2284 57.0975
    endloop
  endfacet
  facet normal 0.499948 -4.26076e-06 0.866055
    outer loop
      vertex -34.0497 30.148 57.9093
      vertex -32.7368 29.725 57.1514
      vertex -33.8096 30.6667 57.7707
    endloop
  endfacet
  facet normal 0.499923 -0.000105662 0.86607
    outer loop
      vertex -32.7368 29.725 57.1514
      vertex -34.0497 30.148 57.9093
      vertex -32.8623 29.3753 57.2238
    endloop
  endfacet
  facet normal 0.500011 -1.57188e-05 0.866019
    outer loop
      vertex -34.2474 29 58.0235
      vertex -32.9051 29 57.2485
      vertex -34.1975 29.5853 57.9947
    endloop
  endfacet
  facet normal 0.500022 9.63694e-05 0.866013
    outer loop
      vertex -34.1975 29.5853 57.9947
      vertex -32.8623 29.3753 57.2238
      vertex -34.0497 30.148 57.9093
    endloop
  endfacet
  facet normal 0.500008 -2.56026e-05 0.866021
    outer loop
      vertex -32.8623 29.3753 57.2238
      vertex -34.1975 29.5853 57.9947
      vertex -32.9051 29 57.2485
    endloop
  endfacet
  facet normal 0.500022 -9.63529e-05 0.866013
    outer loop
      vertex -32.8623 28.6247 57.2238
      vertex -34.1975 28.4147 57.9947
      vertex -34.0497 27.8519 57.9093
    endloop
  endfacet
  facet normal 0.500001 8.14656e-06 0.866025
    outer loop
      vertex -32.2772 27.7443 56.886
      vertex -33.4865 26.8787 57.5842
      vertex -33.0928 26.5056 57.3569
    endloop
  endfacet
  facet normal 0.499948 4.26134e-06 0.866055
    outer loop
      vertex -32.7368 28.275 57.1514
      vertex -34.0497 27.8519 57.9093
      vertex -33.8096 27.3333 57.7707
    endloop
  endfacet
  facet normal 0.499954 3.63784e-05 0.866052
    outer loop
      vertex -32.5373 27.9747 57.0362
      vertex -33.8096 27.3333 57.7707
      vertex -33.4865 26.8787 57.5842
    endloop
  endfacet
  facet normal 0.500011 1.57188e-05 0.866019
    outer loop
      vertex -32.9051 29 57.2485
      vertex -34.2474 29 58.0235
      vertex -34.1975 28.4147 57.9947
    endloop
  endfacet
  facet normal 0.763743 0.471443 -0.44095
    outer loop
      vertex 13.1862 -27.8519 30.6377
      vertex 10.4461 -27.3333 26.4462
      vertex 12.9461 -27.3333 30.7763
    endloop
  endfacet
  facet normal 0.763743 0.471443 -0.44095
    outer loop
      vertex 10.4461 -27.3333 26.4462
      vertex 13.1862 -27.8519 30.6377
      vertex 10.6862 -27.8519 26.3076
    endloop
  endfacet
  facet normal -0.669426 0.634426 0.386487
    outer loop
      vertex 6.12568 -27.3333 28.9406
      vertex 8.94878 -26.8787 33.0842
      vertex 6.44878 -26.8787 28.754
    endloop
  endfacet
  facet normal -0.669458 0.634375 0.386514
    outer loop
      vertex 8.94878 -26.8787 33.0842
      vertex 6.12568 -27.3333 28.9406
      vertex 8.62568 -27.3333 33.2707
    endloop
  endfacet
  facet normal 0.828708 0.290381 -0.478458
    outer loop
      vertex 13.3341 -28.4147 30.5523
      vertex 10.6862 -27.8519 26.3076
      vertex 13.1862 -27.8519 30.6377
    endloop
  endfacet
  facet normal 0.828708 0.290381 -0.478458
    outer loop
      vertex 10.6862 -27.8519 26.3076
      vertex 13.3341 -28.4147 30.5523
      vertex 10.8341 -28.4147 26.2222
    endloop
  endfacet
  facet normal -0.251518 0.956897 0.145215
    outer loop
      vertex 10.279 -26.0576 32.3161
      vertex 7.29166 -26.2284 28.2674
      vertex 9.79166 -26.2284 32.5975
    endloop
  endfacet
  facet normal -0.251504 0.956902 0.145205
    outer loop
      vertex 7.29166 -26.2284 28.2674
      vertex 10.279 -26.0576 32.3161
      vertex 7.77904 -26.0576 27.986
    endloop
  endfacet
  facet normal 0.861859 -0.0979627 -0.497597
    outer loop
      vertex 10.8341 -29.5853 26.2222
      vertex 13.384 -29 30.5235
      vertex 13.3341 -29.5853 30.5523
    endloop
  endfacet
  facet normal 0.861859 -0.0979627 -0.497597
    outer loop
      vertex 13.384 -29 30.5235
      vertex 10.8341 -29.5853 26.2222
      vertex 10.884 -29 26.1934
    endloop
  endfacet
  facet normal 0.408173 -0.881964 -0.235656
    outer loop
      vertex 9.28014 -31.7716 27.1194
      vertex 12.2293 -31.4944 31.1901
      vertex 11.7801 -31.7716 31.4495
    endloop
  endfacet
  facet normal 0.408188 -0.881954 -0.235668
    outer loop
      vertex 12.2293 -31.4944 31.1901
      vertex 9.28014 -31.7716 27.1194
      vertex 9.72931 -31.4944 26.86
    endloop
  endfacet
  facet normal -0.763781 -0.471361 0.440972
    outer loop
      vertex 8.62568 -30.6667 33.2707
      vertex 5.88559 -30.148 29.0792
      vertex 6.12568 -30.6667 28.9406
    endloop
  endfacet
  facet normal -0.763781 -0.471361 0.440972
    outer loop
      vertex 5.88559 -30.148 29.0792
      vertex 8.62568 -30.6667 33.2707
      vertex 8.38559 -30.148 33.4093
    endloop
  endfacet
  facet normal 0.251532 -0.956892 -0.145222
    outer loop
      vertex 8.79276 -31.9424 27.4007
      vertex 11.7801 -31.7716 31.4495
      vertex 11.2928 -31.9424 31.7309
    endloop
  endfacet
  facet normal 0.251525 -0.956895 -0.145217
    outer loop
      vertex 11.7801 -31.7716 31.4495
      vertex 8.79276 -31.9424 27.4007
      vertex 9.28014 -31.7716 27.1194
    endloop
  endfacet
  facet normal -0.549417 0.772997 0.317201
    outer loop
      vertex 9.34248 -26.5056 32.8569
      vertex 6.44878 -26.8787 28.754
      vertex 8.94878 -26.8787 33.0842
    endloop
  endfacet
  facet normal -0.549417 0.772997 0.317201
    outer loop
      vertex 6.44878 -26.8787 28.754
      vertex 9.34248 -26.5056 32.8569
      vertex 6.84248 -26.5056 28.5267
    endloop
  endfacet
  facet normal 0.861859 0.0979627 -0.497597
    outer loop
      vertex 13.384 -29 30.5235
      vertex 10.8341 -28.4147 26.2222
      vertex 13.3341 -28.4147 30.5523
    endloop
  endfacet
  facet normal 0.861859 0.0979627 -0.497597
    outer loop
      vertex 10.8341 -28.4147 26.2222
      vertex 13.384 -29 30.5235
      vertex 10.884 -29 26.1934
    endloop
  endfacet
  facet normal -0.408184 -0.881958 0.235661
    outer loop
      vertex 6.84248 -31.4944 28.5267
      vertex 9.79166 -31.7716 32.5975
      vertex 9.34248 -31.4944 32.8569
    endloop
  endfacet
  facet normal -0.408212 -0.881939 0.235683
    outer loop
      vertex 9.79166 -31.7716 32.5975
      vertex 6.84248 -31.4944 28.5267
      vertex 7.29166 -31.7716 28.2674
    endloop
  endfacet
  facet normal -0.549417 -0.772997 0.317201
    outer loop
      vertex 6.44878 -31.1213 28.754
      vertex 9.34248 -31.4944 32.8569
      vertex 8.94878 -31.1213 33.0842
    endloop
  endfacet
  facet normal -0.549417 -0.772997 0.317201
    outer loop
      vertex 9.34248 -31.4944 32.8569
      vertex 6.44878 -31.1213 28.754
      vertex 6.84248 -31.4944 28.5267
    endloop
  endfacet
  facet normal -0.251518 -0.956897 0.145215
    outer loop
      vertex 7.29166 -31.7716 28.2674
      vertex 10.279 -31.9424 32.3161
      vertex 9.79166 -31.7716 32.5975
    endloop
  endfacet
  facet normal -0.251504 -0.956902 0.145205
    outer loop
      vertex 10.279 -31.9424 32.3161
      vertex 7.29166 -31.7716 28.2674
      vertex 7.77904 -31.9424 27.986
    endloop
  endfacet
  facet normal -0.408184 0.881958 0.235661
    outer loop
      vertex 9.79166 -26.2284 32.5975
      vertex 6.84248 -26.5056 28.5267
      vertex 9.34248 -26.5056 32.8569
    endloop
  endfacet
  facet normal -0.408212 0.881939 0.235683
    outer loop
      vertex 6.84248 -26.5056 28.5267
      vertex 9.79166 -26.2284 32.5975
      vertex 7.29166 -26.2284 28.2674
    endloop
  endfacet
  facet normal 0.499983 1.25435e-05 0.866035
    outer loop
      vertex 12.0416 -29 31.2985
      vertex 13.384 -29 30.5235
      vertex 13.3341 -28.4147 30.5523
    endloop
  endfacet
  facet normal 0.499985 -2.04843e-05 0.866034
    outer loop
      vertex 11.9988 -28.6247 31.3232
      vertex 13.3341 -28.4147 30.5523
      vertex 13.1862 -27.8519 30.6377
    endloop
  endfacet
  facet normal 0.499983 -1.25435e-05 0.866035
    outer loop
      vertex 13.384 -29 30.5235
      vertex 12.0416 -29 31.2985
      vertex 13.3341 -29.5853 30.5523
    endloop
  endfacet
  facet normal 0.499973 1.96031e-05 0.866041
    outer loop
      vertex 11.8734 -28.275 31.3956
      vertex 13.1862 -27.8519 30.6377
      vertex 12.9461 -27.3333 30.7763
    endloop
  endfacet
  facet normal 0.49998 -2.14079e-05 0.866037
    outer loop
      vertex 11.9988 -29.3753 31.3232
      vertex 13.3341 -29.5853 30.5523
      vertex 12.0416 -29 31.2985
    endloop
  endfacet
  facet normal 0.499992 7.19943e-05 0.86603
    outer loop
      vertex 11.6738 -27.9747 31.5109
      vertex 12.9461 -27.3333 30.7763
      vertex 12.623 -26.8787 30.9628
    endloop
  endfacet
  facet normal 0.499985 2.04878e-05 0.866034
    outer loop
      vertex 13.3341 -29.5853 30.5523
      vertex 11.9988 -29.3753 31.3232
      vertex 13.1862 -30.148 30.6377
    endloop
  endfacet
  facet normal 0.500019 3.30029e-05 0.866015
    outer loop
      vertex 11.4138 -27.7443 31.661
      vertex 12.623 -26.8787 30.9628
      vertex 12.2293 -26.5056 31.1901
    endloop
  endfacet
  facet normal 0.49998 1.02478e-05 0.866037
    outer loop
      vertex 11.8734 -29.725 31.3956
      vertex 13.1862 -30.148 30.6377
      vertex 11.9988 -29.3753 31.3232
    endloop
  endfacet
  facet normal 0.499973 -1.96005e-05 0.866041
    outer loop
      vertex 13.1862 -30.148 30.6377
      vertex 11.8734 -29.725 31.3956
      vertex 12.9461 -30.6667 30.7763
    endloop
  endfacet
  facet normal 0.49998 2.14079e-05 0.866037
    outer loop
      vertex 13.3341 -28.4147 30.5523
      vertex 11.9988 -28.6247 31.3232
      vertex 12.0416 -29 31.2985
    endloop
  endfacet
  facet normal 0.49998 -1.02475e-05 0.866037
    outer loop
      vertex 13.1862 -27.8519 30.6377
      vertex 11.8734 -28.275 31.3956
      vertex 11.9988 -28.6247 31.3232
    endloop
  endfacet
  facet normal 0.500072 -1.37454e-05 0.865984
    outer loop
      vertex 11.4138 -27.7443 31.661
      vertex 12.2293 -26.5056 31.1901
      vertex 11.7801 -26.2284 31.4495
    endloop
  endfacet
  facet normal 0.500064 -0.00011889 0.865988
    outer loop
      vertex 12.9461 -27.3333 30.7763
      vertex 11.6738 -27.9747 31.5109
      vertex 11.8734 -28.275 31.3956
    endloop
  endfacet
  facet normal 0.500008 5.34411e-05 0.866021
    outer loop
      vertex 12.623 -26.8787 30.9628
      vertex 11.4138 -27.7443 31.661
      vertex 11.6738 -27.9747 31.5109
    endloop
  endfacet
  facet normal 0.50007 -2.23141e-05 0.865985
    outer loop
      vertex 11.1109 -27.5994 31.8359
      vertex 11.7801 -26.2284 31.4495
      vertex 11.2928 -26.0576 31.7309
    endloop
  endfacet
  facet normal 0.500043 -4.26033e-06 0.866001
    outer loop
      vertex 11.7801 -26.2284 31.4495
      vertex 11.1109 -27.5994 31.8359
      vertex 11.4138 -27.7443 31.661
    endloop
  endfacet
  facet normal 0.499925 -0 0.866069
    outer loop
      vertex 10.7859 -27.55 32.0235
      vertex 11.2928 -26.0576 31.7309
      vertex 10.7859 -26 32.0235
    endloop
  endfacet
  facet normal 0.499922 9.50847e-07 0.86607
    outer loop
      vertex 11.2928 -26.0576 31.7309
      vertex 10.7859 -27.55 32.0235
      vertex 11.1109 -27.5994 31.8359
    endloop
  endfacet
  facet normal 0.499925 0 0.866069
    outer loop
      vertex 10.279 -26.0576 32.3161
      vertex 10.7859 -27.55 32.0235
      vertex 10.7859 -26 32.0235
    endloop
  endfacet
  facet normal 0.499922 -9.50847e-07 0.86607
    outer loop
      vertex 10.7859 -27.55 32.0235
      vertex 10.279 -26.0576 32.3161
      vertex 10.4609 -27.5994 32.2111
    endloop
  endfacet
  facet normal 0.500041 1.76643e-05 0.866002
    outer loop
      vertex 9.79166 -26.2284 32.5975
      vertex 10.4609 -27.5994 32.2111
      vertex 10.279 -26.0576 32.3161
    endloop
  endfacet
  facet normal 0.500038 1.60877e-05 0.866003
    outer loop
      vertex 10.4609 -27.5994 32.2111
      vertex 9.79166 -26.2284 32.5975
      vertex 10.158 -27.7443 32.386
    endloop
  endfacet
  facet normal 0.500081 2.99107e-05 0.865978
    outer loop
      vertex 9.34248 -26.5056 32.8569
      vertex 10.158 -27.7443 32.386
      vertex 9.79166 -26.2284 32.5975
    endloop
  endfacet
  facet normal 0.500015 -2.80315e-05 0.866017
    outer loop
      vertex 8.94878 -26.8787 33.0842
      vertex 10.158 -27.7443 32.386
      vertex 9.34248 -26.5056 32.8569
    endloop
  endfacet
  facet normal 0.50009 0.000111606 0.865973
    outer loop
      vertex 10.158 -27.7443 32.386
      vertex 8.94878 -26.8787 33.0842
      vertex 9.89796 -27.9747 32.5362
    endloop
  endfacet
  facet normal 0.499959 -4.04906e-05 0.866049
    outer loop
      vertex 8.62568 -27.3333 33.2707
      vertex 9.89796 -27.9747 32.5362
      vertex 8.94878 -26.8787 33.0842
    endloop
  endfacet
  facet normal 0.499967 -1.72576e-05 0.866044
    outer loop
      vertex 9.89796 -27.9747 32.5362
      vertex 8.62568 -27.3333 33.2707
      vertex 9.6984 -28.275 32.6514
    endloop
  endfacet
  facet normal 0.500064 0.00011889 0.865988
    outer loop
      vertex 11.6738 -30.0253 31.5109
      vertex 12.9461 -30.6667 30.7763
      vertex 11.8734 -29.725 31.3956
    endloop
  endfacet
  facet normal 0.499992 -7.19943e-05 0.86603
    outer loop
      vertex 12.9461 -30.6667 30.7763
      vertex 11.6738 -30.0253 31.5109
      vertex 12.623 -31.1213 30.9628
    endloop
  endfacet
  facet normal 0.500008 -5.34411e-05 0.866021
    outer loop
      vertex 11.4138 -30.2557 31.661
      vertex 12.623 -31.1213 30.9628
      vertex 11.6738 -30.0253 31.5109
    endloop
  endfacet
  facet normal 0.500019 -3.30029e-05 0.866015
    outer loop
      vertex 12.623 -31.1213 30.9628
      vertex 11.4138 -30.2557 31.661
      vertex 12.2293 -31.4944 31.1901
    endloop
  endfacet
  facet normal 0.500072 1.37454e-05 0.865984
    outer loop
      vertex 12.2293 -31.4944 31.1901
      vertex 11.4138 -30.2557 31.661
      vertex 11.7801 -31.7716 31.4495
    endloop
  endfacet
  facet normal 0.500043 4.26033e-06 0.866001
    outer loop
      vertex 11.1109 -30.4006 31.8359
      vertex 11.7801 -31.7716 31.4495
      vertex 11.4138 -30.2557 31.661
    endloop
  endfacet
  facet normal 0.50007 2.23141e-05 0.865985
    outer loop
      vertex 11.7801 -31.7716 31.4495
      vertex 11.1109 -30.4006 31.8359
      vertex 11.2928 -31.9424 31.7309
    endloop
  endfacet
  facet normal 0.499922 -9.50847e-07 0.86607
    outer loop
      vertex 10.7859 -30.45 32.0235
      vertex 11.2928 -31.9424 31.7309
      vertex 11.1109 -30.4006 31.8359
    endloop
  endfacet
  facet normal 0.499925 0 0.866069
    outer loop
      vertex 10.7859 -30.45 32.0235
      vertex 10.7859 -32 32.0235
      vertex 11.2928 -31.9424 31.7309
    endloop
  endfacet
  facet normal 0.499922 9.50847e-07 0.86607
    outer loop
      vertex 10.279 -31.9424 32.3161
      vertex 10.7859 -30.45 32.0235
      vertex 10.4609 -30.4006 32.2111
    endloop
  endfacet
  facet normal 0.499925 0 0.866069
    outer loop
      vertex 10.7859 -30.45 32.0235
      vertex 10.279 -31.9424 32.3161
      vertex 10.7859 -32 32.0235
    endloop
  endfacet
  facet normal 0.500038 -1.60877e-05 0.866003
    outer loop
      vertex 9.79166 -31.7716 32.5975
      vertex 10.4609 -30.4006 32.2111
      vertex 10.158 -30.2557 32.386
    endloop
  endfacet
  facet normal 0.50009 -0.000111606 0.865973
    outer loop
      vertex 8.94878 -31.1213 33.0842
      vertex 10.158 -30.2557 32.386
      vertex 9.89796 -30.0253 32.5362
    endloop
  endfacet
  facet normal 0.500041 -1.76643e-05 0.866002
    outer loop
      vertex 10.4609 -30.4006 32.2111
      vertex 9.79166 -31.7716 32.5975
      vertex 10.279 -31.9424 32.3161
    endloop
  endfacet
  facet normal 0.499967 1.72576e-05 0.866044
    outer loop
      vertex 8.62568 -30.6667 33.2707
      vertex 9.89796 -30.0253 32.5362
      vertex 9.6984 -29.725 32.6514
    endloop
  endfacet
  facet normal 0.499962 5.26083e-05 0.866047
    outer loop
      vertex 8.38559 -30.148 33.4093
      vertex 9.6984 -29.725 32.6514
      vertex 9.57295 -29.3753 32.7238
    endloop
  endfacet
  facet normal 0.500006 1.2095e-05 0.866022
    outer loop
      vertex 8.23774 -29.5853 33.4947
      vertex 9.57295 -29.3753 32.7238
      vertex 9.53016 -29 32.7485
    endloop
  endfacet
  facet normal 0.500081 -2.99107e-05 0.865978
    outer loop
      vertex 10.158 -30.2557 32.386
      vertex 9.34248 -31.4944 32.8569
      vertex 9.79166 -31.7716 32.5975
    endloop
  endfacet
  facet normal 0.499972 -9.67981e-06 0.866041
    outer loop
      vertex 8.38559 -27.8519 33.4093
      vertex 9.6984 -28.275 32.6514
      vertex 8.62568 -27.3333 33.2707
    endloop
  endfacet
  facet normal 0.499962 -5.2607e-05 0.866047
    outer loop
      vertex 9.6984 -28.275 32.6514
      vertex 8.38559 -27.8519 33.4093
      vertex 9.57295 -28.6247 32.7238
    endloop
  endfacet
  facet normal 0.5 -3.15339e-05 0.866026
    outer loop
      vertex 8.18782 -29 33.5235
      vertex 9.53016 -29 32.7485
      vertex 8.23774 -28.4147 33.4947
    endloop
  endfacet
  facet normal 0.500014 5.46379e-05 0.866017
    outer loop
      vertex 8.23774 -28.4147 33.4947
      vertex 9.57295 -28.6247 32.7238
      vertex 8.38559 -27.8519 33.4093
    endloop
  endfacet
  facet normal 0.500006 -1.2095e-05 0.866022
    outer loop
      vertex 9.57295 -28.6247 32.7238
      vertex 8.23774 -28.4147 33.4947
      vertex 9.53016 -29 32.7485
    endloop
  endfacet
  facet normal 0.500014 -5.46472e-05 0.866017
    outer loop
      vertex 9.57295 -29.3753 32.7238
      vertex 8.23774 -29.5853 33.4947
      vertex 8.38559 -30.148 33.4093
    endloop
  endfacet
  facet normal 0.500015 2.80315e-05 0.866017
    outer loop
      vertex 10.158 -30.2557 32.386
      vertex 8.94878 -31.1213 33.0842
      vertex 9.34248 -31.4944 32.8569
    endloop
  endfacet
  facet normal 0.499972 9.67848e-06 0.866041
    outer loop
      vertex 9.6984 -29.725 32.6514
      vertex 8.38559 -30.148 33.4093
      vertex 8.62568 -30.6667 33.2707
    endloop
  endfacet
  facet normal 0.499959 4.04906e-05 0.866049
    outer loop
      vertex 9.89796 -30.0253 32.5362
      vertex 8.62568 -30.6667 33.2707
      vertex 8.94878 -31.1213 33.0842
    endloop
  endfacet
  facet normal 0.5 3.15339e-05 0.866026
    outer loop
      vertex 9.53016 -29 32.7485
      vertex 8.18782 -29 33.5235
      vertex 8.23774 -29.5853 33.4947
    endloop
  endfacet
  facet normal 0.549414 0.772997 -0.317205
    outer loop
      vertex 12.623 -26.8787 30.9628
      vertex 9.72931 -26.5056 26.86
      vertex 12.2293 -26.5056 31.1901
    endloop
  endfacet
  facet normal 0.54942 0.772991 -0.31721
    outer loop
      vertex 9.72931 -26.5056 26.86
      vertex 12.623 -26.8787 30.9628
      vertex 10.123 -26.8787 26.6327
    endloop
  endfacet
  facet normal -0.0848187 0.995192 0.0489696
    outer loop
      vertex 10.7859 -26 32.0235
      vertex 7.77904 -26.0576 27.986
      vertex 10.279 -26.0576 32.3161
    endloop
  endfacet
  facet normal -0.0848233 0.995192 0.0489731
    outer loop
      vertex 7.77904 -26.0576 27.986
      vertex 10.7859 -26 32.0235
      vertex 8.2859 -26 27.6934
    endloop
  endfacet
  facet normal 0.251532 0.956892 -0.145222
    outer loop
      vertex 11.7801 -26.2284 31.4495
      vertex 8.79276 -26.0576 27.4007
      vertex 11.2928 -26.0576 31.7309
    endloop
  endfacet
  facet normal 0.251525 0.956895 -0.145217
    outer loop
      vertex 8.79276 -26.0576 27.4007
      vertex 11.7801 -26.2284 31.4495
      vertex 9.28014 -26.2284 27.1194
    endloop
  endfacet
  facet normal -0.861856 0.0979918 0.497596
    outer loop
      vertex 5.68782 -29 29.1934
      vertex 8.23774 -28.4147 33.4947
      vertex 5.73774 -28.4147 29.1646
    endloop
  endfacet
  facet normal -0.861856 0.0979918 0.497596
    outer loop
      vertex 8.23774 -28.4147 33.4947
      vertex 5.68782 -29 29.1934
      vertex 8.18782 -29 33.5235
    endloop
  endfacet
  facet normal 0.669458 0.634375 -0.386514
    outer loop
      vertex 12.9461 -27.3333 30.7763
      vertex 10.123 -26.8787 26.6327
      vertex 12.623 -26.8787 30.9628
    endloop
  endfacet
  facet normal 0.669458 0.634375 -0.386514
    outer loop
      vertex 10.123 -26.8787 26.6327
      vertex 12.9461 -27.3333 30.7763
      vertex 10.4461 -27.3333 26.4462
    endloop
  endfacet
  facet normal 0.408173 0.881964 -0.235656
    outer loop
      vertex 12.2293 -26.5056 31.1901
      vertex 9.28014 -26.2284 27.1194
      vertex 11.7801 -26.2284 31.4495
    endloop
  endfacet
  facet normal 0.408188 0.881954 -0.235668
    outer loop
      vertex 9.28014 -26.2284 27.1194
      vertex 12.2293 -26.5056 31.1901
      vertex 9.72931 -26.5056 26.86
    endloop
  endfacet
  facet normal 0.549414 -0.772997 -0.317205
    outer loop
      vertex 9.72931 -31.4944 26.86
      vertex 12.623 -31.1213 30.9628
      vertex 12.2293 -31.4944 31.1901
    endloop
  endfacet
  facet normal 0.54942 -0.772991 -0.31721
    outer loop
      vertex 12.623 -31.1213 30.9628
      vertex 9.72931 -31.4944 26.86
      vertex 10.123 -31.1213 26.6327
    endloop
  endfacet
  facet normal -0.861856 -0.0979918 0.497596
    outer loop
      vertex 8.23774 -29.5853 33.4947
      vertex 5.68782 -29 29.1934
      vertex 5.73774 -29.5853 29.1646
    endloop
  endfacet
  facet normal -0.861856 -0.0979918 0.497596
    outer loop
      vertex 5.68782 -29 29.1934
      vertex 8.23774 -29.5853 33.4947
      vertex 8.18782 -29 33.5235
    endloop
  endfacet
  facet normal -0.669426 -0.634426 0.386487
    outer loop
      vertex 8.94878 -31.1213 33.0842
      vertex 6.12568 -30.6667 28.9406
      vertex 6.44878 -31.1213 28.754
    endloop
  endfacet
  facet normal -0.669458 -0.634375 0.386514
    outer loop
      vertex 6.12568 -30.6667 28.9406
      vertex 8.94878 -31.1213 33.0842
      vertex 8.62568 -30.6667 33.2707
    endloop
  endfacet
  facet normal 0.0848183 0.995192 -0.0489702
    outer loop
      vertex 11.2928 -26.0576 31.7309
      vertex 8.2859 -26 27.6934
      vertex 10.7859 -26 32.0235
    endloop
  endfacet
  facet normal 0.0848163 0.995193 -0.0489686
    outer loop
      vertex 8.2859 -26 27.6934
      vertex 11.2928 -26.0576 31.7309
      vertex 8.79276 -26.0576 27.4007
    endloop
  endfacet
  facet normal -0.828713 -0.29036 0.478461
    outer loop
      vertex 8.38559 -30.148 33.4093
      vertex 5.73774 -29.5853 29.1646
      vertex 5.88559 -30.148 29.0792
    endloop
  endfacet
  facet normal -0.828713 -0.29036 0.478461
    outer loop
      vertex 5.73774 -29.5853 29.1646
      vertex 8.38559 -30.148 33.4093
      vertex 8.23774 -29.5853 33.4947
    endloop
  endfacet
  facet normal 0.669458 -0.634375 -0.386514
    outer loop
      vertex 10.123 -31.1213 26.6327
      vertex 12.9461 -30.6667 30.7763
      vertex 12.623 -31.1213 30.9628
    endloop
  endfacet
  facet normal 0.669458 -0.634375 -0.386514
    outer loop
      vertex 12.9461 -30.6667 30.7763
      vertex 10.123 -31.1213 26.6327
      vertex 10.4461 -30.6667 26.4462
    endloop
  endfacet
  facet normal 0.0848183 -0.995192 -0.0489702
    outer loop
      vertex 8.2859 -32 27.6934
      vertex 11.2928 -31.9424 31.7309
      vertex 10.7859 -32 32.0235
    endloop
  endfacet
  facet normal 0.0848163 -0.995193 -0.0489686
    outer loop
      vertex 11.2928 -31.9424 31.7309
      vertex 8.2859 -32 27.6934
      vertex 8.79276 -31.9424 27.4007
    endloop
  endfacet
  facet normal -0.763749 0.471432 0.440953
    outer loop
      vertex 5.88559 -27.8519 29.0792
      vertex 8.62568 -27.3333 33.2707
      vertex 6.12568 -27.3333 28.9406
    endloop
  endfacet
  facet normal -0.763749 0.471432 0.440953
    outer loop
      vertex 8.62568 -27.3333 33.2707
      vertex 5.88559 -27.8519 29.0792
      vertex 8.38559 -27.8519 33.4093
    endloop
  endfacet
  facet normal -0.828726 0.290313 0.478468
    outer loop
      vertex 5.73774 -28.4147 29.1646
      vertex 8.38559 -27.8519 33.4093
      vertex 5.88559 -27.8519 29.0792
    endloop
  endfacet
  facet normal -0.828726 0.290313 0.478468
    outer loop
      vertex 8.38559 -27.8519 33.4093
      vertex 5.73774 -28.4147 29.1646
      vertex 8.23774 -28.4147 33.4947
    endloop
  endfacet
  facet normal -0.0848187 -0.995192 0.0489696
    outer loop
      vertex 7.77904 -31.9424 27.986
      vertex 10.7859 -32 32.0235
      vertex 10.279 -31.9424 32.3161
    endloop
  endfacet
  facet normal -0.0848233 -0.995192 0.0489731
    outer loop
      vertex 10.7859 -32 32.0235
      vertex 7.77904 -31.9424 27.986
      vertex 8.2859 -32 27.6934
    endloop
  endfacet
  facet normal 0.763776 -0.471373 -0.440969
    outer loop
      vertex 10.4461 -30.6667 26.4462
      vertex 13.1862 -30.148 30.6377
      vertex 12.9461 -30.6667 30.7763
    endloop
  endfacet
  facet normal 0.763776 -0.471373 -0.440969
    outer loop
      vertex 13.1862 -30.148 30.6377
      vertex 10.4461 -30.6667 26.4462
      vertex 10.6862 -30.148 26.3076
    endloop
  endfacet
  facet normal 0.828696 -0.290428 -0.478451
    outer loop
      vertex 10.6862 -30.148 26.3076
      vertex 13.3341 -29.5853 30.5523
      vertex 13.1862 -30.148 30.6377
    endloop
  endfacet
  facet normal 0.828696 -0.290428 -0.478451
    outer loop
      vertex 13.3341 -29.5853 30.5523
      vertex 10.6862 -30.148 26.3076
      vertex 10.8341 -29.5853 26.2222
    endloop
  endfacet
  facet normal 0.408173 0.881964 -0.235656
    outer loop
      vertex 12.2293 31.4944 31.1901
      vertex 9.28014 31.7716 27.1194
      vertex 11.7801 31.7716 31.4495
    endloop
  endfacet
  facet normal 0.408188 0.881954 -0.235668
    outer loop
      vertex 9.28014 31.7716 27.1194
      vertex 12.2293 31.4944 31.1901
      vertex 9.72931 31.4944 26.86
    endloop
  endfacet
  facet normal 0.828696 0.290428 -0.478451
    outer loop
      vertex 13.3341 29.5853 30.5523
      vertex 10.6862 30.148 26.3076
      vertex 13.1862 30.148 30.6377
    endloop
  endfacet
  facet normal 0.828696 0.290428 -0.478451
    outer loop
      vertex 10.6862 30.148 26.3076
      vertex 13.3341 29.5853 30.5523
      vertex 10.8341 29.5853 26.2222
    endloop
  endfacet
  facet normal 0.861859 0.0979627 -0.497597
    outer loop
      vertex 13.384 29 30.5235
      vertex 10.8341 29.5853 26.2222
      vertex 13.3341 29.5853 30.5523
    endloop
  endfacet
  facet normal 0.861859 0.0979627 -0.497597
    outer loop
      vertex 10.8341 29.5853 26.2222
      vertex 13.384 29 30.5235
      vertex 10.884 29 26.1934
    endloop
  endfacet
  facet normal 0.763776 0.471373 -0.440969
    outer loop
      vertex 13.1862 30.148 30.6377
      vertex 10.4461 30.6667 26.4462
      vertex 12.9461 30.6667 30.7763
    endloop
  endfacet
  facet normal 0.763776 0.471373 -0.440969
    outer loop
      vertex 10.4461 30.6667 26.4462
      vertex 13.1862 30.148 30.6377
      vertex 10.6862 30.148 26.3076
    endloop
  endfacet
  facet normal 0.828708 -0.290381 -0.478458
    outer loop
      vertex 10.6862 27.8519 26.3076
      vertex 13.3341 28.4147 30.5523
      vertex 13.1862 27.8519 30.6377
    endloop
  endfacet
  facet normal 0.828708 -0.290381 -0.478458
    outer loop
      vertex 13.3341 28.4147 30.5523
      vertex 10.6862 27.8519 26.3076
      vertex 10.8341 28.4147 26.2222
    endloop
  endfacet
  facet normal 0.549414 -0.772997 -0.317205
    outer loop
      vertex 9.72931 26.5056 26.86
      vertex 12.623 26.8787 30.9628
      vertex 12.2293 26.5056 31.1901
    endloop
  endfacet
  facet normal 0.54942 -0.772991 -0.31721
    outer loop
      vertex 12.623 26.8787 30.9628
      vertex 9.72931 26.5056 26.86
      vertex 10.123 26.8787 26.6327
    endloop
  endfacet
  facet normal 0.251532 -0.956892 -0.145222
    outer loop
      vertex 8.79276 26.0576 27.4007
      vertex 11.7801 26.2284 31.4495
      vertex 11.2928 26.0576 31.7309
    endloop
  endfacet
  facet normal 0.251525 -0.956895 -0.145217
    outer loop
      vertex 11.7801 26.2284 31.4495
      vertex 8.79276 26.0576 27.4007
      vertex 9.28014 26.2284 27.1194
    endloop
  endfacet
  facet normal 0.669458 0.634375 -0.386514
    outer loop
      vertex 12.9461 30.6667 30.7763
      vertex 10.123 31.1213 26.6327
      vertex 12.623 31.1213 30.9628
    endloop
  endfacet
  facet normal 0.669458 0.634375 -0.386514
    outer loop
      vertex 10.123 31.1213 26.6327
      vertex 12.9461 30.6667 30.7763
      vertex 10.4461 30.6667 26.4462
    endloop
  endfacet
  facet normal -0.669426 0.634426 0.386487
    outer loop
      vertex 6.12568 30.6667 28.9406
      vertex 8.94878 31.1213 33.0842
      vertex 6.44878 31.1213 28.754
    endloop
  endfacet
  facet normal -0.669458 0.634375 0.386514
    outer loop
      vertex 8.94878 31.1213 33.0842
      vertex 6.12568 30.6667 28.9406
      vertex 8.62568 30.6667 33.2707
    endloop
  endfacet
  facet normal 0.763743 -0.471443 -0.44095
    outer loop
      vertex 10.4461 27.3333 26.4462
      vertex 13.1862 27.8519 30.6377
      vertex 12.9461 27.3333 30.7763
    endloop
  endfacet
  facet normal 0.763743 -0.471443 -0.44095
    outer loop
      vertex 13.1862 27.8519 30.6377
      vertex 10.4461 27.3333 26.4462
      vertex 10.6862 27.8519 26.3076
    endloop
  endfacet
  facet normal -0.549417 -0.772997 0.317201
    outer loop
      vertex 6.44878 26.8787 28.754
      vertex 9.34248 26.5056 32.8569
      vertex 8.94878 26.8787 33.0842
    endloop
  endfacet
  facet normal -0.549417 -0.772997 0.317201
    outer loop
      vertex 9.34248 26.5056 32.8569
      vertex 6.44878 26.8787 28.754
      vertex 6.84248 26.5056 28.5267
    endloop
  endfacet
  facet normal -0.408184 0.881958 0.235661
    outer loop
      vertex 9.79166 31.7716 32.5975
      vertex 6.84248 31.4944 28.5267
      vertex 9.34248 31.4944 32.8569
    endloop
  endfacet
  facet normal -0.408212 0.881939 0.235683
    outer loop
      vertex 6.84248 31.4944 28.5267
      vertex 9.79166 31.7716 32.5975
      vertex 7.29166 31.7716 28.2674
    endloop
  endfacet
  facet normal 0.408173 -0.881964 -0.235656
    outer loop
      vertex 9.28014 26.2284 27.1194
      vertex 12.2293 26.5056 31.1901
      vertex 11.7801 26.2284 31.4495
    endloop
  endfacet
  facet normal 0.408188 -0.881954 -0.235668
    outer loop
      vertex 12.2293 26.5056 31.1901
      vertex 9.28014 26.2284 27.1194
      vertex 9.72931 26.5056 26.86
    endloop
  endfacet
  facet normal 0.0848183 0.995192 -0.0489702
    outer loop
      vertex 11.2928 31.9424 31.7309
      vertex 8.2859 32 27.6934
      vertex 10.7859 32 32.0235
    endloop
  endfacet
  facet normal 0.0848163 0.995193 -0.0489686
    outer loop
      vertex 8.2859 32 27.6934
      vertex 11.2928 31.9424 31.7309
      vertex 8.79276 31.9424 27.4007
    endloop
  endfacet
  facet normal -0.763781 0.471361 0.440972
    outer loop
      vertex 5.88559 30.148 29.0792
      vertex 8.62568 30.6667 33.2707
      vertex 6.12568 30.6667 28.9406
    endloop
  endfacet
  facet normal -0.763781 0.471361 0.440972
    outer loop
      vertex 8.62568 30.6667 33.2707
      vertex 5.88559 30.148 29.0792
      vertex 8.38559 30.148 33.4093
    endloop
  endfacet
  facet normal -0.828713 0.29036 0.478461
    outer loop
      vertex 5.73774 29.5853 29.1646
      vertex 8.38559 30.148 33.4093
      vertex 5.88559 30.148 29.0792
    endloop
  endfacet
  facet normal -0.828713 0.29036 0.478461
    outer loop
      vertex 8.38559 30.148 33.4093
      vertex 5.73774 29.5853 29.1646
      vertex 8.23774 29.5853 33.4947
    endloop
  endfacet
  facet normal -0.251518 -0.956897 0.145215
    outer loop
      vertex 7.29166 26.2284 28.2674
      vertex 10.279 26.0576 32.3161
      vertex 9.79166 26.2284 32.5975
    endloop
  endfacet
  facet normal -0.251504 -0.956902 0.145205
    outer loop
      vertex 10.279 26.0576 32.3161
      vertex 7.29166 26.2284 28.2674
      vertex 7.77904 26.0576 27.986
    endloop
  endfacet
  facet normal -0.763749 -0.471432 0.440953
    outer loop
      vertex 8.62568 27.3333 33.2707
      vertex 5.88559 27.8519 29.0792
      vertex 6.12568 27.3333 28.9406
    endloop
  endfacet
  facet normal -0.763749 -0.471432 0.440953
    outer loop
      vertex 5.88559 27.8519 29.0792
      vertex 8.62568 27.3333 33.2707
      vertex 8.38559 27.8519 33.4093
    endloop
  endfacet
  facet normal 0.861859 -0.0979627 -0.497597
    outer loop
      vertex 10.8341 28.4147 26.2222
      vertex 13.384 29 30.5235
      vertex 13.3341 28.4147 30.5523
    endloop
  endfacet
  facet normal 0.861859 -0.0979627 -0.497597
    outer loop
      vertex 13.384 29 30.5235
      vertex 10.8341 28.4147 26.2222
      vertex 10.884 29 26.1934
    endloop
  endfacet
  facet normal -0.549417 0.772997 0.317201
    outer loop
      vertex 9.34248 31.4944 32.8569
      vertex 6.44878 31.1213 28.754
      vertex 8.94878 31.1213 33.0842
    endloop
  endfacet
  facet normal -0.549417 0.772997 0.317201
    outer loop
      vertex 6.44878 31.1213 28.754
      vertex 9.34248 31.4944 32.8569
      vertex 6.84248 31.4944 28.5267
    endloop
  endfacet
  facet normal -0.251518 0.956897 0.145215
    outer loop
      vertex 10.279 31.9424 32.3161
      vertex 7.29166 31.7716 28.2674
      vertex 9.79166 31.7716 32.5975
    endloop
  endfacet
  facet normal -0.251504 0.956902 0.145205
    outer loop
      vertex 7.29166 31.7716 28.2674
      vertex 10.279 31.9424 32.3161
      vertex 7.77904 31.9424 27.986
    endloop
  endfacet
  facet normal -0.408184 -0.881958 0.235661
    outer loop
      vertex 6.84248 26.5056 28.5267
      vertex 9.79166 26.2284 32.5975
      vertex 9.34248 26.5056 32.8569
    endloop
  endfacet
  facet normal -0.408212 -0.881939 0.235683
    outer loop
      vertex 9.79166 26.2284 32.5975
      vertex 6.84248 26.5056 28.5267
      vertex 7.29166 26.2284 28.2674
    endloop
  endfacet
  facet normal -0.0848187 -0.995192 0.0489696
    outer loop
      vertex 7.77904 26.0576 27.986
      vertex 10.7859 26 32.0235
      vertex 10.279 26.0576 32.3161
    endloop
  endfacet
  facet normal -0.0848233 -0.995192 0.0489731
    outer loop
      vertex 10.7859 26 32.0235
      vertex 7.77904 26.0576 27.986
      vertex 8.2859 26 27.6934
    endloop
  endfacet
  facet normal -0.861856 0.0979918 0.497596
    outer loop
      vertex 5.68782 29 29.1934
      vertex 8.23774 29.5853 33.4947
      vertex 5.73774 29.5853 29.1646
    endloop
  endfacet
  facet normal -0.861856 0.0979918 0.497596
    outer loop
      vertex 8.23774 29.5853 33.4947
      vertex 5.68782 29 29.1934
      vertex 8.18782 29 33.5235
    endloop
  endfacet
  facet normal 0.549414 0.772997 -0.317205
    outer loop
      vertex 12.623 31.1213 30.9628
      vertex 9.72931 31.4944 26.86
      vertex 12.2293 31.4944 31.1901
    endloop
  endfacet
  facet normal 0.54942 0.772991 -0.31721
    outer loop
      vertex 9.72931 31.4944 26.86
      vertex 12.623 31.1213 30.9628
      vertex 10.123 31.1213 26.6327
    endloop
  endfacet
  facet normal 0.0848183 -0.995192 -0.0489702
    outer loop
      vertex 8.2859 26 27.6934
      vertex 11.2928 26.0576 31.7309
      vertex 10.7859 26 32.0235
    endloop
  endfacet
  facet normal 0.0848163 -0.995193 -0.0489686
    outer loop
      vertex 11.2928 26.0576 31.7309
      vertex 8.2859 26 27.6934
      vertex 8.79276 26.0576 27.4007
    endloop
  endfacet
  facet normal -0.0848187 0.995192 0.0489696
    outer loop
      vertex 10.7859 32 32.0235
      vertex 7.77904 31.9424 27.986
      vertex 10.279 31.9424 32.3161
    endloop
  endfacet
  facet normal -0.0848233 0.995192 0.0489731
    outer loop
      vertex 7.77904 31.9424 27.986
      vertex 10.7859 32 32.0235
      vertex 8.2859 32 27.6934
    endloop
  endfacet
  facet normal -0.828726 -0.290313 0.478468
    outer loop
      vertex 8.38559 27.8519 33.4093
      vertex 5.73774 28.4147 29.1646
      vertex 5.88559 27.8519 29.0792
    endloop
  endfacet
  facet normal -0.828726 -0.290313 0.478468
    outer loop
      vertex 5.73774 28.4147 29.1646
      vertex 8.38559 27.8519 33.4093
      vertex 8.23774 28.4147 33.4947
    endloop
  endfacet
  facet normal -0.861856 -0.0979918 0.497596
    outer loop
      vertex 8.23774 28.4147 33.4947
      vertex 5.68782 29 29.1934
      vertex 5.73774 28.4147 29.1646
    endloop
  endfacet
  facet normal -0.861856 -0.0979918 0.497596
    outer loop
      vertex 5.68782 29 29.1934
      vertex 8.23774 28.4147 33.4947
      vertex 8.18782 29 33.5235
    endloop
  endfacet
  facet normal 0.669458 -0.634375 -0.386514
    outer loop
      vertex 10.123 26.8787 26.6327
      vertex 12.9461 27.3333 30.7763
      vertex 12.623 26.8787 30.9628
    endloop
  endfacet
  facet normal 0.669458 -0.634375 -0.386514
    outer loop
      vertex 12.9461 27.3333 30.7763
      vertex 10.123 26.8787 26.6327
      vertex 10.4461 27.3333 26.4462
    endloop
  endfacet
  facet normal -0.669426 -0.634426 0.386487
    outer loop
      vertex 8.94878 26.8787 33.0842
      vertex 6.12568 27.3333 28.9406
      vertex 6.44878 26.8787 28.754
    endloop
  endfacet
  facet normal -0.669458 -0.634375 0.386514
    outer loop
      vertex 6.12568 27.3333 28.9406
      vertex 8.94878 26.8787 33.0842
      vertex 8.62568 27.3333 33.2707
    endloop
  endfacet
  facet normal 0.251532 0.956892 -0.145222
    outer loop
      vertex 11.7801 31.7716 31.4495
      vertex 8.79276 31.9424 27.4007
      vertex 11.2928 31.9424 31.7309
    endloop
  endfacet
  facet normal 0.251525 0.956895 -0.145217
    outer loop
      vertex 8.79276 31.9424 27.4007
      vertex 11.7801 31.7716 31.4495
      vertex 9.28014 31.7716 27.1194
    endloop
  endfacet
  facet normal 0.499983 1.25435e-05 0.866035
    outer loop
      vertex 12.0416 29 31.2985
      vertex 13.384 29 30.5235
      vertex 13.3341 29.5853 30.5523
    endloop
  endfacet
  facet normal 0.499985 -2.04878e-05 0.866034
    outer loop
      vertex 11.9988 29.3753 31.3232
      vertex 13.3341 29.5853 30.5523
      vertex 13.1862 30.148 30.6377
    endloop
  endfacet
  facet normal 0.499983 -1.25435e-05 0.866035
    outer loop
      vertex 13.384 29 30.5235
      vertex 12.0416 29 31.2985
      vertex 13.3341 28.4147 30.5523
    endloop
  endfacet
  facet normal 0.499973 1.96005e-05 0.866041
    outer loop
      vertex 11.8734 29.725 31.3956
      vertex 13.1862 30.148 30.6377
      vertex 12.9461 30.6667 30.7763
    endloop
  endfacet
  facet normal 0.49998 -2.14079e-05 0.866037
    outer loop
      vertex 11.9988 28.6247 31.3232
      vertex 13.3341 28.4147 30.5523
      vertex 12.0416 29 31.2985
    endloop
  endfacet
  facet normal 0.499992 7.19943e-05 0.86603
    outer loop
      vertex 11.6738 30.0253 31.5109
      vertex 12.9461 30.6667 30.7763
      vertex 12.623 31.1213 30.9628
    endloop
  endfacet
  facet normal 0.499985 2.04843e-05 0.866034
    outer loop
      vertex 13.3341 28.4147 30.5523
      vertex 11.9988 28.6247 31.3232
      vertex 13.1862 27.8519 30.6377
    endloop
  endfacet
  facet normal 0.500019 3.30029e-05 0.866015
    outer loop
      vertex 11.4138 30.2557 31.661
      vertex 12.623 31.1213 30.9628
      vertex 12.2293 31.4944 31.1901
    endloop
  endfacet
  facet normal 0.49998 1.02475e-05 0.866037
    outer loop
      vertex 11.8734 28.275 31.3956
      vertex 13.1862 27.8519 30.6377
      vertex 11.9988 28.6247 31.3232
    endloop
  endfacet
  facet normal 0.499973 -1.96031e-05 0.866041
    outer loop
      vertex 13.1862 27.8519 30.6377
      vertex 11.8734 28.275 31.3956
      vertex 12.9461 27.3333 30.7763
    endloop
  endfacet
  facet normal 0.49998 2.14079e-05 0.866037
    outer loop
      vertex 13.3341 29.5853 30.5523
      vertex 11.9988 29.3753 31.3232
      vertex 12.0416 29 31.2985
    endloop
  endfacet
  facet normal 0.49998 -1.02478e-05 0.866037
    outer loop
      vertex 13.1862 30.148 30.6377
      vertex 11.8734 29.725 31.3956
      vertex 11.9988 29.3753 31.3232
    endloop
  endfacet
  facet normal 0.500072 -1.37454e-05 0.865984
    outer loop
      vertex 11.4138 30.2557 31.661
      vertex 12.2293 31.4944 31.1901
      vertex 11.7801 31.7716 31.4495
    endloop
  endfacet
  facet normal 0.500064 -0.00011889 0.865988
    outer loop
      vertex 12.9461 30.6667 30.7763
      vertex 11.6738 30.0253 31.5109
      vertex 11.8734 29.725 31.3956
    endloop
  endfacet
  facet normal 0.500008 5.34411e-05 0.866021
    outer loop
      vertex 12.623 31.1213 30.9628
      vertex 11.4138 30.2557 31.661
      vertex 11.6738 30.0253 31.5109
    endloop
  endfacet
  facet normal 0.50007 -2.23141e-05 0.865985
    outer loop
      vertex 11.1109 30.4006 31.8359
      vertex 11.7801 31.7716 31.4495
      vertex 11.2928 31.9424 31.7309
    endloop
  endfacet
  facet normal 0.500043 -4.26033e-06 0.866001
    outer loop
      vertex 11.7801 31.7716 31.4495
      vertex 11.1109 30.4006 31.8359
      vertex 11.4138 30.2557 31.661
    endloop
  endfacet
  facet normal 0.499925 -0 0.866069
    outer loop
      vertex 10.7859 30.45 32.0235
      vertex 11.2928 31.9424 31.7309
      vertex 10.7859 32 32.0235
    endloop
  endfacet
  facet normal 0.499922 9.50847e-07 0.86607
    outer loop
      vertex 11.2928 31.9424 31.7309
      vertex 10.7859 30.45 32.0235
      vertex 11.1109 30.4006 31.8359
    endloop
  endfacet
  facet normal 0.499925 0 0.866069
    outer loop
      vertex 10.279 31.9424 32.3161
      vertex 10.7859 30.45 32.0235
      vertex 10.7859 32 32.0235
    endloop
  endfacet
  facet normal 0.499922 -9.50847e-07 0.86607
    outer loop
      vertex 10.7859 30.45 32.0235
      vertex 10.279 31.9424 32.3161
      vertex 10.4609 30.4006 32.2111
    endloop
  endfacet
  facet normal 0.500041 1.76643e-05 0.866002
    outer loop
      vertex 9.79166 31.7716 32.5975
      vertex 10.4609 30.4006 32.2111
      vertex 10.279 31.9424 32.3161
    endloop
  endfacet
  facet normal 0.500038 1.60877e-05 0.866003
    outer loop
      vertex 10.4609 30.4006 32.2111
      vertex 9.79166 31.7716 32.5975
      vertex 10.158 30.2557 32.386
    endloop
  endfacet
  facet normal 0.500081 2.99107e-05 0.865978
    outer loop
      vertex 9.34248 31.4944 32.8569
      vertex 10.158 30.2557 32.386
      vertex 9.79166 31.7716 32.5975
    endloop
  endfacet
  facet normal 0.500015 -2.80315e-05 0.866017
    outer loop
      vertex 8.94878 31.1213 33.0842
      vertex 10.158 30.2557 32.386
      vertex 9.34248 31.4944 32.8569
    endloop
  endfacet
  facet normal 0.50009 0.000111606 0.865973
    outer loop
      vertex 10.158 30.2557 32.386
      vertex 8.94878 31.1213 33.0842
      vertex 9.89796 30.0253 32.5362
    endloop
  endfacet
  facet normal 0.499959 -4.04906e-05 0.866049
    outer loop
      vertex 8.62568 30.6667 33.2707
      vertex 9.89796 30.0253 32.5362
      vertex 8.94878 31.1213 33.0842
    endloop
  endfacet
  facet normal 0.499967 -1.72576e-05 0.866044
    outer loop
      vertex 9.89796 30.0253 32.5362
      vertex 8.62568 30.6667 33.2707
      vertex 9.6984 29.725 32.6514
    endloop
  endfacet
  facet normal 0.500064 0.00011889 0.865988
    outer loop
      vertex 11.6738 27.9747 31.5109
      vertex 12.9461 27.3333 30.7763
      vertex 11.8734 28.275 31.3956
    endloop
  endfacet
  facet normal 0.499992 -7.19943e-05 0.86603
    outer loop
      vertex 12.9461 27.3333 30.7763
      vertex 11.6738 27.9747 31.5109
      vertex 12.623 26.8787 30.9628
    endloop
  endfacet
  facet normal 0.500008 -5.34411e-05 0.866021
    outer loop
      vertex 11.4138 27.7443 31.661
      vertex 12.623 26.8787 30.9628
      vertex 11.6738 27.9747 31.5109
    endloop
  endfacet
  facet normal 0.500019 -3.30029e-05 0.866015
    outer loop
      vertex 12.623 26.8787 30.9628
      vertex 11.4138 27.7443 31.661
      vertex 12.2293 26.5056 31.1901
    endloop
  endfacet
  facet normal 0.500072 1.37454e-05 0.865984
    outer loop
      vertex 12.2293 26.5056 31.1901
      vertex 11.4138 27.7443 31.661
      vertex 11.7801 26.2284 31.4495
    endloop
  endfacet
  facet normal 0.500043 4.26033e-06 0.866001
    outer loop
      vertex 11.1109 27.5994 31.8359
      vertex 11.7801 26.2284 31.4495
      vertex 11.4138 27.7443 31.661
    endloop
  endfacet
  facet normal 0.50007 2.23141e-05 0.865985
    outer loop
      vertex 11.7801 26.2284 31.4495
      vertex 11.1109 27.5994 31.8359
      vertex 11.2928 26.0576 31.7309
    endloop
  endfacet
  facet normal 0.499922 -9.50847e-07 0.86607
    outer loop
      vertex 10.7859 27.55 32.0235
      vertex 11.2928 26.0576 31.7309
      vertex 11.1109 27.5994 31.8359
    endloop
  endfacet
  facet normal 0.499925 0 0.866069
    outer loop
      vertex 10.7859 27.55 32.0235
      vertex 10.7859 26 32.0235
      vertex 11.2928 26.0576 31.7309
    endloop
  endfacet
  facet normal 0.499922 9.50847e-07 0.86607
    outer loop
      vertex 10.279 26.0576 32.3161
      vertex 10.7859 27.55 32.0235
      vertex 10.4609 27.5994 32.2111
    endloop
  endfacet
  facet normal 0.499925 0 0.866069
    outer loop
      vertex 10.7859 27.55 32.0235
      vertex 10.279 26.0576 32.3161
      vertex 10.7859 26 32.0235
    endloop
  endfacet
  facet normal 0.500038 -1.60877e-05 0.866003
    outer loop
      vertex 9.79166 26.2284 32.5975
      vertex 10.4609 27.5994 32.2111
      vertex 10.158 27.7443 32.386
    endloop
  endfacet
  facet normal 0.50009 -0.000111606 0.865973
    outer loop
      vertex 8.94878 26.8787 33.0842
      vertex 10.158 27.7443 32.386
      vertex 9.89796 27.9747 32.5362
    endloop
  endfacet
  facet normal 0.500041 -1.76643e-05 0.866002
    outer loop
      vertex 10.4609 27.5994 32.2111
      vertex 9.79166 26.2284 32.5975
      vertex 10.279 26.0576 32.3161
    endloop
  endfacet
  facet normal 0.499967 1.72576e-05 0.866044
    outer loop
      vertex 8.62568 27.3333 33.2707
      vertex 9.89796 27.9747 32.5362
      vertex 9.6984 28.275 32.6514
    endloop
  endfacet
  facet normal 0.499962 5.2607e-05 0.866047
    outer loop
      vertex 8.38559 27.8519 33.4093
      vertex 9.6984 28.275 32.6514
      vertex 9.57295 28.6247 32.7238
    endloop
  endfacet
  facet normal 0.500006 1.2095e-05 0.866022
    outer loop
      vertex 8.23774 28.4147 33.4947
      vertex 9.57295 28.6247 32.7238
      vertex 9.53016 29 32.7485
    endloop
  endfacet
  facet normal 0.500081 -2.99107e-05 0.865978
    outer loop
      vertex 10.158 27.7443 32.386
      vertex 9.34248 26.5056 32.8569
      vertex 9.79166 26.2284 32.5975
    endloop
  endfacet
  facet normal 0.499972 -9.67848e-06 0.866041
    outer loop
      vertex 8.38559 30.148 33.4093
      vertex 9.6984 29.725 32.6514
      vertex 8.62568 30.6667 33.2707
    endloop
  endfacet
  facet normal 0.499962 -5.26083e-05 0.866047
    outer loop
      vertex 9.6984 29.725 32.6514
      vertex 8.38559 30.148 33.4093
      vertex 9.57295 29.3753 32.7238
    endloop
  endfacet
  facet normal 0.5 -3.15339e-05 0.866026
    outer loop
      vertex 8.18782 29 33.5235
      vertex 9.53016 29 32.7485
      vertex 8.23774 29.5853 33.4947
    endloop
  endfacet
  facet normal 0.500014 5.46472e-05 0.866017
    outer loop
      vertex 8.23774 29.5853 33.4947
      vertex 9.57295 29.3753 32.7238
      vertex 8.38559 30.148 33.4093
    endloop
  endfacet
  facet normal 0.500006 -1.2095e-05 0.866022
    outer loop
      vertex 9.57295 29.3753 32.7238
      vertex 8.23774 29.5853 33.4947
      vertex 9.53016 29 32.7485
    endloop
  endfacet
  facet normal 0.500014 -5.46379e-05 0.866017
    outer loop
      vertex 9.57295 28.6247 32.7238
      vertex 8.23774 28.4147 33.4947
      vertex 8.38559 27.8519 33.4093
    endloop
  endfacet
  facet normal 0.500015 2.80315e-05 0.866017
    outer loop
      vertex 10.158 27.7443 32.386
      vertex 8.94878 26.8787 33.0842
      vertex 9.34248 26.5056 32.8569
    endloop
  endfacet
  facet normal 0.499972 9.67981e-06 0.866041
    outer loop
      vertex 9.6984 28.275 32.6514
      vertex 8.38559 27.8519 33.4093
      vertex 8.62568 27.3333 33.2707
    endloop
  endfacet
  facet normal 0.499959 4.04906e-05 0.866049
    outer loop
      vertex 9.89796 27.9747 32.5362
      vertex 8.62568 27.3333 33.2707
      vertex 8.94878 26.8787 33.0842
    endloop
  endfacet
  facet normal 0.5 3.15339e-05 0.866026
    outer loop
      vertex 9.53016 29 32.7485
      vertex 8.18782 29 33.5235
      vertex 8.23774 28.4147 33.4947
    endloop
  endfacet
  facet normal 0 0 -1
    outer loop
      vertex 14.25 -20 -12
      vertex 10.8 -9 -12
      vertex 14.25 20 -12
    endloop
  endfacet
  facet normal 0 0 -1
    outer loop
      vertex 10.25 -14 -12
      vertex 14.25 -20 -12
      vertex 10.25 -20 -12
    endloop
  endfacet
  facet normal 0 0 -1
    outer loop
      vertex 14.25 -20 -12
      vertex 10.25 -14 -12
      vertex 10.8 -9 -12
    endloop
  endfacet
  facet normal 0 0 -1
    outer loop
      vertex 10.25 -14 -12
      vertex -10.8 -9 -12
      vertex 10.8 -9 -12
    endloop
  endfacet
  facet normal 0 0 -1
    outer loop
      vertex -14 -14 -12
      vertex -10.8 -9 -12
      vertex 10.25 -14 -12
    endloop
  endfacet
  facet normal 0 0 -1
    outer loop
      vertex -14 14 -12
      vertex -10.8 -9 -12
      vertex -14 -14 -12
    endloop
  endfacet
  facet normal 0 0 -1
    outer loop
      vertex -10.8 -9 -12
      vertex -14 14 -12
      vertex -10.8 14 -12
    endloop
  endfacet
  facet normal -0 0 -1
    outer loop
      vertex 14.25 20 -12
      vertex 10.8 -9 -12
      vertex 10.8 20 -12
    endloop
  endfacet
  facet normal -1 0 0
    outer loop
      vertex 10.25 -14 -12
      vertex 10.25 -20 -12
      vertex 10.25 -14 -4.5
    endloop
  endfacet
  facet normal -1 0 0
    outer loop
      vertex 10.25 -10.8 -4.5
      vertex 10.25 -14 -4.5
      vertex 10.25 -10.8 -3.5
    endloop
  endfacet
  facet normal -1 0 0
    outer loop
      vertex 10.25 -10.8 -3.5
      vertex 10.25 20 0
      vertex 10.25 20 -3.5
    endloop
  endfacet
  facet normal -1 0 0
    outer loop
      vertex 10.25 -10.8 -3.5
      vertex 10.25 -20 0
      vertex 10.25 20 0
    endloop
  endfacet
  facet normal -1 0 0
    outer loop
      vertex 10.25 -14 -4.5
      vertex 10.25 -20 0
      vertex 10.25 -10.8 -3.5
    endloop
  endfacet
  facet normal -1 0 0
    outer loop
      vertex 10.25 -20 0
      vertex 10.25 -14 -4.5
      vertex 10.25 -20 -12
    endloop
  endfacet
  facet normal -1 0 0
    outer loop
      vertex 10.25 20 0
      vertex 10.25 15.75 10
      vertex 10.25 20 20.25
    endloop
  endfacet
  facet normal -1 0 0
    outer loop
      vertex 10.25 20 0
      vertex 10.25 15.7265 9.64105
      vertex 10.25 15.75 10
    endloop
  endfacet
  facet normal -1 0 0
    outer loop
      vertex 10.25 20 0
      vertex 10.25 15.6563 9.28825
      vertex 10.25 15.7265 9.64105
    endloop
  endfacet
  facet normal -1 0 0
    outer loop
      vertex 10.25 20 0
      vertex 10.25 15.5407 8.94762
      vertex 10.25 15.6563 9.28825
    endloop
  endfacet
  facet normal -1 0 0
    outer loop
      vertex 10.25 20 0
      vertex 10.25 15.3816 8.625
      vertex 10.25 15.5407 8.94762
    endloop
  endfacet
  facet normal -1 0 0
    outer loop
      vertex 10.25 20 0
      vertex 10.25 15.1817 8.32591
      vertex 10.25 15.3816 8.625
    endloop
  endfacet
  facet normal -1 0 0
    outer loop
      vertex 10.25 20 0
      vertex 10.25 14.9445 8.05546
      vertex 10.25 15.1817 8.32591
    endloop
  endfacet
  facet normal -1 0 0
    outer loop
      vertex 10.25 20 0
      vertex 10.25 14.6741 7.81828
      vertex 10.25 14.9445 8.05546
    endloop
  endfacet
  facet normal -1 0 0
    outer loop
      vertex 10.25 20 0
      vertex 10.25 14.375 7.61843
      vertex 10.25 14.6741 7.81828
    endloop
  endfacet
  facet normal -1 0 0
    outer loop
      vertex 10.25 20 0
      vertex 10.25 14.0524 7.45933
      vertex 10.25 14.375 7.61843
    endloop
  endfacet
  facet normal -1 0 0
    outer loop
      vertex 10.25 20 0
      vertex 10.25 13.7118 7.3437
      vertex 10.25 14.0524 7.45933
    endloop
  endfacet
  facet normal -1 0 0
    outer loop
      vertex 10.25 20 0
      vertex 10.25 13.3589 7.27353
      vertex 10.25 13.7118 7.3437
    endloop
  endfacet
  facet normal -1 0 0
    outer loop
      vertex 10.25 20 0
      vertex 10.25 13 7.25
      vertex 10.25 13.3589 7.27353
    endloop
  endfacet
  facet normal -1 0 0
    outer loop
      vertex 10.25 20 0
      vertex 10.25 12.6411 7.27353
      vertex 10.25 13 7.25
    endloop
  endfacet
  facet normal -1 0 0
    outer loop
      vertex 10.25 20 0
      vertex 10.25 12.2882 7.3437
      vertex 10.25 12.6411 7.27353
    endloop
  endfacet
  facet normal -1 0 0
    outer loop
      vertex 10.25 20 0
      vertex 10.25 11.9476 7.45933
      vertex 10.25 12.2882 7.3437
    endloop
  endfacet
  facet normal -1 0 0
    outer loop
      vertex 10.25 20 0
      vertex 10.25 11.625 7.61843
      vertex 10.25 11.9476 7.45933
    endloop
  endfacet
  facet normal -1 0 0
    outer loop
      vertex 10.25 -11.625 7.61843
      vertex 10.25 11.625 7.61843
      vertex 10.25 20 0
    endloop
  endfacet
  facet normal -1 0 0
    outer loop
      vertex 10.25 11.625 7.61843
      vertex 10.25 -11.625 7.61843
      vertex 10.25 11.3259 7.81828
    endloop
  endfacet
  facet normal -1 0 0
    outer loop
      vertex 10.25 10.2735 9.64105
      vertex 10.25 -10.25 10
      vertex 10.25 10.25 10
    endloop
  endfacet
  facet normal -1 0 0
    outer loop
      vertex 10.25 -10.2735 9.64105
      vertex 10.25 10.2735 9.64105
      vertex 10.25 10.3437 9.28825
    endloop
  endfacet
  facet normal -1 0 0
    outer loop
      vertex 10.25 -10.3437 9.28825
      vertex 10.25 10.3437 9.28825
      vertex 10.25 10.4593 8.94762
    endloop
  endfacet
  facet normal -1 0 0
    outer loop
      vertex 10.25 -10.4593 8.94762
      vertex 10.25 10.4593 8.94762
      vertex 10.25 10.6184 8.625
    endloop
  endfacet
  facet normal -1 0 0
    outer loop
      vertex 10.25 -10.6184 8.625
      vertex 10.25 10.6184 8.625
      vertex 10.25 10.8183 8.32591
    endloop
  endfacet
  facet normal -1 0 0
    outer loop
      vertex 10.25 -10.8183 8.32591
      vertex 10.25 10.8183 8.32591
      vertex 10.25 11.0555 8.05546
    endloop
  endfacet
  facet normal -1 0 -0
    outer loop
      vertex 10.25 -11.3259 7.81828
      vertex 10.25 11.3259 7.81828
      vertex 10.25 -11.625 7.61843
    endloop
  endfacet
  facet normal -1 0 0
    outer loop
      vertex 10.25 10.2735 9.64105
      vertex 10.25 -10.2735 9.64105
      vertex 10.25 -10.25 10
    endloop
  endfacet
  facet normal -1 0 0
    outer loop
      vertex 10.25 10.3437 9.28825
      vertex 10.25 -10.3437 9.28825
      vertex 10.25 -10.2735 9.64105
    endloop
  endfacet
  facet normal -1 0 0
    outer loop
      vertex 10.25 10.4593 8.94762
      vertex 10.25 -10.4593 8.94762
      vertex 10.25 -10.3437 9.28825
    endloop
  endfacet
  facet normal -1 0 0
    outer loop
      vertex 10.25 10.6184 8.625
      vertex 10.25 -10.6184 8.625
      vertex 10.25 -10.4593 8.94762
    endloop
  endfacet
  facet normal -1 0 0
    outer loop
      vertex 10.25 10.8183 8.32591
      vertex 10.25 -10.8183 8.32591
      vertex 10.25 -10.6184 8.625
    endloop
  endfacet
  facet normal -1 0 0
    outer loop
      vertex 10.25 11.0555 8.05546
      vertex 10.25 -11.0555 8.05546
      vertex 10.25 -10.8183 8.32591
    endloop
  endfacet
  facet normal -1 -0 0
    outer loop
      vertex 10.25 11.0555 8.05546
      vertex 10.25 -11.3259 7.81828
      vertex 10.25 -11.0555 8.05546
    endloop
  endfacet
  facet normal -1 0 0
    outer loop
      vertex 10.25 11.3259 7.81828
      vertex 10.25 -11.3259 7.81828
      vertex 10.25 11.0555 8.05546
    endloop
  endfacet
  facet normal -1 0 0
    outer loop
      vertex 10.25 -20 0
      vertex 10.25 -11.625 7.61843
      vertex 10.25 20 0
    endloop
  endfacet
  facet normal -1 0 0
    outer loop
      vertex 10.25 -11.625 7.61843
      vertex 10.25 -20 0
      vertex 10.25 -11.9476 7.45933
    endloop
  endfacet
  facet normal -1 0 0
    outer loop
      vertex 10.25 -11.9476 7.45933
      vertex 10.25 -20 0
      vertex 10.25 -12.2882 7.3437
    endloop
  endfacet
  facet normal -1 0 0
    outer loop
      vertex 10.25 -12.2882 7.3437
      vertex 10.25 -20 0
      vertex 10.25 -12.6411 7.27353
    endloop
  endfacet
  facet normal -1 0 0
    outer loop
      vertex 10.25 -12.6411 7.27353
      vertex 10.25 -20 0
      vertex 10.25 -13 7.25
    endloop
  endfacet
  facet normal -1 -0 0
    outer loop
      vertex 10.25 -13 7.25
      vertex 10.25 -20 0
      vertex 10.25 -13.3589 7.27353
    endloop
  endfacet
  facet normal -1 -0 0
    outer loop
      vertex 10.25 -15.7265 9.64105
      vertex 10.25 -20 0
      vertex 10.25 -15.75 10
    endloop
  endfacet
  facet normal -1 -0 0
    outer loop
      vertex 10.25 -15.6563 9.28825
      vertex 10.25 -20 0
      vertex 10.25 -15.7265 9.64105
    endloop
  endfacet
  facet normal -1 -0 0
    outer loop
      vertex 10.25 -15.5407 8.94762
      vertex 10.25 -20 0
      vertex 10.25 -15.6563 9.28825
    endloop
  endfacet
  facet normal -1 -0 0
    outer loop
      vertex 10.25 -15.3816 8.625
      vertex 10.25 -20 0
      vertex 10.25 -15.5407 8.94762
    endloop
  endfacet
  facet normal -1 -0 0
    outer loop
      vertex 10.25 -15.1817 8.32591
      vertex 10.25 -20 0
      vertex 10.25 -15.3816 8.625
    endloop
  endfacet
  facet normal -1 -0 0
    outer loop
      vertex 10.25 -14.9445 8.05546
      vertex 10.25 -20 0
      vertex 10.25 -15.1817 8.32591
    endloop
  endfacet
  facet normal -1 -0 0
    outer loop
      vertex 10.25 -14.6741 7.81828
      vertex 10.25 -20 0
      vertex 10.25 -14.9445 8.05546
    endloop
  endfacet
  facet normal -1 -0 0
    outer loop
      vertex 10.25 -14.375 7.61843
      vertex 10.25 -20 0
      vertex 10.25 -14.6741 7.81828
    endloop
  endfacet
  facet normal -1 -0 0
    outer loop
      vertex 10.25 -14.0524 7.45933
      vertex 10.25 -20 0
      vertex 10.25 -14.375 7.61843
    endloop
  endfacet
  facet normal -1 -0 0
    outer loop
      vertex 10.25 -13.7118 7.3437
      vertex 10.25 -20 0
      vertex 10.25 -14.0524 7.45933
    endloop
  endfacet
  facet normal -1 -0 0
    outer loop
      vertex 10.25 -13.3589 7.27353
      vertex 10.25 -20 0
      vertex 10.25 -13.7118 7.3437
    endloop
  endfacet
  facet normal -1 0 0
    outer loop
      vertex 10.25 15.7265 10.3589
      vertex 10.25 20 20.25
      vertex 10.25 15.75 10
    endloop
  endfacet
  facet normal -1 0 0
    outer loop
      vertex 10.25 15.6563 10.7118
      vertex 10.25 20 20.25
      vertex 10.25 15.7265 10.3589
    endloop
  endfacet
  facet normal -1 0 0
    outer loop
      vertex 10.25 15.5407 11.0524
      vertex 10.25 20 20.25
      vertex 10.25 15.6563 10.7118
    endloop
  endfacet
  facet normal -1 0 0
    outer loop
      vertex 10.25 15.3816 11.375
      vertex 10.25 20 20.25
      vertex 10.25 15.5407 11.0524
    endloop
  endfacet
  facet normal -1 0 0
    outer loop
      vertex 10.25 15.1817 11.6741
      vertex 10.25 20 20.25
      vertex 10.25 15.3816 11.375
    endloop
  endfacet
  facet normal -1 0 0
    outer loop
      vertex 10.25 14.9445 11.9445
      vertex 10.25 20 20.25
      vertex 10.25 15.1817 11.6741
    endloop
  endfacet
  facet normal -1 0 0
    outer loop
      vertex 10.25 14.6741 12.1817
      vertex 10.25 20 20.25
      vertex 10.25 14.9445 11.9445
    endloop
  endfacet
  facet normal -1 0 0
    outer loop
      vertex 10.25 14.375 12.3816
      vertex 10.25 20 20.25
      vertex 10.25 14.6741 12.1817
    endloop
  endfacet
  facet normal -1 0 0
    outer loop
      vertex 10.25 14.0524 12.5407
      vertex 10.25 20 20.25
      vertex 10.25 14.375 12.3816
    endloop
  endfacet
  facet normal -1 0 0
    outer loop
      vertex 10.25 13.7118 12.6563
      vertex 10.25 20 20.25
      vertex 10.25 14.0524 12.5407
    endloop
  endfacet
  facet normal -1 0 0
    outer loop
      vertex 10.25 13.3589 12.7265
      vertex 10.25 20 20.25
      vertex 10.25 13.7118 12.6563
    endloop
  endfacet
  facet normal -1 0 0
    outer loop
      vertex 10.25 13 12.75
      vertex 10.25 20 20.25
      vertex 10.25 13.3589 12.7265
    endloop
  endfacet
  facet normal -1 0 0
    outer loop
      vertex 10.25 12.6411 12.7265
      vertex 10.25 20 20.25
      vertex 10.25 13 12.75
    endloop
  endfacet
  facet normal -1 0 0
    outer loop
      vertex 10.25 12.2882 12.6563
      vertex 10.25 20 20.25
      vertex 10.25 12.6411 12.7265
    endloop
  endfacet
  facet normal -1 0 0
    outer loop
      vertex 10.25 11.9476 12.5407
      vertex 10.25 20 20.25
      vertex 10.25 12.2882 12.6563
    endloop
  endfacet
  facet normal -1 0 0
    outer loop
      vertex 10.25 11.625 12.3816
      vertex 10.25 20 20.25
      vertex 10.25 11.9476 12.5407
    endloop
  endfacet
  facet normal -1 0 0
    outer loop
      vertex 10.25 -11.625 12.3816
      vertex 10.25 11.625 12.3816
      vertex 10.25 11.3259 12.1817
    endloop
  endfacet
  facet normal -1 0 0
    outer loop
      vertex 10.25 -11.3259 12.1817
      vertex 10.25 11.3259 12.1817
      vertex 10.25 11.0555 11.9445
    endloop
  endfacet
  facet normal -1 0 0
    outer loop
      vertex 10.25 -10.25 10
      vertex 10.25 10.2735 10.3589
      vertex 10.25 10.25 10
    endloop
  endfacet
  facet normal -1 0 0
    outer loop
      vertex 10.25 -10.2735 10.3589
      vertex 10.25 10.2735 10.3589
      vertex 10.25 -10.25 10
    endloop
  endfacet
  facet normal -1 0 0
    outer loop
      vertex 10.25 10.2735 10.3589
      vertex 10.25 -10.2735 10.3589
      vertex 10.25 10.3437 10.7118
    endloop
  endfacet
  facet normal -1 0 0
    outer loop
      vertex 10.25 -10.3437 10.7118
      vertex 10.25 10.3437 10.7118
      vertex 10.25 -10.2735 10.3589
    endloop
  endfacet
  facet normal -1 0 0
    outer loop
      vertex 10.25 10.3437 10.7118
      vertex 10.25 -10.3437 10.7118
      vertex 10.25 10.4593 11.0524
    endloop
  endfacet
  facet normal -1 0 0
    outer loop
      vertex 10.25 -10.4593 11.0524
      vertex 10.25 10.4593 11.0524
      vertex 10.25 -10.3437 10.7118
    endloop
  endfacet
  facet normal -1 0 0
    outer loop
      vertex 10.25 10.4593 11.0524
      vertex 10.25 -10.4593 11.0524
      vertex 10.25 10.6184 11.375
    endloop
  endfacet
  facet normal -1 0 0
    outer loop
      vertex 10.25 -10.6184 11.375
      vertex 10.25 10.6184 11.375
      vertex 10.25 -10.4593 11.0524
    endloop
  endfacet
  facet normal -1 0 0
    outer loop
      vertex 10.25 10.6184 11.375
      vertex 10.25 -10.6184 11.375
      vertex 10.25 10.8183 11.6741
    endloop
  endfacet
  facet normal -1 0 0
    outer loop
      vertex 10.25 -10.8183 11.6741
      vertex 10.25 10.8183 11.6741
      vertex 10.25 -10.6184 11.375
    endloop
  endfacet
  facet normal -1 0 0
    outer loop
      vertex 10.25 10.8183 11.6741
      vertex 10.25 -10.8183 11.6741
      vertex 10.25 11.0555 11.9445
    endloop
  endfacet
  facet normal -1 0 0
    outer loop
      vertex 10.25 -11.0555 11.9445
      vertex 10.25 11.0555 11.9445
      vertex 10.25 -10.8183 11.6741
    endloop
  endfacet
  facet normal -1 0 0
    outer loop
      vertex 10.25 -11.3259 12.1817
      vertex 10.25 11.0555 11.9445
      vertex 10.25 -11.0555 11.9445
    endloop
  endfacet
  facet normal -1 0 0
    outer loop
      vertex 10.25 11.3259 12.1817
      vertex 10.25 -11.3259 12.1817
      vertex 10.25 -11.625 12.3816
    endloop
  endfacet
  facet normal -1 0 0
    outer loop
      vertex 10.25 11.625 12.3816
      vertex 10.25 -11.625 12.3816
      vertex 10.25 20 20.25
    endloop
  endfacet
  facet normal -1 0 0
    outer loop
      vertex 10.25 -20 20.25
      vertex 10.25 -11.625 12.3816
      vertex 10.25 -11.9476 12.5407
    endloop
  endfacet
  facet normal -1 0 0
    outer loop
      vertex 10.25 -20 20.25
      vertex 10.25 -11.9476 12.5407
      vertex 10.25 -12.2882 12.6563
    endloop
  endfacet
  facet normal -1 0 0
    outer loop
      vertex 10.25 -20 20.25
      vertex 10.25 -12.2882 12.6563
      vertex 10.25 -12.6411 12.7265
    endloop
  endfacet
  facet normal -1 0 0
    outer loop
      vertex 10.25 -20 20.25
      vertex 10.25 -12.6411 12.7265
      vertex 10.25 -13 12.75
    endloop
  endfacet
  facet normal -1 0 0
    outer loop
      vertex 10.25 -20 20.25
      vertex 10.25 -13 12.75
      vertex 10.25 -13.3589 12.7265
    endloop
  endfacet
  facet normal -1 0 0
    outer loop
      vertex 10.25 -20 20.25
      vertex 10.25 -13.3589 12.7265
      vertex 10.25 -13.7118 12.6563
    endloop
  endfacet
  facet normal -1 0 0
    outer loop
      vertex 10.25 -20 20.25
      vertex 10.25 -15.75 10
      vertex 10.25 -20 0
    endloop
  endfacet
  facet normal -1 0 0
    outer loop
      vertex 10.25 -15.75 10
      vertex 10.25 -20 20.25
      vertex 10.25 -15.7265 10.3589
    endloop
  endfacet
  facet normal -1 0 0
    outer loop
      vertex 10.25 -15.7265 10.3589
      vertex 10.25 -20 20.25
      vertex 10.25 -15.6563 10.7118
    endloop
  endfacet
  facet normal -1 0 0
    outer loop
      vertex 10.25 -11.625 12.3816
      vertex 10.25 -20 20.25
      vertex 10.25 20 20.25
    endloop
  endfacet
  facet normal -1 0 0
    outer loop
      vertex 10.25 -14.0524 12.5407
      vertex 10.25 -20 20.25
      vertex 10.25 -13.7118 12.6563
    endloop
  endfacet
  facet normal -1 0 0
    outer loop
      vertex 10.25 -14.375 12.3816
      vertex 10.25 -20 20.25
      vertex 10.25 -14.0524 12.5407
    endloop
  endfacet
  facet normal -1 0 0
    outer loop
      vertex 10.25 -14.6741 12.1817
      vertex 10.25 -20 20.25
      vertex 10.25 -14.375 12.3816
    endloop
  endfacet
  facet normal -1 0 0
    outer loop
      vertex 10.25 -14.9445 11.9445
      vertex 10.25 -20 20.25
      vertex 10.25 -14.6741 12.1817
    endloop
  endfacet
  facet normal -1 0 0
    outer loop
      vertex 10.25 -15.1817 11.6741
      vertex 10.25 -20 20.25
      vertex 10.25 -14.9445 11.9445
    endloop
  endfacet
  facet normal -1 0 0
    outer loop
      vertex 10.25 -15.3816 11.375
      vertex 10.25 -20 20.25
      vertex 10.25 -15.1817 11.6741
    endloop
  endfacet
  facet normal -1 0 0
    outer loop
      vertex 10.25 -15.5407 11.0524
      vertex 10.25 -20 20.25
      vertex 10.25 -15.3816 11.375
    endloop
  endfacet
  facet normal -1 0 0
    outer loop
      vertex 10.25 -15.6563 10.7118
      vertex 10.25 -20 20.25
      vertex 10.25 -15.5407 11.0524
    endloop
  endfacet
  facet normal 0 1 0
    outer loop
      vertex 14.25 20 20.25
      vertex 10.25 20 0
      vertex 10.25 20 20.25
    endloop
  endfacet
  facet normal 0 1 -0
    outer loop
      vertex 12.8 20 -6.5
      vertex 10.25 20 0
      vertex 14.25 20 20.25
    endloop
  endfacet
  facet normal 0 1 0
    outer loop
      vertex 10.25 20 0
      vertex 12.8 20 -6.5
      vertex 10.8 20 -3.5
    endloop
  endfacet
  facet normal 0 1 -0
    outer loop
      vertex 14.25 20 -12
      vertex 12.8 20 -6.5
      vertex 14.25 20 20.25
    endloop
  endfacet
  facet normal 0 1 0
    outer loop
      vertex 12.8 20 -6.5
      vertex 14.25 20 -12
      vertex 12.8 20 -10
    endloop
  endfacet
  facet normal 0 1 0
    outer loop
      vertex 10.8 20 -12
      vertex 12.8 20 -10
      vertex 14.25 20 -12
    endloop
  endfacet
  facet normal 0 1 0
    outer loop
      vertex 12.8 20 -10
      vertex 10.8 20 -12
      vertex 10.8 20 -10
    endloop
  endfacet
  facet normal 0 1 0
    outer loop
      vertex 10.25 20 0
      vertex 10.8 20 -3.5
      vertex 10.25 20 -3.5
    endloop
  endfacet
  facet normal 0 1 0
    outer loop
      vertex 10.8 20 -3.5
      vertex 12.8 20 -6.5
      vertex 10.8 20 -6.5
    endloop
  endfacet
  facet normal 0 -1 0
    outer loop
      vertex 10.25 -20 0
      vertex 14.25 -20 20.25
      vertex 10.25 -20 20.25
    endloop
  endfacet
  facet normal 0 -1 0
    outer loop
      vertex 14.25 -20 -12
      vertex 10.25 -20 0
      vertex 10.25 -20 -12
    endloop
  endfacet
  facet normal 0 -1 0
    outer loop
      vertex 10.25 -20 0
      vertex 14.25 -20 -12
      vertex 14.25 -20 20.25
    endloop
  endfacet
  facet normal 0 0 1
    outer loop
      vertex -10.8 14 -4.5
      vertex -14 14 -4.5
      vertex -10.8 -10.8 -4.5
    endloop
  endfacet
  facet normal -0 0 1
    outer loop
      vertex -10.8 -10.8 -4.5
      vertex 10.25 -14 -4.5
      vertex 10.25 -10.8 -4.5
    endloop
  endfacet
  facet normal 0 0 1
    outer loop
      vertex -10.8 -10.8 -4.5
      vertex -14 -14 -4.5
      vertex 10.25 -14 -4.5
    endloop
  endfacet
  facet normal 0 0 1
    outer loop
      vertex -14 -14 -4.5
      vertex -10.8 -10.8 -4.5
      vertex -14 14 -4.5
    endloop
  endfacet
  facet normal -1 0 0
    outer loop
      vertex -14 -14 -12
      vertex -14 14 -4.5
      vertex -14 14 -12
    endloop
  endfacet
  facet normal -1 -0 0
    outer loop
      vertex -14 14 -4.5
      vertex -14 -14 -12
      vertex -14 -14 -4.5
    endloop
  endfacet
  facet normal 0 1 0
    outer loop
      vertex -10.8 14 -10.01
      vertex -10.8 14 -12
      vertex -12.81 14 -10.01
    endloop
  endfacet
  facet normal 0 1 0
    outer loop
      vertex -12.81 14 -6.49
      vertex -10.8 14 -4.5
      vertex -10.8 14 -6.49
    endloop
  endfacet
  facet normal 0 1 0
    outer loop
      vertex -10.8 14 -4.5
      vertex -12.81 14 -6.49
      vertex -14 14 -4.5
    endloop
  endfacet
  facet normal 0 1 -0
    outer loop
      vertex -12.81 14 -10.01
      vertex -14 14 -4.5
      vertex -12.81 14 -6.49
    endloop
  endfacet
  facet normal 0 1 0
    outer loop
      vertex -12.81 14 -10.01
      vertex -14 14 -12
      vertex -14 14 -4.5
    endloop
  endfacet
  facet normal 0 1 0
    outer loop
      vertex -14 14 -12
      vertex -12.81 14 -10.01
      vertex -10.8 14 -12
    endloop
  endfacet
  facet normal 0 -1 0
    outer loop
      vertex -14 -14 -12
      vertex 10.25 -14 -4.5
      vertex -14 -14 -4.5
    endloop
  endfacet
  facet normal 0 -1 -0
    outer loop
      vertex 10.25 -14 -4.5
      vertex -14 -14 -12
      vertex 10.25 -14 -12
    endloop
  endfacet
  facet normal 0 -0.321469 0.94692
    outer loop
      vertex 10.25 -11.9476 7.45933
      vertex 14.25 -12.2882 7.3437
      vertex 14.25 -11.9476 7.45933
    endloop
  endfacet
  facet normal 0 -0.321469 0.94692
    outer loop
      vertex 14.25 -12.2882 7.3437
      vertex 10.25 -11.9476 7.45933
      vertex 10.25 -12.2882 7.3437
    endloop
  endfacet
  facet normal 0 0.0653379 -0.997863
    outer loop
      vertex 10.25 -13.3589 12.7265
      vertex 14.25 -13 12.75
      vertex 14.25 -13.3589 12.7265
    endloop
  endfacet
  facet normal 0 0.0653379 -0.997863
    outer loop
      vertex 14.25 -13 12.75
      vertex 10.25 -13.3589 12.7265
      vertex 10.25 -13 12.75
    endloop
  endfacet
  facet normal 0 -0.946954 0.321369
    outer loop
      vertex 10.25 -10.4593 8.94762
      vertex 14.25 -10.3437 9.28825
      vertex 10.25 -10.3437 9.28825
    endloop
  endfacet
  facet normal 0 -0.946954 0.321369
    outer loop
      vertex 14.25 -10.3437 9.28825
      vertex 10.25 -10.4593 8.94762
      vertex 14.25 -10.4593 8.94762
    endloop
  endfacet
  facet normal -0 0.442314 0.89686
    outer loop
      vertex 10.25 -14.0524 7.45933
      vertex 14.25 -14.375 7.61843
      vertex 14.25 -14.0524 7.45933
    endloop
  endfacet
  facet normal 0 0.442314 0.89686
    outer loop
      vertex 14.25 -14.375 7.61843
      vertex 10.25 -14.0524 7.45933
      vertex 10.25 -14.375 7.61843
    endloop
  endfacet
  facet normal 0 -0.8314 0.555675
    outer loop
      vertex 10.25 -10.8183 8.32591
      vertex 14.25 -10.6184 8.625
      vertex 10.25 -10.6184 8.625
    endloop
  endfacet
  facet normal 0 -0.8314 0.555675
    outer loop
      vertex 14.25 -10.6184 8.625
      vertex 10.25 -10.8183 8.32591
      vertex 14.25 -10.8183 8.32591
    endloop
  endfacet
  facet normal 0 -0.065421 0.997858
    outer loop
      vertex 10.25 -12.6411 7.27353
      vertex 14.25 -13 7.25
      vertex 14.25 -12.6411 7.27353
    endloop
  endfacet
  facet normal 0 -0.065421 0.997858
    outer loop
      vertex 14.25 -13 7.25
      vertex 10.25 -12.6411 7.27353
      vertex 10.25 -13 7.25
    endloop
  endfacet
  facet normal -0 0.19502 0.980799
    outer loop
      vertex 10.25 -13.3589 7.27353
      vertex 14.25 -13.7118 7.3437
      vertex 14.25 -13.3589 7.27353
    endloop
  endfacet
  facet normal 0 0.19502 0.980799
    outer loop
      vertex 14.25 -13.7118 7.3437
      vertex 10.25 -13.3589 7.27353
      vertex 10.25 -13.7118 7.3437
    endloop
  endfacet
  facet normal 0 -0.89686 -0.442314
    outer loop
      vertex 10.25 -10.4593 11.0524
      vertex 14.25 -10.6184 11.375
      vertex 10.25 -10.6184 11.375
    endloop
  endfacet
  facet normal 0 -0.89686 -0.442314
    outer loop
      vertex 14.25 -10.6184 11.375
      vertex 10.25 -10.4593 11.0524
      vertex 14.25 -10.4593 11.0524
    endloop
  endfacet
  facet normal 0 0.946954 0.321369
    outer loop
      vertex 14.25 -15.5407 8.94762
      vertex 10.25 -15.6563 9.28825
      vertex 14.25 -15.6563 9.28825
    endloop
  endfacet
  facet normal 0 0.946954 0.321369
    outer loop
      vertex 10.25 -15.6563 9.28825
      vertex 14.25 -15.5407 8.94762
      vertex 10.25 -15.5407 8.94762
    endloop
  endfacet
  facet normal 0 0.980773 0.195154
    outer loop
      vertex 14.25 -15.6563 9.28825
      vertex 10.25 -15.7265 9.64105
      vertex 14.25 -15.7265 9.64105
    endloop
  endfacet
  facet normal 0 0.980773 0.195154
    outer loop
      vertex 10.25 -15.7265 9.64105
      vertex 14.25 -15.6563 9.28825
      vertex 10.25 -15.6563 9.28825
    endloop
  endfacet
  facet normal -0 0.321469 0.94692
    outer loop
      vertex 10.25 -13.7118 7.3437
      vertex 14.25 -14.0524 7.45933
      vertex 14.25 -13.7118 7.3437
    endloop
  endfacet
  facet normal 0 0.321469 0.94692
    outer loop
      vertex 14.25 -14.0524 7.45933
      vertex 10.25 -13.7118 7.3437
      vertex 10.25 -14.0524 7.45933
    endloop
  endfacet
  facet normal 0 -0.442314 0.89686
    outer loop
      vertex 10.25 -11.625 7.61843
      vertex 14.25 -11.9476 7.45933
      vertex 14.25 -11.625 7.61843
    endloop
  endfacet
  facet normal 0 -0.442314 0.89686
    outer loop
      vertex 14.25 -11.9476 7.45933
      vertex 10.25 -11.625 7.61843
      vertex 10.25 -11.9476 7.45933
    endloop
  endfacet
  facet normal 0 0.997864 0.0653289
    outer loop
      vertex 14.25 -15.7265 9.64105
      vertex 10.25 -15.75 10
      vertex 14.25 -15.75 10
    endloop
  endfacet
  facet normal 0 0.997864 0.0653289
    outer loop
      vertex 10.25 -15.75 10
      vertex 14.25 -15.7265 9.64105
      vertex 10.25 -15.7265 9.64105
    endloop
  endfacet
  facet normal 0 -0.751749 -0.659449
    outer loop
      vertex 10.25 -10.8183 11.6741
      vertex 14.25 -11.0555 11.9445
      vertex 10.25 -11.0555 11.9445
    endloop
  endfacet
  facet normal 0 -0.751749 -0.659449
    outer loop
      vertex 14.25 -11.0555 11.9445
      vertex 10.25 -10.8183 11.6741
      vertex 14.25 -10.8183 11.6741
    endloop
  endfacet
  facet normal 0 0.831408 -0.555662
    outer loop
      vertex 14.25 -15.3816 11.375
      vertex 10.25 -15.1817 11.6741
      vertex 14.25 -15.1817 11.6741
    endloop
  endfacet
  facet normal 0 0.831408 -0.555662
    outer loop
      vertex 10.25 -15.1817 11.6741
      vertex 14.25 -15.3816 11.375
      vertex 10.25 -15.3816 11.375
    endloop
  endfacet
  facet normal 0 -0.946945 -0.321394
    outer loop
      vertex 10.25 -10.3437 10.7118
      vertex 14.25 -10.4593 11.0524
      vertex 10.25 -10.4593 11.0524
    endloop
  endfacet
  facet normal 0 -0.946945 -0.321394
    outer loop
      vertex 14.25 -10.4593 11.0524
      vertex 10.25 -10.3437 10.7118
      vertex 14.25 -10.3437 10.7118
    endloop
  endfacet
  facet normal 0 0.321394 -0.946945
    outer loop
      vertex 10.25 -14.0524 12.5407
      vertex 14.25 -13.7118 12.6563
      vertex 14.25 -14.0524 12.5407
    endloop
  endfacet
  facet normal 0 0.321394 -0.946945
    outer loop
      vertex 14.25 -13.7118 12.6563
      vertex 10.25 -14.0524 12.5407
      vertex 10.25 -13.7118 12.6563
    endloop
  endfacet
  facet normal 0 0.8314 0.555675
    outer loop
      vertex 14.25 -15.1817 8.32591
      vertex 10.25 -15.3816 8.625
      vertex 14.25 -15.3816 8.625
    endloop
  endfacet
  facet normal 0 0.8314 0.555675
    outer loop
      vertex 10.25 -15.3816 8.625
      vertex 14.25 -15.1817 8.32591
      vertex 10.25 -15.1817 8.32591
    endloop
  endfacet
  facet normal 0 -0.997864 0.0653289
    outer loop
      vertex 10.25 -10.2735 9.64105
      vertex 14.25 -10.25 10
      vertex 10.25 -10.25 10
    endloop
  endfacet
  facet normal 0 -0.997864 0.0653289
    outer loop
      vertex 14.25 -10.25 10
      vertex 10.25 -10.2735 9.64105
      vertex 14.25 -10.2735 9.64105
    endloop
  endfacet
  facet normal 0 -0.195101 -0.980783
    outer loop
      vertex 10.25 -12.6411 12.7265
      vertex 14.25 -12.2882 12.6563
      vertex 14.25 -12.6411 12.7265
    endloop
  endfacet
  facet normal -0 -0.195101 -0.980783
    outer loop
      vertex 14.25 -12.2882 12.6563
      vertex 10.25 -12.6411 12.7265
      vertex 10.25 -12.2882 12.6563
    endloop
  endfacet
  facet normal 0 0.195101 -0.980783
    outer loop
      vertex 10.25 -13.7118 12.6563
      vertex 14.25 -13.3589 12.7265
      vertex 14.25 -13.7118 12.6563
    endloop
  endfacet
  facet normal 0 0.195101 -0.980783
    outer loop
      vertex 14.25 -13.3589 12.7265
      vertex 10.25 -13.7118 12.6563
      vertex 10.25 -13.3589 12.7265
    endloop
  endfacet
  facet normal 0 0.997863 -0.0653379
    outer loop
      vertex 14.25 -15.75 10
      vertex 10.25 -15.7265 10.3589
      vertex 14.25 -15.7265 10.3589
    endloop
  endfacet
  facet normal 0 0.997863 -0.0653379
    outer loop
      vertex 10.25 -15.7265 10.3589
      vertex 14.25 -15.75 10
      vertex 10.25 -15.75 10
    endloop
  endfacet
  facet normal 0 -0.896871 0.442292
    outer loop
      vertex 10.25 -10.6184 8.625
      vertex 14.25 -10.4593 8.94762
      vertex 10.25 -10.4593 8.94762
    endloop
  endfacet
  facet normal 0 -0.896871 0.442292
    outer loop
      vertex 14.25 -10.4593 8.94762
      vertex 10.25 -10.6184 8.625
      vertex 14.25 -10.6184 8.625
    endloop
  endfacet
  facet normal 0 -0.555566 0.831472
    outer loop
      vertex 10.25 -11.3259 7.81828
      vertex 14.25 -11.625 7.61843
      vertex 14.25 -11.3259 7.81828
    endloop
  endfacet
  facet normal 0 -0.555566 0.831472
    outer loop
      vertex 14.25 -11.625 7.61843
      vertex 10.25 -11.3259 7.81828
      vertex 10.25 -11.625 7.61843
    endloop
  endfacet
  facet normal 0 -0.831408 -0.555662
    outer loop
      vertex 10.25 -10.6184 11.375
      vertex 14.25 -10.8183 11.6741
      vertex 10.25 -10.8183 11.6741
    endloop
  endfacet
  facet normal 0 -0.831408 -0.555662
    outer loop
      vertex 14.25 -10.8183 11.6741
      vertex 10.25 -10.6184 11.375
      vertex 14.25 -10.6184 11.375
    endloop
  endfacet
  facet normal -0 0.065421 0.997858
    outer loop
      vertex 10.25 -13 7.25
      vertex 14.25 -13.3589 7.27353
      vertex 14.25 -13 7.25
    endloop
  endfacet
  facet normal 0 0.065421 0.997858
    outer loop
      vertex 14.25 -13.3589 7.27353
      vertex 10.25 -13 7.25
      vertex 10.25 -13.3589 7.27353
    endloop
  endfacet
  facet normal 0 0.75181 0.65938
    outer loop
      vertex 14.25 -14.9445 8.05546
      vertex 10.25 -15.1817 8.32591
      vertex 14.25 -15.1817 8.32591
    endloop
  endfacet
  facet normal 0 0.75181 0.65938
    outer loop
      vertex 10.25 -15.1817 8.32591
      vertex 14.25 -14.9445 8.05546
      vertex 10.25 -14.9445 8.05546
    endloop
  endfacet
  facet normal 0 -0.75181 0.65938
    outer loop
      vertex 10.25 -11.0555 8.05546
      vertex 14.25 -10.8183 8.32591
      vertex 10.25 -10.8183 8.32591
    endloop
  endfacet
  facet normal 0 -0.75181 0.65938
    outer loop
      vertex 14.25 -10.8183 8.32591
      vertex 10.25 -11.0555 8.05546
      vertex 14.25 -11.0555 8.05546
    endloop
  endfacet
  facet normal 0 0.751749 -0.659449
    outer loop
      vertex 14.25 -15.1817 11.6741
      vertex 10.25 -14.9445 11.9445
      vertex 14.25 -14.9445 11.9445
    endloop
  endfacet
  facet normal 0 0.751749 -0.659449
    outer loop
      vertex 10.25 -14.9445 11.9445
      vertex 14.25 -15.1817 11.6741
      vertex 10.25 -15.1817 11.6741
    endloop
  endfacet
  facet normal 0 -0.19502 0.980799
    outer loop
      vertex 10.25 -12.2882 7.3437
      vertex 14.25 -12.6411 7.27353
      vertex 14.25 -12.2882 7.3437
    endloop
  endfacet
  facet normal 0 -0.19502 0.980799
    outer loop
      vertex 14.25 -12.6411 7.27353
      vertex 10.25 -12.2882 7.3437
      vertex 10.25 -12.6411 7.27353
    endloop
  endfacet
  facet normal 0 -0.0653379 -0.997863
    outer loop
      vertex 10.25 -13 12.75
      vertex 14.25 -12.6411 12.7265
      vertex 14.25 -13 12.75
    endloop
  endfacet
  facet normal -0 -0.0653379 -0.997863
    outer loop
      vertex 14.25 -12.6411 12.7265
      vertex 10.25 -13 12.75
      vertex 10.25 -12.6411 12.7265
    endloop
  endfacet
  facet normal 0 0.555662 -0.831408
    outer loop
      vertex 10.25 -14.6741 12.1817
      vertex 14.25 -14.375 12.3816
      vertex 14.25 -14.6741 12.1817
    endloop
  endfacet
  facet normal 0 0.555662 -0.831408
    outer loop
      vertex 14.25 -14.375 12.3816
      vertex 10.25 -14.6741 12.1817
      vertex 10.25 -14.375 12.3816
    endloop
  endfacet
  facet normal 0 -0.980783 -0.195101
    outer loop
      vertex 10.25 -10.2735 10.3589
      vertex 14.25 -10.3437 10.7118
      vertex 10.25 -10.3437 10.7118
    endloop
  endfacet
  facet normal 0 -0.980783 -0.195101
    outer loop
      vertex 14.25 -10.3437 10.7118
      vertex 10.25 -10.2735 10.3589
      vertex 14.25 -10.2735 10.3589
    endloop
  endfacet
  facet normal 0 0.442314 -0.89686
    outer loop
      vertex 10.25 -14.375 12.3816
      vertex 14.25 -14.0524 12.5407
      vertex 14.25 -14.375 12.3816
    endloop
  endfacet
  facet normal 0 0.442314 -0.89686
    outer loop
      vertex 14.25 -14.0524 12.5407
      vertex 10.25 -14.375 12.3816
      vertex 10.25 -14.0524 12.5407
    endloop
  endfacet
  facet normal -0 0.555566 0.831472
    outer loop
      vertex 10.25 -14.375 7.61843
      vertex 14.25 -14.6741 7.81828
      vertex 14.25 -14.375 7.61843
    endloop
  endfacet
  facet normal 0 0.555566 0.831472
    outer loop
      vertex 14.25 -14.6741 7.81828
      vertex 10.25 -14.375 7.61843
      vertex 10.25 -14.6741 7.81828
    endloop
  endfacet
  facet normal 0 -0.659417 0.751777
    outer loop
      vertex 10.25 -11.0555 8.05546
      vertex 14.25 -11.3259 7.81828
      vertex 14.25 -11.0555 8.05546
    endloop
  endfacet
  facet normal 0 -0.659417 0.751777
    outer loop
      vertex 14.25 -11.3259 7.81828
      vertex 10.25 -11.0555 8.05546
      vertex 10.25 -11.3259 7.81828
    endloop
  endfacet
  facet normal 0 -0.321394 -0.946945
    outer loop
      vertex 10.25 -12.2882 12.6563
      vertex 14.25 -11.9476 12.5407
      vertex 14.25 -12.2882 12.6563
    endloop
  endfacet
  facet normal -0 -0.321394 -0.946945
    outer loop
      vertex 14.25 -11.9476 12.5407
      vertex 10.25 -12.2882 12.6563
      vertex 10.25 -11.9476 12.5407
    endloop
  endfacet
  facet normal 0 -0.997863 -0.0653379
    outer loop
      vertex 10.25 -10.25 10
      vertex 14.25 -10.2735 10.3589
      vertex 10.25 -10.2735 10.3589
    endloop
  endfacet
  facet normal 0 -0.997863 -0.0653379
    outer loop
      vertex 14.25 -10.2735 10.3589
      vertex 10.25 -10.25 10
      vertex 14.25 -10.25 10
    endloop
  endfacet
  facet normal -0 0.659417 0.751777
    outer loop
      vertex 10.25 -14.6741 7.81828
      vertex 14.25 -14.9445 8.05546
      vertex 14.25 -14.6741 7.81828
    endloop
  endfacet
  facet normal 0 0.659417 0.751777
    outer loop
      vertex 14.25 -14.9445 8.05546
      vertex 10.25 -14.6741 7.81828
      vertex 10.25 -14.9445 8.05546
    endloop
  endfacet
  facet normal 0 0.896871 0.442292
    outer loop
      vertex 14.25 -15.3816 8.625
      vertex 10.25 -15.5407 8.94762
      vertex 14.25 -15.5407 8.94762
    endloop
  endfacet
  facet normal 0 0.896871 0.442292
    outer loop
      vertex 10.25 -15.5407 8.94762
      vertex 14.25 -15.3816 8.625
      vertex 10.25 -15.3816 8.625
    endloop
  endfacet
  facet normal 0 -0.980773 0.195154
    outer loop
      vertex 10.25 -10.3437 9.28825
      vertex 14.25 -10.2735 9.64105
      vertex 10.25 -10.2735 9.64105
    endloop
  endfacet
  facet normal 0 -0.980773 0.195154
    outer loop
      vertex 14.25 -10.2735 9.64105
      vertex 10.25 -10.3437 9.28825
      vertex 14.25 -10.3437 9.28825
    endloop
  endfacet
  facet normal 0 -0.555662 -0.831408
    outer loop
      vertex 10.25 -11.625 12.3816
      vertex 14.25 -11.3259 12.1817
      vertex 14.25 -11.625 12.3816
    endloop
  endfacet
  facet normal -0 -0.555662 -0.831408
    outer loop
      vertex 14.25 -11.3259 12.1817
      vertex 10.25 -11.625 12.3816
      vertex 10.25 -11.3259 12.1817
    endloop
  endfacet
  facet normal 0 0.980783 -0.195101
    outer loop
      vertex 14.25 -15.7265 10.3589
      vertex 10.25 -15.6563 10.7118
      vertex 14.25 -15.6563 10.7118
    endloop
  endfacet
  facet normal 0 0.980783 -0.195101
    outer loop
      vertex 10.25 -15.6563 10.7118
      vertex 14.25 -15.7265 10.3589
      vertex 10.25 -15.7265 10.3589
    endloop
  endfacet
  facet normal 0 0.89686 -0.442314
    outer loop
      vertex 14.25 -15.5407 11.0524
      vertex 10.25 -15.3816 11.375
      vertex 14.25 -15.3816 11.375
    endloop
  endfacet
  facet normal 0 0.89686 -0.442314
    outer loop
      vertex 10.25 -15.3816 11.375
      vertex 14.25 -15.5407 11.0524
      vertex 10.25 -15.5407 11.0524
    endloop
  endfacet
  facet normal 0 0.659449 -0.751749
    outer loop
      vertex 10.25 -14.9445 11.9445
      vertex 14.25 -14.6741 12.1817
      vertex 14.25 -14.9445 11.9445
    endloop
  endfacet
  facet normal 0 0.659449 -0.751749
    outer loop
      vertex 14.25 -14.6741 12.1817
      vertex 10.25 -14.9445 11.9445
      vertex 10.25 -14.6741 12.1817
    endloop
  endfacet
  facet normal 0 0.946945 -0.321394
    outer loop
      vertex 14.25 -15.6563 10.7118
      vertex 10.25 -15.5407 11.0524
      vertex 14.25 -15.5407 11.0524
    endloop
  endfacet
  facet normal 0 0.946945 -0.321394
    outer loop
      vertex 10.25 -15.5407 11.0524
      vertex 14.25 -15.6563 10.7118
      vertex 10.25 -15.6563 10.7118
    endloop
  endfacet
  facet normal 0 -0.659449 -0.751749
    outer loop
      vertex 10.25 -11.3259 12.1817
      vertex 14.25 -11.0555 11.9445
      vertex 14.25 -11.3259 12.1817
    endloop
  endfacet
  facet normal -0 -0.659449 -0.751749
    outer loop
      vertex 14.25 -11.0555 11.9445
      vertex 10.25 -11.3259 12.1817
      vertex 10.25 -11.0555 11.9445
    endloop
  endfacet
  facet normal 0 -0.442314 -0.89686
    outer loop
      vertex 10.25 -11.9476 12.5407
      vertex 14.25 -11.625 12.3816
      vertex 14.25 -11.9476 12.5407
    endloop
  endfacet
  facet normal -0 -0.442314 -0.89686
    outer loop
      vertex 14.25 -11.625 12.3816
      vertex 10.25 -11.9476 12.5407
      vertex 10.25 -11.625 12.3816
    endloop
  endfacet
  facet normal 0 -0.321469 0.94692
    outer loop
      vertex 10.25 14.0524 7.45933
      vertex 14.25 13.7118 7.3437
      vertex 14.25 14.0524 7.45933
    endloop
  endfacet
  facet normal 0 -0.321469 0.94692
    outer loop
      vertex 14.25 13.7118 7.3437
      vertex 10.25 14.0524 7.45933
      vertex 10.25 13.7118 7.3437
    endloop
  endfacet
  facet normal 0 0.75181 0.65938
    outer loop
      vertex 14.25 11.0555 8.05546
      vertex 10.25 10.8183 8.32591
      vertex 14.25 10.8183 8.32591
    endloop
  endfacet
  facet normal 0 0.75181 0.65938
    outer loop
      vertex 10.25 10.8183 8.32591
      vertex 14.25 11.0555 8.05546
      vertex 10.25 11.0555 8.05546
    endloop
  endfacet
  facet normal 0 -0.997863 -0.0653379
    outer loop
      vertex 10.25 15.75 10
      vertex 14.25 15.7265 10.3589
      vertex 10.25 15.7265 10.3589
    endloop
  endfacet
  facet normal 0 -0.997863 -0.0653379
    outer loop
      vertex 14.25 15.7265 10.3589
      vertex 10.25 15.75 10
      vertex 14.25 15.75 10
    endloop
  endfacet
  facet normal 0 -0.8314 0.555675
    outer loop
      vertex 10.25 15.1817 8.32591
      vertex 14.25 15.3816 8.625
      vertex 10.25 15.3816 8.625
    endloop
  endfacet
  facet normal 0 -0.8314 0.555675
    outer loop
      vertex 14.25 15.3816 8.625
      vertex 10.25 15.1817 8.32591
      vertex 14.25 15.1817 8.32591
    endloop
  endfacet
  facet normal 0 0.195101 -0.980783
    outer loop
      vertex 10.25 12.2882 12.6563
      vertex 14.25 12.6411 12.7265
      vertex 14.25 12.2882 12.6563
    endloop
  endfacet
  facet normal 0 0.195101 -0.980783
    outer loop
      vertex 14.25 12.6411 12.7265
      vertex 10.25 12.2882 12.6563
      vertex 10.25 12.6411 12.7265
    endloop
  endfacet
  facet normal 0 0.980773 0.195154
    outer loop
      vertex 14.25 10.3437 9.28825
      vertex 10.25 10.2735 9.64105
      vertex 14.25 10.2735 9.64105
    endloop
  endfacet
  facet normal 0 0.980773 0.195154
    outer loop
      vertex 10.25 10.2735 9.64105
      vertex 14.25 10.3437 9.28825
      vertex 10.25 10.3437 9.28825
    endloop
  endfacet
  facet normal 0 -0.065421 0.997858
    outer loop
      vertex 10.25 13.3589 7.27353
      vertex 14.25 13 7.25
      vertex 14.25 13.3589 7.27353
    endloop
  endfacet
  facet normal 0 -0.065421 0.997858
    outer loop
      vertex 14.25 13 7.25
      vertex 10.25 13.3589 7.27353
      vertex 10.25 13 7.25
    endloop
  endfacet
  facet normal 0 0.831408 -0.555662
    outer loop
      vertex 14.25 10.6184 11.375
      vertex 10.25 10.8183 11.6741
      vertex 14.25 10.8183 11.6741
    endloop
  endfacet
  facet normal 0 0.831408 -0.555662
    outer loop
      vertex 10.25 10.8183 11.6741
      vertex 14.25 10.6184 11.375
      vertex 10.25 10.6184 11.375
    endloop
  endfacet
  facet normal 0 -0.980773 0.195154
    outer loop
      vertex 10.25 15.6563 9.28825
      vertex 14.25 15.7265 9.64105
      vertex 10.25 15.7265 9.64105
    endloop
  endfacet
  facet normal 0 -0.980773 0.195154
    outer loop
      vertex 14.25 15.7265 9.64105
      vertex 10.25 15.6563 9.28825
      vertex 14.25 15.6563 9.28825
    endloop
  endfacet
  facet normal -0 0.065421 0.997858
    outer loop
      vertex 10.25 13 7.25
      vertex 14.25 12.6411 7.27353
      vertex 14.25 13 7.25
    endloop
  endfacet
  facet normal 0 0.065421 0.997858
    outer loop
      vertex 14.25 12.6411 7.27353
      vertex 10.25 13 7.25
      vertex 10.25 12.6411 7.27353
    endloop
  endfacet
  facet normal -0 0.321469 0.94692
    outer loop
      vertex 10.25 12.2882 7.3437
      vertex 14.25 11.9476 7.45933
      vertex 14.25 12.2882 7.3437
    endloop
  endfacet
  facet normal 0 0.321469 0.94692
    outer loop
      vertex 14.25 11.9476 7.45933
      vertex 10.25 12.2882 7.3437
      vertex 10.25 11.9476 7.45933
    endloop
  endfacet
  facet normal 0 -0.831408 -0.555662
    outer loop
      vertex 10.25 15.3816 11.375
      vertex 14.25 15.1817 11.6741
      vertex 10.25 15.1817 11.6741
    endloop
  endfacet
  facet normal 0 -0.831408 -0.555662
    outer loop
      vertex 14.25 15.1817 11.6741
      vertex 10.25 15.3816 11.375
      vertex 14.25 15.3816 11.375
    endloop
  endfacet
  facet normal 0 0.89686 -0.442314
    outer loop
      vertex 14.25 10.4593 11.0524
      vertex 10.25 10.6184 11.375
      vertex 14.25 10.6184 11.375
    endloop
  endfacet
  facet normal 0 0.89686 -0.442314
    outer loop
      vertex 10.25 10.6184 11.375
      vertex 14.25 10.4593 11.0524
      vertex 10.25 10.4593 11.0524
    endloop
  endfacet
  facet normal -0 0.442314 0.89686
    outer loop
      vertex 10.25 11.9476 7.45933
      vertex 14.25 11.625 7.61843
      vertex 14.25 11.9476 7.45933
    endloop
  endfacet
  facet normal 0 0.442314 0.89686
    outer loop
      vertex 14.25 11.625 7.61843
      vertex 10.25 11.9476 7.45933
      vertex 10.25 11.625 7.61843
    endloop
  endfacet
  facet normal 0 0.980783 -0.195101
    outer loop
      vertex 14.25 10.2735 10.3589
      vertex 10.25 10.3437 10.7118
      vertex 14.25 10.3437 10.7118
    endloop
  endfacet
  facet normal 0 0.980783 -0.195101
    outer loop
      vertex 10.25 10.3437 10.7118
      vertex 14.25 10.2735 10.3589
      vertex 10.25 10.2735 10.3589
    endloop
  endfacet
  facet normal 0 -0.896871 0.442292
    outer loop
      vertex 10.25 15.3816 8.625
      vertex 14.25 15.5407 8.94762
      vertex 10.25 15.5407 8.94762
    endloop
  endfacet
  facet normal 0 -0.896871 0.442292
    outer loop
      vertex 14.25 15.5407 8.94762
      vertex 10.25 15.3816 8.625
      vertex 14.25 15.3816 8.625
    endloop
  endfacet
  facet normal 0 -0.19502 0.980799
    outer loop
      vertex 10.25 13.7118 7.3437
      vertex 14.25 13.3589 7.27353
      vertex 14.25 13.7118 7.3437
    endloop
  endfacet
  facet normal 0 -0.19502 0.980799
    outer loop
      vertex 14.25 13.3589 7.27353
      vertex 10.25 13.7118 7.3437
      vertex 10.25 13.3589 7.27353
    endloop
  endfacet
  facet normal 0 -0.89686 -0.442314
    outer loop
      vertex 10.25 15.5407 11.0524
      vertex 14.25 15.3816 11.375
      vertex 10.25 15.3816 11.375
    endloop
  endfacet
  facet normal 0 -0.89686 -0.442314
    outer loop
      vertex 14.25 15.3816 11.375
      vertex 10.25 15.5407 11.0524
      vertex 14.25 15.5407 11.0524
    endloop
  endfacet
  facet normal 0 -0.442314 0.89686
    outer loop
      vertex 10.25 14.375 7.61843
      vertex 14.25 14.0524 7.45933
      vertex 14.25 14.375 7.61843
    endloop
  endfacet
  facet normal 0 -0.442314 0.89686
    outer loop
      vertex 14.25 14.0524 7.45933
      vertex 10.25 14.375 7.61843
      vertex 10.25 14.0524 7.45933
    endloop
  endfacet
  facet normal 0 -0.659417 0.751777
    outer loop
      vertex 10.25 14.9445 8.05546
      vertex 14.25 14.6741 7.81828
      vertex 14.25 14.9445 8.05546
    endloop
  endfacet
  facet normal 0 -0.659417 0.751777
    outer loop
      vertex 14.25 14.6741 7.81828
      vertex 10.25 14.9445 8.05546
      vertex 10.25 14.6741 7.81828
    endloop
  endfacet
  facet normal 0 0.8314 0.555675
    outer loop
      vertex 14.25 10.8183 8.32591
      vertex 10.25 10.6184 8.625
      vertex 14.25 10.6184 8.625
    endloop
  endfacet
  facet normal 0 0.8314 0.555675
    outer loop
      vertex 10.25 10.6184 8.625
      vertex 14.25 10.8183 8.32591
      vertex 10.25 10.8183 8.32591
    endloop
  endfacet
  facet normal 0 0.946954 0.321369
    outer loop
      vertex 14.25 10.4593 8.94762
      vertex 10.25 10.3437 9.28825
      vertex 14.25 10.3437 9.28825
    endloop
  endfacet
  facet normal 0 0.946954 0.321369
    outer loop
      vertex 10.25 10.3437 9.28825
      vertex 14.25 10.4593 8.94762
      vertex 10.25 10.4593 8.94762
    endloop
  endfacet
  facet normal 0 0.896871 0.442292
    outer loop
      vertex 14.25 10.6184 8.625
      vertex 10.25 10.4593 8.94762
      vertex 14.25 10.4593 8.94762
    endloop
  endfacet
  facet normal 0 0.896871 0.442292
    outer loop
      vertex 10.25 10.4593 8.94762
      vertex 14.25 10.6184 8.625
      vertex 10.25 10.6184 8.625
    endloop
  endfacet
  facet normal 0 0.751749 -0.659449
    outer loop
      vertex 14.25 10.8183 11.6741
      vertex 10.25 11.0555 11.9445
      vertex 14.25 11.0555 11.9445
    endloop
  endfacet
  facet normal 0 0.751749 -0.659449
    outer loop
      vertex 10.25 11.0555 11.9445
      vertex 14.25 10.8183 11.6741
      vertex 10.25 10.8183 11.6741
    endloop
  endfacet
  facet normal 0 -0.751749 -0.659449
    outer loop
      vertex 10.25 15.1817 11.6741
      vertex 14.25 14.9445 11.9445
      vertex 10.25 14.9445 11.9445
    endloop
  endfacet
  facet normal 0 -0.751749 -0.659449
    outer loop
      vertex 14.25 14.9445 11.9445
      vertex 10.25 15.1817 11.6741
      vertex 14.25 15.1817 11.6741
    endloop
  endfacet
  facet normal 0 -0.980783 -0.195101
    outer loop
      vertex 10.25 15.7265 10.3589
      vertex 14.25 15.6563 10.7118
      vertex 10.25 15.6563 10.7118
    endloop
  endfacet
  facet normal 0 -0.980783 -0.195101
    outer loop
      vertex 14.25 15.6563 10.7118
      vertex 10.25 15.7265 10.3589
      vertex 14.25 15.7265 10.3589
    endloop
  endfacet
  facet normal -0 0.19502 0.980799
    outer loop
      vertex 10.25 12.6411 7.27353
      vertex 14.25 12.2882 7.3437
      vertex 14.25 12.6411 7.27353
    endloop
  endfacet
  facet normal 0 0.19502 0.980799
    outer loop
      vertex 14.25 12.2882 7.3437
      vertex 10.25 12.6411 7.27353
      vertex 10.25 12.2882 7.3437
    endloop
  endfacet
  facet normal 0 -0.75181 0.65938
    outer loop
      vertex 10.25 14.9445 8.05546
      vertex 14.25 15.1817 8.32591
      vertex 10.25 15.1817 8.32591
    endloop
  endfacet
  facet normal 0 -0.75181 0.65938
    outer loop
      vertex 14.25 15.1817 8.32591
      vertex 10.25 14.9445 8.05546
      vertex 14.25 14.9445 8.05546
    endloop
  endfacet
  facet normal 0 -0.321394 -0.946945
    outer loop
      vertex 10.25 13.7118 12.6563
      vertex 14.25 14.0524 12.5407
      vertex 14.25 13.7118 12.6563
    endloop
  endfacet
  facet normal -0 -0.321394 -0.946945
    outer loop
      vertex 14.25 14.0524 12.5407
      vertex 10.25 13.7118 12.6563
      vertex 10.25 14.0524 12.5407
    endloop
  endfacet
  facet normal 0 -0.946945 -0.321394
    outer loop
      vertex 10.25 15.6563 10.7118
      vertex 14.25 15.5407 11.0524
      vertex 10.25 15.5407 11.0524
    endloop
  endfacet
  facet normal 0 -0.946945 -0.321394
    outer loop
      vertex 14.25 15.5407 11.0524
      vertex 10.25 15.6563 10.7118
      vertex 14.25 15.6563 10.7118
    endloop
  endfacet
  facet normal 0 -0.555566 0.831472
    outer loop
      vertex 10.25 14.6741 7.81828
      vertex 14.25 14.375 7.61843
      vertex 14.25 14.6741 7.81828
    endloop
  endfacet
  facet normal 0 -0.555566 0.831472
    outer loop
      vertex 14.25 14.375 7.61843
      vertex 10.25 14.6741 7.81828
      vertex 10.25 14.375 7.61843
    endloop
  endfacet
  facet normal -0 0.555566 0.831472
    outer loop
      vertex 10.25 11.625 7.61843
      vertex 14.25 11.3259 7.81828
      vertex 14.25 11.625 7.61843
    endloop
  endfacet
  facet normal 0 0.555566 0.831472
    outer loop
      vertex 14.25 11.3259 7.81828
      vertex 10.25 11.625 7.61843
      vertex 10.25 11.3259 7.81828
    endloop
  endfacet
  facet normal 0 -0.997864 0.0653289
    outer loop
      vertex 10.25 15.7265 9.64105
      vertex 14.25 15.75 10
      vertex 10.25 15.75 10
    endloop
  endfacet
  facet normal 0 -0.997864 0.0653289
    outer loop
      vertex 14.25 15.75 10
      vertex 10.25 15.7265 9.64105
      vertex 14.25 15.7265 9.64105
    endloop
  endfacet
  facet normal -0 0.659417 0.751777
    outer loop
      vertex 10.25 11.3259 7.81828
      vertex 14.25 11.0555 8.05546
      vertex 14.25 11.3259 7.81828
    endloop
  endfacet
  facet normal 0 0.659417 0.751777
    outer loop
      vertex 14.25 11.0555 8.05546
      vertex 10.25 11.3259 7.81828
      vertex 10.25 11.0555 8.05546
    endloop
  endfacet
  facet normal 0 0.321394 -0.946945
    outer loop
      vertex 10.25 11.9476 12.5407
      vertex 14.25 12.2882 12.6563
      vertex 14.25 11.9476 12.5407
    endloop
  endfacet
  facet normal 0 0.321394 -0.946945
    outer loop
      vertex 14.25 12.2882 12.6563
      vertex 10.25 11.9476 12.5407
      vertex 10.25 12.2882 12.6563
    endloop
  endfacet
  facet normal 0 -0.946954 0.321369
    outer loop
      vertex 10.25 15.5407 8.94762
      vertex 14.25 15.6563 9.28825
      vertex 10.25 15.6563 9.28825
    endloop
  endfacet
  facet normal 0 -0.946954 0.321369
    outer loop
      vertex 14.25 15.6563 9.28825
      vertex 10.25 15.5407 8.94762
      vertex 14.25 15.5407 8.94762
    endloop
  endfacet
  facet normal 0 0.659449 -0.751749
    outer loop
      vertex 10.25 11.0555 11.9445
      vertex 14.25 11.3259 12.1817
      vertex 14.25 11.0555 11.9445
    endloop
  endfacet
  facet normal 0 0.659449 -0.751749
    outer loop
      vertex 14.25 11.3259 12.1817
      vertex 10.25 11.0555 11.9445
      vertex 10.25 11.3259 12.1817
    endloop
  endfacet
  facet normal 0 0.555662 -0.831408
    outer loop
      vertex 10.25 11.3259 12.1817
      vertex 14.25 11.625 12.3816
      vertex 14.25 11.3259 12.1817
    endloop
  endfacet
  facet normal 0 0.555662 -0.831408
    outer loop
      vertex 14.25 11.625 12.3816
      vertex 10.25 11.3259 12.1817
      vertex 10.25 11.625 12.3816
    endloop
  endfacet
  facet normal 0 -0.442314 -0.89686
    outer loop
      vertex 10.25 14.0524 12.5407
      vertex 14.25 14.375 12.3816
      vertex 14.25 14.0524 12.5407
    endloop
  endfacet
  facet normal -0 -0.442314 -0.89686
    outer loop
      vertex 14.25 14.375 12.3816
      vertex 10.25 14.0524 12.5407
      vertex 10.25 14.375 12.3816
    endloop
  endfacet
  facet normal 0 0.997863 -0.0653379
    outer loop
      vertex 14.25 10.25 10
      vertex 10.25 10.2735 10.3589
      vertex 14.25 10.2735 10.3589
    endloop
  endfacet
  facet normal 0 0.997863 -0.0653379
    outer loop
      vertex 10.25 10.2735 10.3589
      vertex 14.25 10.25 10
      vertex 10.25 10.25 10
    endloop
  endfacet
  facet normal 0 -0.195101 -0.980783
    outer loop
      vertex 10.25 13.3589 12.7265
      vertex 14.25 13.7118 12.6563
      vertex 14.25 13.3589 12.7265
    endloop
  endfacet
  facet normal -0 -0.195101 -0.980783
    outer loop
      vertex 14.25 13.7118 12.6563
      vertex 10.25 13.3589 12.7265
      vertex 10.25 13.7118 12.6563
    endloop
  endfacet
  facet normal 0 0.442314 -0.89686
    outer loop
      vertex 10.25 11.625 12.3816
      vertex 14.25 11.9476 12.5407
      vertex 14.25 11.625 12.3816
    endloop
  endfacet
  facet normal 0 0.442314 -0.89686
    outer loop
      vertex 14.25 11.9476 12.5407
      vertex 10.25 11.625 12.3816
      vertex 10.25 11.9476 12.5407
    endloop
  endfacet
  facet normal 0 -0.555662 -0.831408
    outer loop
      vertex 10.25 14.375 12.3816
      vertex 14.25 14.6741 12.1817
      vertex 14.25 14.375 12.3816
    endloop
  endfacet
  facet normal -0 -0.555662 -0.831408
    outer loop
      vertex 14.25 14.6741 12.1817
      vertex 10.25 14.375 12.3816
      vertex 10.25 14.6741 12.1817
    endloop
  endfacet
  facet normal 0 0.997864 0.0653289
    outer loop
      vertex 14.25 10.2735 9.64105
      vertex 10.25 10.25 10
      vertex 14.25 10.25 10
    endloop
  endfacet
  facet normal 0 0.997864 0.0653289
    outer loop
      vertex 10.25 10.25 10
      vertex 14.25 10.2735 9.64105
      vertex 10.25 10.2735 9.64105
    endloop
  endfacet
  facet normal 0 0.0653379 -0.997863
    outer loop
      vertex 10.25 12.6411 12.7265
      vertex 14.25 13 12.75
      vertex 14.25 12.6411 12.7265
    endloop
  endfacet
  facet normal 0 0.0653379 -0.997863
    outer loop
      vertex 14.25 13 12.75
      vertex 10.25 12.6411 12.7265
      vertex 10.25 13 12.75
    endloop
  endfacet
  facet normal 0 0.946945 -0.321394
    outer loop
      vertex 14.25 10.3437 10.7118
      vertex 10.25 10.4593 11.0524
      vertex 14.25 10.4593 11.0524
    endloop
  endfacet
  facet normal 0 0.946945 -0.321394
    outer loop
      vertex 10.25 10.4593 11.0524
      vertex 14.25 10.3437 10.7118
      vertex 10.25 10.3437 10.7118
    endloop
  endfacet
  facet normal 0 -0.0653379 -0.997863
    outer loop
      vertex 10.25 13 12.75
      vertex 14.25 13.3589 12.7265
      vertex 14.25 13 12.75
    endloop
  endfacet
  facet normal -0 -0.0653379 -0.997863
    outer loop
      vertex 14.25 13.3589 12.7265
      vertex 10.25 13 12.75
      vertex 10.25 13.3589 12.7265
    endloop
  endfacet
  facet normal 0 -0.659449 -0.751749
    outer loop
      vertex 10.25 14.6741 12.1817
      vertex 14.25 14.9445 11.9445
      vertex 14.25 14.6741 12.1817
    endloop
  endfacet
  facet normal -0 -0.659449 -0.751749
    outer loop
      vertex 14.25 14.9445 11.9445
      vertex 10.25 14.6741 12.1817
      vertex 10.25 14.9445 11.9445
    endloop
  endfacet
  facet normal 0.800074 -0.382764 -0.461924
    outer loop
      vertex -37.3623 -28.6247 49.4296
      vertex -32.7368 -28.275 57.1514
      vertex -32.8623 -28.6247 57.2238
    endloop
  endfacet
  facet normal 0.800036 -0.382877 -0.461897
    outer loop
      vertex -32.7368 -28.275 57.1514
      vertex -37.3623 -28.6247 49.4296
      vertex -37.2368 -28.275 49.3571
    endloop
  endfacet
  facet normal -0.800144 -0.382569 0.461965
    outer loop
      vertex -30.4364 -28.6247 55.8232
      vertex -35.0618 -28.275 48.1014
      vertex -34.9364 -28.6247 48.029
    endloop
  endfacet
  facet normal -0.800144 -0.382569 0.461965
    outer loop
      vertex -35.0618 -28.275 48.1014
      vertex -30.4364 -28.6247 55.8232
      vertex -30.5618 -28.275 55.8956
    endloop
  endfacet
  facet normal -0.858614 -0.130544 0.495723
    outer loop
      vertex -30.3936 -29 55.7985
      vertex -34.9364 -28.6247 48.029
      vertex -34.8936 -29 48.0043
    endloop
  endfacet
  facet normal -0.858614 -0.130544 0.495723
    outer loop
      vertex -34.9364 -28.6247 48.029
      vertex -30.3936 -29 55.7985
      vertex -30.4364 -28.6247 55.8232
    endloop
  endfacet
  facet normal -0.68703 -0.608812 0.396658
    outer loop
      vertex -30.5618 -28.275 55.8956
      vertex -35.2614 -27.9747 48.2166
      vertex -35.0618 -28.275 48.1014
    endloop
  endfacet
  facet normal -0.68703 -0.608812 0.396658
    outer loop
      vertex -35.2614 -27.9747 48.2166
      vertex -30.5618 -28.275 55.8956
      vertex -30.7614 -27.9747 56.0108
    endloop
  endfacet
  facet normal 0.527105 -0.793442 -0.304321
    outer loop
      vertex -37.0373 -27.9747 49.2419
      vertex -32.2772 -27.7443 56.886
      vertex -32.5373 -27.9747 57.0362
    endloop
  endfacet
  facet normal 0.527158 -0.793393 -0.304356
    outer loop
      vertex -32.2772 -27.7443 56.886
      vertex -37.0373 -27.9747 49.2419
      vertex -36.7772 -27.7443 49.0918
    endloop
  endfacet
  facet normal -0.858614 0.130544 0.495723
    outer loop
      vertex -34.9364 -29.3753 48.029
      vertex -30.3936 -29 55.7985
      vertex -34.8936 -29 48.0043
    endloop
  endfacet
  facet normal -0.858614 0.130544 0.495723
    outer loop
      vertex -30.3936 -29 55.7985
      vertex -34.9364 -29.3753 48.029
      vertex -30.4364 -29.3753 55.8232
    endloop
  endfacet
  facet normal -0.527103 0.793442 0.304324
    outer loop
      vertex -30.7614 -30.0253 56.0108
      vertex -35.5215 -30.2557 48.3668
      vertex -31.0215 -30.2557 56.161
    endloop
  endfacet
  facet normal -0.527103 0.793442 0.304324
    outer loop
      vertex -35.5215 -30.2557 48.3668
      vertex -30.7614 -30.0253 56.0108
      vertex -35.2614 -30.0253 48.2166
    endloop
  endfacet
  facet normal -0.68703 0.608812 0.396658
    outer loop
      vertex -35.2614 -30.0253 48.2166
      vertex -30.5618 -29.725 55.8956
      vertex -35.0618 -29.725 48.1014
    endloop
  endfacet
  facet normal -0.68703 0.608812 0.396658
    outer loop
      vertex -30.5618 -29.725 55.8956
      vertex -35.2614 -30.0253 48.2166
      vertex -30.7614 -30.0253 56.0108
    endloop
  endfacet
  facet normal 0.527105 0.793442 -0.304321
    outer loop
      vertex -32.2772 -30.2557 56.886
      vertex -37.0373 -30.0253 49.2419
      vertex -32.5373 -30.0253 57.0362
    endloop
  endfacet
  facet normal 0.527158 0.793393 -0.304356
    outer loop
      vertex -37.0373 -30.0253 49.2419
      vertex -32.2772 -30.2557 56.886
      vertex -36.7772 -30.2557 49.0918
    endloop
  endfacet
  facet normal 0.331524 -0.923826 -0.191406
    outer loop
      vertex -36.7772 -27.7443 49.0918
      vertex -31.9744 -27.5994 56.7111
      vertex -32.2772 -27.7443 56.886
    endloop
  endfacet
  facet normal 0.331524 -0.923826 -0.191406
    outer loop
      vertex -31.9744 -27.5994 56.7111
      vertex -36.7772 -27.7443 49.0918
      vertex -36.4744 -27.5994 48.9169
    endloop
  endfacet
  facet normal 0.113005 -0.99145 -0.0652437
    outer loop
      vertex -36.4744 -27.5994 48.9169
      vertex -31.6493 -27.55 56.5235
      vertex -31.9744 -27.5994 56.7111
    endloop
  endfacet
  facet normal 0.113005 -0.99145 -0.0652437
    outer loop
      vertex -31.6493 -27.55 56.5235
      vertex -36.4744 -27.5994 48.9169
      vertex -36.1493 -27.55 48.7293
    endloop
  endfacet
  facet normal -0.527103 -0.793442 0.304324
    outer loop
      vertex -35.5215 -27.7443 48.3668
      vertex -30.7614 -27.9747 56.0108
      vertex -31.0215 -27.7443 56.161
    endloop
  endfacet
  facet normal -0.527103 -0.793442 0.304324
    outer loop
      vertex -30.7614 -27.9747 56.0108
      vertex -35.5215 -27.7443 48.3668
      vertex -35.2614 -27.9747 48.2166
    endloop
  endfacet
  facet normal 0.800074 0.382764 -0.461924
    outer loop
      vertex -32.7368 -29.725 57.1514
      vertex -37.3623 -29.3753 49.4296
      vertex -32.8623 -29.3753 57.2238
    endloop
  endfacet
  facet normal 0.800036 0.382877 -0.461897
    outer loop
      vertex -37.3623 -29.3753 49.4296
      vertex -32.7368 -29.725 57.1514
      vertex -37.2368 -29.725 49.3571
    endloop
  endfacet
  facet normal -0.800144 0.382569 0.461965
    outer loop
      vertex -35.0618 -29.725 48.1014
      vertex -30.4364 -29.3753 55.8232
      vertex -34.9364 -29.3753 48.029
    endloop
  endfacet
  facet normal -0.800144 0.382569 0.461965
    outer loop
      vertex -30.4364 -29.3753 55.8232
      vertex -35.0618 -29.725 48.1014
      vertex -30.5618 -29.725 55.8956
    endloop
  endfacet
  facet normal 0.687128 0.608668 -0.39671
    outer loop
      vertex -32.5373 -30.0253 57.0362
      vertex -37.2368 -29.725 49.3571
      vertex -32.7368 -29.725 57.1514
    endloop
  endfacet
  facet normal 0.687128 0.608668 -0.39671
    outer loop
      vertex -37.2368 -29.725 49.3571
      vertex -32.5373 -30.0253 57.0362
      vertex -37.0373 -30.0253 49.2419
    endloop
  endfacet
  facet normal -0.113031 0.991446 0.0652585
    outer loop
      vertex -31.3243 -30.4006 56.3359
      vertex -36.1493 -30.45 48.7293
      vertex -31.6493 -30.45 56.5235
    endloop
  endfacet
  facet normal -0.113016 0.991448 0.0652493
    outer loop
      vertex -36.1493 -30.45 48.7293
      vertex -31.3243 -30.4006 56.3359
      vertex -35.8243 -30.4006 48.5416
    endloop
  endfacet
  facet normal 0.687128 -0.608668 -0.39671
    outer loop
      vertex -37.2368 -28.275 49.3571
      vertex -32.5373 -27.9747 57.0362
      vertex -32.7368 -28.275 57.1514
    endloop
  endfacet
  facet normal 0.687128 -0.608668 -0.39671
    outer loop
      vertex -32.5373 -27.9747 57.0362
      vertex -37.2368 -28.275 49.3571
      vertex -37.0373 -27.9747 49.2419
    endloop
  endfacet
  facet normal 0.113005 0.99145 -0.0652437
    outer loop
      vertex -31.6493 -30.45 56.5235
      vertex -36.4744 -30.4006 48.9169
      vertex -31.9744 -30.4006 56.7111
    endloop
  endfacet
  facet normal 0.113005 0.99145 -0.0652437
    outer loop
      vertex -36.4744 -30.4006 48.9169
      vertex -31.6493 -30.45 56.5235
      vertex -36.1493 -30.45 48.7293
    endloop
  endfacet
  facet normal 0.858614 -0.130544 -0.495723
    outer loop
      vertex -37.4051 -29 49.4543
      vertex -32.8623 -28.6247 57.2238
      vertex -32.9051 -29 57.2485
    endloop
  endfacet
  facet normal 0.858614 -0.130544 -0.495723
    outer loop
      vertex -32.8623 -28.6247 57.2238
      vertex -37.4051 -29 49.4543
      vertex -37.3623 -28.6247 49.4296
    endloop
  endfacet
  facet normal -0.331525 0.923826 0.191404
    outer loop
      vertex -31.0215 -30.2557 56.161
      vertex -35.8243 -30.4006 48.5416
      vertex -31.3243 -30.4006 56.3359
    endloop
  endfacet
  facet normal -0.331565 0.923807 0.19143
    outer loop
      vertex -35.8243 -30.4006 48.5416
      vertex -31.0215 -30.2557 56.161
      vertex -35.5215 -30.2557 48.3668
    endloop
  endfacet
  facet normal -0.113031 -0.991446 0.0652585
    outer loop
      vertex -36.1493 -27.55 48.7293
      vertex -31.3243 -27.5994 56.3359
      vertex -31.6493 -27.55 56.5235
    endloop
  endfacet
  facet normal -0.113016 -0.991448 0.0652493
    outer loop
      vertex -31.3243 -27.5994 56.3359
      vertex -36.1493 -27.55 48.7293
      vertex -35.8243 -27.5994 48.5416
    endloop
  endfacet
  facet normal 0.858614 0.130544 -0.495723
    outer loop
      vertex -32.8623 -29.3753 57.2238
      vertex -37.4051 -29 49.4543
      vertex -32.9051 -29 57.2485
    endloop
  endfacet
  facet normal 0.858614 0.130544 -0.495723
    outer loop
      vertex -37.4051 -29 49.4543
      vertex -32.8623 -29.3753 57.2238
      vertex -37.3623 -29.3753 49.4296
    endloop
  endfacet
  facet normal -0.331525 -0.923826 0.191404
    outer loop
      vertex -35.8243 -27.5994 48.5416
      vertex -31.0215 -27.7443 56.161
      vertex -31.3243 -27.5994 56.3359
    endloop
  endfacet
  facet normal -0.331565 -0.923807 0.19143
    outer loop
      vertex -31.0215 -27.7443 56.161
      vertex -35.8243 -27.5994 48.5416
      vertex -35.5215 -27.7443 48.3668
    endloop
  endfacet
  facet normal 0.331524 0.923826 -0.191406
    outer loop
      vertex -31.9744 -30.4006 56.7111
      vertex -36.7772 -30.2557 49.0918
      vertex -32.2772 -30.2557 56.886
    endloop
  endfacet
  facet normal 0.331524 0.923826 -0.191406
    outer loop
      vertex -36.7772 -30.2557 49.0918
      vertex -31.9744 -30.4006 56.7111
      vertex -36.4744 -30.4006 48.9169
    endloop
  endfacet
  facet normal -0.858614 -0.130544 0.495723
    outer loop
      vertex -30.3936 29 55.7985
      vertex -34.9364 29.3753 48.029
      vertex -34.8936 29 48.0043
    endloop
  endfacet
  facet normal -0.858614 -0.130544 0.495723
    outer loop
      vertex -34.9364 29.3753 48.029
      vertex -30.3936 29 55.7985
      vertex -30.4364 29.3753 55.8232
    endloop
  endfacet
  facet normal -0.800144 -0.382569 0.461965
    outer loop
      vertex -30.4364 29.3753 55.8232
      vertex -35.0618 29.725 48.1014
      vertex -34.9364 29.3753 48.029
    endloop
  endfacet
  facet normal -0.800144 -0.382569 0.461965
    outer loop
      vertex -35.0618 29.725 48.1014
      vertex -30.4364 29.3753 55.8232
      vertex -30.5618 29.725 55.8956
    endloop
  endfacet
  facet normal -0.800144 0.382569 0.461965
    outer loop
      vertex -35.0618 28.275 48.1014
      vertex -30.4364 28.6247 55.8232
      vertex -34.9364 28.6247 48.029
    endloop
  endfacet
  facet normal -0.800144 0.382569 0.461965
    outer loop
      vertex -30.4364 28.6247 55.8232
      vertex -35.0618 28.275 48.1014
      vertex -30.5618 28.275 55.8956
    endloop
  endfacet
  facet normal 0.113005 0.99145 -0.0652437
    outer loop
      vertex -31.6493 27.55 56.5235
      vertex -36.4744 27.5994 48.9169
      vertex -31.9744 27.5994 56.7111
    endloop
  endfacet
  facet normal 0.113005 0.99145 -0.0652437
    outer loop
      vertex -36.4744 27.5994 48.9169
      vertex -31.6493 27.55 56.5235
      vertex -36.1493 27.55 48.7293
    endloop
  endfacet
  facet normal 0.687128 0.608668 -0.39671
    outer loop
      vertex -32.5373 27.9747 57.0362
      vertex -37.2368 28.275 49.3571
      vertex -32.7368 28.275 57.1514
    endloop
  endfacet
  facet normal 0.687128 0.608668 -0.39671
    outer loop
      vertex -37.2368 28.275 49.3571
      vertex -32.5373 27.9747 57.0362
      vertex -37.0373 27.9747 49.2419
    endloop
  endfacet
  facet normal 0.800074 0.382764 -0.461924
    outer loop
      vertex -32.7368 28.275 57.1514
      vertex -37.3623 28.6247 49.4296
      vertex -32.8623 28.6247 57.2238
    endloop
  endfacet
  facet normal 0.800036 0.382877 -0.461897
    outer loop
      vertex -37.3623 28.6247 49.4296
      vertex -32.7368 28.275 57.1514
      vertex -37.2368 28.275 49.3571
    endloop
  endfacet
  facet normal -0.68703 0.608812 0.396658
    outer loop
      vertex -35.2614 27.9747 48.2166
      vertex -30.5618 28.275 55.8956
      vertex -35.0618 28.275 48.1014
    endloop
  endfacet
  facet normal -0.68703 0.608812 0.396658
    outer loop
      vertex -30.5618 28.275 55.8956
      vertex -35.2614 27.9747 48.2166
      vertex -30.7614 27.9747 56.0108
    endloop
  endfacet
  facet normal 0.858614 0.130544 -0.495723
    outer loop
      vertex -32.8623 28.6247 57.2238
      vertex -37.4051 29 49.4543
      vertex -32.9051 29 57.2485
    endloop
  endfacet
  facet normal 0.858614 0.130544 -0.495723
    outer loop
      vertex -37.4051 29 49.4543
      vertex -32.8623 28.6247 57.2238
      vertex -37.3623 28.6247 49.4296
    endloop
  endfacet
  facet normal -0.527103 -0.793442 0.304324
    outer loop
      vertex -35.5215 30.2557 48.3668
      vertex -30.7614 30.0253 56.0108
      vertex -31.0215 30.2557 56.161
    endloop
  endfacet
  facet normal -0.527103 -0.793442 0.304324
    outer loop
      vertex -30.7614 30.0253 56.0108
      vertex -35.5215 30.2557 48.3668
      vertex -35.2614 30.0253 48.2166
    endloop
  endfacet
  facet normal 0.527105 0.793442 -0.304321
    outer loop
      vertex -32.2772 27.7443 56.886
      vertex -37.0373 27.9747 49.2419
      vertex -32.5373 27.9747 57.0362
    endloop
  endfacet
  facet normal 0.527158 0.793393 -0.304356
    outer loop
      vertex -37.0373 27.9747 49.2419
      vertex -32.2772 27.7443 56.886
      vertex -36.7772 27.7443 49.0918
    endloop
  endfacet
  facet normal -0.331525 0.923826 0.191404
    outer loop
      vertex -31.0215 27.7443 56.161
      vertex -35.8243 27.5994 48.5416
      vertex -31.3243 27.5994 56.3359
    endloop
  endfacet
  facet normal -0.331565 0.923807 0.19143
    outer loop
      vertex -35.8243 27.5994 48.5416
      vertex -31.0215 27.7443 56.161
      vertex -35.5215 27.7443 48.3668
    endloop
  endfacet
  facet normal 0.800074 -0.382764 -0.461924
    outer loop
      vertex -37.3623 29.3753 49.4296
      vertex -32.7368 29.725 57.1514
      vertex -32.8623 29.3753 57.2238
    endloop
  endfacet
  facet normal 0.800036 -0.382877 -0.461897
    outer loop
      vertex -32.7368 29.725 57.1514
      vertex -37.3623 29.3753 49.4296
      vertex -37.2368 29.725 49.3571
    endloop
  endfacet
  facet normal -0.113031 0.991446 0.0652585
    outer loop
      vertex -31.3243 27.5994 56.3359
      vertex -36.1493 27.55 48.7293
      vertex -31.6493 27.55 56.5235
    endloop
  endfacet
  facet normal -0.113016 0.991448 0.0652493
    outer loop
      vertex -36.1493 27.55 48.7293
      vertex -31.3243 27.5994 56.3359
      vertex -35.8243 27.5994 48.5416
    endloop
  endfacet
  facet normal -0.331525 -0.923826 0.191404
    outer loop
      vertex -35.8243 30.4006 48.5416
      vertex -31.0215 30.2557 56.161
      vertex -31.3243 30.4006 56.3359
    endloop
  endfacet
  facet normal -0.331565 -0.923807 0.19143
    outer loop
      vertex -31.0215 30.2557 56.161
      vertex -35.8243 30.4006 48.5416
      vertex -35.5215 30.2557 48.3668
    endloop
  endfacet
  facet normal 0.858614 -0.130544 -0.495723
    outer loop
      vertex -37.4051 29 49.4543
      vertex -32.8623 29.3753 57.2238
      vertex -32.9051 29 57.2485
    endloop
  endfacet
  facet normal 0.858614 -0.130544 -0.495723
    outer loop
      vertex -32.8623 29.3753 57.2238
      vertex -37.4051 29 49.4543
      vertex -37.3623 29.3753 49.4296
    endloop
  endfacet
  facet normal 0.113005 -0.99145 -0.0652437
    outer loop
      vertex -36.4744 30.4006 48.9169
      vertex -31.6493 30.45 56.5235
      vertex -31.9744 30.4006 56.7111
    endloop
  endfacet
  facet normal 0.113005 -0.99145 -0.0652437
    outer loop
      vertex -31.6493 30.45 56.5235
      vertex -36.4744 30.4006 48.9169
      vertex -36.1493 30.45 48.7293
    endloop
  endfacet
  facet normal -0.527103 0.793442 0.304324
    outer loop
      vertex -30.7614 27.9747 56.0108
      vertex -35.5215 27.7443 48.3668
      vertex -31.0215 27.7443 56.161
    endloop
  endfacet
  facet normal -0.527103 0.793442 0.304324
    outer loop
      vertex -35.5215 27.7443 48.3668
      vertex -30.7614 27.9747 56.0108
      vertex -35.2614 27.9747 48.2166
    endloop
  endfacet
  facet normal 0.331524 0.923826 -0.191406
    outer loop
      vertex -31.9744 27.5994 56.7111
      vertex -36.7772 27.7443 49.0918
      vertex -32.2772 27.7443 56.886
    endloop
  endfacet
  facet normal 0.331524 0.923826 -0.191406
    outer loop
      vertex -36.7772 27.7443 49.0918
      vertex -31.9744 27.5994 56.7111
      vertex -36.4744 27.5994 48.9169
    endloop
  endfacet
  facet normal 0.687128 -0.608668 -0.39671
    outer loop
      vertex -37.2368 29.725 49.3571
      vertex -32.5373 30.0253 57.0362
      vertex -32.7368 29.725 57.1514
    endloop
  endfacet
  facet normal 0.687128 -0.608668 -0.39671
    outer loop
      vertex -32.5373 30.0253 57.0362
      vertex -37.2368 29.725 49.3571
      vertex -37.0373 30.0253 49.2419
    endloop
  endfacet
  facet normal 0.527105 -0.793442 -0.304321
    outer loop
      vertex -37.0373 30.0253 49.2419
      vertex -32.2772 30.2557 56.886
      vertex -32.5373 30.0253 57.0362
    endloop
  endfacet
  facet normal 0.527158 -0.793393 -0.304356
    outer loop
      vertex -32.2772 30.2557 56.886
      vertex -37.0373 30.0253 49.2419
      vertex -36.7772 30.2557 49.0918
    endloop
  endfacet
  facet normal 0.331524 -0.923826 -0.191406
    outer loop
      vertex -36.7772 30.2557 49.0918
      vertex -31.9744 30.4006 56.7111
      vertex -32.2772 30.2557 56.886
    endloop
  endfacet
  facet normal 0.331524 -0.923826 -0.191406
    outer loop
      vertex -31.9744 30.4006 56.7111
      vertex -36.7772 30.2557 49.0918
      vertex -36.4744 30.4006 48.9169
    endloop
  endfacet
  facet normal -0.113031 -0.991446 0.0652585
    outer loop
      vertex -36.1493 30.45 48.7293
      vertex -31.3243 30.4006 56.3359
      vertex -31.6493 30.45 56.5235
    endloop
  endfacet
  facet normal -0.113016 -0.991448 0.0652493
    outer loop
      vertex -31.3243 30.4006 56.3359
      vertex -36.1493 30.45 48.7293
      vertex -35.8243 30.4006 48.5416
    endloop
  endfacet
  facet normal -0.68703 -0.608812 0.396658
    outer loop
      vertex -30.5618 29.725 55.8956
      vertex -35.2614 30.0253 48.2166
      vertex -35.0618 29.725 48.1014
    endloop
  endfacet
  facet normal -0.68703 -0.608812 0.396658
    outer loop
      vertex -35.2614 30.0253 48.2166
      vertex -30.5618 29.725 55.8956
      vertex -30.7614 30.0253 56.0108
    endloop
  endfacet
  facet normal -0.858614 0.130544 0.495723
    outer loop
      vertex -34.9364 28.6247 48.029
      vertex -30.3936 29 55.7985
      vertex -34.8936 29 48.0043
    endloop
  endfacet
  facet normal -0.858614 0.130544 0.495723
    outer loop
      vertex -30.3936 29 55.7985
      vertex -34.9364 28.6247 48.029
      vertex -30.4364 28.6247 55.8232
    endloop
  endfacet
  facet normal 0.80011 -0.382666 -0.461941
    outer loop
      vertex 4.57295 -28.6247 24.0635
      vertex 9.6984 -28.275 32.6514
      vertex 9.57295 -28.6247 32.7238
    endloop
  endfacet
  facet normal 0.80011 -0.382666 -0.461941
    outer loop
      vertex 9.6984 -28.275 32.6514
      vertex 4.57295 -28.6247 24.0635
      vertex 4.6984 -28.275 23.9911
    endloop
  endfacet
  facet normal -0.80011 -0.382666 0.461942
    outer loop
      vertex 11.9988 -28.6247 31.3232
      vertex 6.8734 -28.275 22.7354
      vertex 6.99885 -28.6247 22.663
    endloop
  endfacet
  facet normal -0.800143 -0.382569 0.461966
    outer loop
      vertex 6.8734 -28.275 22.7354
      vertex 11.9988 -28.6247 31.3232
      vertex 11.8734 -28.275 31.3956
    endloop
  endfacet
  facet normal -0.858605 -0.130651 0.495709
    outer loop
      vertex 12.0416 -29 31.2985
      vertex 6.99885 -28.6247 22.663
      vertex 7.04164 -29 22.6382
    endloop
  endfacet
  facet normal -0.858615 -0.130544 0.49572
    outer loop
      vertex 6.99885 -28.6247 22.663
      vertex 12.0416 -29 31.2985
      vertex 11.9988 -28.6247 31.3232
    endloop
  endfacet
  facet normal -0.687068 -0.608754 0.396681
    outer loop
      vertex 11.8734 -28.275 31.3956
      vertex 6.67384 -27.9747 22.8506
      vertex 6.8734 -28.275 22.7354
    endloop
  endfacet
  facet normal -0.686978 -0.608895 0.396621
    outer loop
      vertex 6.67384 -27.9747 22.8506
      vertex 11.8734 -28.275 31.3956
      vertex 11.6738 -27.9747 31.5109
    endloop
  endfacet
  facet normal 0.527161 -0.793391 -0.304355
    outer loop
      vertex 4.89796 -27.9747 23.8759
      vertex 10.158 -27.7443 32.386
      vertex 9.89796 -27.9747 32.5362
    endloop
  endfacet
  facet normal 0.527134 -0.793416 -0.304337
    outer loop
      vertex 10.158 -27.7443 32.386
      vertex 4.89796 -27.9747 23.8759
      vertex 5.15803 -27.7443 23.7257
    endloop
  endfacet
  facet normal -0.858605 0.130651 0.495709
    outer loop
      vertex 6.99885 -29.3753 22.663
      vertex 12.0416 -29 31.2985
      vertex 7.04164 -29 22.6382
    endloop
  endfacet
  facet normal -0.858615 0.130544 0.49572
    outer loop
      vertex 12.0416 -29 31.2985
      vertex 6.99885 -29.3753 22.663
      vertex 11.9988 -29.3753 31.3232
    endloop
  endfacet
  facet normal -0.527254 0.793308 0.304411
    outer loop
      vertex 11.6738 -30.0253 31.5109
      vertex 6.41377 -30.2557 23.0007
      vertex 11.4138 -30.2557 31.661
    endloop
  endfacet
  facet normal -0.527189 0.793367 0.304369
    outer loop
      vertex 6.41377 -30.2557 23.0007
      vertex 11.6738 -30.0253 31.5109
      vertex 6.67384 -30.0253 22.8506
    endloop
  endfacet
  facet normal -0.687068 0.608754 0.396681
    outer loop
      vertex 6.67384 -30.0253 22.8506
      vertex 11.8734 -29.725 31.3956
      vertex 6.8734 -29.725 22.7354
    endloop
  endfacet
  facet normal -0.686978 0.608895 0.396621
    outer loop
      vertex 11.8734 -29.725 31.3956
      vertex 6.67384 -30.0253 22.8506
      vertex 11.6738 -30.0253 31.5109
    endloop
  endfacet
  facet normal 0.527161 0.793391 -0.304355
    outer loop
      vertex 10.158 -30.2557 32.386
      vertex 4.89796 -30.0253 23.8759
      vertex 9.89796 -30.0253 32.5362
    endloop
  endfacet
  facet normal 0.527134 0.793416 -0.304337
    outer loop
      vertex 4.89796 -30.0253 23.8759
      vertex 10.158 -30.2557 32.386
      vertex 5.15803 -30.2557 23.7257
    endloop
  endfacet
  facet normal 0.331455 -0.92386 -0.191364
    outer loop
      vertex 5.15803 -27.7443 23.7257
      vertex 10.4609 -27.5994 32.2111
      vertex 10.158 -27.7443 32.386
    endloop
  endfacet
  facet normal 0.331522 -0.923827 -0.191406
    outer loop
      vertex 10.4609 -27.5994 32.2111
      vertex 5.15803 -27.7443 23.7257
      vertex 5.46089 -27.5994 23.5509
    endloop
  endfacet
  facet normal 0.11303 -0.991446 -0.0652587
    outer loop
      vertex 5.46089 -27.5994 23.5509
      vertex 10.7859 -27.55 32.0235
      vertex 10.4609 -27.5994 32.2111
    endloop
  endfacet
  facet normal 0.113013 -0.991449 -0.065248
    outer loop
      vertex 10.7859 -27.55 32.0235
      vertex 5.46089 -27.5994 23.5509
      vertex 5.7859 -27.55 23.3632
    endloop
  endfacet
  facet normal -0.527254 -0.793308 0.304411
    outer loop
      vertex 6.41377 -27.7443 23.0007
      vertex 11.6738 -27.9747 31.5109
      vertex 11.4138 -27.7443 31.661
    endloop
  endfacet
  facet normal -0.527189 -0.793367 0.304369
    outer loop
      vertex 11.6738 -27.9747 31.5109
      vertex 6.41377 -27.7443 23.0007
      vertex 6.67384 -27.9747 22.8506
    endloop
  endfacet
  facet normal -0.80011 0.382666 0.461942
    outer loop
      vertex 6.8734 -29.725 22.7354
      vertex 11.9988 -29.3753 31.3232
      vertex 6.99885 -29.3753 22.663
    endloop
  endfacet
  facet normal -0.800143 0.382569 0.461966
    outer loop
      vertex 11.9988 -29.3753 31.3232
      vertex 6.8734 -29.725 22.7354
      vertex 11.8734 -29.725 31.3956
    endloop
  endfacet
  facet normal -0.113031 -0.991446 0.065258
    outer loop
      vertex 5.7859 -27.55 23.3632
      vertex 11.1109 -27.5994 31.8359
      vertex 10.7859 -27.55 32.0235
    endloop
  endfacet
  facet normal -0.113028 -0.991447 0.0652565
    outer loop
      vertex 11.1109 -27.5994 31.8359
      vertex 5.7859 -27.55 23.3632
      vertex 6.11091 -27.5994 23.1756
    endloop
  endfacet
  facet normal 0.68707 0.608754 -0.396678
    outer loop
      vertex 9.89796 -30.0253 32.5362
      vertex 4.6984 -29.725 23.9911
      vertex 9.6984 -29.725 32.6514
    endloop
  endfacet
  facet normal 0.68707 0.608754 -0.396678
    outer loop
      vertex 4.6984 -29.725 23.9911
      vertex 9.89796 -30.0253 32.5362
      vertex 4.89796 -30.0253 23.8759
    endloop
  endfacet
  facet normal -0.113031 0.991446 0.065258
    outer loop
      vertex 11.1109 -30.4006 31.8359
      vertex 5.7859 -30.45 23.3632
      vertex 10.7859 -30.45 32.0235
    endloop
  endfacet
  facet normal -0.113028 0.991447 0.0652565
    outer loop
      vertex 5.7859 -30.45 23.3632
      vertex 11.1109 -30.4006 31.8359
      vertex 6.11091 -30.4006 23.1756
    endloop
  endfacet
  facet normal 0.68707 -0.608754 -0.396678
    outer loop
      vertex 4.6984 -28.275 23.9911
      vertex 9.89796 -27.9747 32.5362
      vertex 9.6984 -28.275 32.6514
    endloop
  endfacet
  facet normal 0.68707 -0.608754 -0.396678
    outer loop
      vertex 9.89796 -27.9747 32.5362
      vertex 4.6984 -28.275 23.9911
      vertex 4.89796 -27.9747 23.8759
    endloop
  endfacet
  facet normal 0.11303 0.991446 -0.0652587
    outer loop
      vertex 10.7859 -30.45 32.0235
      vertex 5.46089 -30.4006 23.5509
      vertex 10.4609 -30.4006 32.2111
    endloop
  endfacet
  facet normal 0.113013 0.991449 -0.065248
    outer loop
      vertex 5.46089 -30.4006 23.5509
      vertex 10.7859 -30.45 32.0235
      vertex 5.7859 -30.45 23.3632
    endloop
  endfacet
  facet normal 0.858618 -0.130521 -0.495721
    outer loop
      vertex 4.53016 -29 24.0882
      vertex 9.57295 -28.6247 32.7238
      vertex 9.53016 -29 32.7485
    endloop
  endfacet
  facet normal 0.858618 -0.130521 -0.495721
    outer loop
      vertex 9.57295 -28.6247 32.7238
      vertex 4.53016 -29 24.0882
      vertex 4.57295 -28.6247 24.0635
    endloop
  endfacet
  facet normal -0.331455 0.92386 0.191364
    outer loop
      vertex 11.4138 -30.2557 31.661
      vertex 6.11091 -30.4006 23.1756
      vertex 11.1109 -30.4006 31.8359
    endloop
  endfacet
  facet normal -0.331482 0.923847 0.191382
    outer loop
      vertex 6.11091 -30.4006 23.1756
      vertex 11.4138 -30.2557 31.661
      vertex 6.41377 -30.2557 23.0007
    endloop
  endfacet
  facet normal 0.80011 0.382666 -0.461941
    outer loop
      vertex 9.6984 -29.725 32.6514
      vertex 4.57295 -29.3753 24.0635
      vertex 9.57295 -29.3753 32.7238
    endloop
  endfacet
  facet normal 0.80011 0.382666 -0.461941
    outer loop
      vertex 4.57295 -29.3753 24.0635
      vertex 9.6984 -29.725 32.6514
      vertex 4.6984 -29.725 23.9911
    endloop
  endfacet
  facet normal 0.858618 0.130521 -0.495721
    outer loop
      vertex 9.57295 -29.3753 32.7238
      vertex 4.53016 -29 24.0882
      vertex 9.53016 -29 32.7485
    endloop
  endfacet
  facet normal 0.858618 0.130521 -0.495721
    outer loop
      vertex 4.53016 -29 24.0882
      vertex 9.57295 -29.3753 32.7238
      vertex 4.57295 -29.3753 24.0635
    endloop
  endfacet
  facet normal 0.499999 -0.000219781 0.866026
    outer loop
      vertex 4.53016 -29 24.0882
      vertex 7.04164 -29 22.6382
      vertex 6.99885 -28.6247 22.663
    endloop
  endfacet
  facet normal 0.499975 5.87662e-05 0.86604
    outer loop
      vertex 4.57295 -28.6247 24.0635
      vertex 6.99885 -28.6247 22.663
      vertex 6.8734 -28.275 22.7354
    endloop
  endfacet
  facet normal 0.499999 0.000219781 0.866026
    outer loop
      vertex 7.04164 -29 22.6382
      vertex 4.53016 -29 24.0882
      vertex 6.99885 -29.3753 22.663
    endloop
  endfacet
  facet normal 0.499989 3.64524e-05 0.866032
    outer loop
      vertex 4.6984 -28.275 23.9911
      vertex 6.8734 -28.275 22.7354
      vertex 6.67384 -27.9747 22.8506
    endloop
  endfacet
  facet normal 0.499975 7.29119e-06 0.86604
    outer loop
      vertex 4.57295 -29.3753 24.0635
      vertex 6.99885 -29.3753 22.663
      vertex 4.53016 -29 24.0882
    endloop
  endfacet
  facet normal 0.499998 0.00019088 0.866026
    outer loop
      vertex 4.89796 -27.9747 23.8759
      vertex 6.67384 -27.9747 22.8506
      vertex 6.41377 -27.7443 23.0007
    endloop
  endfacet
  facet normal 0.499975 -5.87662e-05 0.86604
    outer loop
      vertex 6.99885 -29.3753 22.663
      vertex 4.57295 -29.3753 24.0635
      vertex 6.8734 -29.725 22.7354
    endloop
  endfacet
  facet normal 0.499999 -0.000263801 0.866026
    outer loop
      vertex 5.15803 -27.7443 23.7257
      vertex 6.41377 -27.7443 23.0007
      vertex 6.11091 -27.5994 23.1756
    endloop
  endfacet
  facet normal 0.499989 6.55447e-05 0.866032
    outer loop
      vertex 4.6984 -29.725 23.9911
      vertex 6.8734 -29.725 22.7354
      vertex 4.57295 -29.3753 24.0635
    endloop
  endfacet
  facet normal 0.49994 0.00025488 0.86606
    outer loop
      vertex 5.15803 -27.7443 23.7257
      vertex 6.11091 -27.5994 23.1756
      vertex 5.7859 -27.55 23.3632
    endloop
  endfacet
  facet normal 0.499989 -3.64524e-05 0.866032
    outer loop
      vertex 6.8734 -29.725 22.7354
      vertex 4.6984 -29.725 23.9911
      vertex 6.67384 -30.0253 22.8506
    endloop
  endfacet
  facet normal 0.500218 -0.000945161 0.865899
    outer loop
      vertex 5.15803 -27.7443 23.7257
      vertex 5.7859 -27.55 23.3632
      vertex 5.46089 -27.5994 23.5509
    endloop
  endfacet
  facet normal 0.499998 4.46446e-05 0.866026
    outer loop
      vertex 4.89796 -30.0253 23.8759
      vertex 6.67384 -30.0253 22.8506
      vertex 4.6984 -29.725 23.9911
    endloop
  endfacet
  facet normal 0.499999 0.000183782 0.866026
    outer loop
      vertex 6.41377 -27.7443 23.0007
      vertex 5.15803 -27.7443 23.7257
      vertex 4.89796 -27.9747 23.8759
    endloop
  endfacet
  facet normal 0.499975 -7.29119e-06 0.86604
    outer loop
      vertex 6.99885 -28.6247 22.663
      vertex 4.57295 -28.6247 24.0635
      vertex 4.53016 -29 24.0882
    endloop
  endfacet
  facet normal 0.499998 -4.46446e-05 0.866026
    outer loop
      vertex 6.67384 -27.9747 22.8506
      vertex 4.89796 -27.9747 23.8759
      vertex 4.6984 -28.275 23.9911
    endloop
  endfacet
  facet normal 0.499998 -0.00019088 0.866026
    outer loop
      vertex 6.67384 -30.0253 22.8506
      vertex 4.89796 -30.0253 23.8759
      vertex 6.41377 -30.2557 23.0007
    endloop
  endfacet
  facet normal 0.499989 -6.55447e-05 0.866032
    outer loop
      vertex 6.8734 -28.275 22.7354
      vertex 4.6984 -28.275 23.9911
      vertex 4.57295 -28.6247 24.0635
    endloop
  endfacet
  facet normal 0.499999 -0.000183782 0.866026
    outer loop
      vertex 5.15803 -30.2557 23.7257
      vertex 6.41377 -30.2557 23.0007
      vertex 4.89796 -30.0253 23.8759
    endloop
  endfacet
  facet normal 0.49994 -0.00025488 0.86606
    outer loop
      vertex 6.11091 -30.4006 23.1756
      vertex 5.15803 -30.2557 23.7257
      vertex 5.7859 -30.45 23.3632
    endloop
  endfacet
  facet normal 0.500218 0.000945161 0.865899
    outer loop
      vertex 5.7859 -30.45 23.3632
      vertex 5.15803 -30.2557 23.7257
      vertex 5.46089 -30.4006 23.5509
    endloop
  endfacet
  facet normal 0.499999 0.000263801 0.866026
    outer loop
      vertex 6.41377 -30.2557 23.0007
      vertex 5.15803 -30.2557 23.7257
      vertex 6.11091 -30.4006 23.1756
    endloop
  endfacet
  facet normal -0.331455 -0.92386 0.191364
    outer loop
      vertex 6.11091 -27.5994 23.1756
      vertex 11.4138 -27.7443 31.661
      vertex 11.1109 -27.5994 31.8359
    endloop
  endfacet
  facet normal -0.331482 -0.923847 0.191382
    outer loop
      vertex 11.4138 -27.7443 31.661
      vertex 6.11091 -27.5994 23.1756
      vertex 6.41377 -27.7443 23.0007
    endloop
  endfacet
  facet normal 0.331455 0.92386 -0.191364
    outer loop
      vertex 10.4609 -30.4006 32.2111
      vertex 5.15803 -30.2557 23.7257
      vertex 10.158 -30.2557 32.386
    endloop
  endfacet
  facet normal 0.331522 0.923827 -0.191406
    outer loop
      vertex 5.15803 -30.2557 23.7257
      vertex 10.4609 -30.4006 32.2111
      vertex 5.46089 -30.4006 23.5509
    endloop
  endfacet
  facet normal -0.858605 -0.130651 0.495709
    outer loop
      vertex 12.0416 29 31.2985
      vertex 6.99885 29.3753 22.663
      vertex 7.04164 29 22.6382
    endloop
  endfacet
  facet normal -0.858615 -0.130544 0.49572
    outer loop
      vertex 6.99885 29.3753 22.663
      vertex 12.0416 29 31.2985
      vertex 11.9988 29.3753 31.3232
    endloop
  endfacet
  facet normal -0.80011 -0.382666 0.461942
    outer loop
      vertex 11.9988 29.3753 31.3232
      vertex 6.8734 29.725 22.7354
      vertex 6.99885 29.3753 22.663
    endloop
  endfacet
  facet normal -0.800143 -0.382569 0.461966
    outer loop
      vertex 6.8734 29.725 22.7354
      vertex 11.9988 29.3753 31.3232
      vertex 11.8734 29.725 31.3956
    endloop
  endfacet
  facet normal -0.80011 0.382666 0.461942
    outer loop
      vertex 6.8734 28.275 22.7354
      vertex 11.9988 28.6247 31.3232
      vertex 6.99885 28.6247 22.663
    endloop
  endfacet
  facet normal -0.800143 0.382569 0.461966
    outer loop
      vertex 11.9988 28.6247 31.3232
      vertex 6.8734 28.275 22.7354
      vertex 11.8734 28.275 31.3956
    endloop
  endfacet
  facet normal 0.11303 0.991446 -0.0652587
    outer loop
      vertex 10.7859 27.55 32.0235
      vertex 5.46089 27.5994 23.5509
      vertex 10.4609 27.5994 32.2111
    endloop
  endfacet
  facet normal 0.113013 0.991449 -0.065248
    outer loop
      vertex 5.46089 27.5994 23.5509
      vertex 10.7859 27.55 32.0235
      vertex 5.7859 27.55 23.3632
    endloop
  endfacet
  facet normal 0.68707 0.608754 -0.396678
    outer loop
      vertex 9.89796 27.9747 32.5362
      vertex 4.6984 28.275 23.9911
      vertex 9.6984 28.275 32.6514
    endloop
  endfacet
  facet normal 0.68707 0.608754 -0.396678
    outer loop
      vertex 4.6984 28.275 23.9911
      vertex 9.89796 27.9747 32.5362
      vertex 4.89796 27.9747 23.8759
    endloop
  endfacet
  facet normal 0.80011 0.382666 -0.461941
    outer loop
      vertex 9.6984 28.275 32.6514
      vertex 4.57295 28.6247 24.0635
      vertex 9.57295 28.6247 32.7238
    endloop
  endfacet
  facet normal 0.80011 0.382666 -0.461941
    outer loop
      vertex 4.57295 28.6247 24.0635
      vertex 9.6984 28.275 32.6514
      vertex 4.6984 28.275 23.9911
    endloop
  endfacet
  facet normal -0.687068 0.608754 0.396681
    outer loop
      vertex 6.67384 27.9747 22.8506
      vertex 11.8734 28.275 31.3956
      vertex 6.8734 28.275 22.7354
    endloop
  endfacet
  facet normal -0.686978 0.608895 0.396621
    outer loop
      vertex 11.8734 28.275 31.3956
      vertex 6.67384 27.9747 22.8506
      vertex 11.6738 27.9747 31.5109
    endloop
  endfacet
  facet normal 0.858618 0.130521 -0.495721
    outer loop
      vertex 9.57295 28.6247 32.7238
      vertex 4.53016 29 24.0882
      vertex 9.53016 29 32.7485
    endloop
  endfacet
  facet normal 0.858618 0.130521 -0.495721
    outer loop
      vertex 4.53016 29 24.0882
      vertex 9.57295 28.6247 32.7238
      vertex 4.57295 28.6247 24.0635
    endloop
  endfacet
  facet normal -0.527254 -0.793308 0.304411
    outer loop
      vertex 6.41377 30.2557 23.0007
      vertex 11.6738 30.0253 31.5109
      vertex 11.4138 30.2557 31.661
    endloop
  endfacet
  facet normal -0.527189 -0.793367 0.304369
    outer loop
      vertex 11.6738 30.0253 31.5109
      vertex 6.41377 30.2557 23.0007
      vertex 6.67384 30.0253 22.8506
    endloop
  endfacet
  facet normal 0.527161 0.793391 -0.304355
    outer loop
      vertex 10.158 27.7443 32.386
      vertex 4.89796 27.9747 23.8759
      vertex 9.89796 27.9747 32.5362
    endloop
  endfacet
  facet normal 0.527134 0.793416 -0.304337
    outer loop
      vertex 4.89796 27.9747 23.8759
      vertex 10.158 27.7443 32.386
      vertex 5.15803 27.7443 23.7257
    endloop
  endfacet
  facet normal -0.331455 0.92386 0.191364
    outer loop
      vertex 11.4138 27.7443 31.661
      vertex 6.11091 27.5994 23.1756
      vertex 11.1109 27.5994 31.8359
    endloop
  endfacet
  facet normal -0.331482 0.923847 0.191382
    outer loop
      vertex 6.11091 27.5994 23.1756
      vertex 11.4138 27.7443 31.661
      vertex 6.41377 27.7443 23.0007
    endloop
  endfacet
  facet normal 0.80011 -0.382666 -0.461941
    outer loop
      vertex 4.57295 29.3753 24.0635
      vertex 9.6984 29.725 32.6514
      vertex 9.57295 29.3753 32.7238
    endloop
  endfacet
  facet normal 0.80011 -0.382666 -0.461941
    outer loop
      vertex 9.6984 29.725 32.6514
      vertex 4.57295 29.3753 24.0635
      vertex 4.6984 29.725 23.9911
    endloop
  endfacet
  facet normal -0.113031 0.991446 0.065258
    outer loop
      vertex 11.1109 27.5994 31.8359
      vertex 5.7859 27.55 23.3632
      vertex 10.7859 27.55 32.0235
    endloop
  endfacet
  facet normal -0.113028 0.991447 0.0652565
    outer loop
      vertex 5.7859 27.55 23.3632
      vertex 11.1109 27.5994 31.8359
      vertex 6.11091 27.5994 23.1756
    endloop
  endfacet
  facet normal -0.331455 -0.92386 0.191364
    outer loop
      vertex 6.11091 30.4006 23.1756
      vertex 11.4138 30.2557 31.661
      vertex 11.1109 30.4006 31.8359
    endloop
  endfacet
  facet normal -0.331482 -0.923847 0.191382
    outer loop
      vertex 11.4138 30.2557 31.661
      vertex 6.11091 30.4006 23.1756
      vertex 6.41377 30.2557 23.0007
    endloop
  endfacet
  facet normal 0.858618 -0.130521 -0.495721
    outer loop
      vertex 4.53016 29 24.0882
      vertex 9.57295 29.3753 32.7238
      vertex 9.53016 29 32.7485
    endloop
  endfacet
  facet normal 0.858618 -0.130521 -0.495721
    outer loop
      vertex 9.57295 29.3753 32.7238
      vertex 4.53016 29 24.0882
      vertex 4.57295 29.3753 24.0635
    endloop
  endfacet
  facet normal 0.11303 -0.991446 -0.0652587
    outer loop
      vertex 5.46089 30.4006 23.5509
      vertex 10.7859 30.45 32.0235
      vertex 10.4609 30.4006 32.2111
    endloop
  endfacet
  facet normal 0.113013 -0.991449 -0.065248
    outer loop
      vertex 10.7859 30.45 32.0235
      vertex 5.46089 30.4006 23.5509
      vertex 5.7859 30.45 23.3632
    endloop
  endfacet
  facet normal -0.527254 0.793308 0.304411
    outer loop
      vertex 11.6738 27.9747 31.5109
      vertex 6.41377 27.7443 23.0007
      vertex 11.4138 27.7443 31.661
    endloop
  endfacet
  facet normal -0.527189 0.793367 0.304369
    outer loop
      vertex 6.41377 27.7443 23.0007
      vertex 11.6738 27.9747 31.5109
      vertex 6.67384 27.9747 22.8506
    endloop
  endfacet
  facet normal 0.331455 0.92386 -0.191364
    outer loop
      vertex 10.4609 27.5994 32.2111
      vertex 5.15803 27.7443 23.7257
      vertex 10.158 27.7443 32.386
    endloop
  endfacet
  facet normal 0.331522 0.923827 -0.191406
    outer loop
      vertex 5.15803 27.7443 23.7257
      vertex 10.4609 27.5994 32.2111
      vertex 5.46089 27.5994 23.5509
    endloop
  endfacet
  facet normal 0.68707 -0.608754 -0.396678
    outer loop
      vertex 4.6984 29.725 23.9911
      vertex 9.89796 30.0253 32.5362
      vertex 9.6984 29.725 32.6514
    endloop
  endfacet
  facet normal 0.68707 -0.608754 -0.396678
    outer loop
      vertex 9.89796 30.0253 32.5362
      vertex 4.6984 29.725 23.9911
      vertex 4.89796 30.0253 23.8759
    endloop
  endfacet
  facet normal 0.527161 -0.793391 -0.304355
    outer loop
      vertex 4.89796 30.0253 23.8759
      vertex 10.158 30.2557 32.386
      vertex 9.89796 30.0253 32.5362
    endloop
  endfacet
  facet normal 0.527134 -0.793416 -0.304337
    outer loop
      vertex 10.158 30.2557 32.386
      vertex 4.89796 30.0253 23.8759
      vertex 5.15803 30.2557 23.7257
    endloop
  endfacet
  facet normal 0.331455 -0.92386 -0.191364
    outer loop
      vertex 5.15803 30.2557 23.7257
      vertex 10.4609 30.4006 32.2111
      vertex 10.158 30.2557 32.386
    endloop
  endfacet
  facet normal 0.331522 -0.923827 -0.191406
    outer loop
      vertex 10.4609 30.4006 32.2111
      vertex 5.15803 30.2557 23.7257
      vertex 5.46089 30.4006 23.5509
    endloop
  endfacet
  facet normal -0.113031 -0.991446 0.065258
    outer loop
      vertex 5.7859 30.45 23.3632
      vertex 11.1109 30.4006 31.8359
      vertex 10.7859 30.45 32.0235
    endloop
  endfacet
  facet normal -0.113028 -0.991447 0.0652565
    outer loop
      vertex 11.1109 30.4006 31.8359
      vertex 5.7859 30.45 23.3632
      vertex 6.11091 30.4006 23.1756
    endloop
  endfacet
  facet normal -0.687068 -0.608754 0.396681
    outer loop
      vertex 11.8734 29.725 31.3956
      vertex 6.67384 30.0253 22.8506
      vertex 6.8734 29.725 22.7354
    endloop
  endfacet
  facet normal -0.686978 -0.608895 0.396621
    outer loop
      vertex 6.67384 30.0253 22.8506
      vertex 11.8734 29.725 31.3956
      vertex 11.6738 30.0253 31.5109
    endloop
  endfacet
  facet normal -0.858605 0.130651 0.495709
    outer loop
      vertex 6.99885 28.6247 22.663
      vertex 12.0416 29 31.2985
      vertex 7.04164 29 22.6382
    endloop
  endfacet
  facet normal -0.858615 0.130544 0.49572
    outer loop
      vertex 12.0416 29 31.2985
      vertex 6.99885 28.6247 22.663
      vertex 11.9988 28.6247 31.3232
    endloop
  endfacet
  facet normal 0.499999 -0.000219781 0.866026
    outer loop
      vertex 4.53016 29 24.0882
      vertex 7.04164 29 22.6382
      vertex 6.99885 29.3753 22.663
    endloop
  endfacet
  facet normal 0.499975 5.87662e-05 0.86604
    outer loop
      vertex 4.57295 29.3753 24.0635
      vertex 6.99885 29.3753 22.663
      vertex 6.8734 29.725 22.7354
    endloop
  endfacet
  facet normal 0.499999 0.000219781 0.866026
    outer loop
      vertex 7.04164 29 22.6382
      vertex 4.53016 29 24.0882
      vertex 6.99885 28.6247 22.663
    endloop
  endfacet
  facet normal 0.499989 3.64524e-05 0.866032
    outer loop
      vertex 4.6984 29.725 23.9911
      vertex 6.8734 29.725 22.7354
      vertex 6.67384 30.0253 22.8506
    endloop
  endfacet
  facet normal 0.499975 7.29119e-06 0.86604
    outer loop
      vertex 4.57295 28.6247 24.0635
      vertex 6.99885 28.6247 22.663
      vertex 4.53016 29 24.0882
    endloop
  endfacet
  facet normal 0.499998 0.00019088 0.866026
    outer loop
      vertex 4.89796 30.0253 23.8759
      vertex 6.67384 30.0253 22.8506
      vertex 6.41377 30.2557 23.0007
    endloop
  endfacet
  facet normal 0.499975 -5.87662e-05 0.86604
    outer loop
      vertex 6.99885 28.6247 22.663
      vertex 4.57295 28.6247 24.0635
      vertex 6.8734 28.275 22.7354
    endloop
  endfacet
  facet normal 0.499999 -0.000263801 0.866026
    outer loop
      vertex 5.15803 30.2557 23.7257
      vertex 6.41377 30.2557 23.0007
      vertex 6.11091 30.4006 23.1756
    endloop
  endfacet
  facet normal 0.499989 6.55447e-05 0.866032
    outer loop
      vertex 4.6984 28.275 23.9911
      vertex 6.8734 28.275 22.7354
      vertex 4.57295 28.6247 24.0635
    endloop
  endfacet
  facet normal 0.49994 0.00025488 0.86606
    outer loop
      vertex 5.15803 30.2557 23.7257
      vertex 6.11091 30.4006 23.1756
      vertex 5.7859 30.45 23.3632
    endloop
  endfacet
  facet normal 0.499989 -3.64524e-05 0.866032
    outer loop
      vertex 6.8734 28.275 22.7354
      vertex 4.6984 28.275 23.9911
      vertex 6.67384 27.9747 22.8506
    endloop
  endfacet
  facet normal 0.500218 -0.000945161 0.865899
    outer loop
      vertex 5.15803 30.2557 23.7257
      vertex 5.7859 30.45 23.3632
      vertex 5.46089 30.4006 23.5509
    endloop
  endfacet
  facet normal 0.499998 4.46446e-05 0.866026
    outer loop
      vertex 4.89796 27.9747 23.8759
      vertex 6.67384 27.9747 22.8506
      vertex 4.6984 28.275 23.9911
    endloop
  endfacet
  facet normal 0.499999 0.000183782 0.866026
    outer loop
      vertex 6.41377 30.2557 23.0007
      vertex 5.15803 30.2557 23.7257
      vertex 4.89796 30.0253 23.8759
    endloop
  endfacet
  facet normal 0.499975 -7.29119e-06 0.86604
    outer loop
      vertex 6.99885 29.3753 22.663
      vertex 4.57295 29.3753 24.0635
      vertex 4.53016 29 24.0882
    endloop
  endfacet
  facet normal 0.499998 -4.46446e-05 0.866026
    outer loop
      vertex 6.67384 30.0253 22.8506
      vertex 4.89796 30.0253 23.8759
      vertex 4.6984 29.725 23.9911
    endloop
  endfacet
  facet normal 0.499998 -0.00019088 0.866026
    outer loop
      vertex 6.67384 27.9747 22.8506
      vertex 4.89796 27.9747 23.8759
      vertex 6.41377 27.7443 23.0007
    endloop
  endfacet
  facet normal 0.499989 -6.55447e-05 0.866032
    outer loop
      vertex 6.8734 29.725 22.7354
      vertex 4.6984 29.725 23.9911
      vertex 4.57295 29.3753 24.0635
    endloop
  endfacet
  facet normal 0.499999 -0.000183782 0.866026
    outer loop
      vertex 5.15803 27.7443 23.7257
      vertex 6.41377 27.7443 23.0007
      vertex 4.89796 27.9747 23.8759
    endloop
  endfacet
  facet normal 0.49994 -0.00025488 0.86606
    outer loop
      vertex 6.11091 27.5994 23.1756
      vertex 5.15803 27.7443 23.7257
      vertex 5.7859 27.55 23.3632
    endloop
  endfacet
  facet normal 0.500218 0.000945161 0.865899
    outer loop
      vertex 5.7859 27.55 23.3632
      vertex 5.15803 27.7443 23.7257
      vertex 5.46089 27.5994 23.5509
    endloop
  endfacet
  facet normal 0.499999 0.000263801 0.866026
    outer loop
      vertex 6.41377 27.7443 23.0007
      vertex 5.15803 27.7443 23.7257
      vertex 6.11091 27.5994 23.1756
    endloop
  endfacet
  facet normal -1 0 0
    outer loop
      vertex 12.8 -12.8 -10
      vertex 12.8 13 -6.5
      vertex 12.8 13 -10
    endloop
  endfacet
  facet normal -1 -0 0
    outer loop
      vertex 12.8 13 -6.5
      vertex 12.8 -12.8 -10
      vertex 12.8 -12.8 -6.5
    endloop
  endfacet
  facet normal -1 0 0
    outer loop
      vertex 12.8 14.01 -10
      vertex 12.8 20 -6.5
      vertex 12.8 20 -10
    endloop
  endfacet
  facet normal -1 -0 0
    outer loop
      vertex 12.8 20 -6.5
      vertex 12.8 14.01 -10
      vertex 12.8 14.01 -6.5
    endloop
  endfacet
  facet normal 0 0 -1
    outer loop
      vertex 12.8 -12.8 -6.5
      vertex 10.8 -10.8 -6.5
      vertex 12.8 13 -6.5
    endloop
  endfacet
  facet normal 0 0 -1
    outer loop
      vertex 12.8 -12.8 -6.5
      vertex -10.8 -10.8 -6.5
      vertex 10.8 -10.8 -6.5
    endloop
  endfacet
  facet normal 0 0 -1
    outer loop
      vertex -12.8 -12.8 -6.5
      vertex -10.8 -10.8 -6.5
      vertex 12.8 -12.8 -6.5
    endloop
  endfacet
  facet normal 0 0 -1
    outer loop
      vertex -12.8 13 -6.5
      vertex -10.8 -10.8 -6.5
      vertex -12.8 -12.8 -6.5
    endloop
  endfacet
  facet normal 0 0 -1
    outer loop
      vertex -10.8 -10.8 -6.5
      vertex -12.8 13 -6.5
      vertex -10.8 13 -6.5
    endloop
  endfacet
  facet normal -0 0 -1
    outer loop
      vertex 12.8 13 -6.5
      vertex 10.8 -10.8 -6.5
      vertex 10.8 13 -6.5
    endloop
  endfacet
  facet normal 0 0 -1
    outer loop
      vertex 10.8 14.01 -6.5
      vertex 12.8 20 -6.5
      vertex 12.8 14.01 -6.5
    endloop
  endfacet
  facet normal -0 0 -1
    outer loop
      vertex 12.8 20 -6.5
      vertex 10.8 14.01 -6.5
      vertex 10.8 20 -6.5
    endloop
  endfacet
  facet normal 0 0 1
    outer loop
      vertex -11.1071 12.913 -10
      vertex -10.8 13 -10
      vertex -11.0898 13 -10
    endloop
  endfacet
  facet normal 0 0 1
    outer loop
      vertex 12.4929 12.913 -10
      vertex 12.8 13 -10
      vertex 12.5102 13 -10
    endloop
  endfacet
  facet normal 0 0 1
    outer loop
      vertex 12.3303 12.6697 -10
      vertex 12.8 13 -10
      vertex 12.4929 12.913 -10
    endloop
  endfacet
  facet normal 0 0 1
    outer loop
      vertex 12.8 13 -10
      vertex 12.3303 12.6697 -10
      vertex 10.8 -9 -10
    endloop
  endfacet
  facet normal 0 0 1
    outer loop
      vertex 10.8 -9 -10
      vertex 12.3303 12.6697 -10
      vertex 12.087 12.5071 -10
    endloop
  endfacet
  facet normal 0 0 1
    outer loop
      vertex 10.8 -9 -10
      vertex 12.087 12.5071 -10
      vertex 11.8 12.45 -10
    endloop
  endfacet
  facet normal 0 0 1
    outer loop
      vertex 10.8 -9 -10
      vertex 11.8 12.45 -10
      vertex 11.513 12.5071 -10
    endloop
  endfacet
  facet normal 0 0 1
    outer loop
      vertex 10.8 -9 -10
      vertex 11.513 12.5071 -10
      vertex 11.2697 12.6697 -10
    endloop
  endfacet
  facet normal 0 0 1
    outer loop
      vertex 10.8 13 -10
      vertex 11.2697 12.6697 -10
      vertex 11.1071 12.913 -10
    endloop
  endfacet
  facet normal -0 0 1
    outer loop
      vertex 10.8 13 -10
      vertex 11.1071 12.913 -10
      vertex 11.0898 13 -10
    endloop
  endfacet
  facet normal 0 0 1
    outer loop
      vertex 11.2697 12.6697 -10
      vertex 10.8 13 -10
      vertex 10.8 -9 -10
    endloop
  endfacet
  facet normal 0 0 1
    outer loop
      vertex 12.8 13 -10
      vertex 10.8 -9 -10
      vertex 12.8 -12.8 -10
    endloop
  endfacet
  facet normal -0 0 1
    outer loop
      vertex -10.8 -9 -10
      vertex 12.8 -12.8 -10
      vertex 10.8 -9 -10
    endloop
  endfacet
  facet normal 0 0 1
    outer loop
      vertex -11.2697 12.6697 -10
      vertex -10.8 13 -10
      vertex -11.1071 12.913 -10
    endloop
  endfacet
  facet normal 0 0 1
    outer loop
      vertex -10.8 13 -10
      vertex -11.2697 12.6697 -10
      vertex -10.8 -9 -10
    endloop
  endfacet
  facet normal -0 0 1
    outer loop
      vertex -11.513 12.5071 -10
      vertex -10.8 -9 -10
      vertex -11.2697 12.6697 -10
    endloop
  endfacet
  facet normal -0 0 1
    outer loop
      vertex -11.8 12.45 -10
      vertex -10.8 -9 -10
      vertex -11.513 12.5071 -10
    endloop
  endfacet
  facet normal 0 0 1
    outer loop
      vertex -12.087 12.5071 -10
      vertex -10.8 -9 -10
      vertex -11.8 12.45 -10
    endloop
  endfacet
  facet normal 0 0 1
    outer loop
      vertex -12.3303 12.6697 -10
      vertex -10.8 -9 -10
      vertex -12.087 12.5071 -10
    endloop
  endfacet
  facet normal 0 0 1
    outer loop
      vertex -12.8 13 -10
      vertex -12.3303 12.6697 -10
      vertex -12.4929 12.913 -10
    endloop
  endfacet
  facet normal -0 0 1
    outer loop
      vertex -12.8 13 -10
      vertex -12.4929 12.913 -10
      vertex -12.5102 13 -10
    endloop
  endfacet
  facet normal 0 0 1
    outer loop
      vertex -12.3303 12.6697 -10
      vertex -12.8 13 -10
      vertex -10.8 -9 -10
    endloop
  endfacet
  facet normal 0 0 1
    outer loop
      vertex -10.8 -9 -10
      vertex -12.8 -12.8 -10
      vertex 12.8 -12.8 -10
    endloop
  endfacet
  facet normal 0 0 1
    outer loop
      vertex -12.8 -12.8 -10
      vertex -10.8 -9 -10
      vertex -12.8 13 -10
    endloop
  endfacet
  facet normal 0 0 -1
    outer loop
      vertex -11.0898 13 -10
      vertex -11.1071 13.487 -10
      vertex -11.05 13.2 -10
    endloop
  endfacet
  facet normal 0 0 -1
    outer loop
      vertex -11.0898 13 -10
      vertex -11.2697 13.7303 -10
      vertex -11.1071 13.487 -10
    endloop
  endfacet
  facet normal 0 0 -1
    outer loop
      vertex -11.0898 13 -10
      vertex -11.513 13.8929 -10
      vertex -11.2697 13.7303 -10
    endloop
  endfacet
  facet normal 0 0 -1
    outer loop
      vertex -11.0898 13 -10
      vertex -11.8 13.95 -10
      vertex -11.513 13.8929 -10
    endloop
  endfacet
  facet normal 0 0 -1
    outer loop
      vertex -11.0898 13 -10
      vertex -12.087 13.8929 -10
      vertex -11.8 13.95 -10
    endloop
  endfacet
  facet normal 0 0 -1
    outer loop
      vertex -11.0898 13 -10
      vertex -12.3303 13.7303 -10
      vertex -12.087 13.8929 -10
    endloop
  endfacet
  facet normal 0 0 -1
    outer loop
      vertex -12.5102 13 -10
      vertex -12.3303 13.7303 -10
      vertex -11.0898 13 -10
    endloop
  endfacet
  facet normal 0 0 -1
    outer loop
      vertex -12.3303 13.7303 -10
      vertex -12.5102 13 -10
      vertex -12.4929 13.487 -10
    endloop
  endfacet
  facet normal 0 0 -1
    outer loop
      vertex -12.4929 13.487 -10
      vertex -12.5102 13 -10
      vertex -12.55 13.2 -10
    endloop
  endfacet
  facet normal 0 0 -1
    outer loop
      vertex 12.5102 13 -10
      vertex 12.4929 13.487 -10
      vertex 12.55 13.2 -10
    endloop
  endfacet
  facet normal 0 0 -1
    outer loop
      vertex 12.5102 13 -10
      vertex 12.3303 13.7303 -10
      vertex 12.4929 13.487 -10
    endloop
  endfacet
  facet normal 0 0 -1
    outer loop
      vertex 12.5102 13 -10
      vertex 12.087 13.8929 -10
      vertex 12.3303 13.7303 -10
    endloop
  endfacet
  facet normal 0 0 -1
    outer loop
      vertex 12.5102 13 -10
      vertex 11.8 13.95 -10
      vertex 12.087 13.8929 -10
    endloop
  endfacet
  facet normal 0 0 -1
    outer loop
      vertex 12.5102 13 -10
      vertex 11.513 13.8929 -10
      vertex 11.8 13.95 -10
    endloop
  endfacet
  facet normal 0 0 -1
    outer loop
      vertex 12.5102 13 -10
      vertex 11.2697 13.7303 -10
      vertex 11.513 13.8929 -10
    endloop
  endfacet
  facet normal 0 0 -1
    outer loop
      vertex 11.0898 13 -10
      vertex 11.2697 13.7303 -10
      vertex 12.5102 13 -10
    endloop
  endfacet
  facet normal 0 0 -1
    outer loop
      vertex 11.2697 13.7303 -10
      vertex 11.0898 13 -10
      vertex 11.1071 13.487 -10
    endloop
  endfacet
  facet normal 0 0 -1
    outer loop
      vertex 11.1071 13.487 -10
      vertex 11.0898 13 -10
      vertex 11.05 13.2 -10
    endloop
  endfacet
  facet normal -0 0 1
    outer loop
      vertex 10.8 20 -10
      vertex 12.8 14.01 -10
      vertex 12.8 20 -10
    endloop
  endfacet
  facet normal 0 0 1
    outer loop
      vertex 12.8 14.01 -10
      vertex 10.8 20 -10
      vertex 10.8 14.01 -10
    endloop
  endfacet
  facet normal 1 -0 0
    outer loop
      vertex -12.8 -12.8 -6.5
      vertex -12.8 13 -10
      vertex -12.8 13 -6.5
    endloop
  endfacet
  facet normal 1 0 0
    outer loop
      vertex -12.8 13 -10
      vertex -12.8 -12.8 -6.5
      vertex -12.8 -12.8 -10
    endloop
  endfacet
  facet normal 0 1 -0
    outer loop
      vertex 12.8 -12.8 -10
      vertex -12.8 -12.8 -6.5
      vertex 12.8 -12.8 -6.5
    endloop
  endfacet
  facet normal 0 1 0
    outer loop
      vertex -12.8 -12.8 -6.5
      vertex 12.8 -12.8 -10
      vertex -12.8 -12.8 -10
    endloop
  endfacet
  facet normal -0 0 1
    outer loop
      vertex -13.8 13.01 -11
      vertex -10.8 13 -11
      vertex -10.8 13.01 -11
    endloop
  endfacet
  facet normal 0 0 1
    outer loop
      vertex -10.8 13 -11
      vertex -13.8 13.01 -11
      vertex -13.8 13 -11
    endloop
  endfacet
  facet normal -0 0 1
    outer loop
      vertex 10.8 13.01 -11
      vertex 13.8 13 -11
      vertex 13.8 13.01 -11
    endloop
  endfacet
  facet normal 0 0 1
    outer loop
      vertex 13.8 13 -11
      vertex 10.8 13.01 -11
      vertex 10.8 13 -11
    endloop
  endfacet
  facet normal -1 0 0
    outer loop
      vertex 13.8 13 -11
      vertex 13.8 13.01 -5.5
      vertex 13.8 13.01 -11
    endloop
  endfacet
  facet normal -1 -0 0
    outer loop
      vertex 13.8 13.01 -5.5
      vertex 13.8 13 -11
      vertex 13.8 13 -5.5
    endloop
  endfacet
  facet normal 0.707107 -0.707107 0
    outer loop
      vertex -13.8 13.01 -5.5
      vertex -12.81 14 -10.01
      vertex -12.81 14 -6.49
    endloop
  endfacet
  facet normal 0.707107 -0.707107 0
    outer loop
      vertex -12.81 14 -10.01
      vertex -13.8 13.01 -5.5
      vertex -13.8 13.01 -11
    endloop
  endfacet
  facet normal 1 -0 0
    outer loop
      vertex -13.8 13 -5.5
      vertex -13.8 13.01 -11
      vertex -13.8 13.01 -5.5
    endloop
  endfacet
  facet normal 1 0 0
    outer loop
      vertex -13.8 13.01 -11
      vertex -13.8 13 -5.5
      vertex -13.8 13 -11
    endloop
  endfacet
  facet normal 0 -0.707107 0.707107
    outer loop
      vertex -10.8 13.01 -11
      vertex -12.81 14 -10.01
      vertex -13.8 13.01 -11
    endloop
  endfacet
  facet normal 0 -0.707107 0.707107
    outer loop
      vertex -12.81 14 -10.01
      vertex -10.8 13.01 -11
      vertex -10.8 14 -10.01
    endloop
  endfacet
  facet normal 0 -0.707107 0.707107
    outer loop
      vertex 10.8 13.01 -11
      vertex 12.8 14.01 -10
      vertex 10.8 14.01 -10
    endloop
  endfacet
  facet normal 0 -0.707107 0.707107
    outer loop
      vertex 12.8 14.01 -10
      vertex 10.8 13.01 -11
      vertex 13.8 13.01 -11
    endloop
  endfacet
  facet normal 0 0 -1
    outer loop
      vertex -13.8 13 -5.5
      vertex -10.8 13.01 -5.5
      vertex -10.8 13 -5.5
    endloop
  endfacet
  facet normal -0 0 -1
    outer loop
      vertex -10.8 13.01 -5.5
      vertex -13.8 13 -5.5
      vertex -13.8 13.01 -5.5
    endloop
  endfacet
  facet normal 0 0 -1
    outer loop
      vertex 10.8 13 -5.5
      vertex 13.8 13.01 -5.5
      vertex 13.8 13 -5.5
    endloop
  endfacet
  facet normal -0 0 -1
    outer loop
      vertex 13.8 13.01 -5.5
      vertex 10.8 13 -5.5
      vertex 10.8 13.01 -5.5
    endloop
  endfacet
  facet normal 0 -0.707107 -0.707107
    outer loop
      vertex -12.81 14 -6.49
      vertex -10.8 13.01 -5.5
      vertex -13.8 13.01 -5.5
    endloop
  endfacet
  facet normal 0 -0.707107 -0.707107
    outer loop
      vertex -10.8 13.01 -5.5
      vertex -12.81 14 -6.49
      vertex -10.8 14 -6.49
    endloop
  endfacet
  facet normal -0 -0.707107 -0.707107
    outer loop
      vertex 12.8 14.01 -6.5
      vertex 10.8 13.01 -5.5
      vertex 10.8 14.01 -6.5
    endloop
  endfacet
  facet normal 0 -0.707107 -0.707107
    outer loop
      vertex 10.8 13.01 -5.5
      vertex 12.8 14.01 -6.5
      vertex 13.8 13.01 -5.5
    endloop
  endfacet
  facet normal 0 1 0
    outer loop
      vertex 13.8 13 -5.5
      vertex 12.8 13 -6.5
      vertex 10.8 13 -5.5
    endloop
  endfacet
  facet normal 0 1 0
    outer loop
      vertex 13.8 13 -5.5
      vertex 12.8 13 -10
      vertex 12.8 13 -6.5
    endloop
  endfacet
  facet normal 0 1 0
    outer loop
      vertex 13.8 13 -11
      vertex 12.5102 13 -10
      vertex 12.8 13 -10
    endloop
  endfacet
  facet normal 0 1 0
    outer loop
      vertex 12.5102 13 -10
      vertex 10.8 13 -11
      vertex 11.0898 13 -10
    endloop
  endfacet
  facet normal 0 1 -0
    outer loop
      vertex 13.8 13 -11
      vertex 12.8 13 -10
      vertex 13.8 13 -5.5
    endloop
  endfacet
  facet normal 0 1 0
    outer loop
      vertex 12.5102 13 -10
      vertex 13.8 13 -11
      vertex 10.8 13 -11
    endloop
  endfacet
  facet normal 0 1 0
    outer loop
      vertex 11.0898 13 -10
      vertex 10.8 13 -11
      vertex 10.8 13 -10
    endloop
  endfacet
  facet normal 0 1 0
    outer loop
      vertex 10.8 13 -5.5
      vertex 12.8 13 -6.5
      vertex 10.8 13 -6.5
    endloop
  endfacet
  facet normal 0 1 -0
    outer loop
      vertex -10.8 13 -11
      vertex -11.0898 13 -10
      vertex -10.8 13 -10
    endloop
  endfacet
  facet normal 0 1 0
    outer loop
      vertex -11.0898 13 -10
      vertex -10.8 13 -11
      vertex -12.5102 13 -10
    endloop
  endfacet
  facet normal 0 1 0
    outer loop
      vertex -13.8 13 -11
      vertex -12.5102 13 -10
      vertex -10.8 13 -11
    endloop
  endfacet
  facet normal 0 1 0
    outer loop
      vertex -12.8 13 -6.5
      vertex -10.8 13 -5.5
      vertex -10.8 13 -6.5
    endloop
  endfacet
  facet normal 0 1 0
    outer loop
      vertex -10.8 13 -5.5
      vertex -12.8 13 -6.5
      vertex -13.8 13 -5.5
    endloop
  endfacet
  facet normal 0 1 -0
    outer loop
      vertex -12.8 13 -10
      vertex -13.8 13 -5.5
      vertex -12.8 13 -6.5
    endloop
  endfacet
  facet normal 0 1 0
    outer loop
      vertex -12.8 13 -10
      vertex -13.8 13 -11
      vertex -13.8 13 -5.5
    endloop
  endfacet
  facet normal 0 1 0
    outer loop
      vertex -12.5102 13 -10
      vertex -13.8 13 -11
      vertex -12.8 13 -10
    endloop
  endfacet
  facet normal -0.707107 -0.707107 0
    outer loop
      vertex 13.8 13.01 -11
      vertex 12.8 14.01 -6.5
      vertex 12.8 14.01 -10
    endloop
  endfacet
  facet normal -0.707107 -0.707107 0
    outer loop
      vertex 12.8 14.01 -6.5
      vertex 13.8 13.01 -11
      vertex 13.8 13.01 -5.5
    endloop
  endfacet
  facet normal -1 0 0
    outer loop
      vertex 10.8 13 -6.5
      vertex 10.8 -10.8 -6.5
      vertex 10.8 13 -5.5
    endloop
  endfacet
  facet normal -1 0 0
    outer loop
      vertex 10.8 14.01 -6.5
      vertex 10.8 20 -3.5
      vertex 10.8 20 -6.5
    endloop
  endfacet
  facet normal -1 0 0
    outer loop
      vertex 10.8 13.01 -5.5
      vertex 10.8 20 -3.5
      vertex 10.8 14.01 -6.5
    endloop
  endfacet
  facet normal -1 0 0
    outer loop
      vertex 10.8 13 -5.5
      vertex 10.8 20 -3.5
      vertex 10.8 13.01 -5.5
    endloop
  endfacet
  facet normal -1 0 0
    outer loop
      vertex 10.8 -10.8 -3.5
      vertex 10.8 13 -5.5
      vertex 10.8 -10.8 -6.5
    endloop
  endfacet
  facet normal -1 0 0
    outer loop
      vertex 10.8 13 -5.5
      vertex 10.8 -10.8 -3.5
      vertex 10.8 20 -3.5
    endloop
  endfacet
  facet normal 0 0 -1
    outer loop
      vertex 10.25 -10.8 -3.5
      vertex 10.8 20 -3.5
      vertex 10.8 -10.8 -3.5
    endloop
  endfacet
  facet normal -0 0 -1
    outer loop
      vertex 10.8 20 -3.5
      vertex 10.25 -10.8 -3.5
      vertex 10.25 20 -3.5
    endloop
  endfacet
  facet normal 1 0 0
    outer loop
      vertex -10.8 14 -4.5
      vertex -10.8 13.01 -5.5
      vertex -10.8 14 -6.49
    endloop
  endfacet
  facet normal 1 0 0
    outer loop
      vertex -10.8 14 -4.5
      vertex -10.8 13 -5.5
      vertex -10.8 13.01 -5.5
    endloop
  endfacet
  facet normal 1 -0 0
    outer loop
      vertex -10.8 -10.8 -4.5
      vertex -10.8 13 -5.5
      vertex -10.8 14 -4.5
    endloop
  endfacet
  facet normal 1 0 0
    outer loop
      vertex -10.8 -10.8 -6.5
      vertex -10.8 13 -5.5
      vertex -10.8 -10.8 -4.5
    endloop
  endfacet
  facet normal 1 0 0
    outer loop
      vertex -10.8 13 -5.5
      vertex -10.8 -10.8 -6.5
      vertex -10.8 13 -6.5
    endloop
  endfacet
  facet normal 0 1 0
    outer loop
      vertex 10.8 -10.8 -3.5
      vertex 10.25 -10.8 -4.5
      vertex 10.25 -10.8 -3.5
    endloop
  endfacet
  facet normal 0 1 -0
    outer loop
      vertex 10.8 -10.8 -6.5
      vertex 10.25 -10.8 -4.5
      vertex 10.8 -10.8 -3.5
    endloop
  endfacet
  facet normal 0 1 0
    outer loop
      vertex -10.8 -10.8 -6.5
      vertex 10.25 -10.8 -4.5
      vertex 10.8 -10.8 -6.5
    endloop
  endfacet
  facet normal 0 1 0
    outer loop
      vertex 10.25 -10.8 -4.5
      vertex -10.8 -10.8 -6.5
      vertex -10.8 -10.8 -4.5
    endloop
  endfacet
  facet normal -1 0 0
    outer loop
      vertex 10.8 20 -12
      vertex 10.8 14.01 -10
      vertex 10.8 20 -10
    endloop
  endfacet
  facet normal -1 0 0
    outer loop
      vertex 10.8 20 -12
      vertex 10.8 13.01 -11
      vertex 10.8 14.01 -10
    endloop
  endfacet
  facet normal -1 0 0
    outer loop
      vertex 10.8 20 -12
      vertex 10.8 13 -11
      vertex 10.8 13.01 -11
    endloop
  endfacet
  facet normal -1 0 0
    outer loop
      vertex 10.8 -9 -12
      vertex 10.8 13 -11
      vertex 10.8 20 -12
    endloop
  endfacet
  facet normal -1 0 0
    outer loop
      vertex 10.8 -9 -10
      vertex 10.8 13 -11
      vertex 10.8 -9 -12
    endloop
  endfacet
  facet normal -1 0 0
    outer loop
      vertex 10.8 13 -11
      vertex 10.8 -9 -10
      vertex 10.8 13 -10
    endloop
  endfacet
  facet normal 1 0 0
    outer loop
      vertex -10.8 13 -10
      vertex -10.8 -9 -10
      vertex -10.8 13 -11
    endloop
  endfacet
  facet normal 1 -0 0
    outer loop
      vertex -10.8 13.01 -11
      vertex -10.8 14 -12
      vertex -10.8 14 -10.01
    endloop
  endfacet
  facet normal 1 -0 0
    outer loop
      vertex -10.8 13 -11
      vertex -10.8 14 -12
      vertex -10.8 13.01 -11
    endloop
  endfacet
  facet normal 1 0 0
    outer loop
      vertex -10.8 -9 -12
      vertex -10.8 13 -11
      vertex -10.8 -9 -10
    endloop
  endfacet
  facet normal 1 0 0
    outer loop
      vertex -10.8 13 -11
      vertex -10.8 -9 -12
      vertex -10.8 14 -12
    endloop
  endfacet
  facet normal 0 1 -0
    outer loop
      vertex 10.8 -9 -12
      vertex -10.8 -9 -10
      vertex 10.8 -9 -10
    endloop
  endfacet
  facet normal 0 1 0
    outer loop
      vertex -10.8 -9 -10
      vertex 10.8 -9 -12
      vertex -10.8 -9 -12
    endloop
  endfacet
  facet normal 0.831419 0.555646 0
    outer loop
      vertex -11.1071 13.487 -8.8
      vertex -11.2697 13.7303 -10
      vertex -11.2697 13.7303 -8.8
    endloop
  endfacet
  facet normal 0.831419 0.555646 0
    outer loop
      vertex -11.2697 13.7303 -10
      vertex -11.1071 13.487 -8.8
      vertex -11.1071 13.487 -10
    endloop
  endfacet
  facet normal 0.980777 0.19513 0
    outer loop
      vertex -11.05 13.2 -8.8
      vertex -11.1071 13.487 -10
      vertex -11.1071 13.487 -8.8
    endloop
  endfacet
  facet normal 0.980777 0.19513 0
    outer loop
      vertex -11.1071 13.487 -10
      vertex -11.05 13.2 -8.8
      vertex -11.05 13.2 -10
    endloop
  endfacet
  facet normal 0.555646 0.831419 -0
    outer loop
      vertex -11.2697 13.7303 -10
      vertex -11.513 13.8929 -8.8
      vertex -11.2697 13.7303 -8.8
    endloop
  endfacet
  facet normal 0.555646 0.831419 0
    outer loop
      vertex -11.513 13.8929 -8.8
      vertex -11.2697 13.7303 -10
      vertex -11.513 13.8929 -10
    endloop
  endfacet
  facet normal -0.980769 -0.195173 0
    outer loop
      vertex -12.5102 13 -10
      vertex -12.55 13.2 -8.8
      vertex -12.55 13.2 -10
    endloop
  endfacet
  facet normal -0.980797 -0.195032 -0
    outer loop
      vertex -12.4929 12.913 -8.8
      vertex -12.5102 13 -10
      vertex -12.4929 12.913 -10
    endloop
  endfacet
  facet normal -0.980777 -0.19513 -7.40424e-06
    outer loop
      vertex -12.5102 13 -10
      vertex -12.4929 12.913 -8.8
      vertex -12.55 13.2 -8.8
    endloop
  endfacet
  facet normal 0.555646 -0.831419 0
    outer loop
      vertex -11.513 12.5071 -10
      vertex -11.2697 12.6697 -8.8
      vertex -11.513 12.5071 -8.8
    endloop
  endfacet
  facet normal 0.555646 -0.831419 0
    outer loop
      vertex -11.2697 12.6697 -8.8
      vertex -11.513 12.5071 -10
      vertex -11.2697 12.6697 -10
    endloop
  endfacet
  facet normal -0.831419 0.555646 0
    outer loop
      vertex -12.4929 13.487 -10
      vertex -12.3303 13.7303 -8.8
      vertex -12.3303 13.7303 -10
    endloop
  endfacet
  facet normal -0.831419 0.555646 0
    outer loop
      vertex -12.3303 13.7303 -8.8
      vertex -12.4929 13.487 -10
      vertex -12.4929 13.487 -8.8
    endloop
  endfacet
  facet normal -0.19513 -0.980777 0
    outer loop
      vertex -12.087 12.5071 -10
      vertex -11.8 12.45 -8.8
      vertex -12.087 12.5071 -8.8
    endloop
  endfacet
  facet normal -0.19513 -0.980777 -0
    outer loop
      vertex -11.8 12.45 -8.8
      vertex -12.087 12.5071 -10
      vertex -11.8 12.45 -10
    endloop
  endfacet
  facet normal 0.19513 0.980777 -0
    outer loop
      vertex -11.513 13.8929 -10
      vertex -11.8 13.95 -8.8
      vertex -11.513 13.8929 -8.8
    endloop
  endfacet
  facet normal 0.19513 0.980777 0
    outer loop
      vertex -11.8 13.95 -8.8
      vertex -11.513 13.8929 -10
      vertex -11.8 13.95 -10
    endloop
  endfacet
  facet normal -0.19513 0.980777 0
    outer loop
      vertex -11.8 13.95 -10
      vertex -12.087 13.8929 -8.8
      vertex -11.8 13.95 -8.8
    endloop
  endfacet
  facet normal -0.19513 0.980777 0
    outer loop
      vertex -12.087 13.8929 -8.8
      vertex -11.8 13.95 -10
      vertex -12.087 13.8929 -10
    endloop
  endfacet
  facet normal -0.555646 0.831419 0
    outer loop
      vertex -12.087 13.8929 -10
      vertex -12.3303 13.7303 -8.8
      vertex -12.087 13.8929 -8.8
    endloop
  endfacet
  facet normal -0.555646 0.831419 0
    outer loop
      vertex -12.3303 13.7303 -8.8
      vertex -12.087 13.8929 -10
      vertex -12.3303 13.7303 -10
    endloop
  endfacet
  facet normal 0.831419 -0.555646 0
    outer loop
      vertex -11.2697 12.6697 -8.8
      vertex -11.1071 12.913 -10
      vertex -11.1071 12.913 -8.8
    endloop
  endfacet
  facet normal 0.831419 -0.555646 0
    outer loop
      vertex -11.1071 12.913 -10
      vertex -11.2697 12.6697 -8.8
      vertex -11.2697 12.6697 -10
    endloop
  endfacet
  facet normal 0.980769 -0.195173 0
    outer loop
      vertex -11.05 13.2 -8.8
      vertex -11.0898 13 -10
      vertex -11.05 13.2 -10
    endloop
  endfacet
  facet normal 0.980777 -0.19513 -7.40424e-06
    outer loop
      vertex -11.1071 12.913 -8.8
      vertex -11.0898 13 -10
      vertex -11.05 13.2 -8.8
    endloop
  endfacet
  facet normal 0.980797 -0.195032 0
    outer loop
      vertex -11.0898 13 -10
      vertex -11.1071 12.913 -8.8
      vertex -11.1071 12.913 -10
    endloop
  endfacet
  facet normal -0.831419 -0.555646 0
    outer loop
      vertex -12.3303 12.6697 -10
      vertex -12.4929 12.913 -8.8
      vertex -12.4929 12.913 -10
    endloop
  endfacet
  facet normal -0.831419 -0.555646 0
    outer loop
      vertex -12.4929 12.913 -8.8
      vertex -12.3303 12.6697 -10
      vertex -12.3303 12.6697 -8.8
    endloop
  endfacet
  facet normal 0.19513 -0.980777 0
    outer loop
      vertex -11.8 12.45 -10
      vertex -11.513 12.5071 -8.8
      vertex -11.8 12.45 -8.8
    endloop
  endfacet
  facet normal 0.19513 -0.980777 0
    outer loop
      vertex -11.513 12.5071 -8.8
      vertex -11.8 12.45 -10
      vertex -11.513 12.5071 -10
    endloop
  endfacet
  facet normal -0.980777 0.19513 0
    outer loop
      vertex -12.55 13.2 -10
      vertex -12.4929 13.487 -8.8
      vertex -12.4929 13.487 -10
    endloop
  endfacet
  facet normal -0.980777 0.19513 0
    outer loop
      vertex -12.4929 13.487 -8.8
      vertex -12.55 13.2 -10
      vertex -12.55 13.2 -8.8
    endloop
  endfacet
  facet normal 0 0 1
    outer loop
      vertex -11.1071 13.487 -8.8
      vertex -11.1071 12.913 -8.8
      vertex -11.05 13.2 -8.8
    endloop
  endfacet
  facet normal 0 0 1
    outer loop
      vertex -11.2697 13.7303 -8.8
      vertex -11.1071 12.913 -8.8
      vertex -11.1071 13.487 -8.8
    endloop
  endfacet
  facet normal 0 0 1
    outer loop
      vertex -11.2697 13.7303 -8.8
      vertex -11.2697 12.6697 -8.8
      vertex -11.1071 12.913 -8.8
    endloop
  endfacet
  facet normal 0 0 1
    outer loop
      vertex -11.513 13.8929 -8.8
      vertex -11.2697 12.6697 -8.8
      vertex -11.2697 13.7303 -8.8
    endloop
  endfacet
  facet normal 0 0 1
    outer loop
      vertex -11.513 13.8929 -8.8
      vertex -11.513 12.5071 -8.8
      vertex -11.2697 12.6697 -8.8
    endloop
  endfacet
  facet normal 0 0 1
    outer loop
      vertex -11.8 13.95 -8.8
      vertex -11.513 12.5071 -8.8
      vertex -11.513 13.8929 -8.8
    endloop
  endfacet
  facet normal 0 0 1
    outer loop
      vertex -11.8 13.95 -8.8
      vertex -11.8 12.45 -8.8
      vertex -11.513 12.5071 -8.8
    endloop
  endfacet
  facet normal -0 0 1
    outer loop
      vertex -12.087 13.8929 -8.8
      vertex -11.8 12.45 -8.8
      vertex -11.8 13.95 -8.8
    endloop
  endfacet
  facet normal 0 0 1
    outer loop
      vertex -12.087 13.8929 -8.8
      vertex -12.087 12.5071 -8.8
      vertex -11.8 12.45 -8.8
    endloop
  endfacet
  facet normal -0 0 1
    outer loop
      vertex -12.3303 13.7303 -8.8
      vertex -12.087 12.5071 -8.8
      vertex -12.087 13.8929 -8.8
    endloop
  endfacet
  facet normal 0 0 1
    outer loop
      vertex -12.3303 13.7303 -8.8
      vertex -12.3303 12.6697 -8.8
      vertex -12.087 12.5071 -8.8
    endloop
  endfacet
  facet normal -0 0 1
    outer loop
      vertex -12.4929 13.487 -8.8
      vertex -12.3303 12.6697 -8.8
      vertex -12.3303 13.7303 -8.8
    endloop
  endfacet
  facet normal 0 0 1
    outer loop
      vertex -12.4929 13.487 -8.8
      vertex -12.4929 12.913 -8.8
      vertex -12.3303 12.6697 -8.8
    endloop
  endfacet
  facet normal 0 -0 1
    outer loop
      vertex -12.4929 12.913 -8.8
      vertex -12.4929 13.487 -8.8
      vertex -12.55 13.2 -8.8
    endloop
  endfacet
  facet normal -0.555646 -0.831419 0
    outer loop
      vertex -12.3303 12.6697 -10
      vertex -12.087 12.5071 -8.8
      vertex -12.3303 12.6697 -8.8
    endloop
  endfacet
  facet normal -0.555646 -0.831419 -0
    outer loop
      vertex -12.087 12.5071 -8.8
      vertex -12.3303 12.6697 -10
      vertex -12.087 12.5071 -10
    endloop
  endfacet
  facet normal -0.980777 0.19513 0
    outer loop
      vertex 11.05 13.2 -10
      vertex 11.1071 13.487 -8.8
      vertex 11.1071 13.487 -10
    endloop
  endfacet
  facet normal -0.980777 0.19513 0
    outer loop
      vertex 11.1071 13.487 -8.8
      vertex 11.05 13.2 -10
      vertex 11.05 13.2 -8.8
    endloop
  endfacet
  facet normal 0.831419 0.555646 0
    outer loop
      vertex 12.4929 13.487 -8.8
      vertex 12.3303 13.7303 -10
      vertex 12.3303 13.7303 -8.8
    endloop
  endfacet
  facet normal 0.831419 0.555646 0
    outer loop
      vertex 12.3303 13.7303 -10
      vertex 12.4929 13.487 -8.8
      vertex 12.4929 13.487 -10
    endloop
  endfacet
  facet normal 0.980777 0.19513 0
    outer loop
      vertex 12.55 13.2 -8.8
      vertex 12.4929 13.487 -10
      vertex 12.4929 13.487 -8.8
    endloop
  endfacet
  facet normal 0.980777 0.19513 0
    outer loop
      vertex 12.4929 13.487 -10
      vertex 12.55 13.2 -8.8
      vertex 12.55 13.2 -10
    endloop
  endfacet
  facet normal -0.19513 -0.980777 0
    outer loop
      vertex 11.513 12.5071 -10
      vertex 11.8 12.45 -8.8
      vertex 11.513 12.5071 -8.8
    endloop
  endfacet
  facet normal -0.19513 -0.980777 -0
    outer loop
      vertex 11.8 12.45 -8.8
      vertex 11.513 12.5071 -10
      vertex 11.8 12.45 -10
    endloop
  endfacet
  facet normal 0.555646 -0.831419 0
    outer loop
      vertex 12.087 12.5071 -10
      vertex 12.3303 12.6697 -8.8
      vertex 12.087 12.5071 -8.8
    endloop
  endfacet
  facet normal 0.555646 -0.831419 0
    outer loop
      vertex 12.3303 12.6697 -8.8
      vertex 12.087 12.5071 -10
      vertex 12.3303 12.6697 -10
    endloop
  endfacet
  facet normal -0.555646 0.831419 0
    outer loop
      vertex 11.513 13.8929 -10
      vertex 11.2697 13.7303 -8.8
      vertex 11.513 13.8929 -8.8
    endloop
  endfacet
  facet normal -0.555646 0.831419 0
    outer loop
      vertex 11.2697 13.7303 -8.8
      vertex 11.513 13.8929 -10
      vertex 11.2697 13.7303 -10
    endloop
  endfacet
  facet normal 0.980769 -0.195173 0
    outer loop
      vertex 12.55 13.2 -8.8
      vertex 12.5102 13 -10
      vertex 12.55 13.2 -10
    endloop
  endfacet
  facet normal 0.980777 -0.19513 -7.40424e-06
    outer loop
      vertex 12.4929 12.913 -8.8
      vertex 12.5102 13 -10
      vertex 12.55 13.2 -8.8
    endloop
  endfacet
  facet normal 0.980797 -0.195032 0
    outer loop
      vertex 12.5102 13 -10
      vertex 12.4929 12.913 -8.8
      vertex 12.4929 12.913 -10
    endloop
  endfacet
  facet normal 0.19513 -0.980777 0
    outer loop
      vertex 11.8 12.45 -10
      vertex 12.087 12.5071 -8.8
      vertex 11.8 12.45 -8.8
    endloop
  endfacet
  facet normal 0.19513 -0.980777 0
    outer loop
      vertex 12.087 12.5071 -8.8
      vertex 11.8 12.45 -10
      vertex 12.087 12.5071 -10
    endloop
  endfacet
  facet normal 0 0 1
    outer loop
      vertex 12.4929 13.487 -8.8
      vertex 12.4929 12.913 -8.8
      vertex 12.55 13.2 -8.8
    endloop
  endfacet
  facet normal 0 0 1
    outer loop
      vertex 12.3303 13.7303 -8.8
      vertex 12.4929 12.913 -8.8
      vertex 12.4929 13.487 -8.8
    endloop
  endfacet
  facet normal 0 0 1
    outer loop
      vertex 12.3303 13.7303 -8.8
      vertex 12.3303 12.6697 -8.8
      vertex 12.4929 12.913 -8.8
    endloop
  endfacet
  facet normal 0 0 1
    outer loop
      vertex 12.087 13.8929 -8.8
      vertex 12.3303 12.6697 -8.8
      vertex 12.3303 13.7303 -8.8
    endloop
  endfacet
  facet normal 0 0 1
    outer loop
      vertex 12.087 13.8929 -8.8
      vertex 12.087 12.5071 -8.8
      vertex 12.3303 12.6697 -8.8
    endloop
  endfacet
  facet normal 0 0 1
    outer loop
      vertex 11.8 13.95 -8.8
      vertex 12.087 12.5071 -8.8
      vertex 12.087 13.8929 -8.8
    endloop
  endfacet
  facet normal 0 0 1
    outer loop
      vertex 11.8 13.95 -8.8
      vertex 11.8 12.45 -8.8
      vertex 12.087 12.5071 -8.8
    endloop
  endfacet
  facet normal -0 0 1
    outer loop
      vertex 11.513 13.8929 -8.8
      vertex 11.8 12.45 -8.8
      vertex 11.8 13.95 -8.8
    endloop
  endfacet
  facet normal 0 0 1
    outer loop
      vertex 11.513 13.8929 -8.8
      vertex 11.513 12.5071 -8.8
      vertex 11.8 12.45 -8.8
    endloop
  endfacet
  facet normal -0 0 1
    outer loop
      vertex 11.2697 13.7303 -8.8
      vertex 11.513 12.5071 -8.8
      vertex 11.513 13.8929 -8.8
    endloop
  endfacet
  facet normal 0 0 1
    outer loop
      vertex 11.2697 13.7303 -8.8
      vertex 11.2697 12.6697 -8.8
      vertex 11.513 12.5071 -8.8
    endloop
  endfacet
  facet normal -0 0 1
    outer loop
      vertex 11.1071 13.487 -8.8
      vertex 11.2697 12.6697 -8.8
      vertex 11.2697 13.7303 -8.8
    endloop
  endfacet
  facet normal 0 0 1
    outer loop
      vertex 11.1071 13.487 -8.8
      vertex 11.1071 12.913 -8.8
      vertex 11.2697 12.6697 -8.8
    endloop
  endfacet
  facet normal 0 -0 1
    outer loop
      vertex 11.1071 12.913 -8.8
      vertex 11.1071 13.487 -8.8
      vertex 11.05 13.2 -8.8
    endloop
  endfacet
  facet normal 0.831419 -0.555646 0
    outer loop
      vertex 12.3303 12.6697 -8.8
      vertex 12.4929 12.913 -10
      vertex 12.4929 12.913 -8.8
    endloop
  endfacet
  facet normal 0.831419 -0.555646 0
    outer loop
      vertex 12.4929 12.913 -10
      vertex 12.3303 12.6697 -8.8
      vertex 12.3303 12.6697 -10
    endloop
  endfacet
  facet normal 0.19513 0.980777 -0
    outer loop
      vertex 12.087 13.8929 -10
      vertex 11.8 13.95 -8.8
      vertex 12.087 13.8929 -8.8
    endloop
  endfacet
  facet normal 0.19513 0.980777 0
    outer loop
      vertex 11.8 13.95 -8.8
      vertex 12.087 13.8929 -10
      vertex 11.8 13.95 -10
    endloop
  endfacet
  facet normal -0.19513 0.980777 0
    outer loop
      vertex 11.8 13.95 -10
      vertex 11.513 13.8929 -8.8
      vertex 11.8 13.95 -8.8
    endloop
  endfacet
  facet normal -0.19513 0.980777 0
    outer loop
      vertex 11.513 13.8929 -8.8
      vertex 11.8 13.95 -10
      vertex 11.513 13.8929 -10
    endloop
  endfacet
  facet normal -0.831419 0.555646 0
    outer loop
      vertex 11.1071 13.487 -10
      vertex 11.2697 13.7303 -8.8
      vertex 11.2697 13.7303 -10
    endloop
  endfacet
  facet normal -0.831419 0.555646 0
    outer loop
      vertex 11.2697 13.7303 -8.8
      vertex 11.1071 13.487 -10
      vertex 11.1071 13.487 -8.8
    endloop
  endfacet
  facet normal 0.555646 0.831419 -0
    outer loop
      vertex 12.3303 13.7303 -10
      vertex 12.087 13.8929 -8.8
      vertex 12.3303 13.7303 -8.8
    endloop
  endfacet
  facet normal 0.555646 0.831419 0
    outer loop
      vertex 12.087 13.8929 -8.8
      vertex 12.3303 13.7303 -10
      vertex 12.087 13.8929 -10
    endloop
  endfacet
  facet normal -0.831419 -0.555646 0
    outer loop
      vertex 11.2697 12.6697 -10
      vertex 11.1071 12.913 -8.8
      vertex 11.1071 12.913 -10
    endloop
  endfacet
  facet normal -0.831419 -0.555646 0
    outer loop
      vertex 11.1071 12.913 -8.8
      vertex 11.2697 12.6697 -10
      vertex 11.2697 12.6697 -8.8
    endloop
  endfacet
  facet normal -0.980769 -0.195173 0
    outer loop
      vertex 11.0898 13 -10
      vertex 11.05 13.2 -8.8
      vertex 11.05 13.2 -10
    endloop
  endfacet
  facet normal -0.980797 -0.195032 -0
    outer loop
      vertex 11.1071 12.913 -8.8
      vertex 11.0898 13 -10
      vertex 11.1071 12.913 -10
    endloop
  endfacet
  facet normal -0.980777 -0.19513 -7.40424e-06
    outer loop
      vertex 11.0898 13 -10
      vertex 11.1071 12.913 -8.8
      vertex 11.05 13.2 -8.8
    endloop
  endfacet
  facet normal -0.555646 -0.831419 0
    outer loop
      vertex 11.2697 12.6697 -10
      vertex 11.513 12.5071 -8.8
      vertex 11.2697 12.6697 -8.8
    endloop
  endfacet
  facet normal -0.555646 -0.831419 -0
    outer loop
      vertex 11.513 12.5071 -8.8
      vertex 11.2697 12.6697 -10
      vertex 11.513 12.5071 -10
    endloop
  endfacet
endsolid OpenSCAD_Model
