solid OpenSCAD_Model
  facet normal 1 0 0
    outer loop
      vertex 30 14.25 4.25
      vertex 30 10.25 0.25
      vertex 30 14.25 -18.5
    endloop
  endfacet
  facet normal 1 0 0
    outer loop
      vertex 30 14.25 4.25
      vertex 30 -10.25 0.25
      vertex 30 10.25 0.25
    endloop
  endfacet
  facet normal 1 -0 0
    outer loop
      vertex 30 -14.25 4.25
      vertex 30 -10.25 0.25
      vertex 30 14.25 4.25
    endloop
  endfacet
  facet normal 1 0 0
    outer loop
      vertex 30 -14.25 -18.5
      vertex 30 -10.25 0.25
      vertex 30 -14.25 4.25
    endloop
  endfacet
  facet normal 1 0 0
    outer loop
      vertex 30 -10.25 0.25
      vertex 30 -14.25 -18.5
      vertex 30 -10.25 -18.5
    endloop
  endfacet
  facet normal 1 0 0
    outer loop
      vertex 30 14.25 -18.5
      vertex 30 10.25 0.25
      vertex 30 10.25 -18.5
    endloop
  endfacet
  facet normal -0 0 1
    outer loop
      vertex -30 14.25 4.25
      vertex -14.25 -14.25 4.25
      vertex -14.25 14.25 4.25
    endloop
  endfacet
  facet normal 0 0 1
    outer loop
      vertex -14.25 -14.25 4.25
      vertex -30 14.25 4.25
      vertex -30 -14.25 4.25
    endloop
  endfacet
  facet normal -0 0 1
    outer loop
      vertex 14.25 14.25 4.25
      vertex 30 -14.25 4.25
      vertex 30 14.25 4.25
    endloop
  endfacet
  facet normal 0 0 1
    outer loop
      vertex 30 -14.25 4.25
      vertex 14.25 14.25 4.25
      vertex 14.25 -14.25 4.25
    endloop
  endfacet
  facet normal 0 0 -1
    outer loop
      vertex 30 10.25 -18.5
      vertex 14.25 14.25 -18.5
      vertex 30 14.25 -18.5
    endloop
  endfacet
  facet normal 0 0 -1
    outer loop
      vertex 30 10.25 -18.5
      vertex -14.25 14.25 -18.5
      vertex 14.25 14.25 -18.5
    endloop
  endfacet
  facet normal 0 0 -1
    outer loop
      vertex -30 10.25 -18.5
      vertex -14.25 14.25 -18.5
      vertex 30 10.25 -18.5
    endloop
  endfacet
  facet normal -0 0 -1
    outer loop
      vertex -14.25 14.25 -18.5
      vertex -30 10.25 -18.5
      vertex -30 14.25 -18.5
    endloop
  endfacet
  facet normal 0 0 -1
    outer loop
      vertex -30 -14.25 -18.5
      vertex 30 -10.25 -18.5
      vertex 30 -14.25 -18.5
    endloop
  endfacet
  facet normal -0 0 -1
    outer loop
      vertex 30 -10.25 -18.5
      vertex -30 -14.25 -18.5
      vertex -30 -10.25 -18.5
    endloop
  endfacet
  facet normal -1 0 0
    outer loop
      vertex -30 -10.25 -18.5
      vertex -30 -14.25 -18.5
      vertex -30 -10.25 0.25
    endloop
  endfacet
  facet normal -1 0 0
    outer loop
      vertex -30 10.25 0.25
      vertex -30 14.25 -18.5
      vertex -30 10.25 -18.5
    endloop
  endfacet
  facet normal -1 0 0
    outer loop
      vertex -30 14.25 -18.5
      vertex -30 10.25 0.25
      vertex -30 14.25 4.25
    endloop
  endfacet
  facet normal -1 0 0
    outer loop
      vertex -30 -10.25 0.25
      vertex -30 14.25 4.25
      vertex -30 10.25 0.25
    endloop
  endfacet
  facet normal -1 0 0
    outer loop
      vertex -30 -10.25 0.25
      vertex -30 -14.25 4.25
      vertex -30 14.25 4.25
    endloop
  endfacet
  facet normal -1 0 0
    outer loop
      vertex -30 -14.25 4.25
      vertex -30 -10.25 0.25
      vertex -30 -14.25 -18.5
    endloop
  endfacet
  facet normal 0 1 -0
    outer loop
      vertex -22.6411 14.25 -7.27353
      vertex -30 14.25 4.25
      vertex -14.25 14.25 4.25
    endloop
  endfacet
  facet normal 0 1 0
    outer loop
      vertex -30 14.25 4.25
      vertex -22.6411 14.25 -7.27353
      vertex -23 14.25 -7.25
    endloop
  endfacet
  facet normal 0 1 0
    outer loop
      vertex -14.25 14.25 4.25
      vertex -22.2882 14.25 -7.3437
      vertex -22.6411 14.25 -7.27353
    endloop
  endfacet
  facet normal 0 1 0
    outer loop
      vertex -14.25 14.25 4.25
      vertex -21.9476 14.25 -7.45933
      vertex -22.2882 14.25 -7.3437
    endloop
  endfacet
  facet normal 0 1 0
    outer loop
      vertex -14.25 14.25 4.25
      vertex -21.625 14.25 -7.61843
      vertex -21.9476 14.25 -7.45933
    endloop
  endfacet
  facet normal 0 1 0
    outer loop
      vertex -14.25 14.25 4.25
      vertex -21.3259 14.25 -7.81828
      vertex -21.625 14.25 -7.61843
    endloop
  endfacet
  facet normal 0 1 0
    outer loop
      vertex -14.25 14.25 4.25
      vertex -21.0555 14.25 -8.05546
      vertex -21.3259 14.25 -7.81828
    endloop
  endfacet
  facet normal 0 1 0
    outer loop
      vertex -14.25 14.25 4.25
      vertex -20.8183 14.25 -8.32591
      vertex -21.0555 14.25 -8.05546
    endloop
  endfacet
  facet normal 0 1 0
    outer loop
      vertex -14.25 14.25 4.25
      vertex -20.6184 14.25 -8.625
      vertex -20.8183 14.25 -8.32591
    endloop
  endfacet
  facet normal 0 1 0
    outer loop
      vertex -14.25 14.25 4.25
      vertex -20.4593 14.25 -8.94762
      vertex -20.6184 14.25 -8.625
    endloop
  endfacet
  facet normal 0 1 0
    outer loop
      vertex -14.25 14.25 4.25
      vertex -20.3437 14.25 -9.28825
      vertex -20.4593 14.25 -8.94762
    endloop
  endfacet
  facet normal 0 1 0
    outer loop
      vertex -14.25 14.25 4.25
      vertex -20.2735 14.25 -9.64105
      vertex -20.3437 14.25 -9.28825
    endloop
  endfacet
  facet normal 0 1 -0
    outer loop
      vertex -14.25 14.25 -18.5
      vertex -20.2735 14.25 -9.64105
      vertex -14.25 14.25 4.25
    endloop
  endfacet
  facet normal 0 1 0
    outer loop
      vertex -20.2735 14.25 -9.64105
      vertex -14.25 14.25 -18.5
      vertex -20.25 14.25 -10
    endloop
  endfacet
  facet normal 0 1 0
    outer loop
      vertex -20.25 14.25 -10
      vertex -14.25 14.25 -18.5
      vertex -20.2735 14.25 -10.3589
    endloop
  endfacet
  facet normal 0 1 0
    outer loop
      vertex -20.2735 14.25 -10.3589
      vertex -14.25 14.25 -18.5
      vertex -20.3437 14.25 -10.7118
    endloop
  endfacet
  facet normal 0 1 0
    outer loop
      vertex -30 14.25 -18.5
      vertex -22.6411 14.25 -12.7265
      vertex -14.25 14.25 -18.5
    endloop
  endfacet
  facet normal 0 1 0
    outer loop
      vertex -22.2882 14.25 -12.6563
      vertex -14.25 14.25 -18.5
      vertex -22.6411 14.25 -12.7265
    endloop
  endfacet
  facet normal 0 1 0
    outer loop
      vertex -21.9476 14.25 -12.5407
      vertex -14.25 14.25 -18.5
      vertex -22.2882 14.25 -12.6563
    endloop
  endfacet
  facet normal 0 1 0
    outer loop
      vertex -21.625 14.25 -12.3816
      vertex -14.25 14.25 -18.5
      vertex -21.9476 14.25 -12.5407
    endloop
  endfacet
  facet normal 0 1 0
    outer loop
      vertex -21.3259 14.25 -12.1817
      vertex -14.25 14.25 -18.5
      vertex -21.625 14.25 -12.3816
    endloop
  endfacet
  facet normal 0 1 0
    outer loop
      vertex -21.0555 14.25 -11.9445
      vertex -14.25 14.25 -18.5
      vertex -21.3259 14.25 -12.1817
    endloop
  endfacet
  facet normal 0 1 0
    outer loop
      vertex -20.8183 14.25 -11.6741
      vertex -14.25 14.25 -18.5
      vertex -21.0555 14.25 -11.9445
    endloop
  endfacet
  facet normal 0 1 0
    outer loop
      vertex -20.6184 14.25 -11.375
      vertex -14.25 14.25 -18.5
      vertex -20.8183 14.25 -11.6741
    endloop
  endfacet
  facet normal 0 1 0
    outer loop
      vertex -20.4593 14.25 -11.0524
      vertex -14.25 14.25 -18.5
      vertex -20.6184 14.25 -11.375
    endloop
  endfacet
  facet normal 0 1 0
    outer loop
      vertex -20.3437 14.25 -10.7118
      vertex -14.25 14.25 -18.5
      vertex -20.4593 14.25 -11.0524
    endloop
  endfacet
  facet normal 0 1 -0
    outer loop
      vertex -23.3589 14.25 -7.27353
      vertex -30 14.25 4.25
      vertex -23 14.25 -7.25
    endloop
  endfacet
  facet normal 0 1 -0
    outer loop
      vertex -23.7118 14.25 -7.3437
      vertex -30 14.25 4.25
      vertex -23.3589 14.25 -7.27353
    endloop
  endfacet
  facet normal 0 1 -0
    outer loop
      vertex -24.0524 14.25 -7.45933
      vertex -30 14.25 4.25
      vertex -23.7118 14.25 -7.3437
    endloop
  endfacet
  facet normal 0 1 -0
    outer loop
      vertex -24.375 14.25 -7.61843
      vertex -30 14.25 4.25
      vertex -24.0524 14.25 -7.45933
    endloop
  endfacet
  facet normal 0 1 -0
    outer loop
      vertex -24.6741 14.25 -7.81828
      vertex -30 14.25 4.25
      vertex -24.375 14.25 -7.61843
    endloop
  endfacet
  facet normal 0 1 -0
    outer loop
      vertex -24.9445 14.25 -8.05546
      vertex -30 14.25 4.25
      vertex -24.6741 14.25 -7.81828
    endloop
  endfacet
  facet normal 0 1 -0
    outer loop
      vertex -25.1817 14.25 -8.32591
      vertex -30 14.25 4.25
      vertex -24.9445 14.25 -8.05546
    endloop
  endfacet
  facet normal 0 1 -0
    outer loop
      vertex -25.3816 14.25 -8.625
      vertex -30 14.25 4.25
      vertex -25.1817 14.25 -8.32591
    endloop
  endfacet
  facet normal 0 1 -0
    outer loop
      vertex -25.5407 14.25 -8.94762
      vertex -30 14.25 4.25
      vertex -25.3816 14.25 -8.625
    endloop
  endfacet
  facet normal 0 1 -0
    outer loop
      vertex -25.6563 14.25 -9.28825
      vertex -30 14.25 4.25
      vertex -25.5407 14.25 -8.94762
    endloop
  endfacet
  facet normal 0 1 -0
    outer loop
      vertex -25.7265 14.25 -9.64105
      vertex -30 14.25 4.25
      vertex -25.6563 14.25 -9.28825
    endloop
  endfacet
  facet normal 0 1 0
    outer loop
      vertex -30 14.25 -18.5
      vertex -25.7265 14.25 -9.64105
      vertex -25.75 14.25 -10
    endloop
  endfacet
  facet normal 0 1 0
    outer loop
      vertex -30 14.25 -18.5
      vertex -25.75 14.25 -10
      vertex -25.7265 14.25 -10.3589
    endloop
  endfacet
  facet normal 0 1 0
    outer loop
      vertex -30 14.25 -18.5
      vertex -25.7265 14.25 -10.3589
      vertex -25.6563 14.25 -10.7118
    endloop
  endfacet
  facet normal 0 1 0
    outer loop
      vertex -22.6411 14.25 -12.7265
      vertex -30 14.25 -18.5
      vertex -23 14.25 -12.75
    endloop
  endfacet
  facet normal 0 1 0
    outer loop
      vertex -23 14.25 -12.75
      vertex -30 14.25 -18.5
      vertex -23.3589 14.25 -12.7265
    endloop
  endfacet
  facet normal 0 1 0
    outer loop
      vertex -23.3589 14.25 -12.7265
      vertex -30 14.25 -18.5
      vertex -23.7118 14.25 -12.6563
    endloop
  endfacet
  facet normal 0 1 0
    outer loop
      vertex -23.7118 14.25 -12.6563
      vertex -30 14.25 -18.5
      vertex -24.0524 14.25 -12.5407
    endloop
  endfacet
  facet normal 0 1 0
    outer loop
      vertex -25.7265 14.25 -9.64105
      vertex -30 14.25 -18.5
      vertex -30 14.25 4.25
    endloop
  endfacet
  facet normal 0 1 0
    outer loop
      vertex -25.5407 14.25 -11.0524
      vertex -30 14.25 -18.5
      vertex -25.6563 14.25 -10.7118
    endloop
  endfacet
  facet normal 0 1 0
    outer loop
      vertex -25.3816 14.25 -11.375
      vertex -30 14.25 -18.5
      vertex -25.5407 14.25 -11.0524
    endloop
  endfacet
  facet normal 0 1 0
    outer loop
      vertex -25.1817 14.25 -11.6741
      vertex -30 14.25 -18.5
      vertex -25.3816 14.25 -11.375
    endloop
  endfacet
  facet normal 0 1 0
    outer loop
      vertex -24.9445 14.25 -11.9445
      vertex -30 14.25 -18.5
      vertex -25.1817 14.25 -11.6741
    endloop
  endfacet
  facet normal 0 1 0
    outer loop
      vertex -24.6741 14.25 -12.1817
      vertex -30 14.25 -18.5
      vertex -24.9445 14.25 -11.9445
    endloop
  endfacet
  facet normal 0 1 0
    outer loop
      vertex -24.375 14.25 -12.3816
      vertex -30 14.25 -18.5
      vertex -24.6741 14.25 -12.1817
    endloop
  endfacet
  facet normal 0 1 0
    outer loop
      vertex -24.0524 14.25 -12.5407
      vertex -30 14.25 -18.5
      vertex -24.375 14.25 -12.3816
    endloop
  endfacet
  facet normal 0 1 0
    outer loop
      vertex 22.6411 14.25 -7.27353
      vertex 30 14.25 4.25
      vertex 23 14.25 -7.25
    endloop
  endfacet
  facet normal 0 1 0
    outer loop
      vertex 30 14.25 4.25
      vertex 23.3589 14.25 -7.27353
      vertex 23 14.25 -7.25
    endloop
  endfacet
  facet normal 0 1 0
    outer loop
      vertex 30 14.25 4.25
      vertex 23.7118 14.25 -7.3437
      vertex 23.3589 14.25 -7.27353
    endloop
  endfacet
  facet normal 0 1 0
    outer loop
      vertex 30 14.25 4.25
      vertex 24.0524 14.25 -7.45933
      vertex 23.7118 14.25 -7.3437
    endloop
  endfacet
  facet normal 0 1 0
    outer loop
      vertex 30 14.25 4.25
      vertex 24.375 14.25 -7.61843
      vertex 24.0524 14.25 -7.45933
    endloop
  endfacet
  facet normal 0 1 0
    outer loop
      vertex 30 14.25 4.25
      vertex 24.6741 14.25 -7.81828
      vertex 24.375 14.25 -7.61843
    endloop
  endfacet
  facet normal 0 1 0
    outer loop
      vertex 30 14.25 4.25
      vertex 24.9445 14.25 -8.05546
      vertex 24.6741 14.25 -7.81828
    endloop
  endfacet
  facet normal 0 1 0
    outer loop
      vertex 30 14.25 4.25
      vertex 25.1817 14.25 -8.32591
      vertex 24.9445 14.25 -8.05546
    endloop
  endfacet
  facet normal 0 1 0
    outer loop
      vertex 30 14.25 4.25
      vertex 25.3816 14.25 -8.625
      vertex 25.1817 14.25 -8.32591
    endloop
  endfacet
  facet normal 0 1 0
    outer loop
      vertex 30 14.25 4.25
      vertex 25.5407 14.25 -8.94762
      vertex 25.3816 14.25 -8.625
    endloop
  endfacet
  facet normal 0 1 0
    outer loop
      vertex 30 14.25 4.25
      vertex 25.6563 14.25 -9.28825
      vertex 25.5407 14.25 -8.94762
    endloop
  endfacet
  facet normal 0 1 0
    outer loop
      vertex 30 14.25 4.25
      vertex 25.7265 14.25 -9.64105
      vertex 25.6563 14.25 -9.28825
    endloop
  endfacet
  facet normal 0 1 -0
    outer loop
      vertex 30 14.25 -18.5
      vertex 25.7265 14.25 -9.64105
      vertex 30 14.25 4.25
    endloop
  endfacet
  facet normal 0 1 0
    outer loop
      vertex 25.7265 14.25 -9.64105
      vertex 30 14.25 -18.5
      vertex 25.75 14.25 -10
    endloop
  endfacet
  facet normal 0 1 0
    outer loop
      vertex 25.75 14.25 -10
      vertex 30 14.25 -18.5
      vertex 25.7265 14.25 -10.3589
    endloop
  endfacet
  facet normal 0 1 0
    outer loop
      vertex 23.3589 14.25 -12.7265
      vertex 30 14.25 -18.5
      vertex 23 14.25 -12.75
    endloop
  endfacet
  facet normal 0 1 0
    outer loop
      vertex 23.7118 14.25 -12.6563
      vertex 30 14.25 -18.5
      vertex 23.3589 14.25 -12.7265
    endloop
  endfacet
  facet normal 0 1 0
    outer loop
      vertex 24.0524 14.25 -12.5407
      vertex 30 14.25 -18.5
      vertex 23.7118 14.25 -12.6563
    endloop
  endfacet
  facet normal 0 1 0
    outer loop
      vertex 24.375 14.25 -12.3816
      vertex 30 14.25 -18.5
      vertex 24.0524 14.25 -12.5407
    endloop
  endfacet
  facet normal 0 1 0
    outer loop
      vertex 24.6741 14.25 -12.1817
      vertex 30 14.25 -18.5
      vertex 24.375 14.25 -12.3816
    endloop
  endfacet
  facet normal 0 1 0
    outer loop
      vertex 24.9445 14.25 -11.9445
      vertex 30 14.25 -18.5
      vertex 24.6741 14.25 -12.1817
    endloop
  endfacet
  facet normal 0 1 0
    outer loop
      vertex 25.1817 14.25 -11.6741
      vertex 30 14.25 -18.5
      vertex 24.9445 14.25 -11.9445
    endloop
  endfacet
  facet normal 0 1 0
    outer loop
      vertex 25.3816 14.25 -11.375
      vertex 30 14.25 -18.5
      vertex 25.1817 14.25 -11.6741
    endloop
  endfacet
  facet normal 0 1 0
    outer loop
      vertex 25.5407 14.25 -11.0524
      vertex 30 14.25 -18.5
      vertex 25.3816 14.25 -11.375
    endloop
  endfacet
  facet normal 0 1 0
    outer loop
      vertex 25.6563 14.25 -10.7118
      vertex 30 14.25 -18.5
      vertex 25.5407 14.25 -11.0524
    endloop
  endfacet
  facet normal 0 1 0
    outer loop
      vertex 25.7265 14.25 -10.3589
      vertex 30 14.25 -18.5
      vertex 25.6563 14.25 -10.7118
    endloop
  endfacet
  facet normal 0 1 0
    outer loop
      vertex 30 14.25 4.25
      vertex 22.6411 14.25 -7.27353
      vertex 14.25 14.25 4.25
    endloop
  endfacet
  facet normal 0 1 -0
    outer loop
      vertex 22.2882 14.25 -7.3437
      vertex 14.25 14.25 4.25
      vertex 22.6411 14.25 -7.27353
    endloop
  endfacet
  facet normal 0 1 -0
    outer loop
      vertex 21.9476 14.25 -7.45933
      vertex 14.25 14.25 4.25
      vertex 22.2882 14.25 -7.3437
    endloop
  endfacet
  facet normal 0 1 -0
    outer loop
      vertex 21.625 14.25 -7.61843
      vertex 14.25 14.25 4.25
      vertex 21.9476 14.25 -7.45933
    endloop
  endfacet
  facet normal 0 1 -0
    outer loop
      vertex 21.3259 14.25 -7.81828
      vertex 14.25 14.25 4.25
      vertex 21.625 14.25 -7.61843
    endloop
  endfacet
  facet normal 0 1 -0
    outer loop
      vertex 21.0555 14.25 -8.05546
      vertex 14.25 14.25 4.25
      vertex 21.3259 14.25 -7.81828
    endloop
  endfacet
  facet normal 0 1 -0
    outer loop
      vertex 20.8183 14.25 -8.32591
      vertex 14.25 14.25 4.25
      vertex 21.0555 14.25 -8.05546
    endloop
  endfacet
  facet normal 0 1 -0
    outer loop
      vertex 20.6184 14.25 -8.625
      vertex 14.25 14.25 4.25
      vertex 20.8183 14.25 -8.32591
    endloop
  endfacet
  facet normal 0 1 -0
    outer loop
      vertex 20.4593 14.25 -8.94762
      vertex 14.25 14.25 4.25
      vertex 20.6184 14.25 -8.625
    endloop
  endfacet
  facet normal 0 1 -0
    outer loop
      vertex 20.3437 14.25 -9.28825
      vertex 14.25 14.25 4.25
      vertex 20.4593 14.25 -8.94762
    endloop
  endfacet
  facet normal 0 1 -0
    outer loop
      vertex 20.2735 14.25 -9.64105
      vertex 14.25 14.25 4.25
      vertex 20.3437 14.25 -9.28825
    endloop
  endfacet
  facet normal 0 1 0
    outer loop
      vertex 14.25 14.25 -18.5
      vertex 20.2735 14.25 -9.64105
      vertex 20.25 14.25 -10
    endloop
  endfacet
  facet normal 0 1 0
    outer loop
      vertex 14.25 14.25 -18.5
      vertex 20.25 14.25 -10
      vertex 20.2735 14.25 -10.3589
    endloop
  endfacet
  facet normal 0 1 0
    outer loop
      vertex 14.25 14.25 -18.5
      vertex 20.2735 14.25 -10.3589
      vertex 20.3437 14.25 -10.7118
    endloop
  endfacet
  facet normal 0 1 0
    outer loop
      vertex 14.25 14.25 -18.5
      vertex 20.3437 14.25 -10.7118
      vertex 20.4593 14.25 -11.0524
    endloop
  endfacet
  facet normal 0 1 0
    outer loop
      vertex 30 14.25 -18.5
      vertex 22.6411 14.25 -12.7265
      vertex 23 14.25 -12.75
    endloop
  endfacet
  facet normal 0 1 0
    outer loop
      vertex 14.25 14.25 -18.5
      vertex 22.6411 14.25 -12.7265
      vertex 30 14.25 -18.5
    endloop
  endfacet
  facet normal 0 1 0
    outer loop
      vertex 22.6411 14.25 -12.7265
      vertex 14.25 14.25 -18.5
      vertex 22.2882 14.25 -12.6563
    endloop
  endfacet
  facet normal 0 1 0
    outer loop
      vertex 22.2882 14.25 -12.6563
      vertex 14.25 14.25 -18.5
      vertex 21.9476 14.25 -12.5407
    endloop
  endfacet
  facet normal 0 1 0
    outer loop
      vertex 21.9476 14.25 -12.5407
      vertex 14.25 14.25 -18.5
      vertex 21.625 14.25 -12.3816
    endloop
  endfacet
  facet normal 0 1 0
    outer loop
      vertex 20.2735 14.25 -9.64105
      vertex 14.25 14.25 -18.5
      vertex 14.25 14.25 4.25
    endloop
  endfacet
  facet normal 0 1 0
    outer loop
      vertex 20.6184 14.25 -11.375
      vertex 14.25 14.25 -18.5
      vertex 20.4593 14.25 -11.0524
    endloop
  endfacet
  facet normal 0 1 0
    outer loop
      vertex 20.8183 14.25 -11.6741
      vertex 14.25 14.25 -18.5
      vertex 20.6184 14.25 -11.375
    endloop
  endfacet
  facet normal 0 1 0
    outer loop
      vertex 21.0555 14.25 -11.9445
      vertex 14.25 14.25 -18.5
      vertex 20.8183 14.25 -11.6741
    endloop
  endfacet
  facet normal 0 1 0
    outer loop
      vertex 21.3259 14.25 -12.1817
      vertex 14.25 14.25 -18.5
      vertex 21.0555 14.25 -11.9445
    endloop
  endfacet
  facet normal 0 1 0
    outer loop
      vertex 21.625 14.25 -12.3816
      vertex 14.25 14.25 -18.5
      vertex 21.3259 14.25 -12.1817
    endloop
  endfacet
  facet normal 0 -1 0
    outer loop
      vertex -21.9476 -14.25 -7.45933
      vertex -14.25 -14.25 4.25
      vertex -22.2882 -14.25 -7.3437
    endloop
  endfacet
  facet normal 0 -1 0
    outer loop
      vertex 14.25 -14.25 4.25
      vertex 22.6411 -14.25 -7.27353
      vertex 23 -14.25 -7.25
    endloop
  endfacet
  facet normal 0 -1 0
    outer loop
      vertex -21.625 -14.25 -7.61843
      vertex -14.25 -14.25 4.25
      vertex -21.9476 -14.25 -7.45933
    endloop
  endfacet
  facet normal 0 -1 0
    outer loop
      vertex 14.25 -14.25 4.25
      vertex 22.2882 -14.25 -7.3437
      vertex 22.6411 -14.25 -7.27353
    endloop
  endfacet
  facet normal 0 -1 0
    outer loop
      vertex -21.3259 -14.25 -7.81828
      vertex -14.25 -14.25 4.25
      vertex -21.625 -14.25 -7.61843
    endloop
  endfacet
  facet normal 0 -1 0
    outer loop
      vertex 14.25 -14.25 4.25
      vertex 21.9476 -14.25 -7.45933
      vertex 22.2882 -14.25 -7.3437
    endloop
  endfacet
  facet normal 0 -1 0
    outer loop
      vertex -21.0555 -14.25 -8.05546
      vertex -14.25 -14.25 4.25
      vertex -21.3259 -14.25 -7.81828
    endloop
  endfacet
  facet normal 0 -1 0
    outer loop
      vertex 14.25 -14.25 4.25
      vertex 21.625 -14.25 -7.61843
      vertex 21.9476 -14.25 -7.45933
    endloop
  endfacet
  facet normal 0 -1 0
    outer loop
      vertex -20.8183 -14.25 -8.32591
      vertex -14.25 -14.25 4.25
      vertex -21.0555 -14.25 -8.05546
    endloop
  endfacet
  facet normal 0 -1 0
    outer loop
      vertex 14.25 -14.25 4.25
      vertex 21.3259 -14.25 -7.81828
      vertex 21.625 -14.25 -7.61843
    endloop
  endfacet
  facet normal 0 -1 0
    outer loop
      vertex -20.6184 -14.25 -8.625
      vertex -14.25 -14.25 4.25
      vertex -20.8183 -14.25 -8.32591
    endloop
  endfacet
  facet normal 0 -1 0
    outer loop
      vertex 14.25 -14.25 4.25
      vertex 21.0555 -14.25 -8.05546
      vertex 21.3259 -14.25 -7.81828
    endloop
  endfacet
  facet normal 0 -1 0
    outer loop
      vertex -20.4593 -14.25 -8.94762
      vertex -14.25 -14.25 4.25
      vertex -20.6184 -14.25 -8.625
    endloop
  endfacet
  facet normal 0 -1 0
    outer loop
      vertex 14.25 -14.25 4.25
      vertex 20.8183 -14.25 -8.32591
      vertex 21.0555 -14.25 -8.05546
    endloop
  endfacet
  facet normal 0 -1 0
    outer loop
      vertex -20.3437 -14.25 -9.28825
      vertex -14.25 -14.25 4.25
      vertex -20.4593 -14.25 -8.94762
    endloop
  endfacet
  facet normal 0 -1 0
    outer loop
      vertex 14.25 -14.25 4.25
      vertex 20.6184 -14.25 -8.625
      vertex 20.8183 -14.25 -8.32591
    endloop
  endfacet
  facet normal 0 -1 0
    outer loop
      vertex -20.2735 -14.25 -9.64105
      vertex -14.25 -14.25 4.25
      vertex -20.3437 -14.25 -9.28825
    endloop
  endfacet
  facet normal 0 -1 0
    outer loop
      vertex 14.25 -14.25 4.25
      vertex 20.4593 -14.25 -8.94762
      vertex 20.6184 -14.25 -8.625
    endloop
  endfacet
  facet normal 0 -1 0
    outer loop
      vertex -20.25 -14.25 -10
      vertex -14.25 -14.25 4.25
      vertex -20.2735 -14.25 -9.64105
    endloop
  endfacet
  facet normal 0 -1 0
    outer loop
      vertex 14.25 -14.25 4.25
      vertex 20.3437 -14.25 -9.28825
      vertex 20.4593 -14.25 -8.94762
    endloop
  endfacet
  facet normal 0 -1 -0
    outer loop
      vertex -14.25 -14.25 4.25
      vertex -20.25 -14.25 -10
      vertex 14.25 -14.25 4.25
    endloop
  endfacet
  facet normal 0 -1 0
    outer loop
      vertex 14.25 -14.25 4.25
      vertex 20.2735 -14.25 -9.64105
      vertex 20.3437 -14.25 -9.28825
    endloop
  endfacet
  facet normal 0 -1 0
    outer loop
      vertex 20.25 -14.25 -10
      vertex 14.25 -14.25 4.25
      vertex -20.25 -14.25 -10
    endloop
  endfacet
  facet normal 0 -1 0
    outer loop
      vertex 14.25 -14.25 4.25
      vertex 20.25 -14.25 -10
      vertex 20.2735 -14.25 -9.64105
    endloop
  endfacet
  facet normal 0 -1 0
    outer loop
      vertex -20.2735 -14.25 -10.3589
      vertex 20.25 -14.25 -10
      vertex -20.25 -14.25 -10
    endloop
  endfacet
  facet normal 0 -1 0
    outer loop
      vertex -20.2735 -14.25 -10.3589
      vertex 20.2735 -14.25 -10.3589
      vertex 20.25 -14.25 -10
    endloop
  endfacet
  facet normal 0 -1 0
    outer loop
      vertex -20.3437 -14.25 -10.7118
      vertex 20.2735 -14.25 -10.3589
      vertex -20.2735 -14.25 -10.3589
    endloop
  endfacet
  facet normal 0 -1 0
    outer loop
      vertex -20.3437 -14.25 -10.7118
      vertex 20.3437 -14.25 -10.7118
      vertex 20.2735 -14.25 -10.3589
    endloop
  endfacet
  facet normal 0 -1 0
    outer loop
      vertex -20.4593 -14.25 -11.0524
      vertex 20.3437 -14.25 -10.7118
      vertex -20.3437 -14.25 -10.7118
    endloop
  endfacet
  facet normal 0 -1 0
    outer loop
      vertex -20.4593 -14.25 -11.0524
      vertex 20.4593 -14.25 -11.0524
      vertex 20.3437 -14.25 -10.7118
    endloop
  endfacet
  facet normal 0 -1 0
    outer loop
      vertex -20.6184 -14.25 -11.375
      vertex 20.4593 -14.25 -11.0524
      vertex -20.4593 -14.25 -11.0524
    endloop
  endfacet
  facet normal 0 -1 0
    outer loop
      vertex -20.6184 -14.25 -11.375
      vertex 20.6184 -14.25 -11.375
      vertex 20.4593 -14.25 -11.0524
    endloop
  endfacet
  facet normal 0 -1 0
    outer loop
      vertex -20.8183 -14.25 -11.6741
      vertex 20.6184 -14.25 -11.375
      vertex -20.6184 -14.25 -11.375
    endloop
  endfacet
  facet normal 0 -1 0
    outer loop
      vertex -20.8183 -14.25 -11.6741
      vertex 20.8183 -14.25 -11.6741
      vertex 20.6184 -14.25 -11.375
    endloop
  endfacet
  facet normal 0 -1 0
    outer loop
      vertex -21.0555 -14.25 -11.9445
      vertex 20.8183 -14.25 -11.6741
      vertex -20.8183 -14.25 -11.6741
    endloop
  endfacet
  facet normal 0 -1 0
    outer loop
      vertex -21.0555 -14.25 -11.9445
      vertex 21.0555 -14.25 -11.9445
      vertex 20.8183 -14.25 -11.6741
    endloop
  endfacet
  facet normal 0 -1 0
    outer loop
      vertex -21.3259 -14.25 -12.1817
      vertex 21.0555 -14.25 -11.9445
      vertex -21.0555 -14.25 -11.9445
    endloop
  endfacet
  facet normal 0 -1 0
    outer loop
      vertex -21.3259 -14.25 -12.1817
      vertex 21.3259 -14.25 -12.1817
      vertex 21.0555 -14.25 -11.9445
    endloop
  endfacet
  facet normal 0 -1 0
    outer loop
      vertex -21.625 -14.25 -12.3816
      vertex 21.3259 -14.25 -12.1817
      vertex -21.3259 -14.25 -12.1817
    endloop
  endfacet
  facet normal 0 -1 0
    outer loop
      vertex -21.625 -14.25 -12.3816
      vertex 21.625 -14.25 -12.3816
      vertex 21.3259 -14.25 -12.1817
    endloop
  endfacet
  facet normal 0 -1 0
    outer loop
      vertex -30 -14.25 -18.5
      vertex -21.625 -14.25 -12.3816
      vertex -21.9476 -14.25 -12.5407
    endloop
  endfacet
  facet normal 0 -1 -0
    outer loop
      vertex -21.625 -14.25 -12.3816
      vertex -30 -14.25 -18.5
      vertex 21.625 -14.25 -12.3816
    endloop
  endfacet
  facet normal 0 -1 0
    outer loop
      vertex -30 -14.25 -18.5
      vertex -21.9476 -14.25 -12.5407
      vertex -22.2882 -14.25 -12.6563
    endloop
  endfacet
  facet normal 0 -1 0
    outer loop
      vertex 30 -14.25 -18.5
      vertex 21.625 -14.25 -12.3816
      vertex -30 -14.25 -18.5
    endloop
  endfacet
  facet normal 0 -1 0
    outer loop
      vertex -30 -14.25 -18.5
      vertex -22.2882 -14.25 -12.6563
      vertex -22.6411 -14.25 -12.7265
    endloop
  endfacet
  facet normal 0 -1 0
    outer loop
      vertex 21.625 -14.25 -12.3816
      vertex 30 -14.25 -18.5
      vertex 21.9476 -14.25 -12.5407
    endloop
  endfacet
  facet normal 0 -1 0
    outer loop
      vertex -30 -14.25 -18.5
      vertex -22.6411 -14.25 -12.7265
      vertex -23 -14.25 -12.75
    endloop
  endfacet
  facet normal 0 -1 0
    outer loop
      vertex 21.9476 -14.25 -12.5407
      vertex 30 -14.25 -18.5
      vertex 22.2882 -14.25 -12.6563
    endloop
  endfacet
  facet normal 0 -1 0
    outer loop
      vertex -22.6411 -14.25 -7.27353
      vertex -30 -14.25 4.25
      vertex -23 -14.25 -7.25
    endloop
  endfacet
  facet normal 0 -1 0
    outer loop
      vertex -30 -14.25 4.25
      vertex -22.6411 -14.25 -7.27353
      vertex -14.25 -14.25 4.25
    endloop
  endfacet
  facet normal 0 -1 0
    outer loop
      vertex -22.2882 -14.25 -7.3437
      vertex -14.25 -14.25 4.25
      vertex -22.6411 -14.25 -7.27353
    endloop
  endfacet
  facet normal 0 -1 0
    outer loop
      vertex -30 -14.25 4.25
      vertex -23.3589 -14.25 -7.27353
      vertex -23 -14.25 -7.25
    endloop
  endfacet
  facet normal 0 -1 0
    outer loop
      vertex -30 -14.25 4.25
      vertex -23.7118 -14.25 -7.3437
      vertex -23.3589 -14.25 -7.27353
    endloop
  endfacet
  facet normal 0 -1 0
    outer loop
      vertex -30 -14.25 4.25
      vertex -24.0524 -14.25 -7.45933
      vertex -23.7118 -14.25 -7.3437
    endloop
  endfacet
  facet normal 0 -1 0
    outer loop
      vertex -30 -14.25 4.25
      vertex -24.375 -14.25 -7.61843
      vertex -24.0524 -14.25 -7.45933
    endloop
  endfacet
  facet normal 0 -1 0
    outer loop
      vertex -30 -14.25 4.25
      vertex -24.6741 -14.25 -7.81828
      vertex -24.375 -14.25 -7.61843
    endloop
  endfacet
  facet normal 0 -1 0
    outer loop
      vertex -30 -14.25 4.25
      vertex -24.9445 -14.25 -8.05546
      vertex -24.6741 -14.25 -7.81828
    endloop
  endfacet
  facet normal 0 -1 0
    outer loop
      vertex -30 -14.25 4.25
      vertex -25.1817 -14.25 -8.32591
      vertex -24.9445 -14.25 -8.05546
    endloop
  endfacet
  facet normal 0 -1 0
    outer loop
      vertex -30 -14.25 4.25
      vertex -25.3816 -14.25 -8.625
      vertex -25.1817 -14.25 -8.32591
    endloop
  endfacet
  facet normal 0 -1 0
    outer loop
      vertex -30 -14.25 4.25
      vertex -25.5407 -14.25 -8.94762
      vertex -25.3816 -14.25 -8.625
    endloop
  endfacet
  facet normal 0 -1 0
    outer loop
      vertex -30 -14.25 4.25
      vertex -25.6563 -14.25 -9.28825
      vertex -25.5407 -14.25 -8.94762
    endloop
  endfacet
  facet normal 0 -1 0
    outer loop
      vertex -30 -14.25 4.25
      vertex -25.7265 -14.25 -9.64105
      vertex -25.6563 -14.25 -9.28825
    endloop
  endfacet
  facet normal 0 -1 0
    outer loop
      vertex -30 -14.25 -18.5
      vertex -25.7265 -14.25 -9.64105
      vertex -30 -14.25 4.25
    endloop
  endfacet
  facet normal 0 -1 0
    outer loop
      vertex -25.7265 -14.25 -9.64105
      vertex -30 -14.25 -18.5
      vertex -25.75 -14.25 -10
    endloop
  endfacet
  facet normal 0 -1 -0
    outer loop
      vertex -25.75 -14.25 -10
      vertex -30 -14.25 -18.5
      vertex -25.7265 -14.25 -10.3589
    endloop
  endfacet
  facet normal 0 -1 0
    outer loop
      vertex 22.2882 -14.25 -12.6563
      vertex 30 -14.25 -18.5
      vertex 22.6411 -14.25 -12.7265
    endloop
  endfacet
  facet normal 0 -1 -0
    outer loop
      vertex -23.3589 -14.25 -12.7265
      vertex -30 -14.25 -18.5
      vertex -23 -14.25 -12.75
    endloop
  endfacet
  facet normal 0 -1 -0
    outer loop
      vertex -23.7118 -14.25 -12.6563
      vertex -30 -14.25 -18.5
      vertex -23.3589 -14.25 -12.7265
    endloop
  endfacet
  facet normal 0 -1 -0
    outer loop
      vertex -24.0524 -14.25 -12.5407
      vertex -30 -14.25 -18.5
      vertex -23.7118 -14.25 -12.6563
    endloop
  endfacet
  facet normal 0 -1 -0
    outer loop
      vertex -24.375 -14.25 -12.3816
      vertex -30 -14.25 -18.5
      vertex -24.0524 -14.25 -12.5407
    endloop
  endfacet
  facet normal 0 -1 -0
    outer loop
      vertex -24.6741 -14.25 -12.1817
      vertex -30 -14.25 -18.5
      vertex -24.375 -14.25 -12.3816
    endloop
  endfacet
  facet normal 0 -1 -0
    outer loop
      vertex -24.9445 -14.25 -11.9445
      vertex -30 -14.25 -18.5
      vertex -24.6741 -14.25 -12.1817
    endloop
  endfacet
  facet normal 0 -1 -0
    outer loop
      vertex -25.1817 -14.25 -11.6741
      vertex -30 -14.25 -18.5
      vertex -24.9445 -14.25 -11.9445
    endloop
  endfacet
  facet normal 0 -1 -0
    outer loop
      vertex -25.3816 -14.25 -11.375
      vertex -30 -14.25 -18.5
      vertex -25.1817 -14.25 -11.6741
    endloop
  endfacet
  facet normal 0 -1 -0
    outer loop
      vertex -25.5407 -14.25 -11.0524
      vertex -30 -14.25 -18.5
      vertex -25.3816 -14.25 -11.375
    endloop
  endfacet
  facet normal 0 -1 -0
    outer loop
      vertex -25.6563 -14.25 -10.7118
      vertex -30 -14.25 -18.5
      vertex -25.5407 -14.25 -11.0524
    endloop
  endfacet
  facet normal 0 -1 -0
    outer loop
      vertex -25.7265 -14.25 -10.3589
      vertex -30 -14.25 -18.5
      vertex -25.6563 -14.25 -10.7118
    endloop
  endfacet
  facet normal 0 -1 0
    outer loop
      vertex 14.25 -14.25 4.25
      vertex 23 -14.25 -7.25
      vertex 30 -14.25 4.25
    endloop
  endfacet
  facet normal 0 -1 0
    outer loop
      vertex 23.3589 -14.25 -7.27353
      vertex 30 -14.25 4.25
      vertex 23 -14.25 -7.25
    endloop
  endfacet
  facet normal 0 -1 0
    outer loop
      vertex 23.7118 -14.25 -7.3437
      vertex 30 -14.25 4.25
      vertex 23.3589 -14.25 -7.27353
    endloop
  endfacet
  facet normal 0 -1 0
    outer loop
      vertex 24.0524 -14.25 -7.45933
      vertex 30 -14.25 4.25
      vertex 23.7118 -14.25 -7.3437
    endloop
  endfacet
  facet normal 0 -1 0
    outer loop
      vertex 24.375 -14.25 -7.61843
      vertex 30 -14.25 4.25
      vertex 24.0524 -14.25 -7.45933
    endloop
  endfacet
  facet normal 0 -1 0
    outer loop
      vertex 24.6741 -14.25 -7.81828
      vertex 30 -14.25 4.25
      vertex 24.375 -14.25 -7.61843
    endloop
  endfacet
  facet normal 0 -1 0
    outer loop
      vertex 24.9445 -14.25 -8.05546
      vertex 30 -14.25 4.25
      vertex 24.6741 -14.25 -7.81828
    endloop
  endfacet
  facet normal 0 -1 0
    outer loop
      vertex 25.1817 -14.25 -8.32591
      vertex 30 -14.25 4.25
      vertex 24.9445 -14.25 -8.05546
    endloop
  endfacet
  facet normal 0 -1 0
    outer loop
      vertex 25.3816 -14.25 -8.625
      vertex 30 -14.25 4.25
      vertex 25.1817 -14.25 -8.32591
    endloop
  endfacet
  facet normal 0 -1 0
    outer loop
      vertex 25.5407 -14.25 -8.94762
      vertex 30 -14.25 4.25
      vertex 25.3816 -14.25 -8.625
    endloop
  endfacet
  facet normal 0 -1 0
    outer loop
      vertex 25.6563 -14.25 -9.28825
      vertex 30 -14.25 4.25
      vertex 25.5407 -14.25 -8.94762
    endloop
  endfacet
  facet normal 0 -1 0
    outer loop
      vertex 25.7265 -14.25 -9.64105
      vertex 30 -14.25 4.25
      vertex 25.6563 -14.25 -9.28825
    endloop
  endfacet
  facet normal 0 -1 0
    outer loop
      vertex 30 -14.25 -18.5
      vertex 25.7265 -14.25 -9.64105
      vertex 25.75 -14.25 -10
    endloop
  endfacet
  facet normal 0 -1 0
    outer loop
      vertex 30 -14.25 -18.5
      vertex 25.75 -14.25 -10
      vertex 25.7265 -14.25 -10.3589
    endloop
  endfacet
  facet normal 0 -1 0
    outer loop
      vertex 30 -14.25 -18.5
      vertex 25.7265 -14.25 -10.3589
      vertex 25.6563 -14.25 -10.7118
    endloop
  endfacet
  facet normal 0 -1 0
    outer loop
      vertex 22.6411 -14.25 -12.7265
      vertex 30 -14.25 -18.5
      vertex 23 -14.25 -12.75
    endloop
  endfacet
  facet normal 0 -1 0
    outer loop
      vertex 25.7265 -14.25 -9.64105
      vertex 30 -14.25 -18.5
      vertex 30 -14.25 4.25
    endloop
  endfacet
  facet normal 0 -1 0
    outer loop
      vertex 25.5407 -14.25 -11.0524
      vertex 30 -14.25 -18.5
      vertex 25.6563 -14.25 -10.7118
    endloop
  endfacet
  facet normal 0 -1 0
    outer loop
      vertex 25.3816 -14.25 -11.375
      vertex 30 -14.25 -18.5
      vertex 25.5407 -14.25 -11.0524
    endloop
  endfacet
  facet normal 0 -1 0
    outer loop
      vertex 25.1817 -14.25 -11.6741
      vertex 30 -14.25 -18.5
      vertex 25.3816 -14.25 -11.375
    endloop
  endfacet
  facet normal 0 -1 0
    outer loop
      vertex 24.9445 -14.25 -11.9445
      vertex 30 -14.25 -18.5
      vertex 25.1817 -14.25 -11.6741
    endloop
  endfacet
  facet normal 0 -1 0
    outer loop
      vertex 24.6741 -14.25 -12.1817
      vertex 30 -14.25 -18.5
      vertex 24.9445 -14.25 -11.9445
    endloop
  endfacet
  facet normal 0 -1 0
    outer loop
      vertex 24.375 -14.25 -12.3816
      vertex 30 -14.25 -18.5
      vertex 24.6741 -14.25 -12.1817
    endloop
  endfacet
  facet normal 0 -1 0
    outer loop
      vertex 24.0524 -14.25 -12.5407
      vertex 30 -14.25 -18.5
      vertex 24.375 -14.25 -12.3816
    endloop
  endfacet
  facet normal 0 -1 0
    outer loop
      vertex 23.7118 -14.25 -12.6563
      vertex 30 -14.25 -18.5
      vertex 24.0524 -14.25 -12.5407
    endloop
  endfacet
  facet normal 0 -1 0
    outer loop
      vertex 23.3589 -14.25 -12.7265
      vertex 30 -14.25 -18.5
      vertex 23.7118 -14.25 -12.6563
    endloop
  endfacet
  facet normal 0 -1 0
    outer loop
      vertex 23 -14.25 -12.75
      vertex 30 -14.25 -18.5
      vertex 23.3589 -14.25 -12.7265
    endloop
  endfacet
  facet normal 0 0.707107 0.707107
    outer loop
      vertex 14.25 11.1369 43.2895
      vertex 10.25 13.9654 40.461
      vertex -14.25 11.1369 43.2895
    endloop
  endfacet
  facet normal 3.46608e-16 0.707107 0.707107
    outer loop
      vertex 14.25 11.1369 43.2895
      vertex 10.25 28.461 25.9654
      vertex 10.25 13.9654 40.461
    endloop
  endfacet
  facet normal 0 0.707107 0.707107
    outer loop
      vertex 10.25 28.461 25.9654
      vertex 14.25 31.2895 23.1369
      vertex -10.25 28.461 25.9654
    endloop
  endfacet
  facet normal -4.98625e-16 0.707107 0.707107
    outer loop
      vertex 14.25 31.2895 23.1369
      vertex 10.25 28.461 25.9654
      vertex 14.25 11.1369 43.2895
    endloop
  endfacet
  facet normal -0 0.707107 0.707107
    outer loop
      vertex -10.25 13.9654 40.461
      vertex -14.25 11.1369 43.2895
      vertex 10.25 13.9654 40.461
    endloop
  endfacet
  facet normal -3.46608e-16 0.707107 0.707107
    outer loop
      vertex -10.25 28.461 25.9654
      vertex -14.25 11.1369 43.2895
      vertex -10.25 13.9654 40.461
    endloop
  endfacet
  facet normal 5.60953e-16 0.707107 0.707107
    outer loop
      vertex -10.25 28.461 25.9654
      vertex -14.25 31.2895 23.1369
      vertex -14.25 11.1369 43.2895
    endloop
  endfacet
  facet normal -0 0.707107 0.707107
    outer loop
      vertex -14.25 31.2895 23.1369
      vertex -10.25 28.461 25.9654
      vertex 14.25 31.2895 23.1369
    endloop
  endfacet
  facet normal 0 0.925498 -0.378751
    outer loop
      vertex 14.25 14.25 -18.5
      vertex -14.25 31.2895 23.1369
      vertex 14.25 31.2895 23.1369
    endloop
  endfacet
  facet normal 0 0.925498 -0.378751
    outer loop
      vertex -14.25 31.2895 23.1369
      vertex 14.25 14.25 -18.5
      vertex -14.25 14.25 -18.5
    endloop
  endfacet
  facet normal 0 -0.707108 0.707105
    outer loop
      vertex -14.25 -12.9047 19.2478
      vertex 14.25 11.1369 43.2895
      vertex -14.25 11.1369 43.2895
    endloop
  endfacet
  facet normal 0 -0.707108 0.707105
    outer loop
      vertex 14.25 11.1369 43.2895
      vertex -14.25 -12.9047 19.2478
      vertex 14.25 -12.9047 19.2478
    endloop
  endfacet
  facet normal -1 0 0
    outer loop
      vertex -14.25 31.2895 23.1369
      vertex -14.25 18.2828 27.1974
      vertex -14.25 18.3063 27.5563
    endloop
  endfacet
  facet normal -1 0 0
    outer loop
      vertex -14.25 31.2895 23.1369
      vertex -14.25 18.2126 26.8446
      vertex -14.25 18.2828 27.1974
    endloop
  endfacet
  facet normal -1 0 0
    outer loop
      vertex -14.25 31.2895 23.1369
      vertex -14.25 18.097 26.504
      vertex -14.25 18.2126 26.8446
    endloop
  endfacet
  facet normal -1 0 0
    outer loop
      vertex -14.25 31.2895 23.1369
      vertex -14.25 17.9379 26.1813
      vertex -14.25 18.097 26.504
    endloop
  endfacet
  facet normal -1 0 0
    outer loop
      vertex -14.25 31.2895 23.1369
      vertex -14.25 17.7381 25.8823
      vertex -14.25 17.9379 26.1813
    endloop
  endfacet
  facet normal -1 0 0
    outer loop
      vertex -14.25 31.2895 23.1369
      vertex -14.25 17.5009 25.6118
      vertex -14.25 17.7381 25.8823
    endloop
  endfacet
  facet normal -1 0 0
    outer loop
      vertex -14.25 31.2895 23.1369
      vertex -14.25 17.2304 25.3746
      vertex -14.25 17.5009 25.6118
    endloop
  endfacet
  facet normal -1 0 0
    outer loop
      vertex -14.25 31.2895 23.1369
      vertex -14.25 16.9313 25.1748
      vertex -14.25 17.2304 25.3746
    endloop
  endfacet
  facet normal -1 0 0
    outer loop
      vertex -14.25 14.25 4.25
      vertex -14.25 16.9313 25.1748
      vertex -14.25 31.2895 23.1369
    endloop
  endfacet
  facet normal -1 0 0
    outer loop
      vertex -14.25 16.9313 25.1748
      vertex -14.25 14.25 4.25
      vertex -14.25 16.6087 25.0157
    endloop
  endfacet
  facet normal -1 0 0
    outer loop
      vertex -14.25 16.6087 25.0157
      vertex -14.25 14.25 4.25
      vertex -14.25 16.2681 24.9001
    endloop
  endfacet
  facet normal -1 0 0
    outer loop
      vertex -14.25 9.02026 17.6522
      vertex -14.25 16.2681 24.9001
      vertex -14.25 14.25 4.25
    endloop
  endfacet
  facet normal -1 0 0
    outer loop
      vertex -14.25 16.2681 24.9001
      vertex -14.25 9.02026 17.6522
      vertex -14.25 15.9153 24.8299
    endloop
  endfacet
  facet normal -1 0 0
    outer loop
      vertex -14.25 14.25 4.25
      vertex -14.25 31.2895 23.1369
      vertex -14.25 14.25 -18.5
    endloop
  endfacet
  facet normal -1 0 -0
    outer loop
      vertex -14.25 9.09043 18.005
      vertex -14.25 15.9153 24.8299
      vertex -14.25 9.02026 17.6522
    endloop
  endfacet
  facet normal -1 0 0
    outer loop
      vertex -14.25 15.9153 24.8299
      vertex -14.25 9.09043 18.005
      vertex -14.25 15.5563 24.8063
    endloop
  endfacet
  facet normal -1 0 -0
    outer loop
      vertex -14.25 9.11396 18.364
      vertex -14.25 15.5563 24.8063
      vertex -14.25 9.09043 18.005
    endloop
  endfacet
  facet normal -1 -0 0
    outer loop
      vertex -14.25 15.5563 24.8063
      vertex -14.25 9.11396 18.364
      vertex -14.25 15.1974 24.8299
    endloop
  endfacet
  facet normal -1 0 0
    outer loop
      vertex -14.25 9.09043 18.7229
      vertex -14.25 15.1974 24.8299
      vertex -14.25 9.11396 18.364
    endloop
  endfacet
  facet normal -1 -0 0
    outer loop
      vertex -14.25 15.1974 24.8299
      vertex -14.25 9.09043 18.7229
      vertex -14.25 14.8446 24.9001
    endloop
  endfacet
  facet normal -1 -0 0
    outer loop
      vertex -14.25 14.8446 24.9001
      vertex -14.25 9.02026 19.0757
      vertex -14.25 14.504 25.0157
    endloop
  endfacet
  facet normal -1 0 0
    outer loop
      vertex -14.25 8.90463 19.4163
      vertex -14.25 14.504 25.0157
      vertex -14.25 9.02026 19.0757
    endloop
  endfacet
  facet normal -1 -0 0
    outer loop
      vertex -14.25 14.504 25.0157
      vertex -14.25 8.90463 19.4163
      vertex -14.25 14.1813 25.1748
    endloop
  endfacet
  facet normal -1 0 0
    outer loop
      vertex -14.25 8.74553 19.739
      vertex -14.25 14.1813 25.1748
      vertex -14.25 8.90463 19.4163
    endloop
  endfacet
  facet normal -1 -0 0
    outer loop
      vertex -14.25 14.1813 25.1748
      vertex -14.25 8.74553 19.739
      vertex -14.25 13.8823 25.3746
    endloop
  endfacet
  facet normal -1 0 0
    outer loop
      vertex -14.25 8.54568 20.0381
      vertex -14.25 13.8823 25.3746
      vertex -14.25 8.74553 19.739
    endloop
  endfacet
  facet normal -1 -0 0
    outer loop
      vertex -14.25 13.8823 25.3746
      vertex -14.25 8.54568 20.0381
      vertex -14.25 13.6118 25.6118
    endloop
  endfacet
  facet normal -1 -0 0
    outer loop
      vertex -14.25 13.6118 25.6118
      vertex -14.25 8.30851 20.3085
      vertex -14.25 13.3746 25.8823
    endloop
  endfacet
  facet normal -1 0 0
    outer loop
      vertex -14.25 8.30851 20.3085
      vertex -14.25 13.6118 25.6118
      vertex -14.25 8.54568 20.0381
    endloop
  endfacet
  facet normal -1 0 0
    outer loop
      vertex -14.25 9.02026 19.0757
      vertex -14.25 14.8446 24.9001
      vertex -14.25 9.09043 18.7229
    endloop
  endfacet
  facet normal -1 0 0
    outer loop
      vertex -14.25 14.25 4.25
      vertex -14.25 8.90463 17.3116
      vertex -14.25 9.02026 17.6522
    endloop
  endfacet
  facet normal -1 0 0
    outer loop
      vertex -14.25 14.25 4.25
      vertex -14.25 8.74553 16.989
      vertex -14.25 8.90463 17.3116
    endloop
  endfacet
  facet normal -1 0 0
    outer loop
      vertex -14.25 14.25 4.25
      vertex -14.25 8.54568 16.6899
      vertex -14.25 8.74553 16.989
    endloop
  endfacet
  facet normal -1 0 0
    outer loop
      vertex -14.25 14.25 4.25
      vertex -14.25 8.30851 16.4194
      vertex -14.25 8.54568 16.6899
    endloop
  endfacet
  facet normal -1 0 0
    outer loop
      vertex -14.25 14.25 4.25
      vertex -14.25 8.03805 16.1822
      vertex -14.25 8.30851 16.4194
    endloop
  endfacet
  facet normal -1 0 0
    outer loop
      vertex -14.25 14.25 4.25
      vertex -14.25 7.73896 15.9824
      vertex -14.25 8.03805 16.1822
    endloop
  endfacet
  facet normal -1 0 0
    outer loop
      vertex -14.25 14.25 4.25
      vertex -14.25 7.41634 15.8233
      vertex -14.25 7.73896 15.9824
    endloop
  endfacet
  facet normal -1 0 0
    outer loop
      vertex -14.25 14.25 4.25
      vertex -14.25 7.07571 15.7077
      vertex -14.25 7.41634 15.8233
    endloop
  endfacet
  facet normal -1 0 0
    outer loop
      vertex -14.25 14.25 4.25
      vertex -14.25 6.72291 15.6375
      vertex -14.25 7.07571 15.7077
    endloop
  endfacet
  facet normal -1 0 0
    outer loop
      vertex -14.25 14.25 4.25
      vertex -14.25 6.36396 15.614
      vertex -14.25 6.72291 15.6375
    endloop
  endfacet
  facet normal -1 0 0
    outer loop
      vertex -14.25 14.25 4.25
      vertex -14.25 6.00501 15.6375
      vertex -14.25 6.36396 15.614
    endloop
  endfacet
  facet normal -1 0 0
    outer loop
      vertex -14.25 14.25 4.25
      vertex -14.25 5.65221 15.7077
      vertex -14.25 6.00501 15.6375
    endloop
  endfacet
  facet normal -1 0 0
    outer loop
      vertex -14.25 14.25 4.25
      vertex -14.25 5.31158 15.8233
      vertex -14.25 5.65221 15.7077
    endloop
  endfacet
  facet normal -1 0 0
    outer loop
      vertex -14.25 -14.25 4.25
      vertex -14.25 5.31158 15.8233
      vertex -14.25 14.25 4.25
    endloop
  endfacet
  facet normal -1 -0 0
    outer loop
      vertex -14.25 5.31158 15.8233
      vertex -14.25 -14.25 4.25
      vertex -14.25 4.98896 15.9824
    endloop
  endfacet
  facet normal -1 -0 0
    outer loop
      vertex -14.25 4.98896 15.9824
      vertex -14.25 -14.25 4.25
      vertex -14.25 4.68987 16.1822
    endloop
  endfacet
  facet normal -1 -0 0
    outer loop
      vertex -14.25 4.68987 16.1822
      vertex -14.25 -14.25 4.25
      vertex -14.25 4.41942 16.4194
    endloop
  endfacet
  facet normal -1 0 0
    outer loop
      vertex -14.25 3.63749 18.005
      vertex -14.25 -12.9047 19.2478
      vertex -14.25 3.61396 18.364
    endloop
  endfacet
  facet normal -1 0 0
    outer loop
      vertex -14.25 3.70766 17.6522
      vertex -14.25 -12.9047 19.2478
      vertex -14.25 3.63749 18.005
    endloop
  endfacet
  facet normal -1 0 0
    outer loop
      vertex -14.25 3.82329 17.3116
      vertex -14.25 -12.9047 19.2478
      vertex -14.25 3.70766 17.6522
    endloop
  endfacet
  facet normal -1 0 0
    outer loop
      vertex -14.25 3.98239 16.989
      vertex -14.25 -12.9047 19.2478
      vertex -14.25 3.82329 17.3116
    endloop
  endfacet
  facet normal -1 0 0
    outer loop
      vertex -14.25 -14.25 4.25
      vertex -14.25 3.98239 16.989
      vertex -14.25 4.18224 16.6899
    endloop
  endfacet
  facet normal -1 -0 0
    outer loop
      vertex -14.25 4.41942 16.4194
      vertex -14.25 -14.25 4.25
      vertex -14.25 4.18224 16.6899
    endloop
  endfacet
  facet normal -1 -0 0
    outer loop
      vertex -14.25 3.98239 16.989
      vertex -14.25 -14.25 4.25
      vertex -14.25 -12.9047 19.2478
    endloop
  endfacet
  facet normal -1 0 0
    outer loop
      vertex -14.25 18.2828 27.9153
      vertex -14.25 31.2895 23.1369
      vertex -14.25 18.3063 27.5563
    endloop
  endfacet
  facet normal -1 0 0
    outer loop
      vertex -14.25 18.2126 28.2681
      vertex -14.25 31.2895 23.1369
      vertex -14.25 18.2828 27.9153
    endloop
  endfacet
  facet normal -1 0 0
    outer loop
      vertex -14.25 18.097 28.6087
      vertex -14.25 31.2895 23.1369
      vertex -14.25 18.2126 28.2681
    endloop
  endfacet
  facet normal -1 0 0
    outer loop
      vertex -14.25 17.9379 28.9313
      vertex -14.25 31.2895 23.1369
      vertex -14.25 18.097 28.6087
    endloop
  endfacet
  facet normal -1 0 0
    outer loop
      vertex -14.25 17.7381 29.2304
      vertex -14.25 31.2895 23.1369
      vertex -14.25 17.9379 28.9313
    endloop
  endfacet
  facet normal -1 0 0
    outer loop
      vertex -14.25 17.5009 29.5009
      vertex -14.25 31.2895 23.1369
      vertex -14.25 17.7381 29.2304
    endloop
  endfacet
  facet normal -1 0 0
    outer loop
      vertex -14.25 11.1369 43.2895
      vertex -14.25 17.5009 29.5009
      vertex -14.25 17.2304 29.7381
    endloop
  endfacet
  facet normal -1 0 0
    outer loop
      vertex -14.25 11.1369 43.2895
      vertex -14.25 17.2304 29.7381
      vertex -14.25 16.9313 29.9379
    endloop
  endfacet
  facet normal -1 0 0
    outer loop
      vertex -14.25 11.1369 43.2895
      vertex -14.25 16.9313 29.9379
      vertex -14.25 16.6087 30.097
    endloop
  endfacet
  facet normal -1 0 0
    outer loop
      vertex -14.25 17.5009 29.5009
      vertex -14.25 11.1369 43.2895
      vertex -14.25 31.2895 23.1369
    endloop
  endfacet
  facet normal -1 0 0
    outer loop
      vertex -14.25 16.2681 30.2126
      vertex -14.25 11.1369 43.2895
      vertex -14.25 16.6087 30.097
    endloop
  endfacet
  facet normal -1 0 0
    outer loop
      vertex -14.25 15.9153 30.2828
      vertex -14.25 11.1369 43.2895
      vertex -14.25 16.2681 30.2126
    endloop
  endfacet
  facet normal -1 0 0
    outer loop
      vertex -14.25 15.5563 30.3063
      vertex -14.25 11.1369 43.2895
      vertex -14.25 15.9153 30.2828
    endloop
  endfacet
  facet normal -1 0 0
    outer loop
      vertex -14.25 15.1974 30.2828
      vertex -14.25 11.1369 43.2895
      vertex -14.25 15.5563 30.3063
    endloop
  endfacet
  facet normal -1 0 0
    outer loop
      vertex -14.25 14.8446 30.2126
      vertex -14.25 11.1369 43.2895
      vertex -14.25 15.1974 30.2828
    endloop
  endfacet
  facet normal -1 0 0
    outer loop
      vertex -14.25 14.504 30.097
      vertex -14.25 11.1369 43.2895
      vertex -14.25 14.8446 30.2126
    endloop
  endfacet
  facet normal -1 0 0
    outer loop
      vertex -14.25 14.1813 29.9379
      vertex -14.25 11.1369 43.2895
      vertex -14.25 14.504 30.097
    endloop
  endfacet
  facet normal -1 0 0
    outer loop
      vertex -14.25 13.8823 29.7381
      vertex -14.25 11.1369 43.2895
      vertex -14.25 14.1813 29.9379
    endloop
  endfacet
  facet normal -1 0 0
    outer loop
      vertex -14.25 13.6118 29.5009
      vertex -14.25 11.1369 43.2895
      vertex -14.25 13.8823 29.7381
    endloop
  endfacet
  facet normal -1 0 0
    outer loop
      vertex -14.25 13.3746 29.2304
      vertex -14.25 11.1369 43.2895
      vertex -14.25 13.6118 29.5009
    endloop
  endfacet
  facet normal -1 0 0
    outer loop
      vertex -14.25 13.1748 28.9313
      vertex -14.25 11.1369 43.2895
      vertex -14.25 13.3746 29.2304
    endloop
  endfacet
  facet normal -1 0 0
    outer loop
      vertex -14.25 13.0157 28.6087
      vertex -14.25 11.1369 43.2895
      vertex -14.25 13.1748 28.9313
    endloop
  endfacet
  facet normal -1 0 0
    outer loop
      vertex -14.25 12.9001 28.2681
      vertex -14.25 11.1369 43.2895
      vertex -14.25 13.0157 28.6087
    endloop
  endfacet
  facet normal -1 0 0
    outer loop
      vertex -14.25 12.8299 27.9153
      vertex -14.25 11.1369 43.2895
      vertex -14.25 12.9001 28.2681
    endloop
  endfacet
  facet normal -1 0 0
    outer loop
      vertex -14.25 11.1369 43.2895
      vertex -14.25 12.8299 27.9153
      vertex -14.25 12.8063 27.5563
    endloop
  endfacet
  facet normal -1 0 0
    outer loop
      vertex -14.25 8.03805 20.5457
      vertex -14.25 13.3746 25.8823
      vertex -14.25 8.30851 20.3085
    endloop
  endfacet
  facet normal -1 -0 0
    outer loop
      vertex -14.25 13.3746 25.8823
      vertex -14.25 8.03805 20.5457
      vertex -14.25 13.1748 26.1813
    endloop
  endfacet
  facet normal -1 0 0
    outer loop
      vertex -14.25 7.73896 20.7455
      vertex -14.25 13.1748 26.1813
      vertex -14.25 8.03805 20.5457
    endloop
  endfacet
  facet normal -1 -0 0
    outer loop
      vertex -14.25 13.1748 26.1813
      vertex -14.25 7.73896 20.7455
      vertex -14.25 13.0157 26.504
    endloop
  endfacet
  facet normal -1 0 0
    outer loop
      vertex -14.25 7.41634 20.9046
      vertex -14.25 13.0157 26.504
      vertex -14.25 7.73896 20.7455
    endloop
  endfacet
  facet normal -1 -0 0
    outer loop
      vertex -14.25 13.0157 26.504
      vertex -14.25 7.41634 20.9046
      vertex -14.25 12.9001 26.8446
    endloop
  endfacet
  facet normal -1 0 0
    outer loop
      vertex -14.25 7.07571 21.0203
      vertex -14.25 12.9001 26.8446
      vertex -14.25 7.41634 20.9046
    endloop
  endfacet
  facet normal -1 -0 0
    outer loop
      vertex -14.25 12.9001 26.8446
      vertex -14.25 7.07571 21.0203
      vertex -14.25 12.8299 27.1974
    endloop
  endfacet
  facet normal -1 0 0
    outer loop
      vertex -14.25 6.72291 21.0904
      vertex -14.25 12.8299 27.1974
      vertex -14.25 7.07571 21.0203
    endloop
  endfacet
  facet normal -1 -0 0
    outer loop
      vertex -14.25 12.8299 27.1974
      vertex -14.25 6.72291 21.0904
      vertex -14.25 12.8063 27.5563
    endloop
  endfacet
  facet normal -1 0 0
    outer loop
      vertex -14.25 6.36396 21.114
      vertex -14.25 12.8063 27.5563
      vertex -14.25 6.72291 21.0904
    endloop
  endfacet
  facet normal -1 0 0
    outer loop
      vertex -14.25 6.00501 21.0904
      vertex -14.25 12.8063 27.5563
      vertex -14.25 6.36396 21.114
    endloop
  endfacet
  facet normal -1 0 0
    outer loop
      vertex -14.25 5.65221 21.0203
      vertex -14.25 12.8063 27.5563
      vertex -14.25 6.00501 21.0904
    endloop
  endfacet
  facet normal -1 0 0
    outer loop
      vertex -14.25 5.31158 20.9046
      vertex -14.25 12.8063 27.5563
      vertex -14.25 5.65221 21.0203
    endloop
  endfacet
  facet normal -1 -0 0
    outer loop
      vertex -14.25 12.8063 27.5563
      vertex -14.25 5.31158 20.9046
      vertex -14.25 11.1369 43.2895
    endloop
  endfacet
  facet normal -1 0 0
    outer loop
      vertex -14.25 4.98896 20.7455
      vertex -14.25 11.1369 43.2895
      vertex -14.25 5.31158 20.9046
    endloop
  endfacet
  facet normal -1 0 0
    outer loop
      vertex -14.25 4.68987 20.5457
      vertex -14.25 11.1369 43.2895
      vertex -14.25 4.98896 20.7455
    endloop
  endfacet
  facet normal -1 0 0
    outer loop
      vertex -14.25 -12.9047 19.2478
      vertex -14.25 4.68987 20.5457
      vertex -14.25 4.41942 20.3085
    endloop
  endfacet
  facet normal -1 0 0
    outer loop
      vertex -14.25 -12.9047 19.2478
      vertex -14.25 4.41942 20.3085
      vertex -14.25 4.18224 20.0381
    endloop
  endfacet
  facet normal -1 0 0
    outer loop
      vertex -14.25 -12.9047 19.2478
      vertex -14.25 4.18224 20.0381
      vertex -14.25 3.98239 19.739
    endloop
  endfacet
  facet normal -1 0 0
    outer loop
      vertex -14.25 -12.9047 19.2478
      vertex -14.25 3.98239 19.739
      vertex -14.25 3.82329 19.4163
    endloop
  endfacet
  facet normal -1 0 0
    outer loop
      vertex -14.25 -12.9047 19.2478
      vertex -14.25 3.82329 19.4163
      vertex -14.25 3.70767 19.0757
    endloop
  endfacet
  facet normal -1 -0 0
    outer loop
      vertex -14.25 4.68987 20.5457
      vertex -14.25 -12.9047 19.2478
      vertex -14.25 11.1369 43.2895
    endloop
  endfacet
  facet normal -1 0 0
    outer loop
      vertex -14.25 3.63749 18.7229
      vertex -14.25 -12.9047 19.2478
      vertex -14.25 3.70767 19.0757
    endloop
  endfacet
  facet normal -1 0 0
    outer loop
      vertex -14.25 -12.9047 19.2478
      vertex -14.25 3.63749 18.7229
      vertex -14.25 3.61396 18.364
    endloop
  endfacet
  facet normal 1 0 0
    outer loop
      vertex 14.25 14.504 25.0157
      vertex 14.25 9.09043 18.7229
      vertex 14.25 9.11396 18.364
    endloop
  endfacet
  facet normal 1 0 0
    outer loop
      vertex 14.25 12.8299 27.9153
      vertex 14.25 9.02026 19.0757
      vertex 14.25 9.09043 18.7229
    endloop
  endfacet
  facet normal 1 0 0
    outer loop
      vertex 14.25 12.8299 27.9153
      vertex 14.25 8.90463 19.4163
      vertex 14.25 9.02026 19.0757
    endloop
  endfacet
  facet normal 1 0 0
    outer loop
      vertex 14.25 12.8299 27.9153
      vertex 14.25 8.74553 19.739
      vertex 14.25 8.90463 19.4163
    endloop
  endfacet
  facet normal 1 0 0
    outer loop
      vertex 14.25 12.8299 27.9153
      vertex 14.25 8.54568 20.0381
      vertex 14.25 8.74553 19.739
    endloop
  endfacet
  facet normal 1 0 0
    outer loop
      vertex 14.25 12.8299 27.9153
      vertex 14.25 8.30851 20.3085
      vertex 14.25 8.54568 20.0381
    endloop
  endfacet
  facet normal 1 0 0
    outer loop
      vertex 14.25 12.8299 27.9153
      vertex 14.25 8.03805 20.5457
      vertex 14.25 8.30851 20.3085
    endloop
  endfacet
  facet normal 1 0 0
    outer loop
      vertex 14.25 12.8299 27.9153
      vertex 14.25 7.73896 20.7455
      vertex 14.25 8.03805 20.5457
    endloop
  endfacet
  facet normal 1 0 0
    outer loop
      vertex 14.25 12.8299 27.9153
      vertex 14.25 7.41634 20.9046
      vertex 14.25 7.73896 20.7455
    endloop
  endfacet
  facet normal 1 0 0
    outer loop
      vertex 14.25 12.8299 27.9153
      vertex 14.25 7.07571 21.0203
      vertex 14.25 7.41634 20.9046
    endloop
  endfacet
  facet normal 1 0 0
    outer loop
      vertex 14.25 12.8299 27.9153
      vertex 14.25 6.72291 21.0904
      vertex 14.25 7.07571 21.0203
    endloop
  endfacet
  facet normal 1 0 0
    outer loop
      vertex 14.25 12.8299 27.9153
      vertex 14.25 6.36396 21.114
      vertex 14.25 6.72291 21.0904
    endloop
  endfacet
  facet normal 1 0 0
    outer loop
      vertex 14.25 12.8299 27.9153
      vertex 14.25 6.00501 21.0904
      vertex 14.25 6.36396 21.114
    endloop
  endfacet
  facet normal 1 0 0
    outer loop
      vertex 14.25 12.8299 27.9153
      vertex 14.25 5.65221 21.0203
      vertex 14.25 6.00501 21.0904
    endloop
  endfacet
  facet normal 1 0 0
    outer loop
      vertex 14.25 12.9001 28.2681
      vertex 14.25 5.65221 21.0203
      vertex 14.25 12.8299 27.9153
    endloop
  endfacet
  facet normal 1 0 0
    outer loop
      vertex 14.25 11.1369 43.2895
      vertex 14.25 4.98896 20.7455
      vertex 14.25 5.31158 20.9046
    endloop
  endfacet
  facet normal 1 0 0
    outer loop
      vertex 14.25 11.1369 43.2895
      vertex 14.25 4.68987 20.5457
      vertex 14.25 4.98896 20.7455
    endloop
  endfacet
  facet normal 1 0 0
    outer loop
      vertex 14.25 -12.9047 19.2478
      vertex 14.25 4.68987 20.5457
      vertex 14.25 11.1369 43.2895
    endloop
  endfacet
  facet normal 1 0 0
    outer loop
      vertex 14.25 4.68987 20.5457
      vertex 14.25 -12.9047 19.2478
      vertex 14.25 4.41942 20.3085
    endloop
  endfacet
  facet normal 1 0 0
    outer loop
      vertex 14.25 4.41942 20.3085
      vertex 14.25 -12.9047 19.2478
      vertex 14.25 4.18224 20.0381
    endloop
  endfacet
  facet normal 1 0 0
    outer loop
      vertex 14.25 4.18224 20.0381
      vertex 14.25 -12.9047 19.2478
      vertex 14.25 3.98239 19.739
    endloop
  endfacet
  facet normal 1 0 0
    outer loop
      vertex 14.25 3.98239 19.739
      vertex 14.25 -12.9047 19.2478
      vertex 14.25 3.82329 19.4163
    endloop
  endfacet
  facet normal 1 0 0
    outer loop
      vertex 14.25 3.63749 18.7229
      vertex 14.25 -12.9047 19.2478
      vertex 14.25 3.61396 18.364
    endloop
  endfacet
  facet normal 1 0 0
    outer loop
      vertex 14.25 3.70767 19.0757
      vertex 14.25 -12.9047 19.2478
      vertex 14.25 3.63749 18.7229
    endloop
  endfacet
  facet normal 1 0 0
    outer loop
      vertex 14.25 3.82329 19.4163
      vertex 14.25 -12.9047 19.2478
      vertex 14.25 3.70767 19.0757
    endloop
  endfacet
  facet normal 1 0 0
    outer loop
      vertex 14.25 9.09043 18.7229
      vertex 14.25 14.504 25.0157
      vertex 14.25 14.1813 25.1748
    endloop
  endfacet
  facet normal 1 0 0
    outer loop
      vertex 14.25 9.09043 18.7229
      vertex 14.25 14.1813 25.1748
      vertex 14.25 13.8823 25.3746
    endloop
  endfacet
  facet normal 1 0 0
    outer loop
      vertex 14.25 9.09043 18.7229
      vertex 14.25 13.8823 25.3746
      vertex 14.25 13.6118 25.6118
    endloop
  endfacet
  facet normal 1 0 0
    outer loop
      vertex 14.25 9.09043 18.7229
      vertex 14.25 13.6118 25.6118
      vertex 14.25 13.3746 25.8823
    endloop
  endfacet
  facet normal 1 0 0
    outer loop
      vertex 14.25 9.09043 18.7229
      vertex 14.25 13.3746 25.8823
      vertex 14.25 13.1748 26.1813
    endloop
  endfacet
  facet normal 1 0 0
    outer loop
      vertex 14.25 9.09043 18.7229
      vertex 14.25 13.1748 26.1813
      vertex 14.25 13.0157 26.504
    endloop
  endfacet
  facet normal 1 0 0
    outer loop
      vertex 14.25 9.09043 18.7229
      vertex 14.25 13.0157 26.504
      vertex 14.25 12.9001 26.8446
    endloop
  endfacet
  facet normal 1 0 0
    outer loop
      vertex 14.25 9.09043 18.7229
      vertex 14.25 12.9001 26.8446
      vertex 14.25 12.8299 27.1974
    endloop
  endfacet
  facet normal 1 0 0
    outer loop
      vertex 14.25 9.09043 18.7229
      vertex 14.25 12.8299 27.1974
      vertex 14.25 12.8063 27.5563
    endloop
  endfacet
  facet normal 1 0 0
    outer loop
      vertex 14.25 9.09043 18.7229
      vertex 14.25 12.8063 27.5563
      vertex 14.25 12.8299 27.9153
    endloop
  endfacet
  facet normal 1 0 0
    outer loop
      vertex 14.25 14.504 25.0157
      vertex 14.25 9.11396 18.364
      vertex 14.25 9.09043 18.005
    endloop
  endfacet
  facet normal 1 0 0
    outer loop
      vertex 14.25 14.504 25.0157
      vertex 14.25 9.09043 18.005
      vertex 14.25 9.02026 17.6522
    endloop
  endfacet
  facet normal 1 0 0
    outer loop
      vertex 14.25 14.504 25.0157
      vertex 14.25 9.02026 17.6522
      vertex 14.25 14.25 4.25
    endloop
  endfacet
  facet normal 1 -0 0
    outer loop
      vertex 14.25 8.90463 17.3116
      vertex 14.25 14.25 4.25
      vertex 14.25 9.02026 17.6522
    endloop
  endfacet
  facet normal 1 -0 0
    outer loop
      vertex 14.25 8.74553 16.989
      vertex 14.25 14.25 4.25
      vertex 14.25 8.90463 17.3116
    endloop
  endfacet
  facet normal 1 -0 0
    outer loop
      vertex 14.25 8.54568 16.6899
      vertex 14.25 14.25 4.25
      vertex 14.25 8.74553 16.989
    endloop
  endfacet
  facet normal 1 -0 0
    outer loop
      vertex 14.25 8.30851 16.4194
      vertex 14.25 14.25 4.25
      vertex 14.25 8.54568 16.6899
    endloop
  endfacet
  facet normal 1 -0 0
    outer loop
      vertex 14.25 8.03805 16.1822
      vertex 14.25 14.25 4.25
      vertex 14.25 8.30851 16.4194
    endloop
  endfacet
  facet normal 1 -0 0
    outer loop
      vertex 14.25 7.73896 15.9824
      vertex 14.25 14.25 4.25
      vertex 14.25 8.03805 16.1822
    endloop
  endfacet
  facet normal 1 -0 0
    outer loop
      vertex 14.25 7.41634 15.8233
      vertex 14.25 14.25 4.25
      vertex 14.25 7.73896 15.9824
    endloop
  endfacet
  facet normal 1 -0 0
    outer loop
      vertex 14.25 7.07571 15.7077
      vertex 14.25 14.25 4.25
      vertex 14.25 7.41634 15.8233
    endloop
  endfacet
  facet normal 1 -0 0
    outer loop
      vertex 14.25 6.72291 15.6375
      vertex 14.25 14.25 4.25
      vertex 14.25 7.07571 15.7077
    endloop
  endfacet
  facet normal 1 -0 0
    outer loop
      vertex 14.25 6.36396 15.614
      vertex 14.25 14.25 4.25
      vertex 14.25 6.72291 15.6375
    endloop
  endfacet
  facet normal 1 0 0
    outer loop
      vertex 14.25 6.00501 15.6375
      vertex 14.25 14.25 4.25
      vertex 14.25 6.36396 15.614
    endloop
  endfacet
  facet normal 1 0 0
    outer loop
      vertex 14.25 5.65221 15.7077
      vertex 14.25 14.25 4.25
      vertex 14.25 6.00501 15.6375
    endloop
  endfacet
  facet normal 1 0 0
    outer loop
      vertex 14.25 5.31158 15.8233
      vertex 14.25 14.25 4.25
      vertex 14.25 5.65221 15.7077
    endloop
  endfacet
  facet normal 1 0 0
    outer loop
      vertex 14.25 -14.25 4.25
      vertex 14.25 5.31158 15.8233
      vertex 14.25 4.98896 15.9824
    endloop
  endfacet
  facet normal 1 0 0
    outer loop
      vertex 14.25 -14.25 4.25
      vertex 14.25 4.98896 15.9824
      vertex 14.25 4.68987 16.1822
    endloop
  endfacet
  facet normal 1 0 0
    outer loop
      vertex 14.25 -14.25 4.25
      vertex 14.25 4.68987 16.1822
      vertex 14.25 4.41942 16.4194
    endloop
  endfacet
  facet normal 1 0 0
    outer loop
      vertex 14.25 -14.25 4.25
      vertex 14.25 4.41942 16.4194
      vertex 14.25 4.18224 16.6899
    endloop
  endfacet
  facet normal 1 0 0
    outer loop
      vertex 14.25 -12.9047 19.2478
      vertex 14.25 3.63749 18.005
      vertex 14.25 3.61396 18.364
    endloop
  endfacet
  facet normal 1 0 0
    outer loop
      vertex 14.25 -12.9047 19.2478
      vertex 14.25 3.70766 17.6522
      vertex 14.25 3.63749 18.005
    endloop
  endfacet
  facet normal 1 0 0
    outer loop
      vertex 14.25 -12.9047 19.2478
      vertex 14.25 3.82329 17.3116
      vertex 14.25 3.70766 17.6522
    endloop
  endfacet
  facet normal 1 0 0
    outer loop
      vertex 14.25 -12.9047 19.2478
      vertex 14.25 3.98239 16.989
      vertex 14.25 3.82329 17.3116
    endloop
  endfacet
  facet normal 1 0 0
    outer loop
      vertex 14.25 -14.25 4.25
      vertex 14.25 3.98239 16.989
      vertex 14.25 -12.9047 19.2478
    endloop
  endfacet
  facet normal 1 0 0
    outer loop
      vertex 14.25 3.98239 16.989
      vertex 14.25 -14.25 4.25
      vertex 14.25 4.18224 16.6899
    endloop
  endfacet
  facet normal 1 0 0
    outer loop
      vertex 14.25 5.31158 15.8233
      vertex 14.25 -14.25 4.25
      vertex 14.25 14.25 4.25
    endloop
  endfacet
  facet normal 1 0 0
    outer loop
      vertex 14.25 31.2895 23.1369
      vertex 14.25 18.2828 27.9153
      vertex 14.25 18.3063 27.5563
    endloop
  endfacet
  facet normal 1 0 0
    outer loop
      vertex 14.25 31.2895 23.1369
      vertex 14.25 18.2126 28.2681
      vertex 14.25 18.2828 27.9153
    endloop
  endfacet
  facet normal 1 0 0
    outer loop
      vertex 14.25 31.2895 23.1369
      vertex 14.25 18.097 28.6087
      vertex 14.25 18.2126 28.2681
    endloop
  endfacet
  facet normal 1 0 0
    outer loop
      vertex 14.25 31.2895 23.1369
      vertex 14.25 17.9379 28.9313
      vertex 14.25 18.097 28.6087
    endloop
  endfacet
  facet normal 1 0 0
    outer loop
      vertex 14.25 31.2895 23.1369
      vertex 14.25 17.7381 29.2304
      vertex 14.25 17.9379 28.9313
    endloop
  endfacet
  facet normal 1 0 0
    outer loop
      vertex 14.25 31.2895 23.1369
      vertex 14.25 17.5009 29.5009
      vertex 14.25 17.7381 29.2304
    endloop
  endfacet
  facet normal 1 0 0
    outer loop
      vertex 14.25 11.1369 43.2895
      vertex 14.25 17.5009 29.5009
      vertex 14.25 31.2895 23.1369
    endloop
  endfacet
  facet normal 1 0 0
    outer loop
      vertex 14.25 17.5009 29.5009
      vertex 14.25 11.1369 43.2895
      vertex 14.25 17.2304 29.7381
    endloop
  endfacet
  facet normal 1 0 0
    outer loop
      vertex 14.25 17.2304 29.7381
      vertex 14.25 11.1369 43.2895
      vertex 14.25 16.9313 29.9379
    endloop
  endfacet
  facet normal 1 0 -0
    outer loop
      vertex 14.25 5.65221 21.0203
      vertex 14.25 12.9001 28.2681
      vertex 14.25 5.31158 20.9046
    endloop
  endfacet
  facet normal 1 0 0
    outer loop
      vertex 14.25 13.0157 28.6087
      vertex 14.25 5.31158 20.9046
      vertex 14.25 12.9001 28.2681
    endloop
  endfacet
  facet normal 1 0 0
    outer loop
      vertex 14.25 5.31158 20.9046
      vertex 14.25 13.0157 28.6087
      vertex 14.25 11.1369 43.2895
    endloop
  endfacet
  facet normal 1 0 0
    outer loop
      vertex 14.25 13.1748 28.9313
      vertex 14.25 11.1369 43.2895
      vertex 14.25 13.0157 28.6087
    endloop
  endfacet
  facet normal 1 0 0
    outer loop
      vertex 14.25 13.3746 29.2304
      vertex 14.25 11.1369 43.2895
      vertex 14.25 13.1748 28.9313
    endloop
  endfacet
  facet normal 1 0 0
    outer loop
      vertex 14.25 13.6118 29.5009
      vertex 14.25 11.1369 43.2895
      vertex 14.25 13.3746 29.2304
    endloop
  endfacet
  facet normal 1 0 0
    outer loop
      vertex 14.25 13.8823 29.7381
      vertex 14.25 11.1369 43.2895
      vertex 14.25 13.6118 29.5009
    endloop
  endfacet
  facet normal 1 0 0
    outer loop
      vertex 14.25 14.1813 29.9379
      vertex 14.25 11.1369 43.2895
      vertex 14.25 13.8823 29.7381
    endloop
  endfacet
  facet normal 1 0 0
    outer loop
      vertex 14.25 14.504 30.097
      vertex 14.25 11.1369 43.2895
      vertex 14.25 14.1813 29.9379
    endloop
  endfacet
  facet normal 1 0 0
    outer loop
      vertex 14.25 14.8446 30.2126
      vertex 14.25 11.1369 43.2895
      vertex 14.25 14.504 30.097
    endloop
  endfacet
  facet normal 1 0 0
    outer loop
      vertex 14.25 15.1974 30.2828
      vertex 14.25 11.1369 43.2895
      vertex 14.25 14.8446 30.2126
    endloop
  endfacet
  facet normal 1 0 0
    outer loop
      vertex 14.25 15.5563 30.3063
      vertex 14.25 11.1369 43.2895
      vertex 14.25 15.1974 30.2828
    endloop
  endfacet
  facet normal 1 0 0
    outer loop
      vertex 14.25 15.9153 30.2828
      vertex 14.25 11.1369 43.2895
      vertex 14.25 15.5563 30.3063
    endloop
  endfacet
  facet normal 1 0 0
    outer loop
      vertex 14.25 16.2681 30.2126
      vertex 14.25 11.1369 43.2895
      vertex 14.25 15.9153 30.2828
    endloop
  endfacet
  facet normal 1 0 0
    outer loop
      vertex 14.25 16.6087 30.097
      vertex 14.25 11.1369 43.2895
      vertex 14.25 16.2681 30.2126
    endloop
  endfacet
  facet normal 1 0 0
    outer loop
      vertex 14.25 16.9313 29.9379
      vertex 14.25 11.1369 43.2895
      vertex 14.25 16.6087 30.097
    endloop
  endfacet
  facet normal 1 -0 0
    outer loop
      vertex 14.25 18.2828 27.1974
      vertex 14.25 31.2895 23.1369
      vertex 14.25 18.3063 27.5563
    endloop
  endfacet
  facet normal 1 -0 0
    outer loop
      vertex 14.25 18.2126 26.8446
      vertex 14.25 31.2895 23.1369
      vertex 14.25 18.2828 27.1974
    endloop
  endfacet
  facet normal 1 -0 0
    outer loop
      vertex 14.25 18.097 26.504
      vertex 14.25 31.2895 23.1369
      vertex 14.25 18.2126 26.8446
    endloop
  endfacet
  facet normal 1 -0 0
    outer loop
      vertex 14.25 17.9379 26.1813
      vertex 14.25 31.2895 23.1369
      vertex 14.25 18.097 26.504
    endloop
  endfacet
  facet normal 1 -0 0
    outer loop
      vertex 14.25 17.7381 25.8823
      vertex 14.25 31.2895 23.1369
      vertex 14.25 17.9379 26.1813
    endloop
  endfacet
  facet normal 1 -0 0
    outer loop
      vertex 14.25 17.5009 25.6118
      vertex 14.25 31.2895 23.1369
      vertex 14.25 17.7381 25.8823
    endloop
  endfacet
  facet normal 1 -0 0
    outer loop
      vertex 14.25 17.2304 25.3746
      vertex 14.25 31.2895 23.1369
      vertex 14.25 17.5009 25.6118
    endloop
  endfacet
  facet normal 1 -0 0
    outer loop
      vertex 14.25 16.9313 25.1748
      vertex 14.25 31.2895 23.1369
      vertex 14.25 17.2304 25.3746
    endloop
  endfacet
  facet normal 1 0 0
    outer loop
      vertex 14.25 14.25 4.25
      vertex 14.25 16.9313 25.1748
      vertex 14.25 16.6087 25.0157
    endloop
  endfacet
  facet normal 1 0 0
    outer loop
      vertex 14.25 14.25 4.25
      vertex 14.25 16.6087 25.0157
      vertex 14.25 16.2681 24.9001
    endloop
  endfacet
  facet normal 1 0 0
    outer loop
      vertex 14.25 14.25 4.25
      vertex 14.25 16.2681 24.9001
      vertex 14.25 15.9153 24.8299
    endloop
  endfacet
  facet normal 1 0 0
    outer loop
      vertex 14.25 14.25 4.25
      vertex 14.25 15.9153 24.8299
      vertex 14.25 15.5563 24.8063
    endloop
  endfacet
  facet normal 1 0 0
    outer loop
      vertex 14.25 14.25 4.25
      vertex 14.25 15.5563 24.8063
      vertex 14.25 15.1974 24.8299
    endloop
  endfacet
  facet normal 1 0 0
    outer loop
      vertex 14.25 14.25 4.25
      vertex 14.25 14.8446 24.9001
      vertex 14.25 14.504 25.0157
    endloop
  endfacet
  facet normal 1 0 0
    outer loop
      vertex 14.25 14.25 4.25
      vertex 14.25 15.1974 24.8299
      vertex 14.25 14.8446 24.9001
    endloop
  endfacet
  facet normal 1 0 0
    outer loop
      vertex 14.25 16.9313 25.1748
      vertex 14.25 14.25 4.25
      vertex 14.25 31.2895 23.1369
    endloop
  endfacet
  facet normal 1 0 0
    outer loop
      vertex 14.25 31.2895 23.1369
      vertex 14.25 14.25 4.25
      vertex 14.25 14.25 -18.5
    endloop
  endfacet
  facet normal 0 -0.996001 0.0893411
    outer loop
      vertex -14.25 -14.25 4.25
      vertex 14.25 -12.9047 19.2478
      vertex -14.25 -12.9047 19.2478
    endloop
  endfacet
  facet normal 0 -0.996001 0.0893411
    outer loop
      vertex 14.25 -12.9047 19.2478
      vertex -14.25 -14.25 4.25
      vertex 14.25 -14.25 4.25
    endloop
  endfacet
  facet normal -0.831408 0 0.555662
    outer loop
      vertex -20.8183 -14.25 -11.6741
      vertex -20.6184 -10.25 -11.375
      vertex -20.8183 -10.25 -11.6741
    endloop
  endfacet
  facet normal -0.831408 0 0.555662
    outer loop
      vertex -20.6184 -10.25 -11.375
      vertex -20.8183 -14.25 -11.6741
      vertex -20.6184 -14.25 -11.375
    endloop
  endfacet
  facet normal -0.831408 0 0.555662
    outer loop
      vertex -20.8183 10.25 -11.6741
      vertex -20.6184 14.25 -11.375
      vertex -20.8183 14.25 -11.6741
    endloop
  endfacet
  facet normal -0.831408 0 0.555662
    outer loop
      vertex -20.6184 14.25 -11.375
      vertex -20.8183 10.25 -11.6741
      vertex -20.6184 10.25 -11.375
    endloop
  endfacet
  facet normal -0.980773 0 -0.195154
    outer loop
      vertex -20.2735 -14.25 -9.64105
      vertex -20.3437 -10.25 -9.28825
      vertex -20.2735 -10.25 -9.64105
    endloop
  endfacet
  facet normal -0.980773 -0 -0.195154
    outer loop
      vertex -20.3437 -10.25 -9.28825
      vertex -20.2735 -14.25 -9.64105
      vertex -20.3437 -14.25 -9.28825
    endloop
  endfacet
  facet normal -0.980773 0 -0.195154
    outer loop
      vertex -20.2735 10.25 -9.64105
      vertex -20.3437 14.25 -9.28825
      vertex -20.2735 14.25 -9.64105
    endloop
  endfacet
  facet normal -0.980773 -0 -0.195154
    outer loop
      vertex -20.3437 14.25 -9.28825
      vertex -20.2735 10.25 -9.64105
      vertex -20.3437 10.25 -9.28825
    endloop
  endfacet
  facet normal -0.997864 0 -0.0653289
    outer loop
      vertex -20.25 -14.25 -10
      vertex -20.2735 -10.25 -9.64105
      vertex -20.25 -10.25 -10
    endloop
  endfacet
  facet normal -0.997864 -0 -0.0653289
    outer loop
      vertex -20.2735 -10.25 -9.64105
      vertex -20.25 -14.25 -10
      vertex -20.2735 -14.25 -9.64105
    endloop
  endfacet
  facet normal -0.997864 0 -0.0653289
    outer loop
      vertex -20.25 10.25 -10
      vertex -20.2735 14.25 -9.64105
      vertex -20.25 14.25 -10
    endloop
  endfacet
  facet normal -0.997864 -0 -0.0653289
    outer loop
      vertex -20.2735 14.25 -9.64105
      vertex -20.25 10.25 -10
      vertex -20.2735 10.25 -9.64105
    endloop
  endfacet
  facet normal 0.0653379 0 0.997863
    outer loop
      vertex -23.3589 14.25 -12.7265
      vertex -23 10.25 -12.75
      vertex -23 14.25 -12.75
    endloop
  endfacet
  facet normal 0.0653379 0 0.997863
    outer loop
      vertex -23 10.25 -12.75
      vertex -23.3589 14.25 -12.7265
      vertex -23.3589 10.25 -12.7265
    endloop
  endfacet
  facet normal 0.0653379 0 0.997863
    outer loop
      vertex -23.3589 -10.25 -12.7265
      vertex -23 -14.25 -12.75
      vertex -23 -10.25 -12.75
    endloop
  endfacet
  facet normal 0.0653379 0 0.997863
    outer loop
      vertex -23 -14.25 -12.75
      vertex -23.3589 -10.25 -12.7265
      vertex -23.3589 -14.25 -12.7265
    endloop
  endfacet
  facet normal -0.89686 0 0.442314
    outer loop
      vertex -20.6184 -14.25 -11.375
      vertex -20.4593 -10.25 -11.0524
      vertex -20.6184 -10.25 -11.375
    endloop
  endfacet
  facet normal -0.89686 0 0.442314
    outer loop
      vertex -20.4593 -10.25 -11.0524
      vertex -20.6184 -14.25 -11.375
      vertex -20.4593 -14.25 -11.0524
    endloop
  endfacet
  facet normal -0.89686 0 0.442314
    outer loop
      vertex -20.6184 10.25 -11.375
      vertex -20.4593 14.25 -11.0524
      vertex -20.6184 14.25 -11.375
    endloop
  endfacet
  facet normal -0.89686 0 0.442314
    outer loop
      vertex -20.4593 14.25 -11.0524
      vertex -20.6184 10.25 -11.375
      vertex -20.4593 10.25 -11.0524
    endloop
  endfacet
  facet normal -0.442314 0 -0.89686
    outer loop
      vertex -21.9476 -14.25 -7.45933
      vertex -21.625 -10.25 -7.61843
      vertex -21.625 -14.25 -7.61843
    endloop
  endfacet
  facet normal -0.442314 0 -0.89686
    outer loop
      vertex -21.625 -10.25 -7.61843
      vertex -21.9476 -14.25 -7.45933
      vertex -21.9476 -10.25 -7.45933
    endloop
  endfacet
  facet normal -0.442314 0 -0.89686
    outer loop
      vertex -21.9476 10.25 -7.45933
      vertex -21.625 14.25 -7.61843
      vertex -21.625 10.25 -7.61843
    endloop
  endfacet
  facet normal -0.442314 0 -0.89686
    outer loop
      vertex -21.625 14.25 -7.61843
      vertex -21.9476 10.25 -7.45933
      vertex -21.9476 14.25 -7.45933
    endloop
  endfacet
  facet normal -0.980783 0 0.195101
    outer loop
      vertex -20.3437 -14.25 -10.7118
      vertex -20.2735 -10.25 -10.3589
      vertex -20.3437 -10.25 -10.7118
    endloop
  endfacet
  facet normal -0.980783 0 0.195101
    outer loop
      vertex -20.2735 -10.25 -10.3589
      vertex -20.3437 -14.25 -10.7118
      vertex -20.2735 -14.25 -10.3589
    endloop
  endfacet
  facet normal -0.980783 0 0.195101
    outer loop
      vertex -20.3437 10.25 -10.7118
      vertex -20.2735 14.25 -10.3589
      vertex -20.3437 14.25 -10.7118
    endloop
  endfacet
  facet normal -0.980783 0 0.195101
    outer loop
      vertex -20.2735 14.25 -10.3589
      vertex -20.3437 10.25 -10.7118
      vertex -20.2735 10.25 -10.3589
    endloop
  endfacet
  facet normal -0.195101 0 0.980783
    outer loop
      vertex -22.6411 -10.25 -12.7265
      vertex -22.2882 -14.25 -12.6563
      vertex -22.2882 -10.25 -12.6563
    endloop
  endfacet
  facet normal -0.195101 0 0.980783
    outer loop
      vertex -22.2882 -14.25 -12.6563
      vertex -22.6411 -10.25 -12.7265
      vertex -22.6411 -14.25 -12.7265
    endloop
  endfacet
  facet normal -0.195101 0 0.980783
    outer loop
      vertex -22.6411 14.25 -12.7265
      vertex -22.2882 10.25 -12.6563
      vertex -22.2882 14.25 -12.6563
    endloop
  endfacet
  facet normal -0.195101 0 0.980783
    outer loop
      vertex -22.2882 10.25 -12.6563
      vertex -22.6411 14.25 -12.7265
      vertex -22.6411 10.25 -12.7265
    endloop
  endfacet
  facet normal -0.321469 0 -0.94692
    outer loop
      vertex -22.2882 -14.25 -7.3437
      vertex -21.9476 -10.25 -7.45933
      vertex -21.9476 -14.25 -7.45933
    endloop
  endfacet
  facet normal -0.321469 0 -0.94692
    outer loop
      vertex -21.9476 -10.25 -7.45933
      vertex -22.2882 -14.25 -7.3437
      vertex -22.2882 -10.25 -7.3437
    endloop
  endfacet
  facet normal -0.321469 0 -0.94692
    outer loop
      vertex -22.2882 10.25 -7.3437
      vertex -21.9476 14.25 -7.45933
      vertex -21.9476 10.25 -7.45933
    endloop
  endfacet
  facet normal -0.321469 0 -0.94692
    outer loop
      vertex -21.9476 14.25 -7.45933
      vertex -22.2882 10.25 -7.3437
      vertex -22.2882 14.25 -7.3437
    endloop
  endfacet
  facet normal 0.997864 0 -0.0653289
    outer loop
      vertex -25.7265 -14.25 -9.64105
      vertex -25.75 -10.25 -10
      vertex -25.7265 -10.25 -9.64105
    endloop
  endfacet
  facet normal 0.997864 0 -0.0653289
    outer loop
      vertex -25.75 -10.25 -10
      vertex -25.7265 -14.25 -9.64105
      vertex -25.75 -14.25 -10
    endloop
  endfacet
  facet normal 0.997864 0 -0.0653289
    outer loop
      vertex -25.7265 10.25 -9.64105
      vertex -25.75 14.25 -10
      vertex -25.7265 14.25 -9.64105
    endloop
  endfacet
  facet normal 0.997864 0 -0.0653289
    outer loop
      vertex -25.75 14.25 -10
      vertex -25.7265 10.25 -9.64105
      vertex -25.75 10.25 -10
    endloop
  endfacet
  facet normal -0.946945 0 0.321394
    outer loop
      vertex -20.4593 -14.25 -11.0524
      vertex -20.3437 -10.25 -10.7118
      vertex -20.4593 -10.25 -11.0524
    endloop
  endfacet
  facet normal -0.946945 0 0.321394
    outer loop
      vertex -20.3437 -10.25 -10.7118
      vertex -20.4593 -14.25 -11.0524
      vertex -20.3437 -14.25 -10.7118
    endloop
  endfacet
  facet normal -0.946945 0 0.321394
    outer loop
      vertex -20.4593 10.25 -11.0524
      vertex -20.3437 14.25 -10.7118
      vertex -20.4593 14.25 -11.0524
    endloop
  endfacet
  facet normal -0.946945 0 0.321394
    outer loop
      vertex -20.3437 14.25 -10.7118
      vertex -20.4593 10.25 -11.0524
      vertex -20.3437 10.25 -10.7118
    endloop
  endfacet
  facet normal -0.321394 0 0.946945
    outer loop
      vertex -22.2882 -10.25 -12.6563
      vertex -21.9476 -14.25 -12.5407
      vertex -21.9476 -10.25 -12.5407
    endloop
  endfacet
  facet normal -0.321394 0 0.946945
    outer loop
      vertex -21.9476 -14.25 -12.5407
      vertex -22.2882 -10.25 -12.6563
      vertex -22.2882 -14.25 -12.6563
    endloop
  endfacet
  facet normal -0.321394 0 0.946945
    outer loop
      vertex -22.2882 14.25 -12.6563
      vertex -21.9476 10.25 -12.5407
      vertex -21.9476 14.25 -12.5407
    endloop
  endfacet
  facet normal -0.321394 0 0.946945
    outer loop
      vertex -21.9476 10.25 -12.5407
      vertex -22.2882 14.25 -12.6563
      vertex -22.2882 10.25 -12.6563
    endloop
  endfacet
  facet normal -0.659417 0 -0.751777
    outer loop
      vertex -21.3259 -14.25 -7.81828
      vertex -21.0555 -10.25 -8.05546
      vertex -21.0555 -14.25 -8.05546
    endloop
  endfacet
  facet normal -0.659417 0 -0.751777
    outer loop
      vertex -21.0555 -10.25 -8.05546
      vertex -21.3259 -14.25 -7.81828
      vertex -21.3259 -10.25 -7.81828
    endloop
  endfacet
  facet normal -0.659417 0 -0.751777
    outer loop
      vertex -21.3259 10.25 -7.81828
      vertex -21.0555 14.25 -8.05546
      vertex -21.0555 10.25 -8.05546
    endloop
  endfacet
  facet normal -0.659417 0 -0.751777
    outer loop
      vertex -21.0555 14.25 -8.05546
      vertex -21.3259 10.25 -7.81828
      vertex -21.3259 14.25 -7.81828
    endloop
  endfacet
  facet normal -0.0653379 0 0.997863
    outer loop
      vertex -23 14.25 -12.75
      vertex -22.6411 10.25 -12.7265
      vertex -22.6411 14.25 -12.7265
    endloop
  endfacet
  facet normal -0.0653379 0 0.997863
    outer loop
      vertex -22.6411 10.25 -12.7265
      vertex -23 14.25 -12.75
      vertex -23 10.25 -12.75
    endloop
  endfacet
  facet normal -0.0653379 0 0.997863
    outer loop
      vertex -23 -10.25 -12.75
      vertex -22.6411 -14.25 -12.7265
      vertex -22.6411 -10.25 -12.7265
    endloop
  endfacet
  facet normal -0.0653379 0 0.997863
    outer loop
      vertex -22.6411 -14.25 -12.7265
      vertex -23 -10.25 -12.75
      vertex -23 -14.25 -12.75
    endloop
  endfacet
  facet normal 0.321394 0 0.946945
    outer loop
      vertex -24.0524 -10.25 -12.5407
      vertex -23.7118 -14.25 -12.6563
      vertex -23.7118 -10.25 -12.6563
    endloop
  endfacet
  facet normal 0.321394 0 0.946945
    outer loop
      vertex -23.7118 -14.25 -12.6563
      vertex -24.0524 -10.25 -12.5407
      vertex -24.0524 -14.25 -12.5407
    endloop
  endfacet
  facet normal 0.321394 0 0.946945
    outer loop
      vertex -24.0524 14.25 -12.5407
      vertex -23.7118 10.25 -12.6563
      vertex -23.7118 14.25 -12.6563
    endloop
  endfacet
  facet normal 0.321394 0 0.946945
    outer loop
      vertex -23.7118 10.25 -12.6563
      vertex -24.0524 14.25 -12.5407
      vertex -24.0524 10.25 -12.5407
    endloop
  endfacet
  facet normal 0.75181 0 -0.65938
    outer loop
      vertex -24.9445 -14.25 -8.05546
      vertex -25.1817 -10.25 -8.32591
      vertex -24.9445 -10.25 -8.05546
    endloop
  endfacet
  facet normal 0.75181 0 -0.65938
    outer loop
      vertex -25.1817 -10.25 -8.32591
      vertex -24.9445 -14.25 -8.05546
      vertex -25.1817 -14.25 -8.32591
    endloop
  endfacet
  facet normal 0.75181 0 -0.65938
    outer loop
      vertex -24.9445 10.25 -8.05546
      vertex -25.1817 14.25 -8.32591
      vertex -24.9445 14.25 -8.05546
    endloop
  endfacet
  facet normal 0.75181 0 -0.65938
    outer loop
      vertex -25.1817 14.25 -8.32591
      vertex -24.9445 10.25 -8.05546
      vertex -25.1817 10.25 -8.32591
    endloop
  endfacet
  facet normal 0.946945 -0 0.321394
    outer loop
      vertex -25.6563 -14.25 -10.7118
      vertex -25.5407 -10.25 -11.0524
      vertex -25.6563 -10.25 -10.7118
    endloop
  endfacet
  facet normal 0.946945 0 0.321394
    outer loop
      vertex -25.5407 -10.25 -11.0524
      vertex -25.6563 -14.25 -10.7118
      vertex -25.5407 -14.25 -11.0524
    endloop
  endfacet
  facet normal 0.946945 -0 0.321394
    outer loop
      vertex -25.6563 10.25 -10.7118
      vertex -25.5407 14.25 -11.0524
      vertex -25.6563 14.25 -10.7118
    endloop
  endfacet
  facet normal 0.946945 0 0.321394
    outer loop
      vertex -25.5407 14.25 -11.0524
      vertex -25.6563 10.25 -10.7118
      vertex -25.5407 10.25 -11.0524
    endloop
  endfacet
  facet normal -0.442314 0 0.89686
    outer loop
      vertex -21.9476 -10.25 -12.5407
      vertex -21.625 -14.25 -12.3816
      vertex -21.625 -10.25 -12.3816
    endloop
  endfacet
  facet normal -0.442314 0 0.89686
    outer loop
      vertex -21.625 -14.25 -12.3816
      vertex -21.9476 -10.25 -12.5407
      vertex -21.9476 -14.25 -12.5407
    endloop
  endfacet
  facet normal -0.442314 0 0.89686
    outer loop
      vertex -21.9476 14.25 -12.5407
      vertex -21.625 10.25 -12.3816
      vertex -21.625 14.25 -12.3816
    endloop
  endfacet
  facet normal -0.442314 0 0.89686
    outer loop
      vertex -21.625 10.25 -12.3816
      vertex -21.9476 14.25 -12.5407
      vertex -21.9476 10.25 -12.5407
    endloop
  endfacet
  facet normal 0.659417 0 -0.751777
    outer loop
      vertex -24.9445 -14.25 -8.05546
      vertex -24.6741 -10.25 -7.81828
      vertex -24.6741 -14.25 -7.81828
    endloop
  endfacet
  facet normal 0.659417 0 -0.751777
    outer loop
      vertex -24.6741 -10.25 -7.81828
      vertex -24.9445 -14.25 -8.05546
      vertex -24.9445 -10.25 -8.05546
    endloop
  endfacet
  facet normal 0.659417 0 -0.751777
    outer loop
      vertex -24.9445 10.25 -8.05546
      vertex -24.6741 14.25 -7.81828
      vertex -24.6741 10.25 -7.81828
    endloop
  endfacet
  facet normal 0.659417 0 -0.751777
    outer loop
      vertex -24.6741 14.25 -7.81828
      vertex -24.9445 10.25 -8.05546
      vertex -24.9445 14.25 -8.05546
    endloop
  endfacet
  facet normal -0.555566 0 -0.831472
    outer loop
      vertex -21.625 -14.25 -7.61843
      vertex -21.3259 -10.25 -7.81828
      vertex -21.3259 -14.25 -7.81828
    endloop
  endfacet
  facet normal -0.555566 0 -0.831472
    outer loop
      vertex -21.3259 -10.25 -7.81828
      vertex -21.625 -14.25 -7.61843
      vertex -21.625 -10.25 -7.61843
    endloop
  endfacet
  facet normal -0.555566 0 -0.831472
    outer loop
      vertex -21.625 10.25 -7.61843
      vertex -21.3259 14.25 -7.81828
      vertex -21.3259 10.25 -7.81828
    endloop
  endfacet
  facet normal -0.555566 0 -0.831472
    outer loop
      vertex -21.3259 14.25 -7.81828
      vertex -21.625 10.25 -7.61843
      vertex -21.625 14.25 -7.61843
    endloop
  endfacet
  facet normal 0.442314 0 -0.89686
    outer loop
      vertex -24.375 -14.25 -7.61843
      vertex -24.0524 -10.25 -7.45933
      vertex -24.0524 -14.25 -7.45933
    endloop
  endfacet
  facet normal 0.442314 0 -0.89686
    outer loop
      vertex -24.0524 -10.25 -7.45933
      vertex -24.375 -14.25 -7.61843
      vertex -24.375 -10.25 -7.61843
    endloop
  endfacet
  facet normal 0.442314 0 -0.89686
    outer loop
      vertex -24.375 10.25 -7.61843
      vertex -24.0524 14.25 -7.45933
      vertex -24.0524 10.25 -7.45933
    endloop
  endfacet
  facet normal 0.442314 0 -0.89686
    outer loop
      vertex -24.0524 14.25 -7.45933
      vertex -24.375 10.25 -7.61843
      vertex -24.375 14.25 -7.61843
    endloop
  endfacet
  facet normal -0.946954 0 -0.321369
    outer loop
      vertex -20.3437 -14.25 -9.28825
      vertex -20.4593 -10.25 -8.94762
      vertex -20.3437 -10.25 -9.28825
    endloop
  endfacet
  facet normal -0.946954 -0 -0.321369
    outer loop
      vertex -20.4593 -10.25 -8.94762
      vertex -20.3437 -14.25 -9.28825
      vertex -20.4593 -14.25 -8.94762
    endloop
  endfacet
  facet normal -0.946954 0 -0.321369
    outer loop
      vertex -20.3437 10.25 -9.28825
      vertex -20.4593 14.25 -8.94762
      vertex -20.3437 14.25 -9.28825
    endloop
  endfacet
  facet normal -0.946954 -0 -0.321369
    outer loop
      vertex -20.4593 14.25 -8.94762
      vertex -20.3437 10.25 -9.28825
      vertex -20.4593 10.25 -8.94762
    endloop
  endfacet
  facet normal 0.321469 0 -0.94692
    outer loop
      vertex -24.0524 -14.25 -7.45933
      vertex -23.7118 -10.25 -7.3437
      vertex -23.7118 -14.25 -7.3437
    endloop
  endfacet
  facet normal 0.321469 0 -0.94692
    outer loop
      vertex -23.7118 -10.25 -7.3437
      vertex -24.0524 -14.25 -7.45933
      vertex -24.0524 -10.25 -7.45933
    endloop
  endfacet
  facet normal 0.321469 0 -0.94692
    outer loop
      vertex -24.0524 10.25 -7.45933
      vertex -23.7118 14.25 -7.3437
      vertex -23.7118 10.25 -7.3437
    endloop
  endfacet
  facet normal 0.321469 0 -0.94692
    outer loop
      vertex -23.7118 14.25 -7.3437
      vertex -24.0524 10.25 -7.45933
      vertex -24.0524 14.25 -7.45933
    endloop
  endfacet
  facet normal -0.896871 0 -0.442292
    outer loop
      vertex -20.4593 -14.25 -8.94762
      vertex -20.6184 -10.25 -8.625
      vertex -20.4593 -10.25 -8.94762
    endloop
  endfacet
  facet normal -0.896871 -0 -0.442292
    outer loop
      vertex -20.6184 -10.25 -8.625
      vertex -20.4593 -14.25 -8.94762
      vertex -20.6184 -14.25 -8.625
    endloop
  endfacet
  facet normal -0.896871 0 -0.442292
    outer loop
      vertex -20.4593 10.25 -8.94762
      vertex -20.6184 14.25 -8.625
      vertex -20.4593 14.25 -8.94762
    endloop
  endfacet
  facet normal -0.896871 -0 -0.442292
    outer loop
      vertex -20.6184 14.25 -8.625
      vertex -20.4593 10.25 -8.94762
      vertex -20.6184 10.25 -8.625
    endloop
  endfacet
  facet normal 0.442314 0 0.89686
    outer loop
      vertex -24.375 -10.25 -12.3816
      vertex -24.0524 -14.25 -12.5407
      vertex -24.0524 -10.25 -12.5407
    endloop
  endfacet
  facet normal 0.442314 0 0.89686
    outer loop
      vertex -24.0524 -14.25 -12.5407
      vertex -24.375 -10.25 -12.3816
      vertex -24.375 -14.25 -12.3816
    endloop
  endfacet
  facet normal 0.442314 0 0.89686
    outer loop
      vertex -24.375 14.25 -12.3816
      vertex -24.0524 10.25 -12.5407
      vertex -24.0524 14.25 -12.5407
    endloop
  endfacet
  facet normal 0.442314 0 0.89686
    outer loop
      vertex -24.0524 10.25 -12.5407
      vertex -24.375 14.25 -12.3816
      vertex -24.375 10.25 -12.3816
    endloop
  endfacet
  facet normal -0.555662 0 0.831408
    outer loop
      vertex -21.625 -10.25 -12.3816
      vertex -21.3259 -14.25 -12.1817
      vertex -21.3259 -10.25 -12.1817
    endloop
  endfacet
  facet normal -0.555662 0 0.831408
    outer loop
      vertex -21.3259 -14.25 -12.1817
      vertex -21.625 -10.25 -12.3816
      vertex -21.625 -14.25 -12.3816
    endloop
  endfacet
  facet normal -0.555662 0 0.831408
    outer loop
      vertex -21.625 14.25 -12.3816
      vertex -21.3259 10.25 -12.1817
      vertex -21.3259 14.25 -12.1817
    endloop
  endfacet
  facet normal -0.555662 0 0.831408
    outer loop
      vertex -21.3259 10.25 -12.1817
      vertex -21.625 14.25 -12.3816
      vertex -21.625 10.25 -12.3816
    endloop
  endfacet
  facet normal 0.555662 0 0.831408
    outer loop
      vertex -24.6741 -10.25 -12.1817
      vertex -24.375 -14.25 -12.3816
      vertex -24.375 -10.25 -12.3816
    endloop
  endfacet
  facet normal 0.555662 0 0.831408
    outer loop
      vertex -24.375 -14.25 -12.3816
      vertex -24.6741 -10.25 -12.1817
      vertex -24.6741 -14.25 -12.1817
    endloop
  endfacet
  facet normal 0.555662 0 0.831408
    outer loop
      vertex -24.6741 14.25 -12.1817
      vertex -24.375 10.25 -12.3816
      vertex -24.375 14.25 -12.3816
    endloop
  endfacet
  facet normal 0.555662 0 0.831408
    outer loop
      vertex -24.375 10.25 -12.3816
      vertex -24.6741 14.25 -12.1817
      vertex -24.6741 10.25 -12.1817
    endloop
  endfacet
  facet normal 0.980773 0 -0.195154
    outer loop
      vertex -25.6563 -14.25 -9.28825
      vertex -25.7265 -10.25 -9.64105
      vertex -25.6563 -10.25 -9.28825
    endloop
  endfacet
  facet normal 0.980773 0 -0.195154
    outer loop
      vertex -25.7265 -10.25 -9.64105
      vertex -25.6563 -14.25 -9.28825
      vertex -25.7265 -14.25 -9.64105
    endloop
  endfacet
  facet normal 0.980773 0 -0.195154
    outer loop
      vertex -25.6563 10.25 -9.28825
      vertex -25.7265 14.25 -9.64105
      vertex -25.6563 14.25 -9.28825
    endloop
  endfacet
  facet normal 0.980773 0 -0.195154
    outer loop
      vertex -25.7265 14.25 -9.64105
      vertex -25.6563 10.25 -9.28825
      vertex -25.7265 10.25 -9.64105
    endloop
  endfacet
  facet normal -0.659449 0 0.751749
    outer loop
      vertex -21.3259 -10.25 -12.1817
      vertex -21.0555 -14.25 -11.9445
      vertex -21.0555 -10.25 -11.9445
    endloop
  endfacet
  facet normal -0.659449 0 0.751749
    outer loop
      vertex -21.0555 -14.25 -11.9445
      vertex -21.3259 -10.25 -12.1817
      vertex -21.3259 -14.25 -12.1817
    endloop
  endfacet
  facet normal -0.659449 0 0.751749
    outer loop
      vertex -21.3259 14.25 -12.1817
      vertex -21.0555 10.25 -11.9445
      vertex -21.0555 14.25 -11.9445
    endloop
  endfacet
  facet normal -0.659449 0 0.751749
    outer loop
      vertex -21.0555 10.25 -11.9445
      vertex -21.3259 14.25 -12.1817
      vertex -21.3259 10.25 -12.1817
    endloop
  endfacet
  facet normal -0.75181 0 -0.65938
    outer loop
      vertex -20.8183 -14.25 -8.32591
      vertex -21.0555 -10.25 -8.05546
      vertex -20.8183 -10.25 -8.32591
    endloop
  endfacet
  facet normal -0.75181 -0 -0.65938
    outer loop
      vertex -21.0555 -10.25 -8.05546
      vertex -20.8183 -14.25 -8.32591
      vertex -21.0555 -14.25 -8.05546
    endloop
  endfacet
  facet normal -0.75181 0 -0.65938
    outer loop
      vertex -20.8183 10.25 -8.32591
      vertex -21.0555 14.25 -8.05546
      vertex -20.8183 14.25 -8.32591
    endloop
  endfacet
  facet normal -0.75181 -0 -0.65938
    outer loop
      vertex -21.0555 14.25 -8.05546
      vertex -20.8183 10.25 -8.32591
      vertex -21.0555 10.25 -8.05546
    endloop
  endfacet
  facet normal -0.997863 0 0.0653379
    outer loop
      vertex -20.2735 -14.25 -10.3589
      vertex -20.25 -10.25 -10
      vertex -20.2735 -10.25 -10.3589
    endloop
  endfacet
  facet normal -0.997863 0 0.0653379
    outer loop
      vertex -20.25 -10.25 -10
      vertex -20.2735 -14.25 -10.3589
      vertex -20.25 -14.25 -10
    endloop
  endfacet
  facet normal -0.997863 0 0.0653379
    outer loop
      vertex -20.2735 10.25 -10.3589
      vertex -20.25 14.25 -10
      vertex -20.2735 14.25 -10.3589
    endloop
  endfacet
  facet normal -0.997863 0 0.0653379
    outer loop
      vertex -20.25 14.25 -10
      vertex -20.2735 10.25 -10.3589
      vertex -20.25 10.25 -10
    endloop
  endfacet
  facet normal -0.065421 0 -0.997858
    outer loop
      vertex -23 10.25 -7.25
      vertex -22.6411 14.25 -7.27353
      vertex -22.6411 10.25 -7.27353
    endloop
  endfacet
  facet normal -0.065421 0 -0.997858
    outer loop
      vertex -22.6411 14.25 -7.27353
      vertex -23 10.25 -7.25
      vertex -23 14.25 -7.25
    endloop
  endfacet
  facet normal -0.065421 0 -0.997858
    outer loop
      vertex -23 -14.25 -7.25
      vertex -22.6411 -10.25 -7.27353
      vertex -22.6411 -14.25 -7.27353
    endloop
  endfacet
  facet normal -0.065421 0 -0.997858
    outer loop
      vertex -22.6411 -10.25 -7.27353
      vertex -23 -14.25 -7.25
      vertex -23 -10.25 -7.25
    endloop
  endfacet
  facet normal -0.8314 0 -0.555675
    outer loop
      vertex -20.6184 -14.25 -8.625
      vertex -20.8183 -10.25 -8.32591
      vertex -20.6184 -10.25 -8.625
    endloop
  endfacet
  facet normal -0.8314 -0 -0.555675
    outer loop
      vertex -20.8183 -10.25 -8.32591
      vertex -20.6184 -14.25 -8.625
      vertex -20.8183 -14.25 -8.32591
    endloop
  endfacet
  facet normal -0.8314 0 -0.555675
    outer loop
      vertex -20.6184 10.25 -8.625
      vertex -20.8183 14.25 -8.32591
      vertex -20.6184 14.25 -8.625
    endloop
  endfacet
  facet normal -0.8314 -0 -0.555675
    outer loop
      vertex -20.8183 14.25 -8.32591
      vertex -20.6184 10.25 -8.625
      vertex -20.8183 10.25 -8.32591
    endloop
  endfacet
  facet normal 0.19502 0 -0.980799
    outer loop
      vertex -23.7118 -14.25 -7.3437
      vertex -23.3589 -10.25 -7.27353
      vertex -23.3589 -14.25 -7.27353
    endloop
  endfacet
  facet normal 0.19502 0 -0.980799
    outer loop
      vertex -23.3589 -10.25 -7.27353
      vertex -23.7118 -14.25 -7.3437
      vertex -23.7118 -10.25 -7.3437
    endloop
  endfacet
  facet normal 0.19502 0 -0.980799
    outer loop
      vertex -23.7118 10.25 -7.3437
      vertex -23.3589 14.25 -7.27353
      vertex -23.3589 10.25 -7.27353
    endloop
  endfacet
  facet normal 0.19502 0 -0.980799
    outer loop
      vertex -23.3589 14.25 -7.27353
      vertex -23.7118 10.25 -7.3437
      vertex -23.7118 14.25 -7.3437
    endloop
  endfacet
  facet normal 0.89686 -0 0.442314
    outer loop
      vertex -25.5407 -14.25 -11.0524
      vertex -25.3816 -10.25 -11.375
      vertex -25.5407 -10.25 -11.0524
    endloop
  endfacet
  facet normal 0.89686 0 0.442314
    outer loop
      vertex -25.3816 -10.25 -11.375
      vertex -25.5407 -14.25 -11.0524
      vertex -25.3816 -14.25 -11.375
    endloop
  endfacet
  facet normal 0.89686 -0 0.442314
    outer loop
      vertex -25.5407 10.25 -11.0524
      vertex -25.3816 14.25 -11.375
      vertex -25.5407 14.25 -11.0524
    endloop
  endfacet
  facet normal 0.89686 0 0.442314
    outer loop
      vertex -25.3816 14.25 -11.375
      vertex -25.5407 10.25 -11.0524
      vertex -25.3816 10.25 -11.375
    endloop
  endfacet
  facet normal 0.555566 0 -0.831472
    outer loop
      vertex -24.6741 -14.25 -7.81828
      vertex -24.375 -10.25 -7.61843
      vertex -24.375 -14.25 -7.61843
    endloop
  endfacet
  facet normal 0.555566 0 -0.831472
    outer loop
      vertex -24.375 -10.25 -7.61843
      vertex -24.6741 -14.25 -7.81828
      vertex -24.6741 -10.25 -7.81828
    endloop
  endfacet
  facet normal 0.555566 0 -0.831472
    outer loop
      vertex -24.6741 10.25 -7.81828
      vertex -24.375 14.25 -7.61843
      vertex -24.375 10.25 -7.61843
    endloop
  endfacet
  facet normal 0.555566 0 -0.831472
    outer loop
      vertex -24.375 14.25 -7.61843
      vertex -24.6741 10.25 -7.81828
      vertex -24.6741 14.25 -7.81828
    endloop
  endfacet
  facet normal 0.946954 0 -0.321369
    outer loop
      vertex -25.5407 -14.25 -8.94762
      vertex -25.6563 -10.25 -9.28825
      vertex -25.5407 -10.25 -8.94762
    endloop
  endfacet
  facet normal 0.946954 0 -0.321369
    outer loop
      vertex -25.6563 -10.25 -9.28825
      vertex -25.5407 -14.25 -8.94762
      vertex -25.6563 -14.25 -9.28825
    endloop
  endfacet
  facet normal 0.946954 0 -0.321369
    outer loop
      vertex -25.5407 10.25 -8.94762
      vertex -25.6563 14.25 -9.28825
      vertex -25.5407 14.25 -8.94762
    endloop
  endfacet
  facet normal 0.946954 0 -0.321369
    outer loop
      vertex -25.6563 14.25 -9.28825
      vertex -25.5407 10.25 -8.94762
      vertex -25.6563 10.25 -9.28825
    endloop
  endfacet
  facet normal 0.751749 -0 0.659449
    outer loop
      vertex -25.1817 -14.25 -11.6741
      vertex -24.9445 -10.25 -11.9445
      vertex -25.1817 -10.25 -11.6741
    endloop
  endfacet
  facet normal 0.751749 0 0.659449
    outer loop
      vertex -24.9445 -10.25 -11.9445
      vertex -25.1817 -14.25 -11.6741
      vertex -24.9445 -14.25 -11.9445
    endloop
  endfacet
  facet normal 0.751749 -0 0.659449
    outer loop
      vertex -25.1817 10.25 -11.6741
      vertex -24.9445 14.25 -11.9445
      vertex -25.1817 14.25 -11.6741
    endloop
  endfacet
  facet normal 0.751749 0 0.659449
    outer loop
      vertex -24.9445 14.25 -11.9445
      vertex -25.1817 10.25 -11.6741
      vertex -24.9445 10.25 -11.9445
    endloop
  endfacet
  facet normal 0.065421 0 -0.997858
    outer loop
      vertex -23.3589 10.25 -7.27353
      vertex -23 14.25 -7.25
      vertex -23 10.25 -7.25
    endloop
  endfacet
  facet normal 0.065421 0 -0.997858
    outer loop
      vertex -23 14.25 -7.25
      vertex -23.3589 10.25 -7.27353
      vertex -23.3589 14.25 -7.27353
    endloop
  endfacet
  facet normal 0.065421 0 -0.997858
    outer loop
      vertex -23.3589 -14.25 -7.27353
      vertex -23 -10.25 -7.25
      vertex -23 -14.25 -7.25
    endloop
  endfacet
  facet normal 0.065421 0 -0.997858
    outer loop
      vertex -23 -10.25 -7.25
      vertex -23.3589 -14.25 -7.27353
      vertex -23.3589 -10.25 -7.27353
    endloop
  endfacet
  facet normal -0.751749 0 0.659449
    outer loop
      vertex -21.0555 -14.25 -11.9445
      vertex -20.8183 -10.25 -11.6741
      vertex -21.0555 -10.25 -11.9445
    endloop
  endfacet
  facet normal -0.751749 0 0.659449
    outer loop
      vertex -20.8183 -10.25 -11.6741
      vertex -21.0555 -14.25 -11.9445
      vertex -20.8183 -14.25 -11.6741
    endloop
  endfacet
  facet normal -0.751749 0 0.659449
    outer loop
      vertex -21.0555 10.25 -11.9445
      vertex -20.8183 14.25 -11.6741
      vertex -21.0555 14.25 -11.9445
    endloop
  endfacet
  facet normal -0.751749 0 0.659449
    outer loop
      vertex -20.8183 14.25 -11.6741
      vertex -21.0555 10.25 -11.9445
      vertex -20.8183 10.25 -11.6741
    endloop
  endfacet
  facet normal -0.19502 0 -0.980799
    outer loop
      vertex -22.6411 -14.25 -7.27353
      vertex -22.2882 -10.25 -7.3437
      vertex -22.2882 -14.25 -7.3437
    endloop
  endfacet
  facet normal -0.19502 0 -0.980799
    outer loop
      vertex -22.2882 -10.25 -7.3437
      vertex -22.6411 -14.25 -7.27353
      vertex -22.6411 -10.25 -7.27353
    endloop
  endfacet
  facet normal -0.19502 0 -0.980799
    outer loop
      vertex -22.6411 10.25 -7.27353
      vertex -22.2882 14.25 -7.3437
      vertex -22.2882 10.25 -7.3437
    endloop
  endfacet
  facet normal -0.19502 0 -0.980799
    outer loop
      vertex -22.2882 14.25 -7.3437
      vertex -22.6411 10.25 -7.27353
      vertex -22.6411 14.25 -7.27353
    endloop
  endfacet
  facet normal 0.997863 -0 0.0653379
    outer loop
      vertex -25.75 -14.25 -10
      vertex -25.7265 -10.25 -10.3589
      vertex -25.75 -10.25 -10
    endloop
  endfacet
  facet normal 0.997863 0 0.0653379
    outer loop
      vertex -25.7265 -10.25 -10.3589
      vertex -25.75 -14.25 -10
      vertex -25.7265 -14.25 -10.3589
    endloop
  endfacet
  facet normal 0.997863 -0 0.0653379
    outer loop
      vertex -25.75 10.25 -10
      vertex -25.7265 14.25 -10.3589
      vertex -25.75 14.25 -10
    endloop
  endfacet
  facet normal 0.997863 0 0.0653379
    outer loop
      vertex -25.7265 14.25 -10.3589
      vertex -25.75 10.25 -10
      vertex -25.7265 10.25 -10.3589
    endloop
  endfacet
  facet normal 0.8314 0 -0.555675
    outer loop
      vertex -25.1817 -14.25 -8.32591
      vertex -25.3816 -10.25 -8.625
      vertex -25.1817 -10.25 -8.32591
    endloop
  endfacet
  facet normal 0.8314 0 -0.555675
    outer loop
      vertex -25.3816 -10.25 -8.625
      vertex -25.1817 -14.25 -8.32591
      vertex -25.3816 -14.25 -8.625
    endloop
  endfacet
  facet normal 0.8314 0 -0.555675
    outer loop
      vertex -25.1817 10.25 -8.32591
      vertex -25.3816 14.25 -8.625
      vertex -25.1817 14.25 -8.32591
    endloop
  endfacet
  facet normal 0.8314 0 -0.555675
    outer loop
      vertex -25.3816 14.25 -8.625
      vertex -25.1817 10.25 -8.32591
      vertex -25.3816 10.25 -8.625
    endloop
  endfacet
  facet normal 0.831408 -0 0.555662
    outer loop
      vertex -25.3816 -14.25 -11.375
      vertex -25.1817 -10.25 -11.6741
      vertex -25.3816 -10.25 -11.375
    endloop
  endfacet
  facet normal 0.831408 0 0.555662
    outer loop
      vertex -25.1817 -10.25 -11.6741
      vertex -25.3816 -14.25 -11.375
      vertex -25.1817 -14.25 -11.6741
    endloop
  endfacet
  facet normal 0.831408 -0 0.555662
    outer loop
      vertex -25.3816 10.25 -11.375
      vertex -25.1817 14.25 -11.6741
      vertex -25.3816 14.25 -11.375
    endloop
  endfacet
  facet normal 0.831408 0 0.555662
    outer loop
      vertex -25.1817 14.25 -11.6741
      vertex -25.3816 10.25 -11.375
      vertex -25.1817 10.25 -11.6741
    endloop
  endfacet
  facet normal 0.980783 -0 0.195101
    outer loop
      vertex -25.7265 -14.25 -10.3589
      vertex -25.6563 -10.25 -10.7118
      vertex -25.7265 -10.25 -10.3589
    endloop
  endfacet
  facet normal 0.980783 0 0.195101
    outer loop
      vertex -25.6563 -10.25 -10.7118
      vertex -25.7265 -14.25 -10.3589
      vertex -25.6563 -14.25 -10.7118
    endloop
  endfacet
  facet normal 0.980783 -0 0.195101
    outer loop
      vertex -25.7265 10.25 -10.3589
      vertex -25.6563 14.25 -10.7118
      vertex -25.7265 14.25 -10.3589
    endloop
  endfacet
  facet normal 0.980783 0 0.195101
    outer loop
      vertex -25.6563 14.25 -10.7118
      vertex -25.7265 10.25 -10.3589
      vertex -25.6563 10.25 -10.7118
    endloop
  endfacet
  facet normal 0.195101 0 0.980783
    outer loop
      vertex -23.7118 -10.25 -12.6563
      vertex -23.3589 -14.25 -12.7265
      vertex -23.3589 -10.25 -12.7265
    endloop
  endfacet
  facet normal 0.195101 0 0.980783
    outer loop
      vertex -23.3589 -14.25 -12.7265
      vertex -23.7118 -10.25 -12.6563
      vertex -23.7118 -14.25 -12.6563
    endloop
  endfacet
  facet normal 0.195101 0 0.980783
    outer loop
      vertex -23.7118 14.25 -12.6563
      vertex -23.3589 10.25 -12.7265
      vertex -23.3589 14.25 -12.7265
    endloop
  endfacet
  facet normal 0.195101 0 0.980783
    outer loop
      vertex -23.3589 10.25 -12.7265
      vertex -23.7118 14.25 -12.6563
      vertex -23.7118 10.25 -12.6563
    endloop
  endfacet
  facet normal 0.896871 0 -0.442292
    outer loop
      vertex -25.3816 -14.25 -8.625
      vertex -25.5407 -10.25 -8.94762
      vertex -25.3816 -10.25 -8.625
    endloop
  endfacet
  facet normal 0.896871 0 -0.442292
    outer loop
      vertex -25.5407 -10.25 -8.94762
      vertex -25.3816 -14.25 -8.625
      vertex -25.5407 -14.25 -8.94762
    endloop
  endfacet
  facet normal 0.896871 0 -0.442292
    outer loop
      vertex -25.3816 10.25 -8.625
      vertex -25.5407 14.25 -8.94762
      vertex -25.3816 14.25 -8.625
    endloop
  endfacet
  facet normal 0.896871 0 -0.442292
    outer loop
      vertex -25.5407 14.25 -8.94762
      vertex -25.3816 10.25 -8.625
      vertex -25.5407 10.25 -8.94762
    endloop
  endfacet
  facet normal 0.659449 0 0.751749
    outer loop
      vertex -24.9445 -10.25 -11.9445
      vertex -24.6741 -14.25 -12.1817
      vertex -24.6741 -10.25 -12.1817
    endloop
  endfacet
  facet normal 0.659449 0 0.751749
    outer loop
      vertex -24.6741 -14.25 -12.1817
      vertex -24.9445 -10.25 -11.9445
      vertex -24.9445 -14.25 -11.9445
    endloop
  endfacet
  facet normal 0.659449 0 0.751749
    outer loop
      vertex -24.9445 14.25 -11.9445
      vertex -24.6741 10.25 -12.1817
      vertex -24.6741 14.25 -12.1817
    endloop
  endfacet
  facet normal 0.659449 0 0.751749
    outer loop
      vertex -24.6741 10.25 -12.1817
      vertex -24.9445 14.25 -11.9445
      vertex -24.9445 10.25 -11.9445
    endloop
  endfacet
  facet normal -0.659417 0 -0.751777
    outer loop
      vertex 24.6741 -14.25 -7.81828
      vertex 24.9445 -10.25 -8.05546
      vertex 24.9445 -14.25 -8.05546
    endloop
  endfacet
  facet normal -0.659417 0 -0.751777
    outer loop
      vertex 24.9445 -10.25 -8.05546
      vertex 24.6741 -14.25 -7.81828
      vertex 24.6741 -10.25 -7.81828
    endloop
  endfacet
  facet normal -0.659417 0 -0.751777
    outer loop
      vertex 24.6741 10.25 -7.81828
      vertex 24.9445 14.25 -8.05546
      vertex 24.9445 10.25 -8.05546
    endloop
  endfacet
  facet normal -0.659417 0 -0.751777
    outer loop
      vertex 24.9445 14.25 -8.05546
      vertex 24.6741 10.25 -7.81828
      vertex 24.6741 14.25 -7.81828
    endloop
  endfacet
  facet normal -0.321394 0 0.946945
    outer loop
      vertex 23.7118 -10.25 -12.6563
      vertex 24.0524 -14.25 -12.5407
      vertex 24.0524 -10.25 -12.5407
    endloop
  endfacet
  facet normal -0.321394 0 0.946945
    outer loop
      vertex 24.0524 -14.25 -12.5407
      vertex 23.7118 -10.25 -12.6563
      vertex 23.7118 -14.25 -12.6563
    endloop
  endfacet
  facet normal -0.321394 0 0.946945
    outer loop
      vertex 23.7118 14.25 -12.6563
      vertex 24.0524 10.25 -12.5407
      vertex 24.0524 14.25 -12.5407
    endloop
  endfacet
  facet normal -0.321394 0 0.946945
    outer loop
      vertex 24.0524 10.25 -12.5407
      vertex 23.7118 14.25 -12.6563
      vertex 23.7118 10.25 -12.6563
    endloop
  endfacet
  facet normal -0.980773 0 -0.195154
    outer loop
      vertex 25.7265 -14.25 -9.64105
      vertex 25.6563 -10.25 -9.28825
      vertex 25.7265 -10.25 -9.64105
    endloop
  endfacet
  facet normal -0.980773 -0 -0.195154
    outer loop
      vertex 25.6563 -10.25 -9.28825
      vertex 25.7265 -14.25 -9.64105
      vertex 25.6563 -14.25 -9.28825
    endloop
  endfacet
  facet normal -0.980773 0 -0.195154
    outer loop
      vertex 25.7265 10.25 -9.64105
      vertex 25.6563 14.25 -9.28825
      vertex 25.7265 14.25 -9.64105
    endloop
  endfacet
  facet normal -0.980773 -0 -0.195154
    outer loop
      vertex 25.6563 14.25 -9.28825
      vertex 25.7265 10.25 -9.64105
      vertex 25.6563 10.25 -9.28825
    endloop
  endfacet
  facet normal -0.997864 0 -0.0653289
    outer loop
      vertex 25.75 -14.25 -10
      vertex 25.7265 -10.25 -9.64105
      vertex 25.75 -10.25 -10
    endloop
  endfacet
  facet normal -0.997864 -0 -0.0653289
    outer loop
      vertex 25.7265 -10.25 -9.64105
      vertex 25.75 -14.25 -10
      vertex 25.7265 -14.25 -9.64105
    endloop
  endfacet
  facet normal -0.997864 0 -0.0653289
    outer loop
      vertex 25.75 10.25 -10
      vertex 25.7265 14.25 -9.64105
      vertex 25.75 14.25 -10
    endloop
  endfacet
  facet normal -0.997864 -0 -0.0653289
    outer loop
      vertex 25.7265 14.25 -9.64105
      vertex 25.75 10.25 -10
      vertex 25.7265 10.25 -9.64105
    endloop
  endfacet
  facet normal -0.946954 0 -0.321369
    outer loop
      vertex 25.6563 -14.25 -9.28825
      vertex 25.5407 -10.25 -8.94762
      vertex 25.6563 -10.25 -9.28825
    endloop
  endfacet
  facet normal -0.946954 -0 -0.321369
    outer loop
      vertex 25.5407 -10.25 -8.94762
      vertex 25.6563 -14.25 -9.28825
      vertex 25.5407 -14.25 -8.94762
    endloop
  endfacet
  facet normal -0.946954 0 -0.321369
    outer loop
      vertex 25.6563 10.25 -9.28825
      vertex 25.5407 14.25 -8.94762
      vertex 25.6563 14.25 -9.28825
    endloop
  endfacet
  facet normal -0.946954 -0 -0.321369
    outer loop
      vertex 25.5407 14.25 -8.94762
      vertex 25.6563 10.25 -9.28825
      vertex 25.5407 10.25 -8.94762
    endloop
  endfacet
  facet normal -0.321469 0 -0.94692
    outer loop
      vertex 23.7118 -14.25 -7.3437
      vertex 24.0524 -10.25 -7.45933
      vertex 24.0524 -14.25 -7.45933
    endloop
  endfacet
  facet normal -0.321469 0 -0.94692
    outer loop
      vertex 24.0524 -10.25 -7.45933
      vertex 23.7118 -14.25 -7.3437
      vertex 23.7118 -10.25 -7.3437
    endloop
  endfacet
  facet normal -0.321469 0 -0.94692
    outer loop
      vertex 23.7118 10.25 -7.3437
      vertex 24.0524 14.25 -7.45933
      vertex 24.0524 10.25 -7.45933
    endloop
  endfacet
  facet normal -0.321469 0 -0.94692
    outer loop
      vertex 24.0524 14.25 -7.45933
      vertex 23.7118 10.25 -7.3437
      vertex 23.7118 14.25 -7.3437
    endloop
  endfacet
  facet normal 0.980783 -0 0.195101
    outer loop
      vertex 20.2735 -14.25 -10.3589
      vertex 20.3437 -10.25 -10.7118
      vertex 20.2735 -10.25 -10.3589
    endloop
  endfacet
  facet normal 0.980783 0 0.195101
    outer loop
      vertex 20.3437 -10.25 -10.7118
      vertex 20.2735 -14.25 -10.3589
      vertex 20.3437 -14.25 -10.7118
    endloop
  endfacet
  facet normal 0.980783 -0 0.195101
    outer loop
      vertex 20.2735 10.25 -10.3589
      vertex 20.3437 14.25 -10.7118
      vertex 20.2735 14.25 -10.3589
    endloop
  endfacet
  facet normal 0.980783 0 0.195101
    outer loop
      vertex 20.3437 14.25 -10.7118
      vertex 20.2735 10.25 -10.3589
      vertex 20.3437 10.25 -10.7118
    endloop
  endfacet
  facet normal 0.751749 -0 0.659449
    outer loop
      vertex 20.8183 -14.25 -11.6741
      vertex 21.0555 -10.25 -11.9445
      vertex 20.8183 -10.25 -11.6741
    endloop
  endfacet
  facet normal 0.751749 0 0.659449
    outer loop
      vertex 21.0555 -10.25 -11.9445
      vertex 20.8183 -14.25 -11.6741
      vertex 21.0555 -14.25 -11.9445
    endloop
  endfacet
  facet normal 0.751749 -0 0.659449
    outer loop
      vertex 20.8183 10.25 -11.6741
      vertex 21.0555 14.25 -11.9445
      vertex 20.8183 14.25 -11.6741
    endloop
  endfacet
  facet normal 0.751749 0 0.659449
    outer loop
      vertex 21.0555 14.25 -11.9445
      vertex 20.8183 10.25 -11.6741
      vertex 21.0555 10.25 -11.9445
    endloop
  endfacet
  facet normal 0.89686 -0 0.442314
    outer loop
      vertex 20.4593 -14.25 -11.0524
      vertex 20.6184 -10.25 -11.375
      vertex 20.4593 -10.25 -11.0524
    endloop
  endfacet
  facet normal 0.89686 0 0.442314
    outer loop
      vertex 20.6184 -10.25 -11.375
      vertex 20.4593 -14.25 -11.0524
      vertex 20.6184 -14.25 -11.375
    endloop
  endfacet
  facet normal 0.89686 -0 0.442314
    outer loop
      vertex 20.4593 10.25 -11.0524
      vertex 20.6184 14.25 -11.375
      vertex 20.4593 14.25 -11.0524
    endloop
  endfacet
  facet normal 0.89686 0 0.442314
    outer loop
      vertex 20.6184 14.25 -11.375
      vertex 20.4593 10.25 -11.0524
      vertex 20.6184 10.25 -11.375
    endloop
  endfacet
  facet normal -0.8314 0 -0.555675
    outer loop
      vertex 25.3816 -14.25 -8.625
      vertex 25.1817 -10.25 -8.32591
      vertex 25.3816 -10.25 -8.625
    endloop
  endfacet
  facet normal -0.8314 -0 -0.555675
    outer loop
      vertex 25.1817 -10.25 -8.32591
      vertex 25.3816 -14.25 -8.625
      vertex 25.1817 -14.25 -8.32591
    endloop
  endfacet
  facet normal -0.8314 0 -0.555675
    outer loop
      vertex 25.3816 10.25 -8.625
      vertex 25.1817 14.25 -8.32591
      vertex 25.3816 14.25 -8.625
    endloop
  endfacet
  facet normal -0.8314 -0 -0.555675
    outer loop
      vertex 25.1817 14.25 -8.32591
      vertex 25.3816 10.25 -8.625
      vertex 25.1817 10.25 -8.32591
    endloop
  endfacet
  facet normal -0.442314 0 0.89686
    outer loop
      vertex 24.0524 -10.25 -12.5407
      vertex 24.375 -14.25 -12.3816
      vertex 24.375 -10.25 -12.3816
    endloop
  endfacet
  facet normal -0.442314 0 0.89686
    outer loop
      vertex 24.375 -14.25 -12.3816
      vertex 24.0524 -10.25 -12.5407
      vertex 24.0524 -14.25 -12.5407
    endloop
  endfacet
  facet normal -0.442314 0 0.89686
    outer loop
      vertex 24.0524 14.25 -12.5407
      vertex 24.375 10.25 -12.3816
      vertex 24.375 14.25 -12.3816
    endloop
  endfacet
  facet normal -0.442314 0 0.89686
    outer loop
      vertex 24.375 10.25 -12.3816
      vertex 24.0524 14.25 -12.5407
      vertex 24.0524 10.25 -12.5407
    endloop
  endfacet
  facet normal 0.997864 0 -0.0653289
    outer loop
      vertex 20.2735 -14.25 -9.64105
      vertex 20.25 -10.25 -10
      vertex 20.2735 -10.25 -9.64105
    endloop
  endfacet
  facet normal 0.997864 0 -0.0653289
    outer loop
      vertex 20.25 -10.25 -10
      vertex 20.2735 -14.25 -9.64105
      vertex 20.25 -14.25 -10
    endloop
  endfacet
  facet normal 0.997864 0 -0.0653289
    outer loop
      vertex 20.2735 10.25 -9.64105
      vertex 20.25 14.25 -10
      vertex 20.2735 14.25 -9.64105
    endloop
  endfacet
  facet normal 0.997864 0 -0.0653289
    outer loop
      vertex 20.25 14.25 -10
      vertex 20.2735 10.25 -9.64105
      vertex 20.25 10.25 -10
    endloop
  endfacet
  facet normal -0.946945 0 0.321394
    outer loop
      vertex 25.5407 -14.25 -11.0524
      vertex 25.6563 -10.25 -10.7118
      vertex 25.5407 -10.25 -11.0524
    endloop
  endfacet
  facet normal -0.946945 0 0.321394
    outer loop
      vertex 25.6563 -10.25 -10.7118
      vertex 25.5407 -14.25 -11.0524
      vertex 25.6563 -14.25 -10.7118
    endloop
  endfacet
  facet normal -0.946945 0 0.321394
    outer loop
      vertex 25.5407 10.25 -11.0524
      vertex 25.6563 14.25 -10.7118
      vertex 25.5407 14.25 -11.0524
    endloop
  endfacet
  facet normal -0.946945 0 0.321394
    outer loop
      vertex 25.6563 14.25 -10.7118
      vertex 25.5407 10.25 -11.0524
      vertex 25.6563 10.25 -10.7118
    endloop
  endfacet
  facet normal 0.980773 0 -0.195154
    outer loop
      vertex 20.3437 -14.25 -9.28825
      vertex 20.2735 -10.25 -9.64105
      vertex 20.3437 -10.25 -9.28825
    endloop
  endfacet
  facet normal 0.980773 0 -0.195154
    outer loop
      vertex 20.2735 -10.25 -9.64105
      vertex 20.3437 -14.25 -9.28825
      vertex 20.2735 -14.25 -9.64105
    endloop
  endfacet
  facet normal 0.980773 0 -0.195154
    outer loop
      vertex 20.3437 10.25 -9.28825
      vertex 20.2735 14.25 -9.64105
      vertex 20.3437 14.25 -9.28825
    endloop
  endfacet
  facet normal 0.980773 0 -0.195154
    outer loop
      vertex 20.2735 14.25 -9.64105
      vertex 20.3437 10.25 -9.28825
      vertex 20.2735 10.25 -9.64105
    endloop
  endfacet
  facet normal -0.065421 0 -0.997858
    outer loop
      vertex 23 -14.25 -7.25
      vertex 23.3589 -10.25 -7.27353
      vertex 23.3589 -14.25 -7.27353
    endloop
  endfacet
  facet normal -0.065421 0 -0.997858
    outer loop
      vertex 23.3589 -10.25 -7.27353
      vertex 23 -14.25 -7.25
      vertex 23 -10.25 -7.25
    endloop
  endfacet
  facet normal -0.065421 0 -0.997858
    outer loop
      vertex 23 10.25 -7.25
      vertex 23.3589 14.25 -7.27353
      vertex 23.3589 10.25 -7.27353
    endloop
  endfacet
  facet normal -0.065421 0 -0.997858
    outer loop
      vertex 23.3589 14.25 -7.27353
      vertex 23 10.25 -7.25
      vertex 23 14.25 -7.25
    endloop
  endfacet
  facet normal -0.555662 0 0.831408
    outer loop
      vertex 24.375 -10.25 -12.3816
      vertex 24.6741 -14.25 -12.1817
      vertex 24.6741 -10.25 -12.1817
    endloop
  endfacet
  facet normal -0.555662 0 0.831408
    outer loop
      vertex 24.6741 -14.25 -12.1817
      vertex 24.375 -10.25 -12.3816
      vertex 24.375 -14.25 -12.3816
    endloop
  endfacet
  facet normal -0.555662 0 0.831408
    outer loop
      vertex 24.375 14.25 -12.3816
      vertex 24.6741 10.25 -12.1817
      vertex 24.6741 14.25 -12.1817
    endloop
  endfacet
  facet normal -0.555662 0 0.831408
    outer loop
      vertex 24.6741 10.25 -12.1817
      vertex 24.375 14.25 -12.3816
      vertex 24.375 10.25 -12.3816
    endloop
  endfacet
  facet normal 0.19502 0 -0.980799
    outer loop
      vertex 22.2882 -14.25 -7.3437
      vertex 22.6411 -10.25 -7.27353
      vertex 22.6411 -14.25 -7.27353
    endloop
  endfacet
  facet normal 0.19502 0 -0.980799
    outer loop
      vertex 22.6411 -10.25 -7.27353
      vertex 22.2882 -14.25 -7.3437
      vertex 22.2882 -10.25 -7.3437
    endloop
  endfacet
  facet normal 0.19502 0 -0.980799
    outer loop
      vertex 22.2882 10.25 -7.3437
      vertex 22.6411 14.25 -7.27353
      vertex 22.6411 10.25 -7.27353
    endloop
  endfacet
  facet normal 0.19502 0 -0.980799
    outer loop
      vertex 22.6411 14.25 -7.27353
      vertex 22.2882 10.25 -7.3437
      vertex 22.2882 14.25 -7.3437
    endloop
  endfacet
  facet normal 0.75181 0 -0.65938
    outer loop
      vertex 21.0555 -14.25 -8.05546
      vertex 20.8183 -10.25 -8.32591
      vertex 21.0555 -10.25 -8.05546
    endloop
  endfacet
  facet normal 0.75181 0 -0.65938
    outer loop
      vertex 20.8183 -10.25 -8.32591
      vertex 21.0555 -14.25 -8.05546
      vertex 20.8183 -14.25 -8.32591
    endloop
  endfacet
  facet normal 0.75181 0 -0.65938
    outer loop
      vertex 21.0555 10.25 -8.05546
      vertex 20.8183 14.25 -8.32591
      vertex 21.0555 14.25 -8.05546
    endloop
  endfacet
  facet normal 0.75181 0 -0.65938
    outer loop
      vertex 20.8183 14.25 -8.32591
      vertex 21.0555 10.25 -8.05546
      vertex 20.8183 10.25 -8.32591
    endloop
  endfacet
  facet normal 0.321394 0 0.946945
    outer loop
      vertex 21.9476 -10.25 -12.5407
      vertex 22.2882 -14.25 -12.6563
      vertex 22.2882 -10.25 -12.6563
    endloop
  endfacet
  facet normal 0.321394 0 0.946945
    outer loop
      vertex 22.2882 -14.25 -12.6563
      vertex 21.9476 -10.25 -12.5407
      vertex 21.9476 -14.25 -12.5407
    endloop
  endfacet
  facet normal 0.321394 0 0.946945
    outer loop
      vertex 21.9476 14.25 -12.5407
      vertex 22.2882 10.25 -12.6563
      vertex 22.2882 14.25 -12.6563
    endloop
  endfacet
  facet normal 0.321394 0 0.946945
    outer loop
      vertex 22.2882 10.25 -12.6563
      vertex 21.9476 14.25 -12.5407
      vertex 21.9476 10.25 -12.5407
    endloop
  endfacet
  facet normal -0.751749 0 0.659449
    outer loop
      vertex 24.9445 -14.25 -11.9445
      vertex 25.1817 -10.25 -11.6741
      vertex 24.9445 -10.25 -11.9445
    endloop
  endfacet
  facet normal -0.751749 0 0.659449
    outer loop
      vertex 25.1817 -10.25 -11.6741
      vertex 24.9445 -14.25 -11.9445
      vertex 25.1817 -14.25 -11.6741
    endloop
  endfacet
  facet normal -0.751749 0 0.659449
    outer loop
      vertex 24.9445 10.25 -11.9445
      vertex 25.1817 14.25 -11.6741
      vertex 24.9445 14.25 -11.9445
    endloop
  endfacet
  facet normal -0.751749 0 0.659449
    outer loop
      vertex 25.1817 14.25 -11.6741
      vertex 24.9445 10.25 -11.9445
      vertex 25.1817 10.25 -11.6741
    endloop
  endfacet
  facet normal -0.89686 0 0.442314
    outer loop
      vertex 25.3816 -14.25 -11.375
      vertex 25.5407 -10.25 -11.0524
      vertex 25.3816 -10.25 -11.375
    endloop
  endfacet
  facet normal -0.89686 0 0.442314
    outer loop
      vertex 25.5407 -10.25 -11.0524
      vertex 25.3816 -14.25 -11.375
      vertex 25.5407 -14.25 -11.0524
    endloop
  endfacet
  facet normal -0.89686 0 0.442314
    outer loop
      vertex 25.3816 10.25 -11.375
      vertex 25.5407 14.25 -11.0524
      vertex 25.3816 14.25 -11.375
    endloop
  endfacet
  facet normal -0.89686 0 0.442314
    outer loop
      vertex 25.5407 14.25 -11.0524
      vertex 25.3816 10.25 -11.375
      vertex 25.5407 10.25 -11.0524
    endloop
  endfacet
  facet normal 0.065421 0 -0.997858
    outer loop
      vertex 22.6411 -14.25 -7.27353
      vertex 23 -10.25 -7.25
      vertex 23 -14.25 -7.25
    endloop
  endfacet
  facet normal 0.065421 0 -0.997858
    outer loop
      vertex 23 -10.25 -7.25
      vertex 22.6411 -14.25 -7.27353
      vertex 22.6411 -10.25 -7.27353
    endloop
  endfacet
  facet normal 0.065421 0 -0.997858
    outer loop
      vertex 22.6411 10.25 -7.27353
      vertex 23 14.25 -7.25
      vertex 23 10.25 -7.25
    endloop
  endfacet
  facet normal 0.065421 0 -0.997858
    outer loop
      vertex 23 14.25 -7.25
      vertex 22.6411 10.25 -7.27353
      vertex 22.6411 14.25 -7.27353
    endloop
  endfacet
  facet normal 0.442314 0 -0.89686
    outer loop
      vertex 21.625 -14.25 -7.61843
      vertex 21.9476 -10.25 -7.45933
      vertex 21.9476 -14.25 -7.45933
    endloop
  endfacet
  facet normal 0.442314 0 -0.89686
    outer loop
      vertex 21.9476 -10.25 -7.45933
      vertex 21.625 -14.25 -7.61843
      vertex 21.625 -10.25 -7.61843
    endloop
  endfacet
  facet normal 0.442314 0 -0.89686
    outer loop
      vertex 21.625 10.25 -7.61843
      vertex 21.9476 14.25 -7.45933
      vertex 21.9476 10.25 -7.45933
    endloop
  endfacet
  facet normal 0.442314 0 -0.89686
    outer loop
      vertex 21.9476 14.25 -7.45933
      vertex 21.625 10.25 -7.61843
      vertex 21.625 14.25 -7.61843
    endloop
  endfacet
  facet normal -0.896871 0 -0.442292
    outer loop
      vertex 25.5407 -14.25 -8.94762
      vertex 25.3816 -10.25 -8.625
      vertex 25.5407 -10.25 -8.94762
    endloop
  endfacet
  facet normal -0.896871 -0 -0.442292
    outer loop
      vertex 25.3816 -10.25 -8.625
      vertex 25.5407 -14.25 -8.94762
      vertex 25.3816 -14.25 -8.625
    endloop
  endfacet
  facet normal -0.896871 0 -0.442292
    outer loop
      vertex 25.5407 10.25 -8.94762
      vertex 25.3816 14.25 -8.625
      vertex 25.5407 14.25 -8.94762
    endloop
  endfacet
  facet normal -0.896871 -0 -0.442292
    outer loop
      vertex 25.3816 14.25 -8.625
      vertex 25.5407 10.25 -8.94762
      vertex 25.3816 10.25 -8.625
    endloop
  endfacet
  facet normal -0.659449 0 0.751749
    outer loop
      vertex 24.6741 -10.25 -12.1817
      vertex 24.9445 -14.25 -11.9445
      vertex 24.9445 -10.25 -11.9445
    endloop
  endfacet
  facet normal -0.659449 0 0.751749
    outer loop
      vertex 24.9445 -14.25 -11.9445
      vertex 24.6741 -10.25 -12.1817
      vertex 24.6741 -14.25 -12.1817
    endloop
  endfacet
  facet normal -0.659449 0 0.751749
    outer loop
      vertex 24.6741 14.25 -12.1817
      vertex 24.9445 10.25 -11.9445
      vertex 24.9445 14.25 -11.9445
    endloop
  endfacet
  facet normal -0.659449 0 0.751749
    outer loop
      vertex 24.9445 10.25 -11.9445
      vertex 24.6741 14.25 -12.1817
      vertex 24.6741 10.25 -12.1817
    endloop
  endfacet
  facet normal -0.980783 0 0.195101
    outer loop
      vertex 25.6563 -14.25 -10.7118
      vertex 25.7265 -10.25 -10.3589
      vertex 25.6563 -10.25 -10.7118
    endloop
  endfacet
  facet normal -0.980783 0 0.195101
    outer loop
      vertex 25.7265 -10.25 -10.3589
      vertex 25.6563 -14.25 -10.7118
      vertex 25.7265 -14.25 -10.3589
    endloop
  endfacet
  facet normal -0.980783 0 0.195101
    outer loop
      vertex 25.6563 10.25 -10.7118
      vertex 25.7265 14.25 -10.3589
      vertex 25.6563 14.25 -10.7118
    endloop
  endfacet
  facet normal -0.980783 0 0.195101
    outer loop
      vertex 25.7265 14.25 -10.3589
      vertex 25.6563 10.25 -10.7118
      vertex 25.7265 10.25 -10.3589
    endloop
  endfacet
  facet normal 0.442314 0 0.89686
    outer loop
      vertex 21.625 -10.25 -12.3816
      vertex 21.9476 -14.25 -12.5407
      vertex 21.9476 -10.25 -12.5407
    endloop
  endfacet
  facet normal 0.442314 0 0.89686
    outer loop
      vertex 21.9476 -14.25 -12.5407
      vertex 21.625 -10.25 -12.3816
      vertex 21.625 -14.25 -12.3816
    endloop
  endfacet
  facet normal 0.442314 0 0.89686
    outer loop
      vertex 21.625 14.25 -12.3816
      vertex 21.9476 10.25 -12.5407
      vertex 21.9476 14.25 -12.5407
    endloop
  endfacet
  facet normal 0.442314 0 0.89686
    outer loop
      vertex 21.9476 10.25 -12.5407
      vertex 21.625 14.25 -12.3816
      vertex 21.625 10.25 -12.3816
    endloop
  endfacet
  facet normal 0.195101 0 0.980783
    outer loop
      vertex 22.2882 -10.25 -12.6563
      vertex 22.6411 -14.25 -12.7265
      vertex 22.6411 -10.25 -12.7265
    endloop
  endfacet
  facet normal 0.195101 0 0.980783
    outer loop
      vertex 22.6411 -14.25 -12.7265
      vertex 22.2882 -10.25 -12.6563
      vertex 22.2882 -14.25 -12.6563
    endloop
  endfacet
  facet normal 0.195101 0 0.980783
    outer loop
      vertex 22.2882 14.25 -12.6563
      vertex 22.6411 10.25 -12.7265
      vertex 22.6411 14.25 -12.7265
    endloop
  endfacet
  facet normal 0.195101 0 0.980783
    outer loop
      vertex 22.6411 10.25 -12.7265
      vertex 22.2882 14.25 -12.6563
      vertex 22.2882 10.25 -12.6563
    endloop
  endfacet
  facet normal -0.831408 0 0.555662
    outer loop
      vertex 25.1817 -14.25 -11.6741
      vertex 25.3816 -10.25 -11.375
      vertex 25.1817 -10.25 -11.6741
    endloop
  endfacet
  facet normal -0.831408 0 0.555662
    outer loop
      vertex 25.3816 -10.25 -11.375
      vertex 25.1817 -14.25 -11.6741
      vertex 25.3816 -14.25 -11.375
    endloop
  endfacet
  facet normal -0.831408 0 0.555662
    outer loop
      vertex 25.1817 10.25 -11.6741
      vertex 25.3816 14.25 -11.375
      vertex 25.1817 14.25 -11.6741
    endloop
  endfacet
  facet normal -0.831408 0 0.555662
    outer loop
      vertex 25.3816 14.25 -11.375
      vertex 25.1817 10.25 -11.6741
      vertex 25.3816 10.25 -11.375
    endloop
  endfacet
  facet normal -0.442314 0 -0.89686
    outer loop
      vertex 24.0524 -14.25 -7.45933
      vertex 24.375 -10.25 -7.61843
      vertex 24.375 -14.25 -7.61843
    endloop
  endfacet
  facet normal -0.442314 0 -0.89686
    outer loop
      vertex 24.375 -10.25 -7.61843
      vertex 24.0524 -14.25 -7.45933
      vertex 24.0524 -10.25 -7.45933
    endloop
  endfacet
  facet normal -0.442314 0 -0.89686
    outer loop
      vertex 24.0524 10.25 -7.45933
      vertex 24.375 14.25 -7.61843
      vertex 24.375 10.25 -7.61843
    endloop
  endfacet
  facet normal -0.442314 0 -0.89686
    outer loop
      vertex 24.375 14.25 -7.61843
      vertex 24.0524 10.25 -7.45933
      vertex 24.0524 14.25 -7.45933
    endloop
  endfacet
  facet normal 0.946954 0 -0.321369
    outer loop
      vertex 20.4593 -14.25 -8.94762
      vertex 20.3437 -10.25 -9.28825
      vertex 20.4593 -10.25 -8.94762
    endloop
  endfacet
  facet normal 0.946954 0 -0.321369
    outer loop
      vertex 20.3437 -10.25 -9.28825
      vertex 20.4593 -14.25 -8.94762
      vertex 20.3437 -14.25 -9.28825
    endloop
  endfacet
  facet normal 0.946954 0 -0.321369
    outer loop
      vertex 20.4593 10.25 -8.94762
      vertex 20.3437 14.25 -9.28825
      vertex 20.4593 14.25 -8.94762
    endloop
  endfacet
  facet normal 0.946954 0 -0.321369
    outer loop
      vertex 20.3437 14.25 -9.28825
      vertex 20.4593 10.25 -8.94762
      vertex 20.3437 10.25 -9.28825
    endloop
  endfacet
  facet normal 0.321469 0 -0.94692
    outer loop
      vertex 21.9476 -14.25 -7.45933
      vertex 22.2882 -10.25 -7.3437
      vertex 22.2882 -14.25 -7.3437
    endloop
  endfacet
  facet normal 0.321469 0 -0.94692
    outer loop
      vertex 22.2882 -10.25 -7.3437
      vertex 21.9476 -14.25 -7.45933
      vertex 21.9476 -10.25 -7.45933
    endloop
  endfacet
  facet normal 0.321469 0 -0.94692
    outer loop
      vertex 21.9476 10.25 -7.45933
      vertex 22.2882 14.25 -7.3437
      vertex 22.2882 10.25 -7.3437
    endloop
  endfacet
  facet normal 0.321469 0 -0.94692
    outer loop
      vertex 22.2882 14.25 -7.3437
      vertex 21.9476 10.25 -7.45933
      vertex 21.9476 14.25 -7.45933
    endloop
  endfacet
  facet normal 0.659417 0 -0.751777
    outer loop
      vertex 21.0555 -14.25 -8.05546
      vertex 21.3259 -10.25 -7.81828
      vertex 21.3259 -14.25 -7.81828
    endloop
  endfacet
  facet normal 0.659417 0 -0.751777
    outer loop
      vertex 21.3259 -10.25 -7.81828
      vertex 21.0555 -14.25 -8.05546
      vertex 21.0555 -10.25 -8.05546
    endloop
  endfacet
  facet normal 0.659417 0 -0.751777
    outer loop
      vertex 21.0555 10.25 -8.05546
      vertex 21.3259 14.25 -7.81828
      vertex 21.3259 10.25 -7.81828
    endloop
  endfacet
  facet normal 0.659417 0 -0.751777
    outer loop
      vertex 21.3259 14.25 -7.81828
      vertex 21.0555 10.25 -8.05546
      vertex 21.0555 14.25 -8.05546
    endloop
  endfacet
  facet normal -0.0653379 0 0.997863
    outer loop
      vertex 23 -10.25 -12.75
      vertex 23.3589 -14.25 -12.7265
      vertex 23.3589 -10.25 -12.7265
    endloop
  endfacet
  facet normal -0.0653379 0 0.997863
    outer loop
      vertex 23.3589 -14.25 -12.7265
      vertex 23 -10.25 -12.75
      vertex 23 -14.25 -12.75
    endloop
  endfacet
  facet normal -0.0653379 0 0.997863
    outer loop
      vertex 23 14.25 -12.75
      vertex 23.3589 10.25 -12.7265
      vertex 23.3589 14.25 -12.7265
    endloop
  endfacet
  facet normal -0.0653379 0 0.997863
    outer loop
      vertex 23.3589 10.25 -12.7265
      vertex 23 14.25 -12.75
      vertex 23 10.25 -12.75
    endloop
  endfacet
  facet normal -0.997863 0 0.0653379
    outer loop
      vertex 25.7265 -14.25 -10.3589
      vertex 25.75 -10.25 -10
      vertex 25.7265 -10.25 -10.3589
    endloop
  endfacet
  facet normal -0.997863 0 0.0653379
    outer loop
      vertex 25.75 -10.25 -10
      vertex 25.7265 -14.25 -10.3589
      vertex 25.75 -14.25 -10
    endloop
  endfacet
  facet normal -0.997863 0 0.0653379
    outer loop
      vertex 25.7265 10.25 -10.3589
      vertex 25.75 14.25 -10
      vertex 25.7265 14.25 -10.3589
    endloop
  endfacet
  facet normal -0.997863 0 0.0653379
    outer loop
      vertex 25.75 14.25 -10
      vertex 25.7265 10.25 -10.3589
      vertex 25.75 10.25 -10
    endloop
  endfacet
  facet normal -0.195101 0 0.980783
    outer loop
      vertex 23.3589 -10.25 -12.7265
      vertex 23.7118 -14.25 -12.6563
      vertex 23.7118 -10.25 -12.6563
    endloop
  endfacet
  facet normal -0.195101 0 0.980783
    outer loop
      vertex 23.7118 -14.25 -12.6563
      vertex 23.3589 -10.25 -12.7265
      vertex 23.3589 -14.25 -12.7265
    endloop
  endfacet
  facet normal -0.195101 0 0.980783
    outer loop
      vertex 23.3589 14.25 -12.7265
      vertex 23.7118 10.25 -12.6563
      vertex 23.7118 14.25 -12.6563
    endloop
  endfacet
  facet normal -0.195101 0 0.980783
    outer loop
      vertex 23.7118 10.25 -12.6563
      vertex 23.3589 14.25 -12.7265
      vertex 23.3589 10.25 -12.7265
    endloop
  endfacet
  facet normal -0.555566 0 -0.831472
    outer loop
      vertex 24.375 -14.25 -7.61843
      vertex 24.6741 -10.25 -7.81828
      vertex 24.6741 -14.25 -7.81828
    endloop
  endfacet
  facet normal -0.555566 0 -0.831472
    outer loop
      vertex 24.6741 -10.25 -7.81828
      vertex 24.375 -14.25 -7.61843
      vertex 24.375 -10.25 -7.61843
    endloop
  endfacet
  facet normal -0.555566 0 -0.831472
    outer loop
      vertex 24.375 10.25 -7.61843
      vertex 24.6741 14.25 -7.81828
      vertex 24.6741 10.25 -7.81828
    endloop
  endfacet
  facet normal -0.555566 0 -0.831472
    outer loop
      vertex 24.6741 14.25 -7.81828
      vertex 24.375 10.25 -7.61843
      vertex 24.375 14.25 -7.61843
    endloop
  endfacet
  facet normal 0.997863 -0 0.0653379
    outer loop
      vertex 20.25 -14.25 -10
      vertex 20.2735 -10.25 -10.3589
      vertex 20.25 -10.25 -10
    endloop
  endfacet
  facet normal 0.997863 0 0.0653379
    outer loop
      vertex 20.2735 -10.25 -10.3589
      vertex 20.25 -14.25 -10
      vertex 20.2735 -14.25 -10.3589
    endloop
  endfacet
  facet normal 0.997863 -0 0.0653379
    outer loop
      vertex 20.25 10.25 -10
      vertex 20.2735 14.25 -10.3589
      vertex 20.25 14.25 -10
    endloop
  endfacet
  facet normal 0.997863 0 0.0653379
    outer loop
      vertex 20.2735 14.25 -10.3589
      vertex 20.25 10.25 -10
      vertex 20.2735 10.25 -10.3589
    endloop
  endfacet
  facet normal -0.75181 0 -0.65938
    outer loop
      vertex 25.1817 -14.25 -8.32591
      vertex 24.9445 -10.25 -8.05546
      vertex 25.1817 -10.25 -8.32591
    endloop
  endfacet
  facet normal -0.75181 -0 -0.65938
    outer loop
      vertex 24.9445 -10.25 -8.05546
      vertex 25.1817 -14.25 -8.32591
      vertex 24.9445 -14.25 -8.05546
    endloop
  endfacet
  facet normal -0.75181 0 -0.65938
    outer loop
      vertex 25.1817 10.25 -8.32591
      vertex 24.9445 14.25 -8.05546
      vertex 25.1817 14.25 -8.32591
    endloop
  endfacet
  facet normal -0.75181 -0 -0.65938
    outer loop
      vertex 24.9445 14.25 -8.05546
      vertex 25.1817 10.25 -8.32591
      vertex 24.9445 10.25 -8.05546
    endloop
  endfacet
  facet normal -0.19502 0 -0.980799
    outer loop
      vertex 23.3589 -14.25 -7.27353
      vertex 23.7118 -10.25 -7.3437
      vertex 23.7118 -14.25 -7.3437
    endloop
  endfacet
  facet normal -0.19502 0 -0.980799
    outer loop
      vertex 23.7118 -10.25 -7.3437
      vertex 23.3589 -14.25 -7.27353
      vertex 23.3589 -10.25 -7.27353
    endloop
  endfacet
  facet normal -0.19502 0 -0.980799
    outer loop
      vertex 23.3589 10.25 -7.27353
      vertex 23.7118 14.25 -7.3437
      vertex 23.7118 10.25 -7.3437
    endloop
  endfacet
  facet normal -0.19502 0 -0.980799
    outer loop
      vertex 23.7118 14.25 -7.3437
      vertex 23.3589 10.25 -7.27353
      vertex 23.3589 14.25 -7.27353
    endloop
  endfacet
  facet normal 0.8314 0 -0.555675
    outer loop
      vertex 20.8183 -14.25 -8.32591
      vertex 20.6184 -10.25 -8.625
      vertex 20.8183 -10.25 -8.32591
    endloop
  endfacet
  facet normal 0.8314 0 -0.555675
    outer loop
      vertex 20.6184 -10.25 -8.625
      vertex 20.8183 -14.25 -8.32591
      vertex 20.6184 -14.25 -8.625
    endloop
  endfacet
  facet normal 0.8314 0 -0.555675
    outer loop
      vertex 20.8183 10.25 -8.32591
      vertex 20.6184 14.25 -8.625
      vertex 20.8183 14.25 -8.32591
    endloop
  endfacet
  facet normal 0.8314 0 -0.555675
    outer loop
      vertex 20.6184 14.25 -8.625
      vertex 20.8183 10.25 -8.32591
      vertex 20.6184 10.25 -8.625
    endloop
  endfacet
  facet normal 0.946945 -0 0.321394
    outer loop
      vertex 20.3437 -14.25 -10.7118
      vertex 20.4593 -10.25 -11.0524
      vertex 20.3437 -10.25 -10.7118
    endloop
  endfacet
  facet normal 0.946945 0 0.321394
    outer loop
      vertex 20.4593 -10.25 -11.0524
      vertex 20.3437 -14.25 -10.7118
      vertex 20.4593 -14.25 -11.0524
    endloop
  endfacet
  facet normal 0.946945 -0 0.321394
    outer loop
      vertex 20.3437 10.25 -10.7118
      vertex 20.4593 14.25 -11.0524
      vertex 20.3437 14.25 -10.7118
    endloop
  endfacet
  facet normal 0.946945 0 0.321394
    outer loop
      vertex 20.4593 14.25 -11.0524
      vertex 20.3437 10.25 -10.7118
      vertex 20.4593 10.25 -11.0524
    endloop
  endfacet
  facet normal 0.659449 0 0.751749
    outer loop
      vertex 21.0555 -10.25 -11.9445
      vertex 21.3259 -14.25 -12.1817
      vertex 21.3259 -10.25 -12.1817
    endloop
  endfacet
  facet normal 0.659449 0 0.751749
    outer loop
      vertex 21.3259 -14.25 -12.1817
      vertex 21.0555 -10.25 -11.9445
      vertex 21.0555 -14.25 -11.9445
    endloop
  endfacet
  facet normal 0.659449 0 0.751749
    outer loop
      vertex 21.0555 14.25 -11.9445
      vertex 21.3259 10.25 -12.1817
      vertex 21.3259 14.25 -12.1817
    endloop
  endfacet
  facet normal 0.659449 0 0.751749
    outer loop
      vertex 21.3259 10.25 -12.1817
      vertex 21.0555 14.25 -11.9445
      vertex 21.0555 10.25 -11.9445
    endloop
  endfacet
  facet normal 0.555566 0 -0.831472
    outer loop
      vertex 21.3259 -14.25 -7.81828
      vertex 21.625 -10.25 -7.61843
      vertex 21.625 -14.25 -7.61843
    endloop
  endfacet
  facet normal 0.555566 0 -0.831472
    outer loop
      vertex 21.625 -10.25 -7.61843
      vertex 21.3259 -14.25 -7.81828
      vertex 21.3259 -10.25 -7.81828
    endloop
  endfacet
  facet normal 0.555566 0 -0.831472
    outer loop
      vertex 21.3259 10.25 -7.81828
      vertex 21.625 14.25 -7.61843
      vertex 21.625 10.25 -7.61843
    endloop
  endfacet
  facet normal 0.555566 0 -0.831472
    outer loop
      vertex 21.625 14.25 -7.61843
      vertex 21.3259 10.25 -7.81828
      vertex 21.3259 14.25 -7.81828
    endloop
  endfacet
  facet normal 0.555662 0 0.831408
    outer loop
      vertex 21.3259 -10.25 -12.1817
      vertex 21.625 -14.25 -12.3816
      vertex 21.625 -10.25 -12.3816
    endloop
  endfacet
  facet normal 0.555662 0 0.831408
    outer loop
      vertex 21.625 -14.25 -12.3816
      vertex 21.3259 -10.25 -12.1817
      vertex 21.3259 -14.25 -12.1817
    endloop
  endfacet
  facet normal 0.555662 0 0.831408
    outer loop
      vertex 21.3259 14.25 -12.1817
      vertex 21.625 10.25 -12.3816
      vertex 21.625 14.25 -12.3816
    endloop
  endfacet
  facet normal 0.555662 0 0.831408
    outer loop
      vertex 21.625 10.25 -12.3816
      vertex 21.3259 14.25 -12.1817
      vertex 21.3259 10.25 -12.1817
    endloop
  endfacet
  facet normal 0.831408 -0 0.555662
    outer loop
      vertex 20.6184 -14.25 -11.375
      vertex 20.8183 -10.25 -11.6741
      vertex 20.6184 -10.25 -11.375
    endloop
  endfacet
  facet normal 0.831408 0 0.555662
    outer loop
      vertex 20.8183 -10.25 -11.6741
      vertex 20.6184 -14.25 -11.375
      vertex 20.8183 -14.25 -11.6741
    endloop
  endfacet
  facet normal 0.831408 -0 0.555662
    outer loop
      vertex 20.6184 10.25 -11.375
      vertex 20.8183 14.25 -11.6741
      vertex 20.6184 14.25 -11.375
    endloop
  endfacet
  facet normal 0.831408 0 0.555662
    outer loop
      vertex 20.8183 14.25 -11.6741
      vertex 20.6184 10.25 -11.375
      vertex 20.8183 10.25 -11.6741
    endloop
  endfacet
  facet normal 0.0653379 0 0.997863
    outer loop
      vertex 22.6411 -10.25 -12.7265
      vertex 23 -14.25 -12.75
      vertex 23 -10.25 -12.75
    endloop
  endfacet
  facet normal 0.0653379 0 0.997863
    outer loop
      vertex 23 -14.25 -12.75
      vertex 22.6411 -10.25 -12.7265
      vertex 22.6411 -14.25 -12.7265
    endloop
  endfacet
  facet normal 0.0653379 0 0.997863
    outer loop
      vertex 22.6411 14.25 -12.7265
      vertex 23 10.25 -12.75
      vertex 23 14.25 -12.75
    endloop
  endfacet
  facet normal 0.0653379 0 0.997863
    outer loop
      vertex 23 10.25 -12.75
      vertex 22.6411 14.25 -12.7265
      vertex 22.6411 10.25 -12.7265
    endloop
  endfacet
  facet normal 0.896871 0 -0.442292
    outer loop
      vertex 20.6184 -14.25 -8.625
      vertex 20.4593 -10.25 -8.94762
      vertex 20.6184 -10.25 -8.625
    endloop
  endfacet
  facet normal 0.896871 0 -0.442292
    outer loop
      vertex 20.4593 -10.25 -8.94762
      vertex 20.6184 -14.25 -8.625
      vertex 20.4593 -14.25 -8.94762
    endloop
  endfacet
  facet normal 0.896871 0 -0.442292
    outer loop
      vertex 20.6184 10.25 -8.625
      vertex 20.4593 14.25 -8.94762
      vertex 20.6184 14.25 -8.625
    endloop
  endfacet
  facet normal 0.896871 0 -0.442292
    outer loop
      vertex 20.4593 14.25 -8.94762
      vertex 20.6184 10.25 -8.625
      vertex 20.4593 10.25 -8.94762
    endloop
  endfacet
  facet normal 0 0.831472 -0.555566
    outer loop
      vertex -10.25 3.98239 19.739
      vertex -14.25 4.18224 20.0381
      vertex -10.25 4.18224 20.0381
    endloop
  endfacet
  facet normal 0 0.831472 -0.555566
    outer loop
      vertex -14.25 4.18224 20.0381
      vertex -10.25 3.98239 19.739
      vertex -14.25 3.98239 19.739
    endloop
  endfacet
  facet normal 0 0.831472 -0.555566
    outer loop
      vertex 14.25 3.98239 19.739
      vertex 10.25 4.18224 20.0381
      vertex 14.25 4.18224 20.0381
    endloop
  endfacet
  facet normal 0 0.831472 -0.555566
    outer loop
      vertex 10.25 4.18224 20.0381
      vertex 14.25 3.98239 19.739
      vertex 10.25 3.98239 19.739
    endloop
  endfacet
  facet normal 0 0.751777 -0.659417
    outer loop
      vertex -10.25 4.18224 20.0381
      vertex -14.25 4.41942 20.3085
      vertex -10.25 4.41942 20.3085
    endloop
  endfacet
  facet normal 0 0.751777 -0.659417
    outer loop
      vertex -14.25 4.41942 20.3085
      vertex -10.25 4.18224 20.0381
      vertex -14.25 4.18224 20.0381
    endloop
  endfacet
  facet normal 0 0.751777 -0.659417
    outer loop
      vertex 14.25 4.18224 20.0381
      vertex 10.25 4.41942 20.3085
      vertex 14.25 4.41942 20.3085
    endloop
  endfacet
  facet normal 0 0.751777 -0.659417
    outer loop
      vertex 10.25 4.41942 20.3085
      vertex 14.25 4.18224 20.0381
      vertex 10.25 4.18224 20.0381
    endloop
  endfacet
  facet normal 0 0.896915 -0.442204
    outer loop
      vertex -10.25 3.82329 19.4163
      vertex -14.25 3.98239 19.739
      vertex -10.25 3.98239 19.739
    endloop
  endfacet
  facet normal 0 0.896915 -0.442204
    outer loop
      vertex -14.25 3.98239 19.739
      vertex -10.25 3.82329 19.4163
      vertex -14.25 3.82329 19.4163
    endloop
  endfacet
  facet normal 0 0.896915 -0.442204
    outer loop
      vertex 14.25 3.82329 19.4163
      vertex 10.25 3.98239 19.739
      vertex 14.25 3.98239 19.739
    endloop
  endfacet
  facet normal 0 0.896915 -0.442204
    outer loop
      vertex 10.25 3.98239 19.739
      vertex 14.25 3.82329 19.4163
      vertex 10.25 3.82329 19.4163
    endloop
  endfacet
  facet normal 0 -0.751912 0.659264
    outer loop
      vertex 10.25 8.30851 16.4194
      vertex 14.25 8.54568 16.6899
      vertex 10.25 8.54568 16.6899
    endloop
  endfacet
  facet normal 0 -0.751912 0.659264
    outer loop
      vertex 14.25 8.54568 16.6899
      vertex 10.25 8.30851 16.4194
      vertex 14.25 8.30851 16.4194
    endloop
  endfacet
  facet normal 0 -0.751912 0.659264
    outer loop
      vertex -14.25 8.30851 16.4194
      vertex -10.25 8.54568 16.6899
      vertex -14.25 8.54568 16.6899
    endloop
  endfacet
  facet normal 0 -0.751912 0.659264
    outer loop
      vertex -10.25 8.54568 16.6899
      vertex -14.25 8.30851 16.4194
      vertex -10.25 8.30851 16.4194
    endloop
  endfacet
  facet normal 0 0.321618 -0.946869
    outer loop
      vertex 10.25 5.31158 20.9046
      vertex 14.25 5.65221 21.0203
      vertex 14.25 5.31158 20.9046
    endloop
  endfacet
  facet normal 0 0.321618 -0.946869
    outer loop
      vertex 14.25 5.65221 21.0203
      vertex 10.25 5.31158 20.9046
      vertex 10.25 5.65221 21.0203
    endloop
  endfacet
  facet normal 0 0.321618 -0.946869
    outer loop
      vertex -14.25 5.31158 20.9046
      vertex -10.25 5.65221 21.0203
      vertex -10.25 5.31158 20.9046
    endloop
  endfacet
  facet normal 0 0.321618 -0.946869
    outer loop
      vertex -10.25 5.65221 21.0203
      vertex -14.25 5.31158 20.9046
      vertex -14.25 5.65221 21.0203
    endloop
  endfacet
  facet normal 0 -0.980789 -0.195074
    outer loop
      vertex 10.25 9.09043 18.7229
      vertex 14.25 9.02026 19.0757
      vertex 10.25 9.02026 19.0757
    endloop
  endfacet
  facet normal 0 -0.980789 -0.195074
    outer loop
      vertex 14.25 9.02026 19.0757
      vertex 10.25 9.09043 18.7229
      vertex 14.25 9.09043 18.7229
    endloop
  endfacet
  facet normal 0 -0.980789 -0.195074
    outer loop
      vertex -14.25 9.09043 18.7229
      vertex -10.25 9.02026 19.0757
      vertex -14.25 9.02026 19.0757
    endloop
  endfacet
  facet normal 0 -0.980789 -0.195074
    outer loop
      vertex -10.25 9.02026 19.0757
      vertex -14.25 9.09043 18.7229
      vertex -10.25 9.09043 18.7229
    endloop
  endfacet
  facet normal 0 -0.659366 0.751822
    outer loop
      vertex 10.25 8.30851 16.4194
      vertex 14.25 8.03805 16.1822
      vertex 14.25 8.30851 16.4194
    endloop
  endfacet
  facet normal 0 -0.659366 0.751822
    outer loop
      vertex 14.25 8.03805 16.1822
      vertex 10.25 8.30851 16.4194
      vertex 10.25 8.03805 16.1822
    endloop
  endfacet
  facet normal 0 -0.659366 0.751822
    outer loop
      vertex -14.25 8.30851 16.4194
      vertex -10.25 8.03805 16.1822
      vertex -10.25 8.30851 16.4194
    endloop
  endfacet
  facet normal 0 -0.659366 0.751822
    outer loop
      vertex -10.25 8.03805 16.1822
      vertex -14.25 8.30851 16.4194
      vertex -14.25 8.03805 16.1822
    endloop
  endfacet
  facet normal 0 -0.659366 -0.751822
    outer loop
      vertex 10.25 8.03805 20.5457
      vertex 14.25 8.30851 20.3085
      vertex 14.25 8.03805 20.5457
    endloop
  endfacet
  facet normal -0 -0.659366 -0.751822
    outer loop
      vertex 14.25 8.30851 20.3085
      vertex 10.25 8.03805 20.5457
      vertex 10.25 8.30851 20.3085
    endloop
  endfacet
  facet normal 0 -0.659366 -0.751822
    outer loop
      vertex -14.25 8.03805 20.5457
      vertex -10.25 8.30851 20.3085
      vertex -10.25 8.03805 20.5457
    endloop
  endfacet
  facet normal -0 -0.659366 -0.751822
    outer loop
      vertex -10.25 8.30851 20.3085
      vertex -14.25 8.03805 20.5457
      vertex -14.25 8.30851 20.3085
    endloop
  endfacet
  facet normal 0 0.442292 -0.896871
    outer loop
      vertex 10.25 4.98896 20.7455
      vertex 14.25 5.31158 20.9046
      vertex 14.25 4.98896 20.7455
    endloop
  endfacet
  facet normal 0 0.442292 -0.896871
    outer loop
      vertex 14.25 5.31158 20.9046
      vertex 10.25 4.98896 20.7455
      vertex 10.25 5.31158 20.9046
    endloop
  endfacet
  facet normal 0 0.442292 -0.896871
    outer loop
      vertex -14.25 4.98896 20.7455
      vertex -10.25 5.31158 20.9046
      vertex -10.25 4.98896 20.7455
    endloop
  endfacet
  facet normal 0 0.442292 -0.896871
    outer loop
      vertex -10.25 5.31158 20.9046
      vertex -14.25 4.98896 20.7455
      vertex -14.25 5.31158 20.9046
    endloop
  endfacet
  facet normal 0 -0.0653289 0.997864
    outer loop
      vertex -14.25 6.72291 15.6375
      vertex -10.25 6.36396 15.614
      vertex -10.25 6.72291 15.6375
    endloop
  endfacet
  facet normal 0 -0.0653289 0.997864
    outer loop
      vertex -10.25 6.36396 15.614
      vertex -14.25 6.72291 15.6375
      vertex -14.25 6.36396 15.614
    endloop
  endfacet
  facet normal 0 -0.0653289 0.997864
    outer loop
      vertex 10.25 6.72291 15.6375
      vertex 14.25 6.36396 15.614
      vertex 14.25 6.72291 15.6375
    endloop
  endfacet
  facet normal 0 -0.0653289 0.997864
    outer loop
      vertex 14.25 6.36396 15.614
      vertex 10.25 6.72291 15.6375
      vertex 10.25 6.36396 15.614
    endloop
  endfacet
  facet normal -0 0.555483 0.831528
    outer loop
      vertex 10.25 4.98896 15.9824
      vertex 14.25 4.68987 16.1822
      vertex 14.25 4.98896 15.9824
    endloop
  endfacet
  facet normal 0 0.555483 0.831528
    outer loop
      vertex 14.25 4.68987 16.1822
      vertex 10.25 4.98896 15.9824
      vertex 10.25 4.68987 16.1822
    endloop
  endfacet
  facet normal -0 0.555483 0.831528
    outer loop
      vertex -14.25 4.98896 15.9824
      vertex -10.25 4.68987 16.1822
      vertex -10.25 4.98896 15.9824
    endloop
  endfacet
  facet normal 0 0.555483 0.831528
    outer loop
      vertex -10.25 4.68987 16.1822
      vertex -14.25 4.98896 15.9824
      vertex -14.25 4.68987 16.1822
    endloop
  endfacet
  facet normal 0 0.89686 0.442314
    outer loop
      vertex -10.25 3.98239 16.989
      vertex -14.25 3.82329 17.3116
      vertex -10.25 3.82329 17.3116
    endloop
  endfacet
  facet normal 0 0.89686 0.442314
    outer loop
      vertex -14.25 3.82329 17.3116
      vertex -10.25 3.98239 16.989
      vertex -14.25 3.98239 16.989
    endloop
  endfacet
  facet normal 0 0.89686 0.442314
    outer loop
      vertex 14.25 3.98239 16.989
      vertex 10.25 3.82329 17.3116
      vertex 14.25 3.82329 17.3116
    endloop
  endfacet
  facet normal 0 0.89686 0.442314
    outer loop
      vertex 10.25 3.82329 17.3116
      vertex 14.25 3.98239 16.989
      vertex 10.25 3.98239 16.989
    endloop
  endfacet
  facet normal 0 -0.442292 0.896871
    outer loop
      vertex -14.25 7.73896 15.9824
      vertex -10.25 7.41634 15.8233
      vertex -10.25 7.73896 15.9824
    endloop
  endfacet
  facet normal 0 -0.442292 0.896871
    outer loop
      vertex -10.25 7.41634 15.8233
      vertex -14.25 7.73896 15.9824
      vertex -14.25 7.41634 15.8233
    endloop
  endfacet
  facet normal 0 -0.442292 0.896871
    outer loop
      vertex 10.25 7.73896 15.9824
      vertex 14.25 7.41634 15.8233
      vertex 14.25 7.73896 15.9824
    endloop
  endfacet
  facet normal 0 -0.442292 0.896871
    outer loop
      vertex 14.25 7.41634 15.8233
      vertex 10.25 7.73896 15.9824
      vertex 10.25 7.41634 15.8233
    endloop
  endfacet
  facet normal 0 -0.751791 -0.659402
    outer loop
      vertex 10.25 8.54568 20.0381
      vertex 14.25 8.30851 20.3085
      vertex 10.25 8.30851 20.3085
    endloop
  endfacet
  facet normal 0 -0.751791 -0.659402
    outer loop
      vertex 14.25 8.30851 20.3085
      vertex 10.25 8.54568 20.0381
      vertex 14.25 8.54568 20.0381
    endloop
  endfacet
  facet normal 0 -0.751791 -0.659402
    outer loop
      vertex -14.25 8.54568 20.0381
      vertex -10.25 8.30851 20.3085
      vertex -14.25 8.30851 20.3085
    endloop
  endfacet
  facet normal 0 -0.751791 -0.659402
    outer loop
      vertex -10.25 8.30851 20.3085
      vertex -14.25 8.54568 20.0381
      vertex -10.25 8.54568 20.0381
    endloop
  endfacet
  facet normal 0 -0.442292 -0.896871
    outer loop
      vertex -14.25 7.41634 20.9046
      vertex -10.25 7.73896 20.7455
      vertex -10.25 7.41634 20.9046
    endloop
  endfacet
  facet normal -0 -0.442292 -0.896871
    outer loop
      vertex -10.25 7.73896 20.7455
      vertex -14.25 7.41634 20.9046
      vertex -14.25 7.73896 20.7455
    endloop
  endfacet
  facet normal 0 -0.442292 -0.896871
    outer loop
      vertex 10.25 7.41634 20.9046
      vertex 14.25 7.73896 20.7455
      vertex 14.25 7.41634 20.9046
    endloop
  endfacet
  facet normal -0 -0.442292 -0.896871
    outer loop
      vertex 14.25 7.73896 20.7455
      vertex 10.25 7.41634 20.9046
      vertex 10.25 7.73896 20.7455
    endloop
  endfacet
  facet normal -0 0.321369 0.946954
    outer loop
      vertex -14.25 5.65221 15.7077
      vertex -10.25 5.31158 15.8233
      vertex -10.25 5.65221 15.7077
    endloop
  endfacet
  facet normal 0 0.321369 0.946954
    outer loop
      vertex -10.25 5.31158 15.8233
      vertex -14.25 5.65221 15.7077
      vertex -14.25 5.31158 15.8233
    endloop
  endfacet
  facet normal -0 0.321369 0.946954
    outer loop
      vertex 10.25 5.65221 15.7077
      vertex 14.25 5.31158 15.8233
      vertex 14.25 5.65221 15.7077
    endloop
  endfacet
  facet normal 0 0.321369 0.946954
    outer loop
      vertex 14.25 5.31158 15.8233
      vertex 10.25 5.65221 15.7077
      vertex 10.25 5.31158 15.8233
    endloop
  endfacet
  facet normal 0 -0.555483 0.831528
    outer loop
      vertex 10.25 8.03805 16.1822
      vertex 14.25 7.73896 15.9824
      vertex 14.25 8.03805 16.1822
    endloop
  endfacet
  facet normal 0 -0.555483 0.831528
    outer loop
      vertex 14.25 7.73896 15.9824
      vertex 10.25 8.03805 16.1822
      vertex 10.25 7.73896 15.9824
    endloop
  endfacet
  facet normal 0 -0.555483 0.831528
    outer loop
      vertex -14.25 8.03805 16.1822
      vertex -10.25 7.73896 15.9824
      vertex -10.25 8.03805 16.1822
    endloop
  endfacet
  facet normal 0 -0.555483 0.831528
    outer loop
      vertex -10.25 7.73896 15.9824
      vertex -14.25 8.03805 16.1822
      vertex -14.25 7.73896 15.9824
    endloop
  endfacet
  facet normal 0 -0.321618 -0.946869
    outer loop
      vertex -14.25 7.07571 21.0203
      vertex -10.25 7.41634 20.9046
      vertex -10.25 7.07571 21.0203
    endloop
  endfacet
  facet normal -0 -0.321618 -0.946869
    outer loop
      vertex -10.25 7.41634 20.9046
      vertex -14.25 7.07571 21.0203
      vertex -14.25 7.41634 20.9046
    endloop
  endfacet
  facet normal 0 -0.321618 -0.946869
    outer loop
      vertex 10.25 7.07571 21.0203
      vertex 14.25 7.41634 20.9046
      vertex 14.25 7.07571 21.0203
    endloop
  endfacet
  facet normal -0 -0.321618 -0.946869
    outer loop
      vertex 14.25 7.41634 20.9046
      vertex 10.25 7.07571 21.0203
      vertex 10.25 7.41634 20.9046
    endloop
  endfacet
  facet normal 0 -0.980789 0.195074
    outer loop
      vertex -14.25 9.02026 17.6522
      vertex -10.25 9.09043 18.005
      vertex -14.25 9.09043 18.005
    endloop
  endfacet
  facet normal 0 -0.980789 0.195074
    outer loop
      vertex -10.25 9.09043 18.005
      vertex -14.25 9.02026 17.6522
      vertex -10.25 9.02026 17.6522
    endloop
  endfacet
  facet normal 0 -0.980789 0.195074
    outer loop
      vertex 10.25 9.02026 17.6522
      vertex 14.25 9.09043 18.005
      vertex 10.25 9.09043 18.005
    endloop
  endfacet
  facet normal 0 -0.980789 0.195074
    outer loop
      vertex 14.25 9.09043 18.005
      vertex 10.25 9.02026 17.6522
      vertex 14.25 9.02026 17.6522
    endloop
  endfacet
  facet normal 0 -0.321369 0.946954
    outer loop
      vertex -14.25 7.41634 15.8233
      vertex -10.25 7.07571 15.7077
      vertex -10.25 7.41634 15.8233
    endloop
  endfacet
  facet normal 0 -0.321369 0.946954
    outer loop
      vertex -10.25 7.07571 15.7077
      vertex -14.25 7.41634 15.8233
      vertex -14.25 7.07571 15.7077
    endloop
  endfacet
  facet normal 0 -0.321369 0.946954
    outer loop
      vertex 10.25 7.41634 15.8233
      vertex 14.25 7.07571 15.7077
      vertex 14.25 7.41634 15.8233
    endloop
  endfacet
  facet normal 0 -0.321369 0.946954
    outer loop
      vertex 14.25 7.07571 15.7077
      vertex 10.25 7.41634 15.8233
      vertex 10.25 7.07571 15.7077
    endloop
  endfacet
  facet normal 0 0.946929 -0.321444
    outer loop
      vertex -10.25 3.70767 19.0757
      vertex -14.25 3.82329 19.4163
      vertex -10.25 3.82329 19.4163
    endloop
  endfacet
  facet normal 0 0.946929 -0.321444
    outer loop
      vertex -14.25 3.82329 19.4163
      vertex -10.25 3.70767 19.0757
      vertex -14.25 3.70767 19.0757
    endloop
  endfacet
  facet normal 0 0.946929 -0.321444
    outer loop
      vertex 14.25 3.70767 19.0757
      vertex 10.25 3.82329 19.4163
      vertex 14.25 3.82329 19.4163
    endloop
  endfacet
  facet normal 0 0.946929 -0.321444
    outer loop
      vertex 10.25 3.82329 19.4163
      vertex 14.25 3.70767 19.0757
      vertex 10.25 3.70767 19.0757
    endloop
  endfacet
  facet normal 0 0.751898 0.65928
    outer loop
      vertex 14.25 4.41942 16.4194
      vertex 10.25 4.18224 16.6899
      vertex 14.25 4.18224 16.6899
    endloop
  endfacet
  facet normal 0 0.751898 0.65928
    outer loop
      vertex 10.25 4.18224 16.6899
      vertex 14.25 4.41942 16.4194
      vertex 10.25 4.41942 16.4194
    endloop
  endfacet
  facet normal 0 0.751898 0.65928
    outer loop
      vertex -10.25 4.41942 16.4194
      vertex -14.25 4.18224 16.6899
      vertex -10.25 4.18224 16.6899
    endloop
  endfacet
  facet normal 0 0.751898 0.65928
    outer loop
      vertex -14.25 4.18224 16.6899
      vertex -10.25 4.41942 16.4194
      vertex -14.25 4.41942 16.4194
    endloop
  endfacet
  facet normal -0 0.195154 0.980773
    outer loop
      vertex 10.25 6.00501 15.6375
      vertex 14.25 5.65221 15.7077
      vertex 14.25 6.00501 15.6375
    endloop
  endfacet
  facet normal 0 0.195154 0.980773
    outer loop
      vertex 14.25 5.65221 15.7077
      vertex 10.25 6.00501 15.6375
      vertex 10.25 5.65221 15.7077
    endloop
  endfacet
  facet normal -0 0.195154 0.980773
    outer loop
      vertex -14.25 6.00501 15.6375
      vertex -10.25 5.65221 15.7077
      vertex -10.25 6.00501 15.6375
    endloop
  endfacet
  facet normal 0 0.195154 0.980773
    outer loop
      vertex -10.25 5.65221 15.7077
      vertex -14.25 6.00501 15.6375
      vertex -14.25 5.65221 15.7077
    endloop
  endfacet
  facet normal 0 0.94692 0.321469
    outer loop
      vertex -10.25 3.82329 17.3116
      vertex -14.25 3.70766 17.6522
      vertex -10.25 3.70766 17.6522
    endloop
  endfacet
  facet normal 0 0.94692 0.321469
    outer loop
      vertex -14.25 3.70766 17.6522
      vertex -10.25 3.82329 17.3116
      vertex -14.25 3.82329 17.3116
    endloop
  endfacet
  facet normal 0 0.94692 0.321469
    outer loop
      vertex 14.25 3.82329 17.3116
      vertex 10.25 3.70766 17.6522
      vertex 14.25 3.70766 17.6522
    endloop
  endfacet
  facet normal 0 0.94692 0.321469
    outer loop
      vertex 10.25 3.70766 17.6522
      vertex 14.25 3.82329 17.3116
      vertex 10.25 3.82329 17.3116
    endloop
  endfacet
  facet normal 0 -0.555483 -0.831528
    outer loop
      vertex 10.25 7.73896 20.7455
      vertex 14.25 8.03805 20.5457
      vertex 14.25 7.73896 20.7455
    endloop
  endfacet
  facet normal -0 -0.555483 -0.831528
    outer loop
      vertex 14.25 8.03805 20.5457
      vertex 10.25 7.73896 20.7455
      vertex 10.25 8.03805 20.5457
    endloop
  endfacet
  facet normal 0 -0.555483 -0.831528
    outer loop
      vertex -14.25 7.73896 20.7455
      vertex -10.25 8.03805 20.5457
      vertex -10.25 7.73896 20.7455
    endloop
  endfacet
  facet normal -0 -0.555483 -0.831528
    outer loop
      vertex -10.25 8.03805 20.5457
      vertex -14.25 7.73896 20.7455
      vertex -14.25 8.03805 20.5457
    endloop
  endfacet
  facet normal 0 0.0656057 -0.997846
    outer loop
      vertex -14.25 6.00501 21.0904
      vertex -10.25 6.36396 21.114
      vertex -10.25 6.00501 21.0904
    endloop
  endfacet
  facet normal 0 0.0656057 -0.997846
    outer loop
      vertex -10.25 6.36396 21.114
      vertex -14.25 6.00501 21.0904
      vertex -14.25 6.36396 21.114
    endloop
  endfacet
  facet normal 0 0.0656057 -0.997846
    outer loop
      vertex 10.25 6.00501 21.0904
      vertex 14.25 6.36396 21.114
      vertex 14.25 6.00501 21.0904
    endloop
  endfacet
  facet normal 0 0.0656057 -0.997846
    outer loop
      vertex 14.25 6.36396 21.114
      vertex 10.25 6.00501 21.0904
      vertex 10.25 6.36396 21.114
    endloop
  endfacet
  facet normal 0 -0.94692 -0.321469
    outer loop
      vertex -14.25 9.02026 19.0757
      vertex -10.25 8.90463 19.4163
      vertex -14.25 8.90463 19.4163
    endloop
  endfacet
  facet normal 0 -0.94692 -0.321469
    outer loop
      vertex -10.25 8.90463 19.4163
      vertex -14.25 9.02026 19.0757
      vertex -10.25 9.02026 19.0757
    endloop
  endfacet
  facet normal 0 -0.94692 -0.321469
    outer loop
      vertex 10.25 9.02026 19.0757
      vertex 14.25 8.90463 19.4163
      vertex 10.25 8.90463 19.4163
    endloop
  endfacet
  facet normal 0 -0.94692 -0.321469
    outer loop
      vertex 14.25 8.90463 19.4163
      vertex 10.25 9.02026 19.0757
      vertex 14.25 9.02026 19.0757
    endloop
  endfacet
  facet normal 0 0.555483 -0.831528
    outer loop
      vertex -14.25 4.68987 20.5457
      vertex -10.25 4.98896 20.7455
      vertex -10.25 4.68987 20.5457
    endloop
  endfacet
  facet normal 0 0.555483 -0.831528
    outer loop
      vertex -10.25 4.98896 20.7455
      vertex -14.25 4.68987 20.5457
      vertex -14.25 4.98896 20.7455
    endloop
  endfacet
  facet normal 0 0.555483 -0.831528
    outer loop
      vertex 10.25 4.68987 20.5457
      vertex 14.25 4.98896 20.7455
      vertex 14.25 4.68987 20.5457
    endloop
  endfacet
  facet normal 0 0.555483 -0.831528
    outer loop
      vertex 14.25 4.98896 20.7455
      vertex 10.25 4.68987 20.5457
      vertex 10.25 4.98896 20.7455
    endloop
  endfacet
  facet normal 0 0.997859 0.0654028
    outer loop
      vertex -10.25 3.63749 18.005
      vertex -14.25 3.61396 18.364
      vertex -10.25 3.61396 18.364
    endloop
  endfacet
  facet normal 0 0.997859 0.0654028
    outer loop
      vertex -14.25 3.61396 18.364
      vertex -10.25 3.63749 18.005
      vertex -14.25 3.63749 18.005
    endloop
  endfacet
  facet normal 0 0.997859 0.0654028
    outer loop
      vertex 14.25 3.63749 18.005
      vertex 10.25 3.61396 18.364
      vertex 14.25 3.61396 18.364
    endloop
  endfacet
  facet normal 0 0.997859 0.0654028
    outer loop
      vertex 10.25 3.61396 18.364
      vertex 14.25 3.63749 18.005
      vertex 10.25 3.63749 18.005
    endloop
  endfacet
  facet normal 0 0.65938 -0.75181
    outer loop
      vertex 10.25 4.41942 20.3085
      vertex 14.25 4.68987 20.5457
      vertex 14.25 4.41942 20.3085
    endloop
  endfacet
  facet normal 0 0.65938 -0.75181
    outer loop
      vertex 14.25 4.68987 20.5457
      vertex 10.25 4.41942 20.3085
      vertex 10.25 4.68987 20.5457
    endloop
  endfacet
  facet normal 0 0.65938 -0.75181
    outer loop
      vertex -14.25 4.41942 20.3085
      vertex -10.25 4.68987 20.5457
      vertex -10.25 4.41942 20.3085
    endloop
  endfacet
  facet normal 0 0.65938 -0.75181
    outer loop
      vertex -10.25 4.68987 20.5457
      vertex -14.25 4.41942 20.3085
      vertex -14.25 4.68987 20.5457
    endloop
  endfacet
  facet normal 0 0.831472 0.555566
    outer loop
      vertex -10.25 4.18224 16.6899
      vertex -14.25 3.98239 16.989
      vertex -10.25 3.98239 16.989
    endloop
  endfacet
  facet normal 0 0.831472 0.555566
    outer loop
      vertex -14.25 3.98239 16.989
      vertex -10.25 4.18224 16.6899
      vertex -14.25 4.18224 16.6899
    endloop
  endfacet
  facet normal 0 0.831472 0.555566
    outer loop
      vertex 14.25 4.18224 16.6899
      vertex 10.25 3.98239 16.989
      vertex 14.25 3.98239 16.989
    endloop
  endfacet
  facet normal 0 0.831472 0.555566
    outer loop
      vertex 10.25 3.98239 16.989
      vertex 14.25 4.18224 16.6899
      vertex 10.25 4.18224 16.6899
    endloop
  endfacet
  facet normal 0 -0.831472 -0.555566
    outer loop
      vertex -14.25 8.74553 19.739
      vertex -10.25 8.54568 20.0381
      vertex -14.25 8.54568 20.0381
    endloop
  endfacet
  facet normal 0 -0.831472 -0.555566
    outer loop
      vertex -10.25 8.54568 20.0381
      vertex -14.25 8.74553 19.739
      vertex -10.25 8.74553 19.739
    endloop
  endfacet
  facet normal 0 -0.831472 -0.555566
    outer loop
      vertex 10.25 8.74553 19.739
      vertex 14.25 8.54568 20.0381
      vertex 10.25 8.54568 20.0381
    endloop
  endfacet
  facet normal 0 -0.831472 -0.555566
    outer loop
      vertex 14.25 8.54568 20.0381
      vertex 10.25 8.74553 19.739
      vertex 14.25 8.74553 19.739
    endloop
  endfacet
  facet normal -0 0.442292 0.896871
    outer loop
      vertex -14.25 5.31158 15.8233
      vertex -10.25 4.98896 15.9824
      vertex -10.25 5.31158 15.8233
    endloop
  endfacet
  facet normal 0 0.442292 0.896871
    outer loop
      vertex -10.25 4.98896 15.9824
      vertex -14.25 5.31158 15.8233
      vertex -14.25 4.98896 15.9824
    endloop
  endfacet
  facet normal -0 0.442292 0.896871
    outer loop
      vertex 10.25 5.31158 15.8233
      vertex 14.25 4.98896 15.9824
      vertex 14.25 5.31158 15.8233
    endloop
  endfacet
  facet normal 0 0.442292 0.896871
    outer loop
      vertex 14.25 4.98896 15.9824
      vertex 10.25 5.31158 15.8233
      vertex 10.25 4.98896 15.9824
    endloop
  endfacet
  facet normal 0 0.980789 0.195074
    outer loop
      vertex -10.25 3.70766 17.6522
      vertex -14.25 3.63749 18.005
      vertex -10.25 3.63749 18.005
    endloop
  endfacet
  facet normal 0 0.980789 0.195074
    outer loop
      vertex -14.25 3.63749 18.005
      vertex -10.25 3.70766 17.6522
      vertex -14.25 3.70766 17.6522
    endloop
  endfacet
  facet normal 0 0.980789 0.195074
    outer loop
      vertex 14.25 3.70766 17.6522
      vertex 10.25 3.63749 18.005
      vertex 14.25 3.63749 18.005
    endloop
  endfacet
  facet normal 0 0.980789 0.195074
    outer loop
      vertex 10.25 3.63749 18.005
      vertex 14.25 3.70766 17.6522
      vertex 10.25 3.70766 17.6522
    endloop
  endfacet
  facet normal 0 -0.94692 0.321469
    outer loop
      vertex -14.25 8.90463 17.3116
      vertex -10.25 9.02026 17.6522
      vertex -14.25 9.02026 17.6522
    endloop
  endfacet
  facet normal 0 -0.94692 0.321469
    outer loop
      vertex -10.25 9.02026 17.6522
      vertex -14.25 8.90463 17.3116
      vertex -10.25 8.90463 17.3116
    endloop
  endfacet
  facet normal 0 -0.94692 0.321469
    outer loop
      vertex 10.25 8.90463 17.3116
      vertex 14.25 9.02026 17.6522
      vertex 10.25 9.02026 17.6522
    endloop
  endfacet
  facet normal 0 -0.94692 0.321469
    outer loop
      vertex 14.25 9.02026 17.6522
      vertex 10.25 8.90463 17.3116
      vertex 14.25 8.90463 17.3116
    endloop
  endfacet
  facet normal 0 -0.997858 -0.065421
    outer loop
      vertex 10.25 9.11396 18.364
      vertex 14.25 9.09043 18.7229
      vertex 10.25 9.09043 18.7229
    endloop
  endfacet
  facet normal 0 -0.997858 -0.065421
    outer loop
      vertex 14.25 9.09043 18.7229
      vertex 10.25 9.11396 18.364
      vertex 14.25 9.11396 18.364
    endloop
  endfacet
  facet normal 0 -0.997858 -0.065421
    outer loop
      vertex -14.25 9.11396 18.364
      vertex -10.25 9.09043 18.7229
      vertex -14.25 9.09043 18.7229
    endloop
  endfacet
  facet normal 0 -0.997858 -0.065421
    outer loop
      vertex -10.25 9.09043 18.7229
      vertex -14.25 9.11396 18.364
      vertex -10.25 9.11396 18.364
    endloop
  endfacet
  facet normal 0 -0.194886 -0.980826
    outer loop
      vertex 10.25 6.72291 21.0904
      vertex 14.25 7.07571 21.0203
      vertex 14.25 6.72291 21.0904
    endloop
  endfacet
  facet normal -0 -0.194886 -0.980826
    outer loop
      vertex 14.25 7.07571 21.0203
      vertex 10.25 6.72291 21.0904
      vertex 10.25 7.07571 21.0203
    endloop
  endfacet
  facet normal 0 -0.194886 -0.980826
    outer loop
      vertex -14.25 6.72291 21.0904
      vertex -10.25 7.07571 21.0203
      vertex -10.25 6.72291 21.0904
    endloop
  endfacet
  facet normal -0 -0.194886 -0.980826
    outer loop
      vertex -10.25 7.07571 21.0203
      vertex -14.25 6.72291 21.0904
      vertex -14.25 7.07571 21.0203
    endloop
  endfacet
  facet normal 0 -0.195154 0.980773
    outer loop
      vertex -14.25 7.07571 15.7077
      vertex -10.25 6.72291 15.6375
      vertex -10.25 7.07571 15.7077
    endloop
  endfacet
  facet normal 0 -0.195154 0.980773
    outer loop
      vertex -10.25 6.72291 15.6375
      vertex -14.25 7.07571 15.7077
      vertex -14.25 6.72291 15.6375
    endloop
  endfacet
  facet normal 0 -0.195154 0.980773
    outer loop
      vertex 10.25 7.07571 15.7077
      vertex 14.25 6.72291 15.6375
      vertex 14.25 7.07571 15.7077
    endloop
  endfacet
  facet normal 0 -0.195154 0.980773
    outer loop
      vertex 14.25 6.72291 15.6375
      vertex 10.25 7.07571 15.7077
      vertex 10.25 6.72291 15.6375
    endloop
  endfacet
  facet normal 0 -0.89686 0.442314
    outer loop
      vertex 10.25 8.74553 16.989
      vertex 14.25 8.90463 17.3116
      vertex 10.25 8.90463 17.3116
    endloop
  endfacet
  facet normal 0 -0.89686 0.442314
    outer loop
      vertex 14.25 8.90463 17.3116
      vertex 10.25 8.74553 16.989
      vertex 14.25 8.74553 16.989
    endloop
  endfacet
  facet normal 0 -0.89686 0.442314
    outer loop
      vertex -14.25 8.74553 16.989
      vertex -10.25 8.90463 17.3116
      vertex -14.25 8.90463 17.3116
    endloop
  endfacet
  facet normal 0 -0.89686 0.442314
    outer loop
      vertex -10.25 8.90463 17.3116
      vertex -14.25 8.74553 16.989
      vertex -10.25 8.74553 16.989
    endloop
  endfacet
  facet normal 0 -0.997859 0.0654028
    outer loop
      vertex -14.25 9.09043 18.005
      vertex -10.25 9.11396 18.364
      vertex -14.25 9.11396 18.364
    endloop
  endfacet
  facet normal 0 -0.997859 0.0654028
    outer loop
      vertex -10.25 9.11396 18.364
      vertex -14.25 9.09043 18.005
      vertex -10.25 9.09043 18.005
    endloop
  endfacet
  facet normal 0 -0.997859 0.0654028
    outer loop
      vertex 10.25 9.09043 18.005
      vertex 14.25 9.11396 18.364
      vertex 10.25 9.11396 18.364
    endloop
  endfacet
  facet normal 0 -0.997859 0.0654028
    outer loop
      vertex 14.25 9.11396 18.364
      vertex 10.25 9.09043 18.005
      vertex 14.25 9.09043 18.005
    endloop
  endfacet
  facet normal 0 0.194886 -0.980826
    outer loop
      vertex 10.25 5.65221 21.0203
      vertex 14.25 6.00501 21.0904
      vertex 14.25 5.65221 21.0203
    endloop
  endfacet
  facet normal 0 0.194886 -0.980826
    outer loop
      vertex 14.25 6.00501 21.0904
      vertex 10.25 5.65221 21.0203
      vertex 10.25 6.00501 21.0904
    endloop
  endfacet
  facet normal 0 0.194886 -0.980826
    outer loop
      vertex -14.25 5.65221 21.0203
      vertex -10.25 6.00501 21.0904
      vertex -10.25 5.65221 21.0203
    endloop
  endfacet
  facet normal 0 0.194886 -0.980826
    outer loop
      vertex -10.25 6.00501 21.0904
      vertex -14.25 5.65221 21.0203
      vertex -14.25 6.00501 21.0904
    endloop
  endfacet
  facet normal -0 0.65938 0.75181
    outer loop
      vertex 10.25 4.68987 16.1822
      vertex 14.25 4.41942 16.4194
      vertex 14.25 4.68987 16.1822
    endloop
  endfacet
  facet normal 0 0.65938 0.75181
    outer loop
      vertex 14.25 4.41942 16.4194
      vertex 10.25 4.68987 16.1822
      vertex 10.25 4.41942 16.4194
    endloop
  endfacet
  facet normal -0 0.65938 0.75181
    outer loop
      vertex -14.25 4.68987 16.1822
      vertex -10.25 4.41942 16.4194
      vertex -10.25 4.68987 16.1822
    endloop
  endfacet
  facet normal 0 0.65938 0.75181
    outer loop
      vertex -10.25 4.41942 16.4194
      vertex -14.25 4.68987 16.1822
      vertex -14.25 4.41942 16.4194
    endloop
  endfacet
  facet normal -0 0.0653289 0.997864
    outer loop
      vertex -14.25 6.36396 15.614
      vertex -10.25 6.00501 15.6375
      vertex -10.25 6.36396 15.614
    endloop
  endfacet
  facet normal 0 0.0653289 0.997864
    outer loop
      vertex -10.25 6.00501 15.6375
      vertex -14.25 6.36396 15.614
      vertex -14.25 6.00501 15.6375
    endloop
  endfacet
  facet normal -0 0.0653289 0.997864
    outer loop
      vertex 10.25 6.36396 15.614
      vertex 14.25 6.00501 15.6375
      vertex 14.25 6.36396 15.614
    endloop
  endfacet
  facet normal 0 0.0653289 0.997864
    outer loop
      vertex 14.25 6.00501 15.6375
      vertex 10.25 6.36396 15.614
      vertex 10.25 6.00501 15.6375
    endloop
  endfacet
  facet normal 0 -0.0656057 -0.997846
    outer loop
      vertex 10.25 6.36396 21.114
      vertex 14.25 6.72291 21.0904
      vertex 14.25 6.36396 21.114
    endloop
  endfacet
  facet normal -0 -0.0656057 -0.997846
    outer loop
      vertex 14.25 6.72291 21.0904
      vertex 10.25 6.36396 21.114
      vertex 10.25 6.72291 21.0904
    endloop
  endfacet
  facet normal 0 -0.0656057 -0.997846
    outer loop
      vertex -14.25 6.36396 21.114
      vertex -10.25 6.72291 21.0904
      vertex -10.25 6.36396 21.114
    endloop
  endfacet
  facet normal -0 -0.0656057 -0.997846
    outer loop
      vertex -10.25 6.72291 21.0904
      vertex -14.25 6.36396 21.114
      vertex -14.25 6.72291 21.0904
    endloop
  endfacet
  facet normal 0 0.997858 -0.065421
    outer loop
      vertex 14.25 3.61396 18.364
      vertex 10.25 3.63749 18.7229
      vertex 14.25 3.63749 18.7229
    endloop
  endfacet
  facet normal 0 0.997858 -0.065421
    outer loop
      vertex 10.25 3.63749 18.7229
      vertex 14.25 3.61396 18.364
      vertex 10.25 3.61396 18.364
    endloop
  endfacet
  facet normal 0 0.997858 -0.065421
    outer loop
      vertex -10.25 3.61396 18.364
      vertex -14.25 3.63749 18.7229
      vertex -10.25 3.63749 18.7229
    endloop
  endfacet
  facet normal 0 0.997858 -0.065421
    outer loop
      vertex -14.25 3.63749 18.7229
      vertex -10.25 3.61396 18.364
      vertex -14.25 3.61396 18.364
    endloop
  endfacet
  facet normal 0 0.980783 -0.1951
    outer loop
      vertex 14.25 3.63749 18.7229
      vertex 10.25 3.70767 19.0757
      vertex 14.25 3.70767 19.0757
    endloop
  endfacet
  facet normal 0 0.980783 -0.1951
    outer loop
      vertex 10.25 3.70767 19.0757
      vertex 14.25 3.63749 18.7229
      vertex 10.25 3.63749 18.7229
    endloop
  endfacet
  facet normal 0 0.980783 -0.1951
    outer loop
      vertex -10.25 3.63749 18.7229
      vertex -14.25 3.70767 19.0757
      vertex -10.25 3.70767 19.0757
    endloop
  endfacet
  facet normal 0 0.980783 -0.1951
    outer loop
      vertex -14.25 3.70767 19.0757
      vertex -10.25 3.63749 18.7229
      vertex -14.25 3.63749 18.7229
    endloop
  endfacet
  facet normal 0 -0.831472 0.555566
    outer loop
      vertex 10.25 8.54568 16.6899
      vertex 14.25 8.74553 16.989
      vertex 10.25 8.74553 16.989
    endloop
  endfacet
  facet normal 0 -0.831472 0.555566
    outer loop
      vertex 14.25 8.74553 16.989
      vertex 10.25 8.54568 16.6899
      vertex 14.25 8.54568 16.6899
    endloop
  endfacet
  facet normal 0 -0.831472 0.555566
    outer loop
      vertex -14.25 8.54568 16.6899
      vertex -10.25 8.74553 16.989
      vertex -14.25 8.74553 16.989
    endloop
  endfacet
  facet normal 0 -0.831472 0.555566
    outer loop
      vertex -10.25 8.74553 16.989
      vertex -14.25 8.54568 16.6899
      vertex -10.25 8.54568 16.6899
    endloop
  endfacet
  facet normal 0 -0.896915 -0.442204
    outer loop
      vertex -14.25 8.90463 19.4163
      vertex -10.25 8.74553 19.739
      vertex -14.25 8.74553 19.739
    endloop
  endfacet
  facet normal 0 -0.896915 -0.442204
    outer loop
      vertex -10.25 8.74553 19.739
      vertex -14.25 8.90463 19.4163
      vertex -10.25 8.90463 19.4163
    endloop
  endfacet
  facet normal 0 -0.896915 -0.442204
    outer loop
      vertex 10.25 8.90463 19.4163
      vertex 14.25 8.74553 19.739
      vertex 10.25 8.74553 19.739
    endloop
  endfacet
  facet normal 0 -0.896915 -0.442204
    outer loop
      vertex 14.25 8.74553 19.739
      vertex 10.25 8.90463 19.4163
      vertex 14.25 8.90463 19.4163
    endloop
  endfacet
  facet normal 0 -0.321394 0.946945
    outer loop
      vertex -14.25 16.6087 25.0157
      vertex -10.25 16.2681 24.9001
      vertex -10.25 16.6087 25.0157
    endloop
  endfacet
  facet normal 0 -0.321394 0.946945
    outer loop
      vertex -10.25 16.2681 24.9001
      vertex -14.25 16.6087 25.0157
      vertex -14.25 16.2681 24.9001
    endloop
  endfacet
  facet normal 0 -0.321394 0.946945
    outer loop
      vertex 10.25 16.6087 25.0157
      vertex 14.25 16.2681 24.9001
      vertex 14.25 16.6087 25.0157
    endloop
  endfacet
  facet normal 0 -0.321394 0.946945
    outer loop
      vertex 14.25 16.2681 24.9001
      vertex 10.25 16.6087 25.0157
      vertex 10.25 16.2681 24.9001
    endloop
  endfacet
  facet normal 0 -0.659311 -0.75187
    outer loop
      vertex 10.25 17.2304 29.7381
      vertex 14.25 17.5009 29.5009
      vertex 14.25 17.2304 29.7381
    endloop
  endfacet
  facet normal -0 -0.659311 -0.75187
    outer loop
      vertex 14.25 17.5009 29.5009
      vertex 10.25 17.2304 29.7381
      vertex 10.25 17.5009 29.5009
    endloop
  endfacet
  facet normal 0 -0.659311 -0.75187
    outer loop
      vertex -14.25 17.2304 29.7381
      vertex -10.25 17.5009 29.5009
      vertex -10.25 17.2304 29.7381
    endloop
  endfacet
  facet normal -0 -0.659311 -0.75187
    outer loop
      vertex -10.25 17.5009 29.5009
      vertex -14.25 17.2304 29.7381
      vertex -14.25 17.5009 29.5009
    endloop
  endfacet
  facet normal 0 0.831537 -0.55547
    outer loop
      vertex -10.25 13.1748 28.9313
      vertex -14.25 13.3746 29.2304
      vertex -10.25 13.3746 29.2304
    endloop
  endfacet
  facet normal 0 0.831537 -0.55547
    outer loop
      vertex -14.25 13.3746 29.2304
      vertex -10.25 13.1748 28.9313
      vertex -14.25 13.1748 28.9313
    endloop
  endfacet
  facet normal 0 0.831537 -0.55547
    outer loop
      vertex 14.25 13.1748 28.9313
      vertex 10.25 13.3746 29.2304
      vertex 14.25 13.3746 29.2304
    endloop
  endfacet
  facet normal 0 0.831537 -0.55547
    outer loop
      vertex 10.25 13.3746 29.2304
      vertex 14.25 13.1748 28.9313
      vertex 10.25 13.1748 28.9313
    endloop
  endfacet
  facet normal 0 -0.980773 -0.195154
    outer loop
      vertex 10.25 18.2828 27.9153
      vertex 14.25 18.2126 28.2681
      vertex 10.25 18.2126 28.2681
    endloop
  endfacet
  facet normal 0 -0.980773 -0.195154
    outer loop
      vertex 14.25 18.2126 28.2681
      vertex 10.25 18.2828 27.9153
      vertex 14.25 18.2828 27.9153
    endloop
  endfacet
  facet normal 0 -0.980773 -0.195154
    outer loop
      vertex -14.25 18.2828 27.9153
      vertex -10.25 18.2126 28.2681
      vertex -14.25 18.2126 28.2681
    endloop
  endfacet
  facet normal 0 -0.980773 -0.195154
    outer loop
      vertex -10.25 18.2126 28.2681
      vertex -14.25 18.2828 27.9153
      vertex -10.25 18.2828 27.9153
    endloop
  endfacet
  facet normal 0 -0.195154 0.980773
    outer loop
      vertex -14.25 16.2681 24.9001
      vertex -10.25 15.9153 24.8299
      vertex -10.25 16.2681 24.9001
    endloop
  endfacet
  facet normal 0 -0.195154 0.980773
    outer loop
      vertex -10.25 15.9153 24.8299
      vertex -14.25 16.2681 24.9001
      vertex -14.25 15.9153 24.8299
    endloop
  endfacet
  facet normal 0 -0.195154 0.980773
    outer loop
      vertex 10.25 16.2681 24.9001
      vertex 14.25 15.9153 24.8299
      vertex 14.25 16.2681 24.9001
    endloop
  endfacet
  facet normal 0 -0.195154 0.980773
    outer loop
      vertex 14.25 15.9153 24.8299
      vertex 10.25 16.2681 24.9001
      vertex 10.25 15.9153 24.8299
    endloop
  endfacet
  facet normal 0 0.659311 -0.75187
    outer loop
      vertex 10.25 13.6118 29.5009
      vertex 14.25 13.8823 29.7381
      vertex 14.25 13.6118 29.5009
    endloop
  endfacet
  facet normal 0 0.659311 -0.75187
    outer loop
      vertex 14.25 13.8823 29.7381
      vertex 10.25 13.6118 29.5009
      vertex 10.25 13.8823 29.7381
    endloop
  endfacet
  facet normal 0 0.659311 -0.75187
    outer loop
      vertex -14.25 13.6118 29.5009
      vertex -10.25 13.8823 29.7381
      vertex -10.25 13.6118 29.5009
    endloop
  endfacet
  facet normal 0 0.659311 -0.75187
    outer loop
      vertex -10.25 13.8823 29.7381
      vertex -14.25 13.6118 29.5009
      vertex -14.25 13.8823 29.7381
    endloop
  endfacet
  facet normal 0 0.946945 -0.321394
    outer loop
      vertex 14.25 12.9001 28.2681
      vertex 10.25 13.0157 28.6087
      vertex 14.25 13.0157 28.6087
    endloop
  endfacet
  facet normal 0 0.946945 -0.321394
    outer loop
      vertex 10.25 13.0157 28.6087
      vertex 14.25 12.9001 28.2681
      vertex 10.25 12.9001 28.2681
    endloop
  endfacet
  facet normal 0 0.946945 -0.321394
    outer loop
      vertex -10.25 12.9001 28.2681
      vertex -14.25 13.0157 28.6087
      vertex -10.25 13.0157 28.6087
    endloop
  endfacet
  facet normal 0 0.946945 -0.321394
    outer loop
      vertex -14.25 13.0157 28.6087
      vertex -10.25 12.9001 28.2681
      vertex -14.25 12.9001 28.2681
    endloop
  endfacet
  facet normal 0 0.997845 0.0656148
    outer loop
      vertex 14.25 12.8299 27.1974
      vertex 10.25 12.8063 27.5563
      vertex 14.25 12.8063 27.5563
    endloop
  endfacet
  facet normal 0 0.997845 0.0656148
    outer loop
      vertex 10.25 12.8063 27.5563
      vertex 14.25 12.8299 27.1974
      vertex 10.25 12.8299 27.1974
    endloop
  endfacet
  facet normal 0 0.997845 0.0656148
    outer loop
      vertex -10.25 12.8299 27.1974
      vertex -14.25 12.8063 27.5563
      vertex -10.25 12.8063 27.5563
    endloop
  endfacet
  facet normal 0 0.997845 0.0656148
    outer loop
      vertex -14.25 12.8063 27.5563
      vertex -10.25 12.8299 27.1974
      vertex -14.25 12.8299 27.1974
    endloop
  endfacet
  facet normal 0 0.980773 -0.195154
    outer loop
      vertex -10.25 12.8299 27.9153
      vertex -14.25 12.9001 28.2681
      vertex -10.25 12.9001 28.2681
    endloop
  endfacet
  facet normal 0 0.980773 -0.195154
    outer loop
      vertex -14.25 12.9001 28.2681
      vertex -10.25 12.8299 27.9153
      vertex -14.25 12.8299 27.9153
    endloop
  endfacet
  facet normal 0 0.980773 -0.195154
    outer loop
      vertex 14.25 12.8299 27.9153
      vertex 10.25 12.9001 28.2681
      vertex 14.25 12.9001 28.2681
    endloop
  endfacet
  facet normal 0 0.980773 -0.195154
    outer loop
      vertex 10.25 12.9001 28.2681
      vertex 14.25 12.8299 27.9153
      vertex 10.25 12.8299 27.9153
    endloop
  endfacet
  facet normal -0 0.321394 0.946945
    outer loop
      vertex 10.25 14.8446 24.9001
      vertex 14.25 14.504 25.0157
      vertex 14.25 14.8446 24.9001
    endloop
  endfacet
  facet normal 0 0.321394 0.946945
    outer loop
      vertex 14.25 14.504 25.0157
      vertex 10.25 14.8446 24.9001
      vertex 10.25 14.504 25.0157
    endloop
  endfacet
  facet normal -0 0.321394 0.946945
    outer loop
      vertex -14.25 14.8446 24.9001
      vertex -10.25 14.504 25.0157
      vertex -10.25 14.8446 24.9001
    endloop
  endfacet
  facet normal 0 0.321394 0.946945
    outer loop
      vertex -10.25 14.504 25.0157
      vertex -14.25 14.8446 24.9001
      vertex -14.25 14.504 25.0157
    endloop
  endfacet
  facet normal 0 0.75187 -0.659311
    outer loop
      vertex 14.25 13.3746 29.2304
      vertex 10.25 13.6118 29.5009
      vertex 14.25 13.6118 29.5009
    endloop
  endfacet
  facet normal 0 0.75187 -0.659311
    outer loop
      vertex 10.25 13.6118 29.5009
      vertex 14.25 13.3746 29.2304
      vertex 10.25 13.3746 29.2304
    endloop
  endfacet
  facet normal 0 0.75187 -0.659311
    outer loop
      vertex -10.25 13.3746 29.2304
      vertex -14.25 13.6118 29.5009
      vertex -10.25 13.6118 29.5009
    endloop
  endfacet
  facet normal 0 0.75187 -0.659311
    outer loop
      vertex -14.25 13.6118 29.5009
      vertex -10.25 13.3746 29.2304
      vertex -14.25 13.3746 29.2304
    endloop
  endfacet
  facet normal -0 0.555598 0.831451
    outer loop
      vertex 10.25 14.1813 25.1748
      vertex 14.25 13.8823 25.3746
      vertex 14.25 14.1813 25.1748
    endloop
  endfacet
  facet normal 0 0.555598 0.831451
    outer loop
      vertex 14.25 13.8823 25.3746
      vertex 10.25 14.1813 25.1748
      vertex 10.25 13.8823 25.3746
    endloop
  endfacet
  facet normal -0 0.555598 0.831451
    outer loop
      vertex -14.25 14.1813 25.1748
      vertex -10.25 13.8823 25.3746
      vertex -10.25 14.1813 25.1748
    endloop
  endfacet
  facet normal 0 0.555598 0.831451
    outer loop
      vertex -10.25 13.8823 25.3746
      vertex -14.25 14.1813 25.1748
      vertex -14.25 13.8823 25.3746
    endloop
  endfacet
  facet normal 0 -0.896915 0.442204
    outer loop
      vertex -14.25 17.9379 26.1813
      vertex -10.25 18.097 26.504
      vertex -14.25 18.097 26.504
    endloop
  endfacet
  facet normal 0 -0.896915 0.442204
    outer loop
      vertex -10.25 18.097 26.504
      vertex -14.25 17.9379 26.1813
      vertex -10.25 17.9379 26.1813
    endloop
  endfacet
  facet normal 0 -0.896915 0.442204
    outer loop
      vertex 10.25 17.9379 26.1813
      vertex 14.25 18.097 26.504
      vertex 10.25 18.097 26.504
    endloop
  endfacet
  facet normal 0 -0.896915 0.442204
    outer loop
      vertex 14.25 18.097 26.504
      vertex 10.25 17.9379 26.1813
      vertex 14.25 17.9379 26.1813
    endloop
  endfacet
  facet normal 0 -0.442314 0.89686
    outer loop
      vertex -14.25 16.9313 25.1748
      vertex -10.25 16.6087 25.0157
      vertex -10.25 16.9313 25.1748
    endloop
  endfacet
  facet normal 0 -0.442314 0.89686
    outer loop
      vertex -10.25 16.6087 25.0157
      vertex -14.25 16.9313 25.1748
      vertex -14.25 16.6087 25.0157
    endloop
  endfacet
  facet normal 0 -0.442314 0.89686
    outer loop
      vertex 10.25 16.9313 25.1748
      vertex 14.25 16.6087 25.0157
      vertex 14.25 16.9313 25.1748
    endloop
  endfacet
  facet normal 0 -0.442314 0.89686
    outer loop
      vertex 14.25 16.6087 25.0157
      vertex 10.25 16.9313 25.1748
      vertex 10.25 16.6087 25.0157
    endloop
  endfacet
  facet normal 0 -0.946945 0.321394
    outer loop
      vertex -14.25 18.097 26.504
      vertex -10.25 18.2126 26.8446
      vertex -14.25 18.2126 26.8446
    endloop
  endfacet
  facet normal 0 -0.946945 0.321394
    outer loop
      vertex -10.25 18.2126 26.8446
      vertex -14.25 18.097 26.504
      vertex -10.25 18.097 26.504
    endloop
  endfacet
  facet normal 0 -0.946945 0.321394
    outer loop
      vertex 10.25 18.097 26.504
      vertex 14.25 18.2126 26.8446
      vertex 10.25 18.2126 26.8446
    endloop
  endfacet
  facet normal 0 -0.946945 0.321394
    outer loop
      vertex 14.25 18.2126 26.8446
      vertex 10.25 18.097 26.504
      vertex 14.25 18.097 26.504
    endloop
  endfacet
  facet normal 0 0.831451 0.555598
    outer loop
      vertex -10.25 13.3746 25.8823
      vertex -14.25 13.1748 26.1813
      vertex -10.25 13.1748 26.1813
    endloop
  endfacet
  facet normal 0 0.831451 0.555598
    outer loop
      vertex -14.25 13.1748 26.1813
      vertex -10.25 13.3746 25.8823
      vertex -14.25 13.3746 25.8823
    endloop
  endfacet
  facet normal 0 0.831451 0.555598
    outer loop
      vertex 14.25 13.3746 25.8823
      vertex 10.25 13.1748 26.1813
      vertex 14.25 13.1748 26.1813
    endloop
  endfacet
  facet normal 0 0.831451 0.555598
    outer loop
      vertex 10.25 13.1748 26.1813
      vertex 14.25 13.3746 25.8823
      vertex 10.25 13.3746 25.8823
    endloop
  endfacet
  facet normal 0 0.946945 0.321394
    outer loop
      vertex 14.25 13.0157 26.504
      vertex 10.25 12.9001 26.8446
      vertex 14.25 12.9001 26.8446
    endloop
  endfacet
  facet normal 0 0.946945 0.321394
    outer loop
      vertex 10.25 12.9001 26.8446
      vertex 14.25 13.0157 26.504
      vertex 10.25 13.0157 26.504
    endloop
  endfacet
  facet normal 0 0.946945 0.321394
    outer loop
      vertex -10.25 13.0157 26.504
      vertex -14.25 12.9001 26.8446
      vertex -10.25 12.9001 26.8446
    endloop
  endfacet
  facet normal 0 0.946945 0.321394
    outer loop
      vertex -14.25 12.9001 26.8446
      vertex -10.25 13.0157 26.504
      vertex -14.25 13.0157 26.504
    endloop
  endfacet
  facet normal 0 0.195154 -0.980773
    outer loop
      vertex -14.25 14.8446 30.2126
      vertex -10.25 15.1974 30.2828
      vertex -10.25 14.8446 30.2126
    endloop
  endfacet
  facet normal 0 0.195154 -0.980773
    outer loop
      vertex -10.25 15.1974 30.2828
      vertex -14.25 14.8446 30.2126
      vertex -14.25 15.1974 30.2828
    endloop
  endfacet
  facet normal 0 0.195154 -0.980773
    outer loop
      vertex 10.25 14.8446 30.2126
      vertex 14.25 15.1974 30.2828
      vertex 14.25 14.8446 30.2126
    endloop
  endfacet
  facet normal 0 0.195154 -0.980773
    outer loop
      vertex 14.25 15.1974 30.2828
      vertex 10.25 14.8446 30.2126
      vertex 10.25 15.1974 30.2828
    endloop
  endfacet
  facet normal 0 0.0653379 -0.997863
    outer loop
      vertex -14.25 15.1974 30.2828
      vertex -10.25 15.5563 30.3063
      vertex -10.25 15.1974 30.2828
    endloop
  endfacet
  facet normal 0 0.0653379 -0.997863
    outer loop
      vertex -10.25 15.5563 30.3063
      vertex -14.25 15.1974 30.2828
      vertex -14.25 15.5563 30.3063
    endloop
  endfacet
  facet normal 0 0.0653379 -0.997863
    outer loop
      vertex 10.25 15.1974 30.2828
      vertex 14.25 15.5563 30.3063
      vertex 14.25 15.1974 30.2828
    endloop
  endfacet
  facet normal 0 0.0653379 -0.997863
    outer loop
      vertex 14.25 15.5563 30.3063
      vertex 10.25 15.1974 30.2828
      vertex 10.25 15.5563 30.3063
    endloop
  endfacet
  facet normal 0 -0.0655966 0.997846
    outer loop
      vertex -14.25 15.9153 24.8299
      vertex -10.25 15.5563 24.8063
      vertex -10.25 15.9153 24.8299
    endloop
  endfacet
  facet normal 0 -0.0655966 0.997846
    outer loop
      vertex -10.25 15.5563 24.8063
      vertex -14.25 15.9153 24.8299
      vertex -14.25 15.5563 24.8063
    endloop
  endfacet
  facet normal 0 -0.0655966 0.997846
    outer loop
      vertex 10.25 15.9153 24.8299
      vertex 14.25 15.5563 24.8063
      vertex 14.25 15.9153 24.8299
    endloop
  endfacet
  facet normal 0 -0.0655966 0.997846
    outer loop
      vertex 14.25 15.5563 24.8063
      vertex 10.25 15.9153 24.8299
      vertex 10.25 15.5563 24.8063
    endloop
  endfacet
  facet normal 0 0.321394 -0.946945
    outer loop
      vertex 10.25 14.504 30.097
      vertex 14.25 14.8446 30.2126
      vertex 14.25 14.504 30.097
    endloop
  endfacet
  facet normal 0 0.321394 -0.946945
    outer loop
      vertex 14.25 14.8446 30.2126
      vertex 10.25 14.504 30.097
      vertex 10.25 14.8446 30.2126
    endloop
  endfacet
  facet normal 0 0.321394 -0.946945
    outer loop
      vertex -14.25 14.504 30.097
      vertex -10.25 14.8446 30.2126
      vertex -10.25 14.504 30.097
    endloop
  endfacet
  facet normal 0 0.321394 -0.946945
    outer loop
      vertex -10.25 14.8446 30.2126
      vertex -14.25 14.504 30.097
      vertex -14.25 14.8446 30.2126
    endloop
  endfacet
  facet normal 0 -0.89686 -0.442314
    outer loop
      vertex -14.25 18.097 28.6087
      vertex -10.25 17.9379 28.9313
      vertex -14.25 17.9379 28.9313
    endloop
  endfacet
  facet normal 0 -0.89686 -0.442314
    outer loop
      vertex -10.25 17.9379 28.9313
      vertex -14.25 18.097 28.6087
      vertex -10.25 18.097 28.6087
    endloop
  endfacet
  facet normal 0 -0.89686 -0.442314
    outer loop
      vertex 10.25 18.097 28.6087
      vertex 14.25 17.9379 28.9313
      vertex 10.25 17.9379 28.9313
    endloop
  endfacet
  facet normal 0 -0.89686 -0.442314
    outer loop
      vertex 14.25 17.9379 28.9313
      vertex 10.25 18.097 28.6087
      vertex 14.25 18.097 28.6087
    endloop
  endfacet
  facet normal 0 -0.442314 -0.89686
    outer loop
      vertex 10.25 16.6087 30.097
      vertex 14.25 16.9313 29.9379
      vertex 14.25 16.6087 30.097
    endloop
  endfacet
  facet normal -0 -0.442314 -0.89686
    outer loop
      vertex 14.25 16.9313 29.9379
      vertex 10.25 16.6087 30.097
      vertex 10.25 16.9313 29.9379
    endloop
  endfacet
  facet normal 0 -0.442314 -0.89686
    outer loop
      vertex -14.25 16.6087 30.097
      vertex -10.25 16.9313 29.9379
      vertex -10.25 16.6087 30.097
    endloop
  endfacet
  facet normal -0 -0.442314 -0.89686
    outer loop
      vertex -10.25 16.9313 29.9379
      vertex -14.25 16.6087 30.097
      vertex -14.25 16.9313 29.9379
    endloop
  endfacet
  facet normal 0 0.89686 -0.442314
    outer loop
      vertex -10.25 13.0157 28.6087
      vertex -14.25 13.1748 28.9313
      vertex -10.25 13.1748 28.9313
    endloop
  endfacet
  facet normal 0 0.89686 -0.442314
    outer loop
      vertex -14.25 13.1748 28.9313
      vertex -10.25 13.0157 28.6087
      vertex -14.25 13.0157 28.6087
    endloop
  endfacet
  facet normal 0 0.89686 -0.442314
    outer loop
      vertex 14.25 13.0157 28.6087
      vertex 10.25 13.1748 28.9313
      vertex 14.25 13.1748 28.9313
    endloop
  endfacet
  facet normal 0 0.89686 -0.442314
    outer loop
      vertex 10.25 13.1748 28.9313
      vertex 14.25 13.0157 28.6087
      vertex 10.25 13.0157 28.6087
    endloop
  endfacet
  facet normal 0 -0.997863 0.0653379
    outer loop
      vertex 10.25 18.2828 27.1974
      vertex 14.25 18.3063 27.5563
      vertex 10.25 18.3063 27.5563
    endloop
  endfacet
  facet normal 0 -0.997863 0.0653379
    outer loop
      vertex 14.25 18.3063 27.5563
      vertex 10.25 18.2828 27.1974
      vertex 14.25 18.2828 27.1974
    endloop
  endfacet
  facet normal 0 -0.997863 0.0653379
    outer loop
      vertex -14.25 18.2828 27.1974
      vertex -10.25 18.3063 27.5563
      vertex -14.25 18.3063 27.5563
    endloop
  endfacet
  facet normal 0 -0.997863 0.0653379
    outer loop
      vertex -10.25 18.3063 27.5563
      vertex -14.25 18.2828 27.1974
      vertex -10.25 18.2828 27.1974
    endloop
  endfacet
  facet normal 0 0.896915 0.442204
    outer loop
      vertex 14.25 13.1748 26.1813
      vertex 10.25 13.0157 26.504
      vertex 14.25 13.0157 26.504
    endloop
  endfacet
  facet normal 0 0.896915 0.442204
    outer loop
      vertex 10.25 13.0157 26.504
      vertex 14.25 13.1748 26.1813
      vertex 10.25 13.1748 26.1813
    endloop
  endfacet
  facet normal 0 0.896915 0.442204
    outer loop
      vertex -10.25 13.1748 26.1813
      vertex -14.25 13.0157 26.504
      vertex -10.25 13.0157 26.504
    endloop
  endfacet
  facet normal 0 0.896915 0.442204
    outer loop
      vertex -14.25 13.0157 26.504
      vertex -10.25 13.1748 26.1813
      vertex -14.25 13.1748 26.1813
    endloop
  endfacet
  facet normal 0 -0.997864 -0.0653198
    outer loop
      vertex 10.25 18.3063 27.5563
      vertex 14.25 18.2828 27.9153
      vertex 10.25 18.2828 27.9153
    endloop
  endfacet
  facet normal 0 -0.997864 -0.0653198
    outer loop
      vertex 14.25 18.2828 27.9153
      vertex 10.25 18.3063 27.5563
      vertex 14.25 18.3063 27.5563
    endloop
  endfacet
  facet normal 0 -0.997864 -0.0653198
    outer loop
      vertex -14.25 18.3063 27.5563
      vertex -10.25 18.2828 27.9153
      vertex -14.25 18.2828 27.9153
    endloop
  endfacet
  facet normal 0 -0.997864 -0.0653198
    outer loop
      vertex -10.25 18.2828 27.9153
      vertex -14.25 18.3063 27.5563
      vertex -10.25 18.3063 27.5563
    endloop
  endfacet
  facet normal 0 0.442204 -0.896915
    outer loop
      vertex -14.25 14.1813 29.9379
      vertex -10.25 14.504 30.097
      vertex -10.25 14.1813 29.9379
    endloop
  endfacet
  facet normal 0 0.442204 -0.896915
    outer loop
      vertex -10.25 14.504 30.097
      vertex -14.25 14.1813 29.9379
      vertex -14.25 14.504 30.097
    endloop
  endfacet
  facet normal 0 0.442204 -0.896915
    outer loop
      vertex 10.25 14.1813 29.9379
      vertex 14.25 14.504 30.097
      vertex 14.25 14.1813 29.9379
    endloop
  endfacet
  facet normal 0 0.442204 -0.896915
    outer loop
      vertex 14.25 14.504 30.097
      vertex 10.25 14.1813 29.9379
      vertex 10.25 14.504 30.097
    endloop
  endfacet
  facet normal 0 -0.659311 0.75187
    outer loop
      vertex -14.25 17.5009 25.6118
      vertex -10.25 17.2304 25.3746
      vertex -10.25 17.5009 25.6118
    endloop
  endfacet
  facet normal 0 -0.659311 0.75187
    outer loop
      vertex -10.25 17.2304 25.3746
      vertex -14.25 17.5009 25.6118
      vertex -14.25 17.2304 25.3746
    endloop
  endfacet
  facet normal 0 -0.659311 0.75187
    outer loop
      vertex 10.25 17.5009 25.6118
      vertex 14.25 17.2304 25.3746
      vertex 14.25 17.5009 25.6118
    endloop
  endfacet
  facet normal 0 -0.659311 0.75187
    outer loop
      vertex 14.25 17.2304 25.3746
      vertex 10.25 17.5009 25.6118
      vertex 10.25 17.2304 25.3746
    endloop
  endfacet
  facet normal 0 -0.831451 0.555598
    outer loop
      vertex 10.25 17.7381 25.8823
      vertex 14.25 17.9379 26.1813
      vertex 10.25 17.9379 26.1813
    endloop
  endfacet
  facet normal 0 -0.831451 0.555598
    outer loop
      vertex 14.25 17.9379 26.1813
      vertex 10.25 17.7381 25.8823
      vertex 14.25 17.7381 25.8823
    endloop
  endfacet
  facet normal 0 -0.831451 0.555598
    outer loop
      vertex -14.25 17.7381 25.8823
      vertex -10.25 17.9379 26.1813
      vertex -14.25 17.9379 26.1813
    endloop
  endfacet
  facet normal 0 -0.831451 0.555598
    outer loop
      vertex -10.25 17.9379 26.1813
      vertex -14.25 17.7381 25.8823
      vertex -10.25 17.7381 25.8823
    endloop
  endfacet
  facet normal 0 -0.75187 -0.659311
    outer loop
      vertex -14.25 17.7381 29.2304
      vertex -10.25 17.5009 29.5009
      vertex -14.25 17.5009 29.5009
    endloop
  endfacet
  facet normal 0 -0.75187 -0.659311
    outer loop
      vertex -10.25 17.5009 29.5009
      vertex -14.25 17.7381 29.2304
      vertex -10.25 17.7381 29.2304
    endloop
  endfacet
  facet normal 0 -0.75187 -0.659311
    outer loop
      vertex 10.25 17.7381 29.2304
      vertex 14.25 17.5009 29.5009
      vertex 10.25 17.5009 29.5009
    endloop
  endfacet
  facet normal 0 -0.75187 -0.659311
    outer loop
      vertex 14.25 17.5009 29.5009
      vertex 10.25 17.7381 29.2304
      vertex 14.25 17.7381 29.2304
    endloop
  endfacet
  facet normal -0 0.195154 0.980773
    outer loop
      vertex -14.25 15.1974 24.8299
      vertex -10.25 14.8446 24.9001
      vertex -10.25 15.1974 24.8299
    endloop
  endfacet
  facet normal 0 0.195154 0.980773
    outer loop
      vertex -10.25 14.8446 24.9001
      vertex -14.25 15.1974 24.8299
      vertex -14.25 14.8446 24.9001
    endloop
  endfacet
  facet normal -0 0.195154 0.980773
    outer loop
      vertex 10.25 15.1974 24.8299
      vertex 14.25 14.8446 24.9001
      vertex 14.25 15.1974 24.8299
    endloop
  endfacet
  facet normal 0 0.195154 0.980773
    outer loop
      vertex 14.25 14.8446 24.9001
      vertex 10.25 15.1974 24.8299
      vertex 10.25 14.8446 24.9001
    endloop
  endfacet
  facet normal 0 0.997846 -0.0655966
    outer loop
      vertex 14.25 12.8063 27.5563
      vertex 10.25 12.8299 27.9153
      vertex 14.25 12.8299 27.9153
    endloop
  endfacet
  facet normal 0 0.997846 -0.0655966
    outer loop
      vertex 10.25 12.8299 27.9153
      vertex 14.25 12.8063 27.5563
      vertex 10.25 12.8063 27.5563
    endloop
  endfacet
  facet normal 0 0.997846 -0.0655966
    outer loop
      vertex -10.25 12.8063 27.5563
      vertex -14.25 12.8299 27.9153
      vertex -10.25 12.8299 27.9153
    endloop
  endfacet
  facet normal 0 0.997846 -0.0655966
    outer loop
      vertex -14.25 12.8299 27.9153
      vertex -10.25 12.8063 27.5563
      vertex -14.25 12.8063 27.5563
    endloop
  endfacet
  facet normal -0 0.0656148 0.997845
    outer loop
      vertex -14.25 15.5563 24.8063
      vertex -10.25 15.1974 24.8299
      vertex -10.25 15.5563 24.8063
    endloop
  endfacet
  facet normal 0 0.0656148 0.997845
    outer loop
      vertex -10.25 15.1974 24.8299
      vertex -14.25 15.5563 24.8063
      vertex -14.25 15.1974 24.8299
    endloop
  endfacet
  facet normal -0 0.0656148 0.997845
    outer loop
      vertex 10.25 15.5563 24.8063
      vertex 14.25 15.1974 24.8299
      vertex 14.25 15.5563 24.8063
    endloop
  endfacet
  facet normal 0 0.0656148 0.997845
    outer loop
      vertex 14.25 15.1974 24.8299
      vertex 10.25 15.5563 24.8063
      vertex 10.25 15.1974 24.8299
    endloop
  endfacet
  facet normal 0 -0.55547 -0.831537
    outer loop
      vertex -14.25 16.9313 29.9379
      vertex -10.25 17.2304 29.7381
      vertex -10.25 16.9313 29.9379
    endloop
  endfacet
  facet normal -0 -0.55547 -0.831537
    outer loop
      vertex -10.25 17.2304 29.7381
      vertex -14.25 16.9313 29.9379
      vertex -14.25 17.2304 29.7381
    endloop
  endfacet
  facet normal 0 -0.55547 -0.831537
    outer loop
      vertex 10.25 16.9313 29.9379
      vertex 14.25 17.2304 29.7381
      vertex 14.25 16.9313 29.9379
    endloop
  endfacet
  facet normal -0 -0.55547 -0.831537
    outer loop
      vertex 14.25 17.2304 29.7381
      vertex 10.25 16.9313 29.9379
      vertex 10.25 17.2304 29.7381
    endloop
  endfacet
  facet normal -0 0.442204 0.896915
    outer loop
      vertex 10.25 14.504 25.0157
      vertex 14.25 14.1813 25.1748
      vertex 14.25 14.504 25.0157
    endloop
  endfacet
  facet normal 0 0.442204 0.896915
    outer loop
      vertex 14.25 14.1813 25.1748
      vertex 10.25 14.504 25.0157
      vertex 10.25 14.1813 25.1748
    endloop
  endfacet
  facet normal -0 0.442204 0.896915
    outer loop
      vertex -14.25 14.504 25.0157
      vertex -10.25 14.1813 25.1748
      vertex -10.25 14.504 25.0157
    endloop
  endfacet
  facet normal 0 0.442204 0.896915
    outer loop
      vertex -10.25 14.1813 25.1748
      vertex -14.25 14.504 25.0157
      vertex -14.25 14.1813 25.1748
    endloop
  endfacet
  facet normal 0 -0.55547 0.831537
    outer loop
      vertex 10.25 17.2304 25.3746
      vertex 14.25 16.9313 25.1748
      vertex 14.25 17.2304 25.3746
    endloop
  endfacet
  facet normal 0 -0.55547 0.831537
    outer loop
      vertex 14.25 16.9313 25.1748
      vertex 10.25 17.2304 25.3746
      vertex 10.25 16.9313 25.1748
    endloop
  endfacet
  facet normal 0 -0.55547 0.831537
    outer loop
      vertex -14.25 17.2304 25.3746
      vertex -10.25 16.9313 25.1748
      vertex -10.25 17.2304 25.3746
    endloop
  endfacet
  facet normal 0 -0.55547 0.831537
    outer loop
      vertex -10.25 16.9313 25.1748
      vertex -14.25 17.2304 25.3746
      vertex -14.25 16.9313 25.1748
    endloop
  endfacet
  facet normal 0 -0.195154 -0.980773
    outer loop
      vertex -14.25 15.9153 30.2828
      vertex -10.25 16.2681 30.2126
      vertex -10.25 15.9153 30.2828
    endloop
  endfacet
  facet normal -0 -0.195154 -0.980773
    outer loop
      vertex -10.25 16.2681 30.2126
      vertex -14.25 15.9153 30.2828
      vertex -14.25 16.2681 30.2126
    endloop
  endfacet
  facet normal 0 -0.195154 -0.980773
    outer loop
      vertex 10.25 15.9153 30.2828
      vertex 14.25 16.2681 30.2126
      vertex 14.25 15.9153 30.2828
    endloop
  endfacet
  facet normal -0 -0.195154 -0.980773
    outer loop
      vertex 14.25 16.2681 30.2126
      vertex 10.25 15.9153 30.2828
      vertex 10.25 16.2681 30.2126
    endloop
  endfacet
  facet normal 0 -0.321394 -0.946945
    outer loop
      vertex 10.25 16.2681 30.2126
      vertex 14.25 16.6087 30.097
      vertex 14.25 16.2681 30.2126
    endloop
  endfacet
  facet normal -0 -0.321394 -0.946945
    outer loop
      vertex 14.25 16.6087 30.097
      vertex 10.25 16.2681 30.2126
      vertex 10.25 16.6087 30.097
    endloop
  endfacet
  facet normal 0 -0.321394 -0.946945
    outer loop
      vertex -14.25 16.2681 30.2126
      vertex -10.25 16.6087 30.097
      vertex -10.25 16.2681 30.2126
    endloop
  endfacet
  facet normal -0 -0.321394 -0.946945
    outer loop
      vertex -10.25 16.6087 30.097
      vertex -14.25 16.2681 30.2126
      vertex -14.25 16.6087 30.097
    endloop
  endfacet
  facet normal 0 0.555598 -0.831451
    outer loop
      vertex 10.25 13.8823 29.7381
      vertex 14.25 14.1813 29.9379
      vertex 14.25 13.8823 29.7381
    endloop
  endfacet
  facet normal 0 0.555598 -0.831451
    outer loop
      vertex 14.25 14.1813 29.9379
      vertex 10.25 13.8823 29.7381
      vertex 10.25 14.1813 29.9379
    endloop
  endfacet
  facet normal 0 0.555598 -0.831451
    outer loop
      vertex -14.25 13.8823 29.7381
      vertex -10.25 14.1813 29.9379
      vertex -10.25 13.8823 29.7381
    endloop
  endfacet
  facet normal 0 0.555598 -0.831451
    outer loop
      vertex -10.25 14.1813 29.9379
      vertex -14.25 13.8823 29.7381
      vertex -14.25 14.1813 29.9379
    endloop
  endfacet
  facet normal 0 0.980773 0.195154
    outer loop
      vertex -10.25 12.9001 26.8446
      vertex -14.25 12.8299 27.1974
      vertex -10.25 12.8299 27.1974
    endloop
  endfacet
  facet normal 0 0.980773 0.195154
    outer loop
      vertex -14.25 12.8299 27.1974
      vertex -10.25 12.9001 26.8446
      vertex -14.25 12.9001 26.8446
    endloop
  endfacet
  facet normal 0 0.980773 0.195154
    outer loop
      vertex 14.25 12.9001 26.8446
      vertex 10.25 12.8299 27.1974
      vertex 14.25 12.8299 27.1974
    endloop
  endfacet
  facet normal 0 0.980773 0.195154
    outer loop
      vertex 10.25 12.8299 27.1974
      vertex 14.25 12.9001 26.8446
      vertex 10.25 12.9001 26.8446
    endloop
  endfacet
  facet normal 0 -0.946945 -0.321394
    outer loop
      vertex -14.25 18.2126 28.2681
      vertex -10.25 18.097 28.6087
      vertex -14.25 18.097 28.6087
    endloop
  endfacet
  facet normal 0 -0.946945 -0.321394
    outer loop
      vertex -10.25 18.097 28.6087
      vertex -14.25 18.2126 28.2681
      vertex -10.25 18.2126 28.2681
    endloop
  endfacet
  facet normal 0 -0.946945 -0.321394
    outer loop
      vertex 10.25 18.2126 28.2681
      vertex 14.25 18.097 28.6087
      vertex 10.25 18.097 28.6087
    endloop
  endfacet
  facet normal 0 -0.946945 -0.321394
    outer loop
      vertex 14.25 18.097 28.6087
      vertex 10.25 18.2126 28.2681
      vertex 14.25 18.2126 28.2681
    endloop
  endfacet
  facet normal 0 -0.75187 0.659311
    outer loop
      vertex -14.25 17.5009 25.6118
      vertex -10.25 17.7381 25.8823
      vertex -14.25 17.7381 25.8823
    endloop
  endfacet
  facet normal 0 -0.75187 0.659311
    outer loop
      vertex -10.25 17.7381 25.8823
      vertex -14.25 17.5009 25.6118
      vertex -10.25 17.5009 25.6118
    endloop
  endfacet
  facet normal 0 -0.75187 0.659311
    outer loop
      vertex 10.25 17.5009 25.6118
      vertex 14.25 17.7381 25.8823
      vertex 10.25 17.7381 25.8823
    endloop
  endfacet
  facet normal 0 -0.75187 0.659311
    outer loop
      vertex 14.25 17.7381 25.8823
      vertex 10.25 17.5009 25.6118
      vertex 14.25 17.5009 25.6118
    endloop
  endfacet
  facet normal 0 -0.980773 0.195154
    outer loop
      vertex 10.25 18.2126 26.8446
      vertex 14.25 18.2828 27.1974
      vertex 10.25 18.2828 27.1974
    endloop
  endfacet
  facet normal 0 -0.980773 0.195154
    outer loop
      vertex 14.25 18.2828 27.1974
      vertex 10.25 18.2126 26.8446
      vertex 14.25 18.2126 26.8446
    endloop
  endfacet
  facet normal 0 -0.980773 0.195154
    outer loop
      vertex -14.25 18.2126 26.8446
      vertex -10.25 18.2828 27.1974
      vertex -14.25 18.2828 27.1974
    endloop
  endfacet
  facet normal 0 -0.980773 0.195154
    outer loop
      vertex -10.25 18.2828 27.1974
      vertex -14.25 18.2126 26.8446
      vertex -10.25 18.2126 26.8446
    endloop
  endfacet
  facet normal 0 0.75187 0.659311
    outer loop
      vertex -10.25 13.6118 25.6118
      vertex -14.25 13.3746 25.8823
      vertex -10.25 13.3746 25.8823
    endloop
  endfacet
  facet normal 0 0.75187 0.659311
    outer loop
      vertex -14.25 13.3746 25.8823
      vertex -10.25 13.6118 25.6118
      vertex -14.25 13.6118 25.6118
    endloop
  endfacet
  facet normal 0 0.75187 0.659311
    outer loop
      vertex 14.25 13.6118 25.6118
      vertex 10.25 13.3746 25.8823
      vertex 14.25 13.3746 25.8823
    endloop
  endfacet
  facet normal 0 0.75187 0.659311
    outer loop
      vertex 10.25 13.3746 25.8823
      vertex 14.25 13.6118 25.6118
      vertex 10.25 13.6118 25.6118
    endloop
  endfacet
  facet normal -0 0.659311 0.75187
    outer loop
      vertex 10.25 13.8823 25.3746
      vertex 14.25 13.6118 25.6118
      vertex 14.25 13.8823 25.3746
    endloop
  endfacet
  facet normal 0 0.659311 0.75187
    outer loop
      vertex 14.25 13.6118 25.6118
      vertex 10.25 13.8823 25.3746
      vertex 10.25 13.6118 25.6118
    endloop
  endfacet
  facet normal -0 0.659311 0.75187
    outer loop
      vertex -14.25 13.8823 25.3746
      vertex -10.25 13.6118 25.6118
      vertex -10.25 13.8823 25.3746
    endloop
  endfacet
  facet normal 0 0.659311 0.75187
    outer loop
      vertex -10.25 13.6118 25.6118
      vertex -14.25 13.8823 25.3746
      vertex -14.25 13.6118 25.6118
    endloop
  endfacet
  facet normal 0 -0.0653198 -0.997864
    outer loop
      vertex -14.25 15.5563 30.3063
      vertex -10.25 15.9153 30.2828
      vertex -10.25 15.5563 30.3063
    endloop
  endfacet
  facet normal -0 -0.0653198 -0.997864
    outer loop
      vertex -10.25 15.9153 30.2828
      vertex -14.25 15.5563 30.3063
      vertex -14.25 15.9153 30.2828
    endloop
  endfacet
  facet normal 0 -0.0653198 -0.997864
    outer loop
      vertex 10.25 15.5563 30.3063
      vertex 14.25 15.9153 30.2828
      vertex 14.25 15.5563 30.3063
    endloop
  endfacet
  facet normal -0 -0.0653198 -0.997864
    outer loop
      vertex 14.25 15.9153 30.2828
      vertex 10.25 15.5563 30.3063
      vertex 10.25 15.9153 30.2828
    endloop
  endfacet
  facet normal 0 -0.831537 -0.55547
    outer loop
      vertex -14.25 17.9379 28.9313
      vertex -10.25 17.7381 29.2304
      vertex -14.25 17.7381 29.2304
    endloop
  endfacet
  facet normal 0 -0.831537 -0.55547
    outer loop
      vertex -10.25 17.7381 29.2304
      vertex -14.25 17.9379 28.9313
      vertex -10.25 17.9379 28.9313
    endloop
  endfacet
  facet normal 0 -0.831537 -0.55547
    outer loop
      vertex 10.25 17.9379 28.9313
      vertex 14.25 17.7381 29.2304
      vertex 10.25 17.7381 29.2304
    endloop
  endfacet
  facet normal 0 -0.831537 -0.55547
    outer loop
      vertex 14.25 17.7381 29.2304
      vertex 10.25 17.9379 28.9313
      vertex 14.25 17.9379 28.9313
    endloop
  endfacet
  facet normal 0 0.707106 -0.707107
    outer loop
      vertex 10.25 -7.24784 19.2478
      vertex -10.25 13.9654 40.461
      vertex 10.25 13.9654 40.461
    endloop
  endfacet
  facet normal 0 0.707106 -0.707107
    outer loop
      vertex -10.25 13.9654 40.461
      vertex 10.25 -7.24784 19.2478
      vertex -10.25 -7.24784 19.2478
    endloop
  endfacet
  facet normal 0 0.707106 0.707108
    outer loop
      vertex 10.25 7.24784 4.75216
      vertex -10.25 -7.24784 19.2478
      vertex 10.25 -7.24784 19.2478
    endloop
  endfacet
  facet normal 0 0.707106 0.707108
    outer loop
      vertex -10.25 -7.24784 19.2478
      vertex 10.25 7.24784 4.75216
      vertex -10.25 7.24784 4.75216
    endloop
  endfacet
  facet normal 0 -0.707108 0.707105
    outer loop
      vertex -10.25 7.24784 4.75216
      vertex 10.25 28.461 25.9654
      vertex -10.25 28.461 25.9654
    endloop
  endfacet
  facet normal 0 -0.707108 0.707105
    outer loop
      vertex 10.25 28.461 25.9654
      vertex -10.25 7.24784 4.75216
      vertex 10.25 7.24784 4.75216
    endloop
  endfacet
  facet normal 1 0 0
    outer loop
      vertex -10.25 28.461 25.9654
      vertex -10.25 18.2828 27.9153
      vertex -10.25 18.3063 27.5563
    endloop
  endfacet
  facet normal 1 0 0
    outer loop
      vertex -10.25 28.461 25.9654
      vertex -10.25 18.2126 28.2681
      vertex -10.25 18.2828 27.9153
    endloop
  endfacet
  facet normal 1 0 0
    outer loop
      vertex -10.25 28.461 25.9654
      vertex -10.25 18.097 28.6087
      vertex -10.25 18.2126 28.2681
    endloop
  endfacet
  facet normal 1 0 0
    outer loop
      vertex -10.25 28.461 25.9654
      vertex -10.25 17.9379 28.9313
      vertex -10.25 18.097 28.6087
    endloop
  endfacet
  facet normal 1 0 0
    outer loop
      vertex -10.25 28.461 25.9654
      vertex -10.25 17.7381 29.2304
      vertex -10.25 17.9379 28.9313
    endloop
  endfacet
  facet normal 1 0 0
    outer loop
      vertex -10.25 28.461 25.9654
      vertex -10.25 17.5009 29.5009
      vertex -10.25 17.7381 29.2304
    endloop
  endfacet
  facet normal 1 0 0
    outer loop
      vertex -10.25 13.9654 40.461
      vertex -10.25 17.5009 29.5009
      vertex -10.25 28.461 25.9654
    endloop
  endfacet
  facet normal 1 0 0
    outer loop
      vertex -10.25 17.5009 29.5009
      vertex -10.25 13.9654 40.461
      vertex -10.25 17.2304 29.7381
    endloop
  endfacet
  facet normal 1 0 0
    outer loop
      vertex -10.25 17.2304 29.7381
      vertex -10.25 13.9654 40.461
      vertex -10.25 16.9313 29.9379
    endloop
  endfacet
  facet normal 1 0 0
    outer loop
      vertex -10.25 16.9313 29.9379
      vertex -10.25 13.9654 40.461
      vertex -10.25 16.6087 30.097
    endloop
  endfacet
  facet normal 1 0 0
    outer loop
      vertex -10.25 13.9654 40.461
      vertex -10.25 16.2681 30.2126
      vertex -10.25 16.6087 30.097
    endloop
  endfacet
  facet normal 1 0 0
    outer loop
      vertex -10.25 13.9654 40.461
      vertex -10.25 15.9153 30.2828
      vertex -10.25 16.2681 30.2126
    endloop
  endfacet
  facet normal 1 0 0
    outer loop
      vertex -10.25 13.9654 40.461
      vertex -10.25 15.5563 30.3063
      vertex -10.25 15.9153 30.2828
    endloop
  endfacet
  facet normal 1 0 0
    outer loop
      vertex -10.25 13.9654 40.461
      vertex -10.25 15.1974 30.2828
      vertex -10.25 15.5563 30.3063
    endloop
  endfacet
  facet normal 1 0 0
    outer loop
      vertex -10.25 13.9654 40.461
      vertex -10.25 14.8446 30.2126
      vertex -10.25 15.1974 30.2828
    endloop
  endfacet
  facet normal 1 0 0
    outer loop
      vertex -10.25 13.9654 40.461
      vertex -10.25 14.504 30.097
      vertex -10.25 14.8446 30.2126
    endloop
  endfacet
  facet normal 1 0 0
    outer loop
      vertex -10.25 13.9654 40.461
      vertex -10.25 14.1813 29.9379
      vertex -10.25 14.504 30.097
    endloop
  endfacet
  facet normal 1 0 0
    outer loop
      vertex -10.25 13.9654 40.461
      vertex -10.25 13.8823 29.7381
      vertex -10.25 14.1813 29.9379
    endloop
  endfacet
  facet normal 1 0 0
    outer loop
      vertex -10.25 13.9654 40.461
      vertex -10.25 13.6118 29.5009
      vertex -10.25 13.8823 29.7381
    endloop
  endfacet
  facet normal 1 0 0
    outer loop
      vertex -10.25 13.9654 40.461
      vertex -10.25 13.3746 29.2304
      vertex -10.25 13.6118 29.5009
    endloop
  endfacet
  facet normal 1 0 0
    outer loop
      vertex -10.25 13.9654 40.461
      vertex -10.25 13.1748 28.9313
      vertex -10.25 13.3746 29.2304
    endloop
  endfacet
  facet normal 1 0 0
    outer loop
      vertex -10.25 13.9654 40.461
      vertex -10.25 13.0157 28.6087
      vertex -10.25 13.1748 28.9313
    endloop
  endfacet
  facet normal 1 0 0
    outer loop
      vertex -10.25 5.31158 20.9046
      vertex -10.25 13.0157 28.6087
      vertex -10.25 13.9654 40.461
    endloop
  endfacet
  facet normal 1 0 0
    outer loop
      vertex -10.25 13.0157 28.6087
      vertex -10.25 5.31158 20.9046
      vertex -10.25 12.9001 28.2681
    endloop
  endfacet
  facet normal 1 0 0
    outer loop
      vertex -10.25 6.36396 21.114
      vertex -10.25 12.8063 27.5563
      vertex -10.25 12.8299 27.9153
    endloop
  endfacet
  facet normal 1 0 -0
    outer loop
      vertex -10.25 5.65221 21.0203
      vertex -10.25 12.9001 28.2681
      vertex -10.25 5.31158 20.9046
    endloop
  endfacet
  facet normal 1 0 0
    outer loop
      vertex -10.25 12.8063 27.5563
      vertex -10.25 9.09043 18.7229
      vertex -10.25 9.11396 18.364
    endloop
  endfacet
  facet normal 1 0 0
    outer loop
      vertex -10.25 12.8063 27.5563
      vertex -10.25 9.02026 19.0757
      vertex -10.25 9.09043 18.7229
    endloop
  endfacet
  facet normal 1 0 0
    outer loop
      vertex -10.25 12.8063 27.5563
      vertex -10.25 8.90463 19.4163
      vertex -10.25 9.02026 19.0757
    endloop
  endfacet
  facet normal 1 0 0
    outer loop
      vertex -10.25 12.8063 27.5563
      vertex -10.25 8.74553 19.739
      vertex -10.25 8.90463 19.4163
    endloop
  endfacet
  facet normal 1 0 0
    outer loop
      vertex -10.25 12.8063 27.5563
      vertex -10.25 8.54568 20.0381
      vertex -10.25 8.74553 19.739
    endloop
  endfacet
  facet normal 1 0 0
    outer loop
      vertex -10.25 12.8063 27.5563
      vertex -10.25 8.30851 20.3085
      vertex -10.25 8.54568 20.0381
    endloop
  endfacet
  facet normal 1 0 0
    outer loop
      vertex -10.25 12.8063 27.5563
      vertex -10.25 8.03805 20.5457
      vertex -10.25 8.30851 20.3085
    endloop
  endfacet
  facet normal 1 0 0
    outer loop
      vertex -10.25 12.8063 27.5563
      vertex -10.25 7.73896 20.7455
      vertex -10.25 8.03805 20.5457
    endloop
  endfacet
  facet normal 1 0 0
    outer loop
      vertex -10.25 12.8063 27.5563
      vertex -10.25 7.41634 20.9046
      vertex -10.25 7.73896 20.7455
    endloop
  endfacet
  facet normal 1 0 0
    outer loop
      vertex -10.25 12.8063 27.5563
      vertex -10.25 7.07571 21.0203
      vertex -10.25 7.41634 20.9046
    endloop
  endfacet
  facet normal 1 0 0
    outer loop
      vertex -10.25 12.8063 27.5563
      vertex -10.25 6.72291 21.0904
      vertex -10.25 7.07571 21.0203
    endloop
  endfacet
  facet normal 1 0 0
    outer loop
      vertex -10.25 12.8063 27.5563
      vertex -10.25 6.36396 21.114
      vertex -10.25 6.72291 21.0904
    endloop
  endfacet
  facet normal 1 0 0
    outer loop
      vertex -10.25 12.8299 27.9153
      vertex -10.25 6.00501 21.0904
      vertex -10.25 6.36396 21.114
    endloop
  endfacet
  facet normal 1 0 0
    outer loop
      vertex -10.25 12.8299 27.9153
      vertex -10.25 5.65221 21.0203
      vertex -10.25 6.00501 21.0904
    endloop
  endfacet
  facet normal 1 0 0
    outer loop
      vertex -10.25 12.9001 28.2681
      vertex -10.25 5.65221 21.0203
      vertex -10.25 12.8299 27.9153
    endloop
  endfacet
  facet normal 1 0 0
    outer loop
      vertex -10.25 13.9654 40.461
      vertex -10.25 4.98896 20.7455
      vertex -10.25 5.31158 20.9046
    endloop
  endfacet
  facet normal 1 0 0
    outer loop
      vertex -10.25 -7.24784 19.2478
      vertex -10.25 4.98896 20.7455
      vertex -10.25 13.9654 40.461
    endloop
  endfacet
  facet normal 1 0 0
    outer loop
      vertex -10.25 4.98896 20.7455
      vertex -10.25 -7.24784 19.2478
      vertex -10.25 4.68987 20.5457
    endloop
  endfacet
  facet normal 1 0 0
    outer loop
      vertex -10.25 4.68987 20.5457
      vertex -10.25 -7.24784 19.2478
      vertex -10.25 4.41942 20.3085
    endloop
  endfacet
  facet normal 1 0 0
    outer loop
      vertex -10.25 4.41942 20.3085
      vertex -10.25 -7.24784 19.2478
      vertex -10.25 4.18224 20.0381
    endloop
  endfacet
  facet normal 1 0 0
    outer loop
      vertex -10.25 4.18224 20.0381
      vertex -10.25 -7.24784 19.2478
      vertex -10.25 3.98239 19.739
    endloop
  endfacet
  facet normal 1 0 0
    outer loop
      vertex -10.25 3.63749 18.7229
      vertex -10.25 -7.24784 19.2478
      vertex -10.25 3.61396 18.364
    endloop
  endfacet
  facet normal 1 0 0
    outer loop
      vertex -10.25 3.70767 19.0757
      vertex -10.25 -7.24784 19.2478
      vertex -10.25 3.63749 18.7229
    endloop
  endfacet
  facet normal 1 0 0
    outer loop
      vertex -10.25 3.82329 19.4163
      vertex -10.25 -7.24784 19.2478
      vertex -10.25 3.70767 19.0757
    endloop
  endfacet
  facet normal 1 0 0
    outer loop
      vertex -10.25 3.98239 19.739
      vertex -10.25 -7.24784 19.2478
      vertex -10.25 3.82329 19.4163
    endloop
  endfacet
  facet normal 1 -0 0
    outer loop
      vertex -10.25 18.2828 27.1974
      vertex -10.25 28.461 25.9654
      vertex -10.25 18.3063 27.5563
    endloop
  endfacet
  facet normal 1 -0 0
    outer loop
      vertex -10.25 18.2126 26.8446
      vertex -10.25 28.461 25.9654
      vertex -10.25 18.2828 27.1974
    endloop
  endfacet
  facet normal 1 -0 0
    outer loop
      vertex -10.25 18.097 26.504
      vertex -10.25 28.461 25.9654
      vertex -10.25 18.2126 26.8446
    endloop
  endfacet
  facet normal 1 -0 0
    outer loop
      vertex -10.25 17.9379 26.1813
      vertex -10.25 28.461 25.9654
      vertex -10.25 18.097 26.504
    endloop
  endfacet
  facet normal 1 0 0
    outer loop
      vertex -10.25 17.7381 25.8823
      vertex -10.25 28.461 25.9654
      vertex -10.25 17.9379 26.1813
    endloop
  endfacet
  facet normal 1 0 0
    outer loop
      vertex -10.25 17.5009 25.6118
      vertex -10.25 28.461 25.9654
      vertex -10.25 17.7381 25.8823
    endloop
  endfacet
  facet normal 1 0 0
    outer loop
      vertex -10.25 17.2304 25.3746
      vertex -10.25 28.461 25.9654
      vertex -10.25 17.5009 25.6118
    endloop
  endfacet
  facet normal 1 0 0
    outer loop
      vertex -10.25 16.9313 25.1748
      vertex -10.25 28.461 25.9654
      vertex -10.25 17.2304 25.3746
    endloop
  endfacet
  facet normal 1 0 0
    outer loop
      vertex -10.25 16.6087 25.0157
      vertex -10.25 28.461 25.9654
      vertex -10.25 16.9313 25.1748
    endloop
  endfacet
  facet normal 1 0 0
    outer loop
      vertex -10.25 8.90463 17.3116
      vertex -10.25 16.6087 25.0157
      vertex -10.25 16.2681 24.9001
    endloop
  endfacet
  facet normal 1 0 0
    outer loop
      vertex -10.25 9.02026 17.6522
      vertex -10.25 16.2681 24.9001
      vertex -10.25 15.9153 24.8299
    endloop
  endfacet
  facet normal 1 0 0
    outer loop
      vertex -10.25 9.11396 18.364
      vertex -10.25 12.8299 27.1974
      vertex -10.25 12.8063 27.5563
    endloop
  endfacet
  facet normal 1 0 0
    outer loop
      vertex -10.25 9.11396 18.364
      vertex -10.25 12.9001 26.8446
      vertex -10.25 12.8299 27.1974
    endloop
  endfacet
  facet normal 1 0 0
    outer loop
      vertex -10.25 9.11396 18.364
      vertex -10.25 13.0157 26.504
      vertex -10.25 12.9001 26.8446
    endloop
  endfacet
  facet normal 1 0 0
    outer loop
      vertex -10.25 9.11396 18.364
      vertex -10.25 13.1748 26.1813
      vertex -10.25 13.0157 26.504
    endloop
  endfacet
  facet normal 1 0 0
    outer loop
      vertex -10.25 9.11396 18.364
      vertex -10.25 13.3746 25.8823
      vertex -10.25 13.1748 26.1813
    endloop
  endfacet
  facet normal 1 0 0
    outer loop
      vertex -10.25 9.11396 18.364
      vertex -10.25 13.6118 25.6118
      vertex -10.25 13.3746 25.8823
    endloop
  endfacet
  facet normal 1 0 0
    outer loop
      vertex -10.25 9.11396 18.364
      vertex -10.25 13.8823 25.3746
      vertex -10.25 13.6118 25.6118
    endloop
  endfacet
  facet normal 1 0 0
    outer loop
      vertex -10.25 9.11396 18.364
      vertex -10.25 14.1813 25.1748
      vertex -10.25 13.8823 25.3746
    endloop
  endfacet
  facet normal 1 0 0
    outer loop
      vertex -10.25 9.11396 18.364
      vertex -10.25 14.504 25.0157
      vertex -10.25 14.1813 25.1748
    endloop
  endfacet
  facet normal 1 0 0
    outer loop
      vertex -10.25 9.11396 18.364
      vertex -10.25 14.8446 24.9001
      vertex -10.25 14.504 25.0157
    endloop
  endfacet
  facet normal 1 0 0
    outer loop
      vertex -10.25 9.11396 18.364
      vertex -10.25 15.1974 24.8299
      vertex -10.25 14.8446 24.9001
    endloop
  endfacet
  facet normal 1 0 0
    outer loop
      vertex -10.25 9.11396 18.364
      vertex -10.25 15.5563 24.8063
      vertex -10.25 15.1974 24.8299
    endloop
  endfacet
  facet normal 1 0 0
    outer loop
      vertex -10.25 9.11396 18.364
      vertex -10.25 15.9153 24.8299
      vertex -10.25 15.5563 24.8063
    endloop
  endfacet
  facet normal 1 0 0
    outer loop
      vertex -10.25 9.09043 18.005
      vertex -10.25 15.9153 24.8299
      vertex -10.25 9.11396 18.364
    endloop
  endfacet
  facet normal 1 0 0
    outer loop
      vertex -10.25 9.02026 17.6522
      vertex -10.25 15.9153 24.8299
      vertex -10.25 9.09043 18.005
    endloop
  endfacet
  facet normal 1 0 0
    outer loop
      vertex -10.25 16.2681 24.9001
      vertex -10.25 9.02026 17.6522
      vertex -10.25 8.90463 17.3116
    endloop
  endfacet
  facet normal 1 -0 0
    outer loop
      vertex -10.25 16.6087 25.0157
      vertex -10.25 8.90463 17.3116
      vertex -10.25 28.461 25.9654
    endloop
  endfacet
  facet normal 1 0 0
    outer loop
      vertex -10.25 8.74553 16.989
      vertex -10.25 28.461 25.9654
      vertex -10.25 8.90463 17.3116
    endloop
  endfacet
  facet normal 1 0 0
    outer loop
      vertex -10.25 7.24784 4.75216
      vertex -10.25 8.74553 16.989
      vertex -10.25 8.54568 16.6899
    endloop
  endfacet
  facet normal 1 0 0
    outer loop
      vertex -10.25 7.24784 4.75216
      vertex -10.25 8.54568 16.6899
      vertex -10.25 8.30851 16.4194
    endloop
  endfacet
  facet normal 1 0 0
    outer loop
      vertex -10.25 7.24784 4.75216
      vertex -10.25 8.30851 16.4194
      vertex -10.25 8.03805 16.1822
    endloop
  endfacet
  facet normal 1 0 0
    outer loop
      vertex -10.25 7.24784 4.75216
      vertex -10.25 8.03805 16.1822
      vertex -10.25 7.73896 15.9824
    endloop
  endfacet
  facet normal 1 0 0
    outer loop
      vertex -10.25 7.24784 4.75216
      vertex -10.25 7.73896 15.9824
      vertex -10.25 7.41634 15.8233
    endloop
  endfacet
  facet normal 1 -0 0
    outer loop
      vertex -10.25 8.74553 16.989
      vertex -10.25 7.24784 4.75216
      vertex -10.25 28.461 25.9654
    endloop
  endfacet
  facet normal 1 -0 0
    outer loop
      vertex -10.25 7.07571 15.7077
      vertex -10.25 7.24784 4.75216
      vertex -10.25 7.41634 15.8233
    endloop
  endfacet
  facet normal 1 -0 0
    outer loop
      vertex -10.25 6.72291 15.6375
      vertex -10.25 7.24784 4.75216
      vertex -10.25 7.07571 15.7077
    endloop
  endfacet
  facet normal 1 -0 0
    outer loop
      vertex -10.25 6.36396 15.614
      vertex -10.25 7.24784 4.75216
      vertex -10.25 6.72291 15.6375
    endloop
  endfacet
  facet normal 1 0 0
    outer loop
      vertex -10.25 6.00501 15.6375
      vertex -10.25 7.24784 4.75216
      vertex -10.25 6.36396 15.614
    endloop
  endfacet
  facet normal 1 0 0
    outer loop
      vertex -10.25 5.65221 15.7077
      vertex -10.25 7.24784 4.75216
      vertex -10.25 6.00501 15.6375
    endloop
  endfacet
  facet normal 1 0 0
    outer loop
      vertex -10.25 5.31158 15.8233
      vertex -10.25 7.24784 4.75216
      vertex -10.25 5.65221 15.7077
    endloop
  endfacet
  facet normal 1 0 0
    outer loop
      vertex -10.25 4.98896 15.9824
      vertex -10.25 7.24784 4.75216
      vertex -10.25 5.31158 15.8233
    endloop
  endfacet
  facet normal 1 0 0
    outer loop
      vertex -10.25 4.68987 16.1822
      vertex -10.25 7.24784 4.75216
      vertex -10.25 4.98896 15.9824
    endloop
  endfacet
  facet normal 1 0 0
    outer loop
      vertex -10.25 4.41942 16.4194
      vertex -10.25 7.24784 4.75216
      vertex -10.25 4.68987 16.1822
    endloop
  endfacet
  facet normal 1 0 0
    outer loop
      vertex -10.25 -7.24784 19.2478
      vertex -10.25 4.41942 16.4194
      vertex -10.25 4.18224 16.6899
    endloop
  endfacet
  facet normal 1 0 0
    outer loop
      vertex -10.25 -7.24784 19.2478
      vertex -10.25 4.18224 16.6899
      vertex -10.25 3.98239 16.989
    endloop
  endfacet
  facet normal 1 0 0
    outer loop
      vertex -10.25 -7.24784 19.2478
      vertex -10.25 3.98239 16.989
      vertex -10.25 3.82329 17.3116
    endloop
  endfacet
  facet normal 1 0 0
    outer loop
      vertex -10.25 -7.24784 19.2478
      vertex -10.25 3.82329 17.3116
      vertex -10.25 3.70766 17.6522
    endloop
  endfacet
  facet normal 1 0 0
    outer loop
      vertex -10.25 4.41942 16.4194
      vertex -10.25 -7.24784 19.2478
      vertex -10.25 7.24784 4.75216
    endloop
  endfacet
  facet normal 1 0 0
    outer loop
      vertex -10.25 3.63749 18.005
      vertex -10.25 -7.24784 19.2478
      vertex -10.25 3.70766 17.6522
    endloop
  endfacet
  facet normal 1 0 0
    outer loop
      vertex -10.25 -7.24784 19.2478
      vertex -10.25 3.63749 18.005
      vertex -10.25 3.61396 18.364
    endloop
  endfacet
  facet normal -1 0 0
    outer loop
      vertex 10.25 28.461 25.9654
      vertex 10.25 18.2828 27.1974
      vertex 10.25 18.3063 27.5563
    endloop
  endfacet
  facet normal -1 0 0
    outer loop
      vertex 10.25 28.461 25.9654
      vertex 10.25 18.2126 26.8446
      vertex 10.25 18.2828 27.1974
    endloop
  endfacet
  facet normal -1 0 0
    outer loop
      vertex 10.25 28.461 25.9654
      vertex 10.25 18.097 26.504
      vertex 10.25 18.2126 26.8446
    endloop
  endfacet
  facet normal -1 0 0
    outer loop
      vertex 10.25 28.461 25.9654
      vertex 10.25 17.9379 26.1813
      vertex 10.25 18.097 26.504
    endloop
  endfacet
  facet normal -1 -0 0
    outer loop
      vertex 10.25 28.461 25.9654
      vertex 10.25 17.7381 25.8823
      vertex 10.25 17.9379 26.1813
    endloop
  endfacet
  facet normal -1 0 0
    outer loop
      vertex 10.25 28.461 25.9654
      vertex 10.25 17.5009 25.6118
      vertex 10.25 17.7381 25.8823
    endloop
  endfacet
  facet normal -1 0 0
    outer loop
      vertex 10.25 28.461 25.9654
      vertex 10.25 17.2304 25.3746
      vertex 10.25 17.5009 25.6118
    endloop
  endfacet
  facet normal -1 0 0
    outer loop
      vertex 10.25 28.461 25.9654
      vertex 10.25 16.9313 25.1748
      vertex 10.25 17.2304 25.3746
    endloop
  endfacet
  facet normal -1 0 0
    outer loop
      vertex 10.25 28.461 25.9654
      vertex 10.25 16.6087 25.0157
      vertex 10.25 16.9313 25.1748
    endloop
  endfacet
  facet normal -1 0 0
    outer loop
      vertex 10.25 8.90463 17.3116
      vertex 10.25 16.6087 25.0157
      vertex 10.25 28.461 25.9654
    endloop
  endfacet
  facet normal -1 0 0
    outer loop
      vertex 10.25 16.6087 25.0157
      vertex 10.25 8.90463 17.3116
      vertex 10.25 16.2681 24.9001
    endloop
  endfacet
  facet normal -1 0 0
    outer loop
      vertex 10.25 8.30851 20.3085
      vertex 10.25 13.6118 25.6118
      vertex 10.25 8.54568 20.0381
    endloop
  endfacet
  facet normal -1 -0 0
    outer loop
      vertex 10.25 13.8823 25.3746
      vertex 10.25 8.54568 20.0381
      vertex 10.25 13.6118 25.6118
    endloop
  endfacet
  facet normal -1 0 0
    outer loop
      vertex 10.25 8.54568 20.0381
      vertex 10.25 13.8823 25.3746
      vertex 10.25 8.74553 19.739
    endloop
  endfacet
  facet normal -1 -0 0
    outer loop
      vertex 10.25 14.1813 25.1748
      vertex 10.25 8.74553 19.739
      vertex 10.25 13.8823 25.3746
    endloop
  endfacet
  facet normal -1 0 0
    outer loop
      vertex 10.25 8.74553 19.739
      vertex 10.25 14.1813 25.1748
      vertex 10.25 8.90463 19.4163
    endloop
  endfacet
  facet normal -1 -0 0
    outer loop
      vertex 10.25 14.504 25.0157
      vertex 10.25 8.90463 19.4163
      vertex 10.25 14.1813 25.1748
    endloop
  endfacet
  facet normal -1 0 0
    outer loop
      vertex 10.25 8.90463 19.4163
      vertex 10.25 14.504 25.0157
      vertex 10.25 9.02026 19.0757
    endloop
  endfacet
  facet normal -1 -0 0
    outer loop
      vertex 10.25 14.8446 24.9001
      vertex 10.25 9.02026 19.0757
      vertex 10.25 14.504 25.0157
    endloop
  endfacet
  facet normal -1 0 0
    outer loop
      vertex 10.25 9.02026 19.0757
      vertex 10.25 14.8446 24.9001
      vertex 10.25 9.09043 18.7229
    endloop
  endfacet
  facet normal -1 -0 0
    outer loop
      vertex 10.25 15.1974 24.8299
      vertex 10.25 9.09043 18.7229
      vertex 10.25 14.8446 24.9001
    endloop
  endfacet
  facet normal -1 0 0
    outer loop
      vertex 10.25 9.09043 18.7229
      vertex 10.25 15.1974 24.8299
      vertex 10.25 9.11396 18.364
    endloop
  endfacet
  facet normal -1 -0 0
    outer loop
      vertex 10.25 15.5563 24.8063
      vertex 10.25 9.11396 18.364
      vertex 10.25 15.1974 24.8299
    endloop
  endfacet
  facet normal -1 0 0
    outer loop
      vertex 10.25 15.9153 24.8299
      vertex 10.25 9.11396 18.364
      vertex 10.25 15.5563 24.8063
    endloop
  endfacet
  facet normal -1 0 -0
    outer loop
      vertex 10.25 9.02026 17.6522
      vertex 10.25 16.2681 24.9001
      vertex 10.25 8.90463 17.3116
    endloop
  endfacet
  facet normal -1 0 0
    outer loop
      vertex 10.25 15.9153 24.8299
      vertex 10.25 9.09043 18.005
      vertex 10.25 9.11396 18.364
    endloop
  endfacet
  facet normal -1 0 0
    outer loop
      vertex 10.25 15.9153 24.8299
      vertex 10.25 9.02026 17.6522
      vertex 10.25 9.09043 18.005
    endloop
  endfacet
  facet normal -1 0 0
    outer loop
      vertex 10.25 16.2681 24.9001
      vertex 10.25 9.02026 17.6522
      vertex 10.25 15.9153 24.8299
    endloop
  endfacet
  facet normal -1 0 0
    outer loop
      vertex 10.25 28.461 25.9654
      vertex 10.25 8.74553 16.989
      vertex 10.25 8.90463 17.3116
    endloop
  endfacet
  facet normal -1 0 0
    outer loop
      vertex 10.25 7.24784 4.75216
      vertex 10.25 8.74553 16.989
      vertex 10.25 28.461 25.9654
    endloop
  endfacet
  facet normal -1 0 0
    outer loop
      vertex 10.25 8.74553 16.989
      vertex 10.25 7.24784 4.75216
      vertex 10.25 8.54568 16.6899
    endloop
  endfacet
  facet normal -1 0 0
    outer loop
      vertex 10.25 8.54568 16.6899
      vertex 10.25 7.24784 4.75216
      vertex 10.25 8.30851 16.4194
    endloop
  endfacet
  facet normal -1 0 0
    outer loop
      vertex 10.25 8.30851 16.4194
      vertex 10.25 7.24784 4.75216
      vertex 10.25 8.03805 16.1822
    endloop
  endfacet
  facet normal -1 0 0
    outer loop
      vertex 10.25 8.03805 16.1822
      vertex 10.25 7.24784 4.75216
      vertex 10.25 7.73896 15.9824
    endloop
  endfacet
  facet normal -1 0 0
    outer loop
      vertex 10.25 7.73896 15.9824
      vertex 10.25 7.24784 4.75216
      vertex 10.25 7.41634 15.8233
    endloop
  endfacet
  facet normal -1 0 0
    outer loop
      vertex 10.25 7.24784 4.75216
      vertex 10.25 7.07571 15.7077
      vertex 10.25 7.41634 15.8233
    endloop
  endfacet
  facet normal -1 0 0
    outer loop
      vertex 10.25 7.24784 4.75216
      vertex 10.25 6.72291 15.6375
      vertex 10.25 7.07571 15.7077
    endloop
  endfacet
  facet normal -1 0 0
    outer loop
      vertex 10.25 7.24784 4.75216
      vertex 10.25 6.36396 15.614
      vertex 10.25 6.72291 15.6375
    endloop
  endfacet
  facet normal -1 0 0
    outer loop
      vertex 10.25 7.24784 4.75216
      vertex 10.25 6.00501 15.6375
      vertex 10.25 6.36396 15.614
    endloop
  endfacet
  facet normal -1 0 0
    outer loop
      vertex 10.25 7.24784 4.75216
      vertex 10.25 5.65221 15.7077
      vertex 10.25 6.00501 15.6375
    endloop
  endfacet
  facet normal -1 0 0
    outer loop
      vertex 10.25 7.24784 4.75216
      vertex 10.25 5.31158 15.8233
      vertex 10.25 5.65221 15.7077
    endloop
  endfacet
  facet normal -1 0 0
    outer loop
      vertex 10.25 7.24784 4.75216
      vertex 10.25 4.98896 15.9824
      vertex 10.25 5.31158 15.8233
    endloop
  endfacet
  facet normal -1 0 0
    outer loop
      vertex 10.25 7.24784 4.75216
      vertex 10.25 4.68987 16.1822
      vertex 10.25 4.98896 15.9824
    endloop
  endfacet
  facet normal -1 0 0
    outer loop
      vertex 10.25 7.24784 4.75216
      vertex 10.25 4.41942 16.4194
      vertex 10.25 4.68987 16.1822
    endloop
  endfacet
  facet normal -1 0 0
    outer loop
      vertex 10.25 -7.24784 19.2478
      vertex 10.25 4.41942 16.4194
      vertex 10.25 7.24784 4.75216
    endloop
  endfacet
  facet normal -1 0 0
    outer loop
      vertex 10.25 4.41942 16.4194
      vertex 10.25 -7.24784 19.2478
      vertex 10.25 4.18224 16.6899
    endloop
  endfacet
  facet normal -1 0 0
    outer loop
      vertex 10.25 4.18224 16.6899
      vertex 10.25 -7.24784 19.2478
      vertex 10.25 3.98239 16.989
    endloop
  endfacet
  facet normal -1 0 0
    outer loop
      vertex 10.25 3.98239 16.989
      vertex 10.25 -7.24784 19.2478
      vertex 10.25 3.82329 17.3116
    endloop
  endfacet
  facet normal -1 0 0
    outer loop
      vertex 10.25 3.63749 18.005
      vertex 10.25 -7.24784 19.2478
      vertex 10.25 3.61396 18.364
    endloop
  endfacet
  facet normal -1 0 0
    outer loop
      vertex 10.25 3.70766 17.6522
      vertex 10.25 -7.24784 19.2478
      vertex 10.25 3.63749 18.005
    endloop
  endfacet
  facet normal -1 0 0
    outer loop
      vertex 10.25 3.82329 17.3116
      vertex 10.25 -7.24784 19.2478
      vertex 10.25 3.70766 17.6522
    endloop
  endfacet
  facet normal -1 0 0
    outer loop
      vertex 10.25 18.2828 27.9153
      vertex 10.25 28.461 25.9654
      vertex 10.25 18.3063 27.5563
    endloop
  endfacet
  facet normal -1 0 0
    outer loop
      vertex 10.25 18.2126 28.2681
      vertex 10.25 28.461 25.9654
      vertex 10.25 18.2828 27.9153
    endloop
  endfacet
  facet normal -1 0 0
    outer loop
      vertex 10.25 18.097 28.6087
      vertex 10.25 28.461 25.9654
      vertex 10.25 18.2126 28.2681
    endloop
  endfacet
  facet normal -1 0 0
    outer loop
      vertex 10.25 17.9379 28.9313
      vertex 10.25 28.461 25.9654
      vertex 10.25 18.097 28.6087
    endloop
  endfacet
  facet normal -1 0 0
    outer loop
      vertex 10.25 17.7381 29.2304
      vertex 10.25 28.461 25.9654
      vertex 10.25 17.9379 28.9313
    endloop
  endfacet
  facet normal -1 0 0
    outer loop
      vertex 10.25 17.5009 29.5009
      vertex 10.25 28.461 25.9654
      vertex 10.25 17.7381 29.2304
    endloop
  endfacet
  facet normal -1 0 0
    outer loop
      vertex 10.25 13.9654 40.461
      vertex 10.25 17.5009 29.5009
      vertex 10.25 17.2304 29.7381
    endloop
  endfacet
  facet normal -1 0 0
    outer loop
      vertex 10.25 13.9654 40.461
      vertex 10.25 17.2304 29.7381
      vertex 10.25 16.9313 29.9379
    endloop
  endfacet
  facet normal -1 0 0
    outer loop
      vertex 10.25 13.9654 40.461
      vertex 10.25 16.9313 29.9379
      vertex 10.25 16.6087 30.097
    endloop
  endfacet
  facet normal -1 0 0
    outer loop
      vertex 10.25 17.5009 29.5009
      vertex 10.25 13.9654 40.461
      vertex 10.25 28.461 25.9654
    endloop
  endfacet
  facet normal -1 0 0
    outer loop
      vertex 10.25 16.2681 30.2126
      vertex 10.25 13.9654 40.461
      vertex 10.25 16.6087 30.097
    endloop
  endfacet
  facet normal -1 0 0
    outer loop
      vertex 10.25 15.9153 30.2828
      vertex 10.25 13.9654 40.461
      vertex 10.25 16.2681 30.2126
    endloop
  endfacet
  facet normal -1 0 0
    outer loop
      vertex 10.25 15.5563 30.3063
      vertex 10.25 13.9654 40.461
      vertex 10.25 15.9153 30.2828
    endloop
  endfacet
  facet normal -1 0 0
    outer loop
      vertex 10.25 15.1974 30.2828
      vertex 10.25 13.9654 40.461
      vertex 10.25 15.5563 30.3063
    endloop
  endfacet
  facet normal -1 0 0
    outer loop
      vertex 10.25 14.8446 30.2126
      vertex 10.25 13.9654 40.461
      vertex 10.25 15.1974 30.2828
    endloop
  endfacet
  facet normal -1 0 0
    outer loop
      vertex 10.25 14.504 30.097
      vertex 10.25 13.9654 40.461
      vertex 10.25 14.8446 30.2126
    endloop
  endfacet
  facet normal -1 0 0
    outer loop
      vertex 10.25 14.1813 29.9379
      vertex 10.25 13.9654 40.461
      vertex 10.25 14.504 30.097
    endloop
  endfacet
  facet normal -1 0 0
    outer loop
      vertex 10.25 13.8823 29.7381
      vertex 10.25 13.9654 40.461
      vertex 10.25 14.1813 29.9379
    endloop
  endfacet
  facet normal -1 0 0
    outer loop
      vertex 10.25 13.6118 29.5009
      vertex 10.25 13.9654 40.461
      vertex 10.25 13.8823 29.7381
    endloop
  endfacet
  facet normal -1 0 0
    outer loop
      vertex 10.25 13.3746 29.2304
      vertex 10.25 13.9654 40.461
      vertex 10.25 13.6118 29.5009
    endloop
  endfacet
  facet normal -1 0 0
    outer loop
      vertex 10.25 13.1748 28.9313
      vertex 10.25 13.9654 40.461
      vertex 10.25 13.3746 29.2304
    endloop
  endfacet
  facet normal -1 0 0
    outer loop
      vertex 10.25 13.0157 28.6087
      vertex 10.25 13.9654 40.461
      vertex 10.25 13.1748 28.9313
    endloop
  endfacet
  facet normal -1 0 0
    outer loop
      vertex 10.25 5.31158 20.9046
      vertex 10.25 13.0157 28.6087
      vertex 10.25 12.9001 28.2681
    endloop
  endfacet
  facet normal -1 0 0
    outer loop
      vertex 10.25 5.65221 21.0203
      vertex 10.25 12.9001 28.2681
      vertex 10.25 12.8299 27.9153
    endloop
  endfacet
  facet normal -1 -0 0
    outer loop
      vertex 10.25 13.6118 25.6118
      vertex 10.25 8.30851 20.3085
      vertex 10.25 13.3746 25.8823
    endloop
  endfacet
  facet normal -1 0 0
    outer loop
      vertex 10.25 8.03805 20.5457
      vertex 10.25 13.3746 25.8823
      vertex 10.25 8.30851 20.3085
    endloop
  endfacet
  facet normal -1 -0 0
    outer loop
      vertex 10.25 13.3746 25.8823
      vertex 10.25 8.03805 20.5457
      vertex 10.25 13.1748 26.1813
    endloop
  endfacet
  facet normal -1 0 0
    outer loop
      vertex 10.25 7.73896 20.7455
      vertex 10.25 13.1748 26.1813
      vertex 10.25 8.03805 20.5457
    endloop
  endfacet
  facet normal -1 -0 0
    outer loop
      vertex 10.25 13.1748 26.1813
      vertex 10.25 7.73896 20.7455
      vertex 10.25 13.0157 26.504
    endloop
  endfacet
  facet normal -1 0 0
    outer loop
      vertex 10.25 7.41634 20.9046
      vertex 10.25 13.0157 26.504
      vertex 10.25 7.73896 20.7455
    endloop
  endfacet
  facet normal -1 -0 0
    outer loop
      vertex 10.25 13.0157 26.504
      vertex 10.25 7.41634 20.9046
      vertex 10.25 12.9001 26.8446
    endloop
  endfacet
  facet normal -1 0 0
    outer loop
      vertex 10.25 7.07571 21.0203
      vertex 10.25 12.9001 26.8446
      vertex 10.25 7.41634 20.9046
    endloop
  endfacet
  facet normal -1 -0 0
    outer loop
      vertex 10.25 12.9001 26.8446
      vertex 10.25 7.07571 21.0203
      vertex 10.25 12.8299 27.1974
    endloop
  endfacet
  facet normal -1 0 0
    outer loop
      vertex 10.25 6.72291 21.0904
      vertex 10.25 12.8299 27.1974
      vertex 10.25 7.07571 21.0203
    endloop
  endfacet
  facet normal -1 -0 0
    outer loop
      vertex 10.25 12.8299 27.1974
      vertex 10.25 6.72291 21.0904
      vertex 10.25 12.8063 27.5563
    endloop
  endfacet
  facet normal -1 0 0
    outer loop
      vertex 10.25 6.36396 21.114
      vertex 10.25 12.8063 27.5563
      vertex 10.25 6.72291 21.0904
    endloop
  endfacet
  facet normal -1 -0 0
    outer loop
      vertex 10.25 12.8063 27.5563
      vertex 10.25 6.36396 21.114
      vertex 10.25 12.8299 27.9153
    endloop
  endfacet
  facet normal -1 0 0
    outer loop
      vertex 10.25 6.00501 21.0904
      vertex 10.25 12.8299 27.9153
      vertex 10.25 6.36396 21.114
    endloop
  endfacet
  facet normal -1 0 0
    outer loop
      vertex 10.25 5.65221 21.0203
      vertex 10.25 12.8299 27.9153
      vertex 10.25 6.00501 21.0904
    endloop
  endfacet
  facet normal -1 0 0
    outer loop
      vertex 10.25 12.9001 28.2681
      vertex 10.25 5.65221 21.0203
      vertex 10.25 5.31158 20.9046
    endloop
  endfacet
  facet normal -1 -0 0
    outer loop
      vertex 10.25 13.0157 28.6087
      vertex 10.25 5.31158 20.9046
      vertex 10.25 13.9654 40.461
    endloop
  endfacet
  facet normal -1 0 0
    outer loop
      vertex 10.25 4.98896 20.7455
      vertex 10.25 13.9654 40.461
      vertex 10.25 5.31158 20.9046
    endloop
  endfacet
  facet normal -1 0 0
    outer loop
      vertex 10.25 -7.24784 19.2478
      vertex 10.25 4.98896 20.7455
      vertex 10.25 4.68987 20.5457
    endloop
  endfacet
  facet normal -1 0 0
    outer loop
      vertex 10.25 -7.24784 19.2478
      vertex 10.25 4.68987 20.5457
      vertex 10.25 4.41942 20.3085
    endloop
  endfacet
  facet normal -1 0 0
    outer loop
      vertex 10.25 -7.24784 19.2478
      vertex 10.25 4.41942 20.3085
      vertex 10.25 4.18224 20.0381
    endloop
  endfacet
  facet normal -1 0 0
    outer loop
      vertex 10.25 -7.24784 19.2478
      vertex 10.25 4.18224 20.0381
      vertex 10.25 3.98239 19.739
    endloop
  endfacet
  facet normal -1 0 0
    outer loop
      vertex 10.25 -7.24784 19.2478
      vertex 10.25 3.98239 19.739
      vertex 10.25 3.82329 19.4163
    endloop
  endfacet
  facet normal -1 -0 0
    outer loop
      vertex 10.25 4.98896 20.7455
      vertex 10.25 -7.24784 19.2478
      vertex 10.25 13.9654 40.461
    endloop
  endfacet
  facet normal -1 0 0
    outer loop
      vertex 10.25 3.70767 19.0757
      vertex 10.25 -7.24784 19.2478
      vertex 10.25 3.82329 19.4163
    endloop
  endfacet
  facet normal -1 0 0
    outer loop
      vertex 10.25 3.63749 18.7229
      vertex 10.25 -7.24784 19.2478
      vertex 10.25 3.70767 19.0757
    endloop
  endfacet
  facet normal -1 0 0
    outer loop
      vertex 10.25 -7.24784 19.2478
      vertex 10.25 3.63749 18.7229
      vertex 10.25 3.61396 18.364
    endloop
  endfacet
  facet normal 0 0 -1
    outer loop
      vertex -30 -10.25 0.25
      vertex 30 10.25 0.25
      vertex 30 -10.25 0.25
    endloop
  endfacet
  facet normal -0 0 -1
    outer loop
      vertex 30 10.25 0.25
      vertex -30 -10.25 0.25
      vertex -30 10.25 0.25
    endloop
  endfacet
  facet normal 0 -1 0
    outer loop
      vertex -21.9476 10.25 -7.45933
      vertex -30 10.25 0.25
      vertex -22.2882 10.25 -7.3437
    endloop
  endfacet
  facet normal 0 -1 0
    outer loop
      vertex 30 10.25 0.25
      vertex 22.6411 10.25 -7.27353
      vertex 23 10.25 -7.25
    endloop
  endfacet
  facet normal 0 -1 0
    outer loop
      vertex -21.625 10.25 -7.61843
      vertex -30 10.25 0.25
      vertex -21.9476 10.25 -7.45933
    endloop
  endfacet
  facet normal 0 -1 0
    outer loop
      vertex 30 10.25 0.25
      vertex 22.2882 10.25 -7.3437
      vertex 22.6411 10.25 -7.27353
    endloop
  endfacet
  facet normal 0 -1 0
    outer loop
      vertex -30 10.25 0.25
      vertex -21.625 10.25 -7.61843
      vertex 30 10.25 0.25
    endloop
  endfacet
  facet normal 0 -1 0
    outer loop
      vertex 30 10.25 0.25
      vertex 21.9476 10.25 -7.45933
      vertex 22.2882 10.25 -7.3437
    endloop
  endfacet
  facet normal 0 -1 0
    outer loop
      vertex 21.625 10.25 -7.61843
      vertex 30 10.25 0.25
      vertex -21.625 10.25 -7.61843
    endloop
  endfacet
  facet normal 0 -1 0
    outer loop
      vertex 30 10.25 0.25
      vertex 21.625 10.25 -7.61843
      vertex 21.9476 10.25 -7.45933
    endloop
  endfacet
  facet normal 0 -1 0
    outer loop
      vertex -21.3259 10.25 -7.81828
      vertex 21.625 10.25 -7.61843
      vertex -21.625 10.25 -7.61843
    endloop
  endfacet
  facet normal 0 -1 0
    outer loop
      vertex -21.3259 10.25 -7.81828
      vertex 21.3259 10.25 -7.81828
      vertex 21.625 10.25 -7.61843
    endloop
  endfacet
  facet normal 0 -1 0
    outer loop
      vertex -21.0555 10.25 -8.05546
      vertex 21.3259 10.25 -7.81828
      vertex -21.3259 10.25 -7.81828
    endloop
  endfacet
  facet normal 0 -1 0
    outer loop
      vertex -21.0555 10.25 -8.05546
      vertex 21.0555 10.25 -8.05546
      vertex 21.3259 10.25 -7.81828
    endloop
  endfacet
  facet normal 0 -1 0
    outer loop
      vertex -20.8183 10.25 -8.32591
      vertex 21.0555 10.25 -8.05546
      vertex -21.0555 10.25 -8.05546
    endloop
  endfacet
  facet normal 0 -1 0
    outer loop
      vertex -20.8183 10.25 -8.32591
      vertex 20.8183 10.25 -8.32591
      vertex 21.0555 10.25 -8.05546
    endloop
  endfacet
  facet normal 0 -1 0
    outer loop
      vertex -20.6184 10.25 -8.625
      vertex 20.8183 10.25 -8.32591
      vertex -20.8183 10.25 -8.32591
    endloop
  endfacet
  facet normal 0 -1 0
    outer loop
      vertex -20.6184 10.25 -8.625
      vertex 20.6184 10.25 -8.625
      vertex 20.8183 10.25 -8.32591
    endloop
  endfacet
  facet normal 0 -1 0
    outer loop
      vertex -20.4593 10.25 -8.94762
      vertex 20.6184 10.25 -8.625
      vertex -20.6184 10.25 -8.625
    endloop
  endfacet
  facet normal 0 -1 0
    outer loop
      vertex -20.4593 10.25 -8.94762
      vertex 20.4593 10.25 -8.94762
      vertex 20.6184 10.25 -8.625
    endloop
  endfacet
  facet normal 0 -1 0
    outer loop
      vertex -20.3437 10.25 -9.28825
      vertex 20.4593 10.25 -8.94762
      vertex -20.4593 10.25 -8.94762
    endloop
  endfacet
  facet normal 0 -1 0
    outer loop
      vertex -20.3437 10.25 -9.28825
      vertex 20.3437 10.25 -9.28825
      vertex 20.4593 10.25 -8.94762
    endloop
  endfacet
  facet normal 0 -1 0
    outer loop
      vertex -20.2735 10.25 -9.64105
      vertex 20.3437 10.25 -9.28825
      vertex -20.3437 10.25 -9.28825
    endloop
  endfacet
  facet normal 0 -1 0
    outer loop
      vertex -20.2735 10.25 -9.64105
      vertex 20.2735 10.25 -9.64105
      vertex 20.3437 10.25 -9.28825
    endloop
  endfacet
  facet normal 0 -1 0
    outer loop
      vertex -20.25 10.25 -10
      vertex 20.2735 10.25 -9.64105
      vertex -20.2735 10.25 -9.64105
    endloop
  endfacet
  facet normal 0 -1 0
    outer loop
      vertex -20.25 10.25 -10
      vertex 20.25 10.25 -10
      vertex 20.2735 10.25 -9.64105
    endloop
  endfacet
  facet normal 0 -1 0
    outer loop
      vertex -20.2735 10.25 -10.3589
      vertex 20.25 10.25 -10
      vertex -20.25 10.25 -10
    endloop
  endfacet
  facet normal 0 -1 0
    outer loop
      vertex -20.2735 10.25 -10.3589
      vertex 20.2735 10.25 -10.3589
      vertex 20.25 10.25 -10
    endloop
  endfacet
  facet normal 0 -1 0
    outer loop
      vertex -20.3437 10.25 -10.7118
      vertex 20.2735 10.25 -10.3589
      vertex -20.2735 10.25 -10.3589
    endloop
  endfacet
  facet normal 0 -1 0
    outer loop
      vertex -20.3437 10.25 -10.7118
      vertex 20.3437 10.25 -10.7118
      vertex 20.2735 10.25 -10.3589
    endloop
  endfacet
  facet normal 0 -1 0
    outer loop
      vertex -20.4593 10.25 -11.0524
      vertex 20.3437 10.25 -10.7118
      vertex -20.3437 10.25 -10.7118
    endloop
  endfacet
  facet normal 0 -1 0
    outer loop
      vertex -20.4593 10.25 -11.0524
      vertex 20.4593 10.25 -11.0524
      vertex 20.3437 10.25 -10.7118
    endloop
  endfacet
  facet normal 0 -1 0
    outer loop
      vertex -20.6184 10.25 -11.375
      vertex 20.4593 10.25 -11.0524
      vertex -20.4593 10.25 -11.0524
    endloop
  endfacet
  facet normal 0 -1 0
    outer loop
      vertex -20.6184 10.25 -11.375
      vertex 20.6184 10.25 -11.375
      vertex 20.4593 10.25 -11.0524
    endloop
  endfacet
  facet normal 0 -1 0
    outer loop
      vertex -20.8183 10.25 -11.6741
      vertex 20.6184 10.25 -11.375
      vertex -20.6184 10.25 -11.375
    endloop
  endfacet
  facet normal 0 -1 0
    outer loop
      vertex -20.8183 10.25 -11.6741
      vertex 20.8183 10.25 -11.6741
      vertex 20.6184 10.25 -11.375
    endloop
  endfacet
  facet normal 0 -1 0
    outer loop
      vertex -21.0555 10.25 -11.9445
      vertex 20.8183 10.25 -11.6741
      vertex -20.8183 10.25 -11.6741
    endloop
  endfacet
  facet normal 0 -1 0
    outer loop
      vertex -21.0555 10.25 -11.9445
      vertex 21.0555 10.25 -11.9445
      vertex 20.8183 10.25 -11.6741
    endloop
  endfacet
  facet normal 0 -1 0
    outer loop
      vertex -21.3259 10.25 -12.1817
      vertex 21.0555 10.25 -11.9445
      vertex -21.0555 10.25 -11.9445
    endloop
  endfacet
  facet normal 0 -1 0
    outer loop
      vertex -21.3259 10.25 -12.1817
      vertex 21.3259 10.25 -12.1817
      vertex 21.0555 10.25 -11.9445
    endloop
  endfacet
  facet normal 0 -1 0
    outer loop
      vertex -21.625 10.25 -12.3816
      vertex 21.3259 10.25 -12.1817
      vertex -21.3259 10.25 -12.1817
    endloop
  endfacet
  facet normal 0 -1 0
    outer loop
      vertex -21.625 10.25 -12.3816
      vertex 21.625 10.25 -12.3816
      vertex 21.3259 10.25 -12.1817
    endloop
  endfacet
  facet normal 0 -1 0
    outer loop
      vertex -30 10.25 -18.5
      vertex -21.625 10.25 -12.3816
      vertex -21.9476 10.25 -12.5407
    endloop
  endfacet
  facet normal 0 -1 -0
    outer loop
      vertex -21.625 10.25 -12.3816
      vertex -30 10.25 -18.5
      vertex 21.625 10.25 -12.3816
    endloop
  endfacet
  facet normal 0 -1 0
    outer loop
      vertex -30 10.25 -18.5
      vertex -21.9476 10.25 -12.5407
      vertex -22.2882 10.25 -12.6563
    endloop
  endfacet
  facet normal 0 -1 0
    outer loop
      vertex 30 10.25 -18.5
      vertex 21.625 10.25 -12.3816
      vertex -30 10.25 -18.5
    endloop
  endfacet
  facet normal 0 -1 0
    outer loop
      vertex -30 10.25 -18.5
      vertex -22.2882 10.25 -12.6563
      vertex -22.6411 10.25 -12.7265
    endloop
  endfacet
  facet normal 0 -1 0
    outer loop
      vertex 21.625 10.25 -12.3816
      vertex 30 10.25 -18.5
      vertex 21.9476 10.25 -12.5407
    endloop
  endfacet
  facet normal 0 -1 0
    outer loop
      vertex -30 10.25 -18.5
      vertex -22.6411 10.25 -12.7265
      vertex -23 10.25 -12.75
    endloop
  endfacet
  facet normal 0 -1 0
    outer loop
      vertex 21.9476 10.25 -12.5407
      vertex 30 10.25 -18.5
      vertex 22.2882 10.25 -12.6563
    endloop
  endfacet
  facet normal 0 -1 0
    outer loop
      vertex -22.6411 10.25 -7.27353
      vertex -30 10.25 0.25
      vertex -23 10.25 -7.25
    endloop
  endfacet
  facet normal 0 -1 0
    outer loop
      vertex -30 10.25 0.25
      vertex -23.3589 10.25 -7.27353
      vertex -23 10.25 -7.25
    endloop
  endfacet
  facet normal 0 -1 0
    outer loop
      vertex -30 10.25 0.25
      vertex -23.7118 10.25 -7.3437
      vertex -23.3589 10.25 -7.27353
    endloop
  endfacet
  facet normal 0 -1 0
    outer loop
      vertex -30 10.25 0.25
      vertex -24.0524 10.25 -7.45933
      vertex -23.7118 10.25 -7.3437
    endloop
  endfacet
  facet normal 0 -1 0
    outer loop
      vertex -30 10.25 0.25
      vertex -24.375 10.25 -7.61843
      vertex -24.0524 10.25 -7.45933
    endloop
  endfacet
  facet normal 0 -1 0
    outer loop
      vertex -30 10.25 0.25
      vertex -24.6741 10.25 -7.81828
      vertex -24.375 10.25 -7.61843
    endloop
  endfacet
  facet normal 0 -1 0
    outer loop
      vertex -30 10.25 0.25
      vertex -24.9445 10.25 -8.05546
      vertex -24.6741 10.25 -7.81828
    endloop
  endfacet
  facet normal 0 -1 0
    outer loop
      vertex -30 10.25 0.25
      vertex -25.1817 10.25 -8.32591
      vertex -24.9445 10.25 -8.05546
    endloop
  endfacet
  facet normal 0 -1 0
    outer loop
      vertex -30 10.25 0.25
      vertex -25.3816 10.25 -8.625
      vertex -25.1817 10.25 -8.32591
    endloop
  endfacet
  facet normal 0 -1 0
    outer loop
      vertex -30 10.25 0.25
      vertex -25.5407 10.25 -8.94762
      vertex -25.3816 10.25 -8.625
    endloop
  endfacet
  facet normal 0 -1 0
    outer loop
      vertex -30 10.25 0.25
      vertex -25.6563 10.25 -9.28825
      vertex -25.5407 10.25 -8.94762
    endloop
  endfacet
  facet normal 0 -1 0
    outer loop
      vertex -30 10.25 0.25
      vertex -25.7265 10.25 -9.64105
      vertex -25.6563 10.25 -9.28825
    endloop
  endfacet
  facet normal 0 -1 0
    outer loop
      vertex -30 10.25 0.25
      vertex -25.75 10.25 -10
      vertex -25.7265 10.25 -9.64105
    endloop
  endfacet
  facet normal 0 -1 0
    outer loop
      vertex -30 10.25 -18.5
      vertex -25.75 10.25 -10
      vertex -30 10.25 0.25
    endloop
  endfacet
  facet normal 0 -1 -0
    outer loop
      vertex -25.75 10.25 -10
      vertex -30 10.25 -18.5
      vertex -25.7265 10.25 -10.3589
    endloop
  endfacet
  facet normal 0 -1 -0
    outer loop
      vertex -25.7265 10.25 -10.3589
      vertex -30 10.25 -18.5
      vertex -25.6563 10.25 -10.7118
    endloop
  endfacet
  facet normal 0 -1 0
    outer loop
      vertex 22.2882 10.25 -12.6563
      vertex 30 10.25 -18.5
      vertex 22.6411 10.25 -12.7265
    endloop
  endfacet
  facet normal 0 -1 -0
    outer loop
      vertex -23.3589 10.25 -12.7265
      vertex -30 10.25 -18.5
      vertex -23 10.25 -12.75
    endloop
  endfacet
  facet normal 0 -1 -0
    outer loop
      vertex -23.7118 10.25 -12.6563
      vertex -30 10.25 -18.5
      vertex -23.3589 10.25 -12.7265
    endloop
  endfacet
  facet normal 0 -1 -0
    outer loop
      vertex -24.0524 10.25 -12.5407
      vertex -30 10.25 -18.5
      vertex -23.7118 10.25 -12.6563
    endloop
  endfacet
  facet normal 0 -1 -0
    outer loop
      vertex -24.375 10.25 -12.3816
      vertex -30 10.25 -18.5
      vertex -24.0524 10.25 -12.5407
    endloop
  endfacet
  facet normal 0 -1 -0
    outer loop
      vertex -24.6741 10.25 -12.1817
      vertex -30 10.25 -18.5
      vertex -24.375 10.25 -12.3816
    endloop
  endfacet
  facet normal 0 -1 -0
    outer loop
      vertex -24.9445 10.25 -11.9445
      vertex -30 10.25 -18.5
      vertex -24.6741 10.25 -12.1817
    endloop
  endfacet
  facet normal 0 -1 -0
    outer loop
      vertex -25.1817 10.25 -11.6741
      vertex -30 10.25 -18.5
      vertex -24.9445 10.25 -11.9445
    endloop
  endfacet
  facet normal 0 -1 -0
    outer loop
      vertex -25.3816 10.25 -11.375
      vertex -30 10.25 -18.5
      vertex -25.1817 10.25 -11.6741
    endloop
  endfacet
  facet normal 0 -1 -0
    outer loop
      vertex -25.5407 10.25 -11.0524
      vertex -30 10.25 -18.5
      vertex -25.3816 10.25 -11.375
    endloop
  endfacet
  facet normal 0 -1 -0
    outer loop
      vertex -25.6563 10.25 -10.7118
      vertex -30 10.25 -18.5
      vertex -25.5407 10.25 -11.0524
    endloop
  endfacet
  facet normal 0 -1 0
    outer loop
      vertex -22.2882 10.25 -7.3437
      vertex -30 10.25 0.25
      vertex -22.6411 10.25 -7.27353
    endloop
  endfacet
  facet normal 0 -1 0
    outer loop
      vertex 23.3589 10.25 -7.27353
      vertex 30 10.25 0.25
      vertex 23 10.25 -7.25
    endloop
  endfacet
  facet normal 0 -1 0
    outer loop
      vertex 23.7118 10.25 -7.3437
      vertex 30 10.25 0.25
      vertex 23.3589 10.25 -7.27353
    endloop
  endfacet
  facet normal 0 -1 0
    outer loop
      vertex 24.0524 10.25 -7.45933
      vertex 30 10.25 0.25
      vertex 23.7118 10.25 -7.3437
    endloop
  endfacet
  facet normal 0 -1 0
    outer loop
      vertex 24.375 10.25 -7.61843
      vertex 30 10.25 0.25
      vertex 24.0524 10.25 -7.45933
    endloop
  endfacet
  facet normal 0 -1 0
    outer loop
      vertex 24.6741 10.25 -7.81828
      vertex 30 10.25 0.25
      vertex 24.375 10.25 -7.61843
    endloop
  endfacet
  facet normal 0 -1 0
    outer loop
      vertex 24.9445 10.25 -8.05546
      vertex 30 10.25 0.25
      vertex 24.6741 10.25 -7.81828
    endloop
  endfacet
  facet normal 0 -1 0
    outer loop
      vertex 25.1817 10.25 -8.32591
      vertex 30 10.25 0.25
      vertex 24.9445 10.25 -8.05546
    endloop
  endfacet
  facet normal 0 -1 0
    outer loop
      vertex 25.3816 10.25 -8.625
      vertex 30 10.25 0.25
      vertex 25.1817 10.25 -8.32591
    endloop
  endfacet
  facet normal 0 -1 0
    outer loop
      vertex 25.5407 10.25 -8.94762
      vertex 30 10.25 0.25
      vertex 25.3816 10.25 -8.625
    endloop
  endfacet
  facet normal 0 -1 0
    outer loop
      vertex 25.6563 10.25 -9.28825
      vertex 30 10.25 0.25
      vertex 25.5407 10.25 -8.94762
    endloop
  endfacet
  facet normal 0 -1 0
    outer loop
      vertex 25.7265 10.25 -9.64105
      vertex 30 10.25 0.25
      vertex 25.6563 10.25 -9.28825
    endloop
  endfacet
  facet normal 0 -1 0
    outer loop
      vertex 25.75 10.25 -10
      vertex 30 10.25 0.25
      vertex 25.7265 10.25 -9.64105
    endloop
  endfacet
  facet normal 0 -1 0
    outer loop
      vertex 30 10.25 -18.5
      vertex 25.75 10.25 -10
      vertex 25.7265 10.25 -10.3589
    endloop
  endfacet
  facet normal 0 -1 0
    outer loop
      vertex 30 10.25 -18.5
      vertex 25.7265 10.25 -10.3589
      vertex 25.6563 10.25 -10.7118
    endloop
  endfacet
  facet normal 0 -1 0
    outer loop
      vertex 30 10.25 -18.5
      vertex 25.6563 10.25 -10.7118
      vertex 25.5407 10.25 -11.0524
    endloop
  endfacet
  facet normal 0 -1 0
    outer loop
      vertex 22.6411 10.25 -12.7265
      vertex 30 10.25 -18.5
      vertex 23 10.25 -12.75
    endloop
  endfacet
  facet normal 0 -1 0
    outer loop
      vertex 25.75 10.25 -10
      vertex 30 10.25 -18.5
      vertex 30 10.25 0.25
    endloop
  endfacet
  facet normal 0 -1 0
    outer loop
      vertex 25.3816 10.25 -11.375
      vertex 30 10.25 -18.5
      vertex 25.5407 10.25 -11.0524
    endloop
  endfacet
  facet normal 0 -1 0
    outer loop
      vertex 25.1817 10.25 -11.6741
      vertex 30 10.25 -18.5
      vertex 25.3816 10.25 -11.375
    endloop
  endfacet
  facet normal 0 -1 0
    outer loop
      vertex 24.9445 10.25 -11.9445
      vertex 30 10.25 -18.5
      vertex 25.1817 10.25 -11.6741
    endloop
  endfacet
  facet normal 0 -1 0
    outer loop
      vertex 24.6741 10.25 -12.1817
      vertex 30 10.25 -18.5
      vertex 24.9445 10.25 -11.9445
    endloop
  endfacet
  facet normal 0 -1 0
    outer loop
      vertex 24.375 10.25 -12.3816
      vertex 30 10.25 -18.5
      vertex 24.6741 10.25 -12.1817
    endloop
  endfacet
  facet normal 0 -1 0
    outer loop
      vertex 24.0524 10.25 -12.5407
      vertex 30 10.25 -18.5
      vertex 24.375 10.25 -12.3816
    endloop
  endfacet
  facet normal 0 -1 0
    outer loop
      vertex 23.7118 10.25 -12.6563
      vertex 30 10.25 -18.5
      vertex 24.0524 10.25 -12.5407
    endloop
  endfacet
  facet normal 0 -1 0
    outer loop
      vertex 23.3589 10.25 -12.7265
      vertex 30 10.25 -18.5
      vertex 23.7118 10.25 -12.6563
    endloop
  endfacet
  facet normal 0 -1 0
    outer loop
      vertex 23 10.25 -12.75
      vertex 30 10.25 -18.5
      vertex 23.3589 10.25 -12.7265
    endloop
  endfacet
  facet normal 0 1 0
    outer loop
      vertex 21.9476 -10.25 -7.45933
      vertex 30 -10.25 0.25
      vertex 22.2882 -10.25 -7.3437
    endloop
  endfacet
  facet normal 0 1 0
    outer loop
      vertex -30 -10.25 0.25
      vertex -22.6411 -10.25 -7.27353
      vertex -23 -10.25 -7.25
    endloop
  endfacet
  facet normal 0 1 0
    outer loop
      vertex 21.625 -10.25 -7.61843
      vertex 30 -10.25 0.25
      vertex 21.9476 -10.25 -7.45933
    endloop
  endfacet
  facet normal 0 1 0
    outer loop
      vertex -30 -10.25 0.25
      vertex -22.2882 -10.25 -7.3437
      vertex -22.6411 -10.25 -7.27353
    endloop
  endfacet
  facet normal 0 1 0
    outer loop
      vertex 30 -10.25 0.25
      vertex 21.625 -10.25 -7.61843
      vertex -30 -10.25 0.25
    endloop
  endfacet
  facet normal 0 1 0
    outer loop
      vertex -30 -10.25 0.25
      vertex -21.9476 -10.25 -7.45933
      vertex -22.2882 -10.25 -7.3437
    endloop
  endfacet
  facet normal 0 1 -0
    outer loop
      vertex -21.625 -10.25 -7.61843
      vertex -30 -10.25 0.25
      vertex 21.625 -10.25 -7.61843
    endloop
  endfacet
  facet normal 0 1 0
    outer loop
      vertex -30 -10.25 0.25
      vertex -21.625 -10.25 -7.61843
      vertex -21.9476 -10.25 -7.45933
    endloop
  endfacet
  facet normal 0 1 -0
    outer loop
      vertex 21.3259 -10.25 -7.81828
      vertex -21.625 -10.25 -7.61843
      vertex 21.625 -10.25 -7.61843
    endloop
  endfacet
  facet normal 0 1 0
    outer loop
      vertex 21.3259 -10.25 -7.81828
      vertex -21.3259 -10.25 -7.81828
      vertex -21.625 -10.25 -7.61843
    endloop
  endfacet
  facet normal 0 1 -0
    outer loop
      vertex 21.0555 -10.25 -8.05546
      vertex -21.3259 -10.25 -7.81828
      vertex 21.3259 -10.25 -7.81828
    endloop
  endfacet
  facet normal 0 1 0
    outer loop
      vertex 21.0555 -10.25 -8.05546
      vertex -21.0555 -10.25 -8.05546
      vertex -21.3259 -10.25 -7.81828
    endloop
  endfacet
  facet normal 0 1 -0
    outer loop
      vertex 20.8183 -10.25 -8.32591
      vertex -21.0555 -10.25 -8.05546
      vertex 21.0555 -10.25 -8.05546
    endloop
  endfacet
  facet normal 0 1 0
    outer loop
      vertex 20.8183 -10.25 -8.32591
      vertex -20.8183 -10.25 -8.32591
      vertex -21.0555 -10.25 -8.05546
    endloop
  endfacet
  facet normal 0 1 -0
    outer loop
      vertex 20.6184 -10.25 -8.625
      vertex -20.8183 -10.25 -8.32591
      vertex 20.8183 -10.25 -8.32591
    endloop
  endfacet
  facet normal 0 1 0
    outer loop
      vertex 20.6184 -10.25 -8.625
      vertex -20.6184 -10.25 -8.625
      vertex -20.8183 -10.25 -8.32591
    endloop
  endfacet
  facet normal 0 1 -0
    outer loop
      vertex 20.4593 -10.25 -8.94762
      vertex -20.6184 -10.25 -8.625
      vertex 20.6184 -10.25 -8.625
    endloop
  endfacet
  facet normal 0 1 0
    outer loop
      vertex 20.4593 -10.25 -8.94762
      vertex -20.4593 -10.25 -8.94762
      vertex -20.6184 -10.25 -8.625
    endloop
  endfacet
  facet normal 0 1 -0
    outer loop
      vertex 20.3437 -10.25 -9.28825
      vertex -20.4593 -10.25 -8.94762
      vertex 20.4593 -10.25 -8.94762
    endloop
  endfacet
  facet normal 0 1 0
    outer loop
      vertex 20.3437 -10.25 -9.28825
      vertex -20.3437 -10.25 -9.28825
      vertex -20.4593 -10.25 -8.94762
    endloop
  endfacet
  facet normal 0 1 -0
    outer loop
      vertex 20.2735 -10.25 -9.64105
      vertex -20.3437 -10.25 -9.28825
      vertex 20.3437 -10.25 -9.28825
    endloop
  endfacet
  facet normal 0 1 0
    outer loop
      vertex 20.2735 -10.25 -9.64105
      vertex -20.2735 -10.25 -9.64105
      vertex -20.3437 -10.25 -9.28825
    endloop
  endfacet
  facet normal 0 1 -0
    outer loop
      vertex 20.25 -10.25 -10
      vertex -20.2735 -10.25 -9.64105
      vertex 20.2735 -10.25 -9.64105
    endloop
  endfacet
  facet normal 0 1 0
    outer loop
      vertex 20.25 -10.25 -10
      vertex -20.25 -10.25 -10
      vertex -20.2735 -10.25 -9.64105
    endloop
  endfacet
  facet normal 0 1 0
    outer loop
      vertex 20.2735 -10.25 -10.3589
      vertex -20.25 -10.25 -10
      vertex 20.25 -10.25 -10
    endloop
  endfacet
  facet normal 0 1 0
    outer loop
      vertex 20.2735 -10.25 -10.3589
      vertex -20.2735 -10.25 -10.3589
      vertex -20.25 -10.25 -10
    endloop
  endfacet
  facet normal 0 1 0
    outer loop
      vertex 20.3437 -10.25 -10.7118
      vertex -20.2735 -10.25 -10.3589
      vertex 20.2735 -10.25 -10.3589
    endloop
  endfacet
  facet normal 0 1 0
    outer loop
      vertex 20.3437 -10.25 -10.7118
      vertex -20.3437 -10.25 -10.7118
      vertex -20.2735 -10.25 -10.3589
    endloop
  endfacet
  facet normal 0 1 0
    outer loop
      vertex 20.4593 -10.25 -11.0524
      vertex -20.3437 -10.25 -10.7118
      vertex 20.3437 -10.25 -10.7118
    endloop
  endfacet
  facet normal 0 1 0
    outer loop
      vertex 20.4593 -10.25 -11.0524
      vertex -20.4593 -10.25 -11.0524
      vertex -20.3437 -10.25 -10.7118
    endloop
  endfacet
  facet normal 0 1 0
    outer loop
      vertex 20.6184 -10.25 -11.375
      vertex -20.4593 -10.25 -11.0524
      vertex 20.4593 -10.25 -11.0524
    endloop
  endfacet
  facet normal 0 1 0
    outer loop
      vertex 20.6184 -10.25 -11.375
      vertex -20.6184 -10.25 -11.375
      vertex -20.4593 -10.25 -11.0524
    endloop
  endfacet
  facet normal 0 1 0
    outer loop
      vertex 20.8183 -10.25 -11.6741
      vertex -20.6184 -10.25 -11.375
      vertex 20.6184 -10.25 -11.375
    endloop
  endfacet
  facet normal 0 1 0
    outer loop
      vertex 20.8183 -10.25 -11.6741
      vertex -20.8183 -10.25 -11.6741
      vertex -20.6184 -10.25 -11.375
    endloop
  endfacet
  facet normal 0 1 0
    outer loop
      vertex 21.0555 -10.25 -11.9445
      vertex -20.8183 -10.25 -11.6741
      vertex 20.8183 -10.25 -11.6741
    endloop
  endfacet
  facet normal 0 1 0
    outer loop
      vertex 21.0555 -10.25 -11.9445
      vertex -21.0555 -10.25 -11.9445
      vertex -20.8183 -10.25 -11.6741
    endloop
  endfacet
  facet normal 0 1 0
    outer loop
      vertex 21.3259 -10.25 -12.1817
      vertex -21.0555 -10.25 -11.9445
      vertex 21.0555 -10.25 -11.9445
    endloop
  endfacet
  facet normal 0 1 0
    outer loop
      vertex 21.3259 -10.25 -12.1817
      vertex -21.3259 -10.25 -12.1817
      vertex -21.0555 -10.25 -11.9445
    endloop
  endfacet
  facet normal 0 1 0
    outer loop
      vertex 21.625 -10.25 -12.3816
      vertex -21.3259 -10.25 -12.1817
      vertex 21.3259 -10.25 -12.1817
    endloop
  endfacet
  facet normal 0 1 0
    outer loop
      vertex 21.625 -10.25 -12.3816
      vertex -21.625 -10.25 -12.3816
      vertex -21.3259 -10.25 -12.1817
    endloop
  endfacet
  facet normal 0 1 0
    outer loop
      vertex 30 -10.25 -18.5
      vertex 21.625 -10.25 -12.3816
      vertex 21.9476 -10.25 -12.5407
    endloop
  endfacet
  facet normal 0 1 0
    outer loop
      vertex 21.625 -10.25 -12.3816
      vertex 30 -10.25 -18.5
      vertex -21.625 -10.25 -12.3816
    endloop
  endfacet
  facet normal 0 1 0
    outer loop
      vertex 30 -10.25 -18.5
      vertex 21.9476 -10.25 -12.5407
      vertex 22.2882 -10.25 -12.6563
    endloop
  endfacet
  facet normal 0 1 0
    outer loop
      vertex -30 -10.25 -18.5
      vertex -21.625 -10.25 -12.3816
      vertex 30 -10.25 -18.5
    endloop
  endfacet
  facet normal 0 1 0
    outer loop
      vertex 30 -10.25 -18.5
      vertex 22.2882 -10.25 -12.6563
      vertex 22.6411 -10.25 -12.7265
    endloop
  endfacet
  facet normal 0 1 0
    outer loop
      vertex -21.625 -10.25 -12.3816
      vertex -30 -10.25 -18.5
      vertex -21.9476 -10.25 -12.5407
    endloop
  endfacet
  facet normal 0 1 0
    outer loop
      vertex 30 -10.25 -18.5
      vertex 22.6411 -10.25 -12.7265
      vertex 23 -10.25 -12.75
    endloop
  endfacet
  facet normal 0 1 0
    outer loop
      vertex -21.9476 -10.25 -12.5407
      vertex -30 -10.25 -18.5
      vertex -22.2882 -10.25 -12.6563
    endloop
  endfacet
  facet normal 0 1 0
    outer loop
      vertex 22.6411 -10.25 -7.27353
      vertex 30 -10.25 0.25
      vertex 23 -10.25 -7.25
    endloop
  endfacet
  facet normal 0 1 0
    outer loop
      vertex 30 -10.25 0.25
      vertex 23.3589 -10.25 -7.27353
      vertex 23 -10.25 -7.25
    endloop
  endfacet
  facet normal 0 1 0
    outer loop
      vertex 30 -10.25 0.25
      vertex 23.7118 -10.25 -7.3437
      vertex 23.3589 -10.25 -7.27353
    endloop
  endfacet
  facet normal 0 1 0
    outer loop
      vertex 30 -10.25 0.25
      vertex 24.0524 -10.25 -7.45933
      vertex 23.7118 -10.25 -7.3437
    endloop
  endfacet
  facet normal 0 1 0
    outer loop
      vertex 30 -10.25 0.25
      vertex 24.375 -10.25 -7.61843
      vertex 24.0524 -10.25 -7.45933
    endloop
  endfacet
  facet normal 0 1 0
    outer loop
      vertex 30 -10.25 0.25
      vertex 24.6741 -10.25 -7.81828
      vertex 24.375 -10.25 -7.61843
    endloop
  endfacet
  facet normal 0 1 0
    outer loop
      vertex 30 -10.25 0.25
      vertex 24.9445 -10.25 -8.05546
      vertex 24.6741 -10.25 -7.81828
    endloop
  endfacet
  facet normal 0 1 0
    outer loop
      vertex 30 -10.25 0.25
      vertex 25.1817 -10.25 -8.32591
      vertex 24.9445 -10.25 -8.05546
    endloop
  endfacet
  facet normal 0 1 0
    outer loop
      vertex 30 -10.25 0.25
      vertex 25.3816 -10.25 -8.625
      vertex 25.1817 -10.25 -8.32591
    endloop
  endfacet
  facet normal 0 1 0
    outer loop
      vertex 30 -10.25 0.25
      vertex 25.5407 -10.25 -8.94762
      vertex 25.3816 -10.25 -8.625
    endloop
  endfacet
  facet normal 0 1 0
    outer loop
      vertex 30 -10.25 0.25
      vertex 25.6563 -10.25 -9.28825
      vertex 25.5407 -10.25 -8.94762
    endloop
  endfacet
  facet normal 0 1 0
    outer loop
      vertex 30 -10.25 0.25
      vertex 25.7265 -10.25 -9.64105
      vertex 25.6563 -10.25 -9.28825
    endloop
  endfacet
  facet normal 0 1 0
    outer loop
      vertex 30 -10.25 0.25
      vertex 25.75 -10.25 -10
      vertex 25.7265 -10.25 -9.64105
    endloop
  endfacet
  facet normal 0 1 -0
    outer loop
      vertex 30 -10.25 -18.5
      vertex 25.75 -10.25 -10
      vertex 30 -10.25 0.25
    endloop
  endfacet
  facet normal 0 1 0
    outer loop
      vertex 25.75 -10.25 -10
      vertex 30 -10.25 -18.5
      vertex 25.7265 -10.25 -10.3589
    endloop
  endfacet
  facet normal 0 1 0
    outer loop
      vertex 25.7265 -10.25 -10.3589
      vertex 30 -10.25 -18.5
      vertex 25.6563 -10.25 -10.7118
    endloop
  endfacet
  facet normal 0 1 0
    outer loop
      vertex -22.2882 -10.25 -12.6563
      vertex -30 -10.25 -18.5
      vertex -22.6411 -10.25 -12.7265
    endloop
  endfacet
  facet normal 0 1 0
    outer loop
      vertex 23.3589 -10.25 -12.7265
      vertex 30 -10.25 -18.5
      vertex 23 -10.25 -12.75
    endloop
  endfacet
  facet normal 0 1 0
    outer loop
      vertex 23.7118 -10.25 -12.6563
      vertex 30 -10.25 -18.5
      vertex 23.3589 -10.25 -12.7265
    endloop
  endfacet
  facet normal 0 1 0
    outer loop
      vertex 24.0524 -10.25 -12.5407
      vertex 30 -10.25 -18.5
      vertex 23.7118 -10.25 -12.6563
    endloop
  endfacet
  facet normal 0 1 0
    outer loop
      vertex 24.375 -10.25 -12.3816
      vertex 30 -10.25 -18.5
      vertex 24.0524 -10.25 -12.5407
    endloop
  endfacet
  facet normal 0 1 0
    outer loop
      vertex 24.6741 -10.25 -12.1817
      vertex 30 -10.25 -18.5
      vertex 24.375 -10.25 -12.3816
    endloop
  endfacet
  facet normal 0 1 0
    outer loop
      vertex 24.9445 -10.25 -11.9445
      vertex 30 -10.25 -18.5
      vertex 24.6741 -10.25 -12.1817
    endloop
  endfacet
  facet normal 0 1 0
    outer loop
      vertex 25.1817 -10.25 -11.6741
      vertex 30 -10.25 -18.5
      vertex 24.9445 -10.25 -11.9445
    endloop
  endfacet
  facet normal 0 1 0
    outer loop
      vertex 25.3816 -10.25 -11.375
      vertex 30 -10.25 -18.5
      vertex 25.1817 -10.25 -11.6741
    endloop
  endfacet
  facet normal 0 1 0
    outer loop
      vertex 25.5407 -10.25 -11.0524
      vertex 30 -10.25 -18.5
      vertex 25.3816 -10.25 -11.375
    endloop
  endfacet
  facet normal 0 1 0
    outer loop
      vertex 25.6563 -10.25 -10.7118
      vertex 30 -10.25 -18.5
      vertex 25.5407 -10.25 -11.0524
    endloop
  endfacet
  facet normal 0 1 0
    outer loop
      vertex 22.2882 -10.25 -7.3437
      vertex 30 -10.25 0.25
      vertex 22.6411 -10.25 -7.27353
    endloop
  endfacet
  facet normal 0 1 -0
    outer loop
      vertex -23.3589 -10.25 -7.27353
      vertex -30 -10.25 0.25
      vertex -23 -10.25 -7.25
    endloop
  endfacet
  facet normal 0 1 -0
    outer loop
      vertex -23.7118 -10.25 -7.3437
      vertex -30 -10.25 0.25
      vertex -23.3589 -10.25 -7.27353
    endloop
  endfacet
  facet normal 0 1 -0
    outer loop
      vertex -24.0524 -10.25 -7.45933
      vertex -30 -10.25 0.25
      vertex -23.7118 -10.25 -7.3437
    endloop
  endfacet
  facet normal 0 1 -0
    outer loop
      vertex -24.375 -10.25 -7.61843
      vertex -30 -10.25 0.25
      vertex -24.0524 -10.25 -7.45933
    endloop
  endfacet
  facet normal 0 1 -0
    outer loop
      vertex -24.6741 -10.25 -7.81828
      vertex -30 -10.25 0.25
      vertex -24.375 -10.25 -7.61843
    endloop
  endfacet
  facet normal 0 1 -0
    outer loop
      vertex -24.9445 -10.25 -8.05546
      vertex -30 -10.25 0.25
      vertex -24.6741 -10.25 -7.81828
    endloop
  endfacet
  facet normal 0 1 -0
    outer loop
      vertex -25.1817 -10.25 -8.32591
      vertex -30 -10.25 0.25
      vertex -24.9445 -10.25 -8.05546
    endloop
  endfacet
  facet normal 0 1 -0
    outer loop
      vertex -25.3816 -10.25 -8.625
      vertex -30 -10.25 0.25
      vertex -25.1817 -10.25 -8.32591
    endloop
  endfacet
  facet normal 0 1 -0
    outer loop
      vertex -25.5407 -10.25 -8.94762
      vertex -30 -10.25 0.25
      vertex -25.3816 -10.25 -8.625
    endloop
  endfacet
  facet normal 0 1 -0
    outer loop
      vertex -25.6563 -10.25 -9.28825
      vertex -30 -10.25 0.25
      vertex -25.5407 -10.25 -8.94762
    endloop
  endfacet
  facet normal 0 1 -0
    outer loop
      vertex -25.7265 -10.25 -9.64105
      vertex -30 -10.25 0.25
      vertex -25.6563 -10.25 -9.28825
    endloop
  endfacet
  facet normal 0 1 -0
    outer loop
      vertex -25.75 -10.25 -10
      vertex -30 -10.25 0.25
      vertex -25.7265 -10.25 -9.64105
    endloop
  endfacet
  facet normal 0 1 0
    outer loop
      vertex -30 -10.25 -18.5
      vertex -25.75 -10.25 -10
      vertex -25.7265 -10.25 -10.3589
    endloop
  endfacet
  facet normal 0 1 0
    outer loop
      vertex -30 -10.25 -18.5
      vertex -25.7265 -10.25 -10.3589
      vertex -25.6563 -10.25 -10.7118
    endloop
  endfacet
  facet normal 0 1 0
    outer loop
      vertex -30 -10.25 -18.5
      vertex -25.6563 -10.25 -10.7118
      vertex -25.5407 -10.25 -11.0524
    endloop
  endfacet
  facet normal 0 1 0
    outer loop
      vertex -22.6411 -10.25 -12.7265
      vertex -30 -10.25 -18.5
      vertex -23 -10.25 -12.75
    endloop
  endfacet
  facet normal 0 1 0
    outer loop
      vertex -25.75 -10.25 -10
      vertex -30 -10.25 -18.5
      vertex -30 -10.25 0.25
    endloop
  endfacet
  facet normal 0 1 0
    outer loop
      vertex -25.3816 -10.25 -11.375
      vertex -30 -10.25 -18.5
      vertex -25.5407 -10.25 -11.0524
    endloop
  endfacet
  facet normal 0 1 0
    outer loop
      vertex -25.1817 -10.25 -11.6741
      vertex -30 -10.25 -18.5
      vertex -25.3816 -10.25 -11.375
    endloop
  endfacet
  facet normal 0 1 0
    outer loop
      vertex -24.9445 -10.25 -11.9445
      vertex -30 -10.25 -18.5
      vertex -25.1817 -10.25 -11.6741
    endloop
  endfacet
  facet normal 0 1 0
    outer loop
      vertex -24.6741 -10.25 -12.1817
      vertex -30 -10.25 -18.5
      vertex -24.9445 -10.25 -11.9445
    endloop
  endfacet
  facet normal 0 1 0
    outer loop
      vertex -24.375 -10.25 -12.3816
      vertex -30 -10.25 -18.5
      vertex -24.6741 -10.25 -12.1817
    endloop
  endfacet
  facet normal 0 1 0
    outer loop
      vertex -24.0524 -10.25 -12.5407
      vertex -30 -10.25 -18.5
      vertex -24.375 -10.25 -12.3816
    endloop
  endfacet
  facet normal 0 1 0
    outer loop
      vertex -23.7118 -10.25 -12.6563
      vertex -30 -10.25 -18.5
      vertex -24.0524 -10.25 -12.5407
    endloop
  endfacet
  facet normal 0 1 0
    outer loop
      vertex -23.3589 -10.25 -12.7265
      vertex -30 -10.25 -18.5
      vertex -23.7118 -10.25 -12.6563
    endloop
  endfacet
  facet normal 0 1 0
    outer loop
      vertex -23 -10.25 -12.75
      vertex -30 -10.25 -18.5
      vertex -23.3589 -10.25 -12.7265
    endloop
  endfacet
endsolid OpenSCAD_Model
