solid OpenSCAD_Model
  facet normal -0.980789 0 -0.195074
    outer loop
      vertex 2.72647 10.25 -8.64105
      vertex 2.6563 14.25 -8.28825
      vertex 2.72647 14.25 -8.64105
    endloop
  endfacet
  facet normal -0.980789 -0 -0.195074
    outer loop
      vertex 2.6563 14.25 -8.28825
      vertex 2.72647 10.25 -8.64105
      vertex 2.6563 10.25 -8.28825
    endloop
  endfacet
  facet normal -0.980789 0 -0.195074
    outer loop
      vertex 2.72647 -14.25 -8.64105
      vertex 2.6563 -10.25 -8.28825
      vertex 2.72647 -10.25 -8.64105
    endloop
  endfacet
  facet normal -0.980789 -0 -0.195074
    outer loop
      vertex 2.6563 -10.25 -8.28825
      vertex 2.72647 -14.25 -8.64105
      vertex 2.6563 -14.25 -8.28825
    endloop
  endfacet
  facet normal -0.997858 0 -0.0654119
    outer loop
      vertex 2.75 10.25 -9
      vertex 2.72647 14.25 -8.64105
      vertex 2.75 14.25 -9
    endloop
  endfacet
  facet normal -0.997858 -0 -0.0654119
    outer loop
      vertex 2.72647 14.25 -8.64105
      vertex 2.75 10.25 -9
      vertex 2.72647 10.25 -8.64105
    endloop
  endfacet
  facet normal -0.997858 0 -0.0654119
    outer loop
      vertex 2.75 -14.25 -9
      vertex 2.72647 -10.25 -8.64105
      vertex 2.75 -10.25 -9
    endloop
  endfacet
  facet normal -0.997858 -0 -0.0654119
    outer loop
      vertex 2.72647 -10.25 -8.64105
      vertex 2.75 -14.25 -9
      vertex 2.72647 -14.25 -8.64105
    endloop
  endfacet
  facet normal -0.946929 0 -0.321444
    outer loop
      vertex 2.6563 10.25 -8.28825
      vertex 2.54067 14.25 -7.94762
      vertex 2.6563 14.25 -8.28825
    endloop
  endfacet
  facet normal -0.946929 -0 -0.321444
    outer loop
      vertex 2.54067 14.25 -7.94762
      vertex 2.6563 10.25 -8.28825
      vertex 2.54067 10.25 -7.94762
    endloop
  endfacet
  facet normal -0.946929 0 -0.321444
    outer loop
      vertex 2.6563 -14.25 -8.28825
      vertex 2.54067 -10.25 -7.94762
      vertex 2.6563 -10.25 -8.28825
    endloop
  endfacet
  facet normal -0.946929 -0 -0.321444
    outer loop
      vertex 2.54067 -10.25 -7.94762
      vertex 2.6563 -14.25 -8.28825
      vertex 2.54067 -14.25 -7.94762
    endloop
  endfacet
  facet normal 0.997858 -0 0.0654119
    outer loop
      vertex -2.75 10.25 -9
      vertex -2.72647 14.25 -9.35895
      vertex -2.75 14.25 -9
    endloop
  endfacet
  facet normal 0.997858 0 0.0654119
    outer loop
      vertex -2.72647 14.25 -9.35895
      vertex -2.75 10.25 -9
      vertex -2.72647 10.25 -9.35895
    endloop
  endfacet
  facet normal 0.997858 -0 0.0654119
    outer loop
      vertex -2.75 -14.25 -9
      vertex -2.72647 -10.25 -9.35895
      vertex -2.75 -10.25 -9
    endloop
  endfacet
  facet normal 0.997858 0 0.0654119
    outer loop
      vertex -2.72647 -10.25 -9.35895
      vertex -2.75 -14.25 -9
      vertex -2.72647 -14.25 -9.35895
    endloop
  endfacet
  facet normal -0.89686 0 0.442314
    outer loop
      vertex 2.38157 10.25 -10.375
      vertex 2.54067 14.25 -10.0524
      vertex 2.38157 14.25 -10.375
    endloop
  endfacet
  facet normal -0.89686 0 0.442314
    outer loop
      vertex 2.54067 14.25 -10.0524
      vertex 2.38157 10.25 -10.375
      vertex 2.54067 10.25 -10.0524
    endloop
  endfacet
  facet normal -0.89686 0 0.442314
    outer loop
      vertex 2.38157 -14.25 -10.375
      vertex 2.54067 -10.25 -10.0524
      vertex 2.38157 -10.25 -10.375
    endloop
  endfacet
  facet normal -0.89686 0 0.442314
    outer loop
      vertex 2.54067 -10.25 -10.0524
      vertex 2.38157 -14.25 -10.375
      vertex 2.54067 -14.25 -10.0524
    endloop
  endfacet
  facet normal 0.555675 0 0.8314
    outer loop
      vertex -1.67409 14.25 -11.1817
      vertex -1.375 10.25 -11.3816
      vertex -1.375 14.25 -11.3816
    endloop
  endfacet
  facet normal 0.555675 0 0.8314
    outer loop
      vertex -1.375 10.25 -11.3816
      vertex -1.67409 14.25 -11.1817
      vertex -1.67409 10.25 -11.1817
    endloop
  endfacet
  facet normal 0.555675 0 0.8314
    outer loop
      vertex -1.67409 -10.25 -11.1817
      vertex -1.375 -14.25 -11.3816
      vertex -1.375 -10.25 -11.3816
    endloop
  endfacet
  facet normal 0.555675 0 0.8314
    outer loop
      vertex -1.375 -14.25 -11.3816
      vertex -1.67409 -10.25 -11.1817
      vertex -1.67409 -14.25 -11.1817
    endloop
  endfacet
  facet normal 0.997858 0 -0.0654119
    outer loop
      vertex -2.72647 10.25 -8.64105
      vertex -2.75 14.25 -9
      vertex -2.72647 14.25 -8.64105
    endloop
  endfacet
  facet normal 0.997858 0 -0.0654119
    outer loop
      vertex -2.75 14.25 -9
      vertex -2.72647 10.25 -8.64105
      vertex -2.75 10.25 -9
    endloop
  endfacet
  facet normal 0.997858 0 -0.0654119
    outer loop
      vertex -2.72647 -14.25 -8.64105
      vertex -2.75 -10.25 -9
      vertex -2.72647 -10.25 -8.64105
    endloop
  endfacet
  facet normal 0.997858 0 -0.0654119
    outer loop
      vertex -2.75 -10.25 -9
      vertex -2.72647 -14.25 -8.64105
      vertex -2.75 -14.25 -9
    endloop
  endfacet
  facet normal -0.0653294 0 0.997864
    outer loop
      vertex 0 14.25 -11.75
      vertex 0.358947 10.25 -11.7265
      vertex 0.358947 14.25 -11.7265
    endloop
  endfacet
  facet normal -0.0653294 0 0.997864
    outer loop
      vertex 0.358947 10.25 -11.7265
      vertex 0 14.25 -11.75
      vertex 0 10.25 -11.75
    endloop
  endfacet
  facet normal -0.0653294 0 0.997864
    outer loop
      vertex 0 -10.25 -11.75
      vertex 0.358947 -14.25 -11.7265
      vertex 0.358947 -10.25 -11.7265
    endloop
  endfacet
  facet normal -0.0653294 0 0.997864
    outer loop
      vertex 0.358947 -14.25 -11.7265
      vertex 0 -10.25 -11.75
      vertex 0 -14.25 -11.75
    endloop
  endfacet
  facet normal -0.946934 0 0.321427
    outer loop
      vertex 2.54067 10.25 -10.0524
      vertex 2.6563 14.25 -9.71175
      vertex 2.54067 14.25 -10.0524
    endloop
  endfacet
  facet normal -0.946934 0 0.321427
    outer loop
      vertex 2.6563 14.25 -9.71175
      vertex 2.54067 10.25 -10.0524
      vertex 2.6563 10.25 -9.71175
    endloop
  endfacet
  facet normal -0.946934 0 0.321427
    outer loop
      vertex 2.54067 -14.25 -10.0524
      vertex 2.6563 -10.25 -9.71175
      vertex 2.54067 -10.25 -10.0524
    endloop
  endfacet
  facet normal -0.946934 0 0.321427
    outer loop
      vertex 2.6563 -10.25 -9.71175
      vertex 2.54067 -14.25 -10.0524
      vertex 2.6563 -14.25 -9.71175
    endloop
  endfacet
  facet normal 0.751837 0 -0.659349
    outer loop
      vertex -1.94454 10.25 -7.05546
      vertex -2.18172 14.25 -7.32591
      vertex -1.94454 14.25 -7.05546
    endloop
  endfacet
  facet normal 0.751837 0 -0.659349
    outer loop
      vertex -2.18172 14.25 -7.32591
      vertex -1.94454 10.25 -7.05546
      vertex -2.18172 10.25 -7.32591
    endloop
  endfacet
  facet normal 0.751837 0 -0.659349
    outer loop
      vertex -1.94454 -14.25 -7.05546
      vertex -2.18172 -10.25 -7.32591
      vertex -1.94454 -10.25 -7.05546
    endloop
  endfacet
  facet normal 0.751837 0 -0.659349
    outer loop
      vertex -2.18172 -10.25 -7.32591
      vertex -1.94454 -14.25 -7.05546
      vertex -2.18172 -14.25 -7.32591
    endloop
  endfacet
  facet normal 0.195071 0 -0.980789
    outer loop
      vertex -0.711752 10.25 -6.3437
      vertex -0.358947 14.25 -6.27353
      vertex -0.358947 10.25 -6.27353
    endloop
  endfacet
  facet normal 0.195071 0 -0.980789
    outer loop
      vertex -0.358947 14.25 -6.27353
      vertex -0.711752 10.25 -6.3437
      vertex -0.711752 14.25 -6.3437
    endloop
  endfacet
  facet normal 0.195071 0 -0.980789
    outer loop
      vertex -0.711752 -14.25 -6.3437
      vertex -0.358947 -10.25 -6.27353
      vertex -0.358947 -14.25 -6.27353
    endloop
  endfacet
  facet normal 0.195071 0 -0.980789
    outer loop
      vertex -0.358947 -10.25 -6.27353
      vertex -0.711752 -14.25 -6.3437
      vertex -0.711752 -10.25 -6.3437
    endloop
  endfacet
  facet normal -0.321445 0 -0.946928
    outer loop
      vertex 0.711752 10.25 -6.3437
      vertex 1.05238 14.25 -6.45933
      vertex 1.05238 10.25 -6.45933
    endloop
  endfacet
  facet normal -0.321445 0 -0.946928
    outer loop
      vertex 1.05238 14.25 -6.45933
      vertex 0.711752 10.25 -6.3437
      vertex 0.711752 14.25 -6.3437
    endloop
  endfacet
  facet normal -0.321445 0 -0.946928
    outer loop
      vertex 0.711752 -14.25 -6.3437
      vertex 1.05238 -10.25 -6.45933
      vertex 1.05238 -14.25 -6.45933
    endloop
  endfacet
  facet normal -0.321445 0 -0.946928
    outer loop
      vertex 1.05238 -10.25 -6.45933
      vertex 0.711752 -14.25 -6.3437
      vertex 0.711752 -10.25 -6.3437
    endloop
  endfacet
  facet normal 0.946929 0 -0.321444
    outer loop
      vertex -2.54067 10.25 -7.94762
      vertex -2.6563 14.25 -8.28825
      vertex -2.54067 14.25 -7.94762
    endloop
  endfacet
  facet normal 0.946929 0 -0.321444
    outer loop
      vertex -2.6563 14.25 -8.28825
      vertex -2.54067 10.25 -7.94762
      vertex -2.6563 10.25 -8.28825
    endloop
  endfacet
  facet normal 0.946929 0 -0.321444
    outer loop
      vertex -2.54067 -14.25 -7.94762
      vertex -2.6563 -10.25 -8.28825
      vertex -2.54067 -10.25 -7.94762
    endloop
  endfacet
  facet normal 0.946929 0 -0.321444
    outer loop
      vertex -2.6563 -10.25 -8.28825
      vertex -2.54067 -14.25 -7.94762
      vertex -2.6563 -14.25 -8.28825
    endloop
  endfacet
  facet normal 0.0653294 0 0.997864
    outer loop
      vertex -0.358947 14.25 -11.7265
      vertex 0 10.25 -11.75
      vertex 0 14.25 -11.75
    endloop
  endfacet
  facet normal 0.0653294 0 0.997864
    outer loop
      vertex 0 10.25 -11.75
      vertex -0.358947 14.25 -11.7265
      vertex -0.358947 10.25 -11.7265
    endloop
  endfacet
  facet normal 0.0653294 0 0.997864
    outer loop
      vertex -0.358947 -10.25 -11.7265
      vertex 0 -14.25 -11.75
      vertex 0 -10.25 -11.75
    endloop
  endfacet
  facet normal 0.0653294 0 0.997864
    outer loop
      vertex 0 -14.25 -11.75
      vertex -0.358947 -10.25 -11.7265
      vertex -0.358947 -14.25 -11.7265
    endloop
  endfacet
  facet normal -0.321371 0 0.946954
    outer loop
      vertex 0.711752 14.25 -11.6563
      vertex 1.05238 10.25 -11.5407
      vertex 1.05238 14.25 -11.5407
    endloop
  endfacet
  facet normal -0.321371 0 0.946954
    outer loop
      vertex 1.05238 10.25 -11.5407
      vertex 0.711752 14.25 -11.6563
      vertex 0.711752 10.25 -11.6563
    endloop
  endfacet
  facet normal -0.321371 0 0.946954
    outer loop
      vertex 0.711752 -10.25 -11.6563
      vertex 1.05238 -14.25 -11.5407
      vertex 1.05238 -10.25 -11.5407
    endloop
  endfacet
  facet normal -0.321371 0 0.946954
    outer loop
      vertex 1.05238 -14.25 -11.5407
      vertex 0.711752 -10.25 -11.6563
      vertex 0.711752 -14.25 -11.6563
    endloop
  endfacet
  facet normal 0.442292 0 -0.896871
    outer loop
      vertex -1.375 10.25 -6.61843
      vertex -1.05238 14.25 -6.45933
      vertex -1.05238 10.25 -6.45933
    endloop
  endfacet
  facet normal 0.442292 0 -0.896871
    outer loop
      vertex -1.05238 14.25 -6.45933
      vertex -1.375 10.25 -6.61843
      vertex -1.375 14.25 -6.61843
    endloop
  endfacet
  facet normal 0.442292 0 -0.896871
    outer loop
      vertex -1.375 -14.25 -6.61843
      vertex -1.05238 -10.25 -6.45933
      vertex -1.05238 -14.25 -6.45933
    endloop
  endfacet
  facet normal 0.442292 0 -0.896871
    outer loop
      vertex -1.05238 -10.25 -6.45933
      vertex -1.375 -14.25 -6.61843
      vertex -1.375 -10.25 -6.61843
    endloop
  endfacet
  facet normal 0.980789 0 -0.195074
    outer loop
      vertex -2.6563 10.25 -8.28825
      vertex -2.72647 14.25 -8.64105
      vertex -2.6563 14.25 -8.28825
    endloop
  endfacet
  facet normal 0.980789 0 -0.195074
    outer loop
      vertex -2.72647 14.25 -8.64105
      vertex -2.6563 10.25 -8.28825
      vertex -2.72647 10.25 -8.64105
    endloop
  endfacet
  facet normal 0.980789 0 -0.195074
    outer loop
      vertex -2.6563 -14.25 -8.28825
      vertex -2.72647 -10.25 -8.64105
      vertex -2.6563 -10.25 -8.28825
    endloop
  endfacet
  facet normal 0.980789 0 -0.195074
    outer loop
      vertex -2.72647 -10.25 -8.64105
      vertex -2.6563 -14.25 -8.28825
      vertex -2.72647 -14.25 -8.64105
    endloop
  endfacet
  facet normal -0.442292 0 0.896871
    outer loop
      vertex 1.05238 14.25 -11.5407
      vertex 1.375 10.25 -11.3816
      vertex 1.375 14.25 -11.3816
    endloop
  endfacet
  facet normal -0.442292 0 0.896871
    outer loop
      vertex 1.375 10.25 -11.3816
      vertex 1.05238 14.25 -11.5407
      vertex 1.05238 10.25 -11.5407
    endloop
  endfacet
  facet normal -0.442292 0 0.896871
    outer loop
      vertex 1.05238 -10.25 -11.5407
      vertex 1.375 -14.25 -11.3816
      vertex 1.375 -10.25 -11.3816
    endloop
  endfacet
  facet normal -0.442292 0 0.896871
    outer loop
      vertex 1.375 -14.25 -11.3816
      vertex 1.05238 -10.25 -11.5407
      vertex 1.05238 -14.25 -11.5407
    endloop
  endfacet
  facet normal 0.831472 -0 0.555566
    outer loop
      vertex -2.38157 10.25 -10.375
      vertex -2.18172 14.25 -10.6741
      vertex -2.38157 14.25 -10.375
    endloop
  endfacet
  facet normal 0.831472 0 0.555566
    outer loop
      vertex -2.18172 14.25 -10.6741
      vertex -2.38157 10.25 -10.375
      vertex -2.18172 10.25 -10.6741
    endloop
  endfacet
  facet normal 0.831472 -0 0.555566
    outer loop
      vertex -2.38157 -14.25 -10.375
      vertex -2.18172 -10.25 -10.6741
      vertex -2.38157 -10.25 -10.375
    endloop
  endfacet
  facet normal 0.831472 0 0.555566
    outer loop
      vertex -2.18172 -10.25 -10.6741
      vertex -2.38157 -14.25 -10.375
      vertex -2.18172 -14.25 -10.6741
    endloop
  endfacet
  facet normal 0.896871 0 -0.442292
    outer loop
      vertex -2.38157 10.25 -7.625
      vertex -2.54067 14.25 -7.94762
      vertex -2.38157 14.25 -7.625
    endloop
  endfacet
  facet normal 0.896871 0 -0.442292
    outer loop
      vertex -2.54067 14.25 -7.94762
      vertex -2.38157 10.25 -7.625
      vertex -2.54067 10.25 -7.94762
    endloop
  endfacet
  facet normal 0.896871 0 -0.442292
    outer loop
      vertex -2.38157 -14.25 -7.625
      vertex -2.54067 -10.25 -7.94762
      vertex -2.38157 -10.25 -7.625
    endloop
  endfacet
  facet normal 0.896871 0 -0.442292
    outer loop
      vertex -2.54067 -10.25 -7.94762
      vertex -2.38157 -14.25 -7.625
      vertex -2.54067 -14.25 -7.94762
    endloop
  endfacet
  facet normal -0.896871 0 -0.442292
    outer loop
      vertex 2.54067 10.25 -7.94762
      vertex 2.38157 14.25 -7.625
      vertex 2.54067 14.25 -7.94762
    endloop
  endfacet
  facet normal -0.896871 -0 -0.442292
    outer loop
      vertex 2.38157 14.25 -7.625
      vertex 2.54067 10.25 -7.94762
      vertex 2.38157 10.25 -7.625
    endloop
  endfacet
  facet normal -0.896871 0 -0.442292
    outer loop
      vertex 2.54067 -14.25 -7.94762
      vertex 2.38157 -10.25 -7.625
      vertex 2.54067 -10.25 -7.94762
    endloop
  endfacet
  facet normal -0.896871 -0 -0.442292
    outer loop
      vertex 2.38157 -10.25 -7.625
      vertex 2.54067 -14.25 -7.94762
      vertex 2.38157 -14.25 -7.625
    endloop
  endfacet
  facet normal -0.0654125 0 -0.997858
    outer loop
      vertex 0 10.25 -6.25
      vertex 0.358947 14.25 -6.27353
      vertex 0.358947 10.25 -6.27353
    endloop
  endfacet
  facet normal -0.0654125 0 -0.997858
    outer loop
      vertex 0.358947 14.25 -6.27353
      vertex 0 10.25 -6.25
      vertex 0 14.25 -6.25
    endloop
  endfacet
  facet normal -0.0654125 0 -0.997858
    outer loop
      vertex 0 -14.25 -6.25
      vertex 0.358947 -10.25 -6.27353
      vertex 0.358947 -14.25 -6.27353
    endloop
  endfacet
  facet normal -0.0654125 0 -0.997858
    outer loop
      vertex 0.358947 -10.25 -6.27353
      vertex 0 -14.25 -6.25
      vertex 0 -10.25 -6.25
    endloop
  endfacet
  facet normal 0.555579 0 -0.831464
    outer loop
      vertex -1.67409 10.25 -6.81828
      vertex -1.375 14.25 -6.61843
      vertex -1.375 10.25 -6.61843
    endloop
  endfacet
  facet normal 0.555579 0 -0.831464
    outer loop
      vertex -1.375 14.25 -6.61843
      vertex -1.67409 10.25 -6.81828
      vertex -1.67409 14.25 -6.81828
    endloop
  endfacet
  facet normal 0.555579 0 -0.831464
    outer loop
      vertex -1.67409 -14.25 -6.81828
      vertex -1.375 -10.25 -6.61843
      vertex -1.375 -14.25 -6.61843
    endloop
  endfacet
  facet normal 0.555579 0 -0.831464
    outer loop
      vertex -1.375 -10.25 -6.61843
      vertex -1.67409 -14.25 -6.81828
      vertex -1.67409 -10.25 -6.81828
    endloop
  endfacet
  facet normal -0.442292 0 -0.896871
    outer loop
      vertex 1.05238 10.25 -6.45933
      vertex 1.375 14.25 -6.61843
      vertex 1.375 10.25 -6.61843
    endloop
  endfacet
  facet normal -0.442292 0 -0.896871
    outer loop
      vertex 1.375 14.25 -6.61843
      vertex 1.05238 10.25 -6.45933
      vertex 1.05238 14.25 -6.45933
    endloop
  endfacet
  facet normal -0.442292 0 -0.896871
    outer loop
      vertex 1.05238 -14.25 -6.45933
      vertex 1.375 -10.25 -6.61843
      vertex 1.375 -14.25 -6.61843
    endloop
  endfacet
  facet normal -0.442292 0 -0.896871
    outer loop
      vertex 1.375 -10.25 -6.61843
      vertex 1.05238 -14.25 -6.45933
      vertex 1.05238 -10.25 -6.45933
    endloop
  endfacet
  facet normal -0.195151 0 0.980773
    outer loop
      vertex 0.358947 14.25 -11.7265
      vertex 0.711752 10.25 -11.6563
      vertex 0.711752 14.25 -11.6563
    endloop
  endfacet
  facet normal -0.195151 0 0.980773
    outer loop
      vertex 0.711752 10.25 -11.6563
      vertex 0.358947 14.25 -11.7265
      vertex 0.358947 10.25 -11.7265
    endloop
  endfacet
  facet normal -0.195151 0 0.980773
    outer loop
      vertex 0.358947 -10.25 -11.7265
      vertex 0.711752 -14.25 -11.6563
      vertex 0.711752 -10.25 -11.6563
    endloop
  endfacet
  facet normal -0.195151 0 0.980773
    outer loop
      vertex 0.711752 -14.25 -11.6563
      vertex 0.358947 -10.25 -11.7265
      vertex 0.358947 -14.25 -11.7265
    endloop
  endfacet
  facet normal -0.751777 0 0.659417
    outer loop
      vertex 1.94454 10.25 -10.9445
      vertex 2.18172 14.25 -10.6741
      vertex 1.94454 14.25 -10.9445
    endloop
  endfacet
  facet normal -0.751777 0 0.659417
    outer loop
      vertex 2.18172 14.25 -10.6741
      vertex 1.94454 10.25 -10.9445
      vertex 2.18172 10.25 -10.6741
    endloop
  endfacet
  facet normal -0.751777 0 0.659417
    outer loop
      vertex 1.94454 -14.25 -10.9445
      vertex 2.18172 -10.25 -10.6741
      vertex 1.94454 -10.25 -10.9445
    endloop
  endfacet
  facet normal -0.751777 0 0.659417
    outer loop
      vertex 2.18172 -10.25 -10.6741
      vertex 1.94454 -14.25 -10.9445
      vertex 2.18172 -14.25 -10.6741
    endloop
  endfacet
  facet normal 0.442292 0 0.896871
    outer loop
      vertex -1.375 14.25 -11.3816
      vertex -1.05238 10.25 -11.5407
      vertex -1.05238 14.25 -11.5407
    endloop
  endfacet
  facet normal 0.442292 0 0.896871
    outer loop
      vertex -1.05238 10.25 -11.5407
      vertex -1.375 14.25 -11.3816
      vertex -1.375 10.25 -11.3816
    endloop
  endfacet
  facet normal 0.442292 0 0.896871
    outer loop
      vertex -1.375 -10.25 -11.3816
      vertex -1.05238 -14.25 -11.5407
      vertex -1.05238 -10.25 -11.5407
    endloop
  endfacet
  facet normal 0.442292 0 0.896871
    outer loop
      vertex -1.05238 -14.25 -11.5407
      vertex -1.375 -10.25 -11.3816
      vertex -1.375 -14.25 -11.3816
    endloop
  endfacet
  facet normal -0.980789 0 0.195074
    outer loop
      vertex 2.6563 10.25 -9.71175
      vertex 2.72647 14.25 -9.35895
      vertex 2.6563 14.25 -9.71175
    endloop
  endfacet
  facet normal -0.980789 0 0.195074
    outer loop
      vertex 2.72647 14.25 -9.35895
      vertex 2.6563 10.25 -9.71175
      vertex 2.72647 10.25 -9.35895
    endloop
  endfacet
  facet normal -0.980789 0 0.195074
    outer loop
      vertex 2.6563 -14.25 -9.71175
      vertex 2.72647 -10.25 -9.35895
      vertex 2.6563 -10.25 -9.71175
    endloop
  endfacet
  facet normal -0.980789 0 0.195074
    outer loop
      vertex 2.72647 -10.25 -9.35895
      vertex 2.6563 -14.25 -9.71175
      vertex 2.72647 -14.25 -9.35895
    endloop
  endfacet
  facet normal -0.659349 0 -0.751837
    outer loop
      vertex 1.67409 10.25 -6.81828
      vertex 1.94454 14.25 -7.05546
      vertex 1.94454 10.25 -7.05546
    endloop
  endfacet
  facet normal -0.659349 0 -0.751837
    outer loop
      vertex 1.94454 14.25 -7.05546
      vertex 1.67409 10.25 -6.81828
      vertex 1.67409 14.25 -6.81828
    endloop
  endfacet
  facet normal -0.659349 0 -0.751837
    outer loop
      vertex 1.67409 -14.25 -6.81828
      vertex 1.94454 -10.25 -7.05546
      vertex 1.94454 -14.25 -7.05546
    endloop
  endfacet
  facet normal -0.659349 0 -0.751837
    outer loop
      vertex 1.94454 -10.25 -7.05546
      vertex 1.67409 -14.25 -6.81828
      vertex 1.67409 -10.25 -6.81828
    endloop
  endfacet
  facet normal -0.997858 0 0.0654119
    outer loop
      vertex 2.72647 10.25 -9.35895
      vertex 2.75 14.25 -9
      vertex 2.72647 14.25 -9.35895
    endloop
  endfacet
  facet normal -0.997858 0 0.0654119
    outer loop
      vertex 2.75 14.25 -9
      vertex 2.72647 10.25 -9.35895
      vertex 2.75 10.25 -9
    endloop
  endfacet
  facet normal -0.997858 0 0.0654119
    outer loop
      vertex 2.72647 -14.25 -9.35895
      vertex 2.75 -10.25 -9
      vertex 2.72647 -10.25 -9.35895
    endloop
  endfacet
  facet normal -0.997858 0 0.0654119
    outer loop
      vertex 2.75 -10.25 -9
      vertex 2.72647 -14.25 -9.35895
      vertex 2.75 -14.25 -9
    endloop
  endfacet
  facet normal -0.195071 0 -0.980789
    outer loop
      vertex 0.358947 10.25 -6.27353
      vertex 0.711752 14.25 -6.3437
      vertex 0.711752 10.25 -6.3437
    endloop
  endfacet
  facet normal -0.195071 0 -0.980789
    outer loop
      vertex 0.711752 14.25 -6.3437
      vertex 0.358947 10.25 -6.27353
      vertex 0.358947 14.25 -6.27353
    endloop
  endfacet
  facet normal -0.195071 0 -0.980789
    outer loop
      vertex 0.358947 -14.25 -6.27353
      vertex 0.711752 -10.25 -6.3437
      vertex 0.711752 -14.25 -6.3437
    endloop
  endfacet
  facet normal -0.195071 0 -0.980789
    outer loop
      vertex 0.711752 -10.25 -6.3437
      vertex 0.358947 -14.25 -6.27353
      vertex 0.358947 -10.25 -6.27353
    endloop
  endfacet
  facet normal 0.195151 0 0.980773
    outer loop
      vertex -0.711752 14.25 -11.6563
      vertex -0.358947 10.25 -11.7265
      vertex -0.358947 14.25 -11.7265
    endloop
  endfacet
  facet normal 0.195151 0 0.980773
    outer loop
      vertex -0.358947 10.25 -11.7265
      vertex -0.711752 14.25 -11.6563
      vertex -0.711752 10.25 -11.6563
    endloop
  endfacet
  facet normal 0.195151 0 0.980773
    outer loop
      vertex -0.711752 -10.25 -11.6563
      vertex -0.358947 -14.25 -11.7265
      vertex -0.358947 -10.25 -11.7265
    endloop
  endfacet
  facet normal 0.195151 0 0.980773
    outer loop
      vertex -0.358947 -14.25 -11.7265
      vertex -0.711752 -10.25 -11.6563
      vertex -0.711752 -14.25 -11.6563
    endloop
  endfacet
  facet normal 0.321445 0 -0.946928
    outer loop
      vertex -1.05238 10.25 -6.45933
      vertex -0.711752 14.25 -6.3437
      vertex -0.711752 10.25 -6.3437
    endloop
  endfacet
  facet normal 0.321445 0 -0.946928
    outer loop
      vertex -0.711752 14.25 -6.3437
      vertex -1.05238 10.25 -6.45933
      vertex -1.05238 14.25 -6.45933
    endloop
  endfacet
  facet normal 0.321445 0 -0.946928
    outer loop
      vertex -1.05238 -14.25 -6.45933
      vertex -0.711752 -10.25 -6.3437
      vertex -0.711752 -14.25 -6.3437
    endloop
  endfacet
  facet normal 0.321445 0 -0.946928
    outer loop
      vertex -0.711752 -10.25 -6.3437
      vertex -1.05238 -14.25 -6.45933
      vertex -1.05238 -10.25 -6.45933
    endloop
  endfacet
  facet normal -0.555579 0 -0.831464
    outer loop
      vertex 1.375 10.25 -6.61843
      vertex 1.67409 14.25 -6.81828
      vertex 1.67409 10.25 -6.81828
    endloop
  endfacet
  facet normal -0.555579 0 -0.831464
    outer loop
      vertex 1.67409 14.25 -6.81828
      vertex 1.375 10.25 -6.61843
      vertex 1.375 14.25 -6.61843
    endloop
  endfacet
  facet normal -0.555579 0 -0.831464
    outer loop
      vertex 1.375 -14.25 -6.61843
      vertex 1.67409 -10.25 -6.81828
      vertex 1.67409 -14.25 -6.81828
    endloop
  endfacet
  facet normal -0.555579 0 -0.831464
    outer loop
      vertex 1.67409 -10.25 -6.81828
      vertex 1.375 -14.25 -6.61843
      vertex 1.375 -10.25 -6.61843
    endloop
  endfacet
  facet normal 0.89686 -0 0.442314
    outer loop
      vertex -2.54067 10.25 -10.0524
      vertex -2.38157 14.25 -10.375
      vertex -2.54067 14.25 -10.0524
    endloop
  endfacet
  facet normal 0.89686 0 0.442314
    outer loop
      vertex -2.38157 14.25 -10.375
      vertex -2.54067 10.25 -10.0524
      vertex -2.38157 10.25 -10.375
    endloop
  endfacet
  facet normal 0.89686 -0 0.442314
    outer loop
      vertex -2.54067 -14.25 -10.0524
      vertex -2.38157 -10.25 -10.375
      vertex -2.54067 -10.25 -10.0524
    endloop
  endfacet
  facet normal 0.89686 0 0.442314
    outer loop
      vertex -2.38157 -10.25 -10.375
      vertex -2.54067 -14.25 -10.0524
      vertex -2.38157 -14.25 -10.375
    endloop
  endfacet
  facet normal 0.65938 0 0.75181
    outer loop
      vertex -1.94454 14.25 -10.9445
      vertex -1.67409 10.25 -11.1817
      vertex -1.67409 14.25 -11.1817
    endloop
  endfacet
  facet normal 0.65938 0 0.75181
    outer loop
      vertex -1.67409 10.25 -11.1817
      vertex -1.94454 14.25 -10.9445
      vertex -1.94454 10.25 -10.9445
    endloop
  endfacet
  facet normal 0.65938 0 0.75181
    outer loop
      vertex -1.94454 -10.25 -10.9445
      vertex -1.67409 -14.25 -11.1817
      vertex -1.67409 -10.25 -11.1817
    endloop
  endfacet
  facet normal 0.65938 0 0.75181
    outer loop
      vertex -1.67409 -14.25 -11.1817
      vertex -1.94454 -10.25 -10.9445
      vertex -1.94454 -14.25 -10.9445
    endloop
  endfacet
  facet normal -0.555675 0 0.8314
    outer loop
      vertex 1.375 14.25 -11.3816
      vertex 1.67409 10.25 -11.1817
      vertex 1.67409 14.25 -11.1817
    endloop
  endfacet
  facet normal -0.555675 0 0.8314
    outer loop
      vertex 1.67409 10.25 -11.1817
      vertex 1.375 14.25 -11.3816
      vertex 1.375 10.25 -11.3816
    endloop
  endfacet
  facet normal -0.555675 0 0.8314
    outer loop
      vertex 1.375 -10.25 -11.3816
      vertex 1.67409 -14.25 -11.1817
      vertex 1.67409 -10.25 -11.1817
    endloop
  endfacet
  facet normal -0.555675 0 0.8314
    outer loop
      vertex 1.67409 -14.25 -11.1817
      vertex 1.375 -10.25 -11.3816
      vertex 1.375 -14.25 -11.3816
    endloop
  endfacet
  facet normal 0.831464 0 -0.555579
    outer loop
      vertex -2.18172 10.25 -7.32591
      vertex -2.38157 14.25 -7.625
      vertex -2.18172 14.25 -7.32591
    endloop
  endfacet
  facet normal 0.831464 0 -0.555579
    outer loop
      vertex -2.38157 14.25 -7.625
      vertex -2.18172 10.25 -7.32591
      vertex -2.38157 10.25 -7.625
    endloop
  endfacet
  facet normal 0.831464 0 -0.555579
    outer loop
      vertex -2.18172 -14.25 -7.32591
      vertex -2.38157 -10.25 -7.625
      vertex -2.18172 -10.25 -7.32591
    endloop
  endfacet
  facet normal 0.831464 0 -0.555579
    outer loop
      vertex -2.38157 -10.25 -7.625
      vertex -2.18172 -14.25 -7.32591
      vertex -2.38157 -14.25 -7.625
    endloop
  endfacet
  facet normal 0.946934 -0 0.321427
    outer loop
      vertex -2.6563 10.25 -9.71175
      vertex -2.54067 14.25 -10.0524
      vertex -2.6563 14.25 -9.71175
    endloop
  endfacet
  facet normal 0.946934 0 0.321427
    outer loop
      vertex -2.54067 14.25 -10.0524
      vertex -2.6563 10.25 -9.71175
      vertex -2.54067 10.25 -10.0524
    endloop
  endfacet
  facet normal 0.946934 -0 0.321427
    outer loop
      vertex -2.6563 -14.25 -9.71175
      vertex -2.54067 -10.25 -10.0524
      vertex -2.6563 -10.25 -9.71175
    endloop
  endfacet
  facet normal 0.946934 0 0.321427
    outer loop
      vertex -2.54067 -10.25 -10.0524
      vertex -2.6563 -14.25 -9.71175
      vertex -2.54067 -14.25 -10.0524
    endloop
  endfacet
  facet normal 0.751777 -0 0.659417
    outer loop
      vertex -2.18172 10.25 -10.6741
      vertex -1.94454 14.25 -10.9445
      vertex -2.18172 14.25 -10.6741
    endloop
  endfacet
  facet normal 0.751777 0 0.659417
    outer loop
      vertex -1.94454 14.25 -10.9445
      vertex -2.18172 10.25 -10.6741
      vertex -1.94454 10.25 -10.9445
    endloop
  endfacet
  facet normal 0.751777 -0 0.659417
    outer loop
      vertex -2.18172 -14.25 -10.6741
      vertex -1.94454 -10.25 -10.9445
      vertex -2.18172 -10.25 -10.6741
    endloop
  endfacet
  facet normal 0.751777 0 0.659417
    outer loop
      vertex -1.94454 -10.25 -10.9445
      vertex -2.18172 -14.25 -10.6741
      vertex -1.94454 -14.25 -10.9445
    endloop
  endfacet
  facet normal -0.831472 0 0.555566
    outer loop
      vertex 2.18172 10.25 -10.6741
      vertex 2.38157 14.25 -10.375
      vertex 2.18172 14.25 -10.6741
    endloop
  endfacet
  facet normal -0.831472 0 0.555566
    outer loop
      vertex 2.38157 14.25 -10.375
      vertex 2.18172 10.25 -10.6741
      vertex 2.38157 10.25 -10.375
    endloop
  endfacet
  facet normal -0.831472 0 0.555566
    outer loop
      vertex 2.18172 -14.25 -10.6741
      vertex 2.38157 -10.25 -10.375
      vertex 2.18172 -10.25 -10.6741
    endloop
  endfacet
  facet normal -0.831472 0 0.555566
    outer loop
      vertex 2.38157 -10.25 -10.375
      vertex 2.18172 -14.25 -10.6741
      vertex 2.38157 -14.25 -10.375
    endloop
  endfacet
  facet normal 0.0654125 0 -0.997858
    outer loop
      vertex -0.358947 10.25 -6.27353
      vertex 0 14.25 -6.25
      vertex 0 10.25 -6.25
    endloop
  endfacet
  facet normal 0.0654125 0 -0.997858
    outer loop
      vertex 0 14.25 -6.25
      vertex -0.358947 10.25 -6.27353
      vertex -0.358947 14.25 -6.27353
    endloop
  endfacet
  facet normal 0.0654125 0 -0.997858
    outer loop
      vertex -0.358947 -14.25 -6.27353
      vertex 0 -10.25 -6.25
      vertex 0 -14.25 -6.25
    endloop
  endfacet
  facet normal 0.0654125 0 -0.997858
    outer loop
      vertex 0 -10.25 -6.25
      vertex -0.358947 -14.25 -6.27353
      vertex -0.358947 -10.25 -6.27353
    endloop
  endfacet
  facet normal 0.659349 0 -0.751837
    outer loop
      vertex -1.94454 10.25 -7.05546
      vertex -1.67409 14.25 -6.81828
      vertex -1.67409 10.25 -6.81828
    endloop
  endfacet
  facet normal 0.659349 0 -0.751837
    outer loop
      vertex -1.67409 14.25 -6.81828
      vertex -1.94454 10.25 -7.05546
      vertex -1.94454 14.25 -7.05546
    endloop
  endfacet
  facet normal 0.659349 0 -0.751837
    outer loop
      vertex -1.94454 -14.25 -7.05546
      vertex -1.67409 -10.25 -6.81828
      vertex -1.67409 -14.25 -6.81828
    endloop
  endfacet
  facet normal 0.659349 0 -0.751837
    outer loop
      vertex -1.67409 -10.25 -6.81828
      vertex -1.94454 -14.25 -7.05546
      vertex -1.94454 -10.25 -7.05546
    endloop
  endfacet
  facet normal -0.65938 0 0.75181
    outer loop
      vertex 1.67409 14.25 -11.1817
      vertex 1.94454 10.25 -10.9445
      vertex 1.94454 14.25 -10.9445
    endloop
  endfacet
  facet normal -0.65938 0 0.75181
    outer loop
      vertex 1.94454 10.25 -10.9445
      vertex 1.67409 14.25 -11.1817
      vertex 1.67409 10.25 -11.1817
    endloop
  endfacet
  facet normal -0.65938 0 0.75181
    outer loop
      vertex 1.67409 -10.25 -11.1817
      vertex 1.94454 -14.25 -10.9445
      vertex 1.94454 -10.25 -10.9445
    endloop
  endfacet
  facet normal -0.65938 0 0.75181
    outer loop
      vertex 1.94454 -14.25 -10.9445
      vertex 1.67409 -10.25 -11.1817
      vertex 1.67409 -14.25 -11.1817
    endloop
  endfacet
  facet normal -0.751837 0 -0.659349
    outer loop
      vertex 2.18172 10.25 -7.32591
      vertex 1.94454 14.25 -7.05546
      vertex 2.18172 14.25 -7.32591
    endloop
  endfacet
  facet normal -0.751837 -0 -0.659349
    outer loop
      vertex 1.94454 14.25 -7.05546
      vertex 2.18172 10.25 -7.32591
      vertex 1.94454 10.25 -7.05546
    endloop
  endfacet
  facet normal -0.751837 0 -0.659349
    outer loop
      vertex 2.18172 -14.25 -7.32591
      vertex 1.94454 -10.25 -7.05546
      vertex 2.18172 -10.25 -7.32591
    endloop
  endfacet
  facet normal -0.751837 -0 -0.659349
    outer loop
      vertex 1.94454 -10.25 -7.05546
      vertex 2.18172 -14.25 -7.32591
      vertex 1.94454 -14.25 -7.05546
    endloop
  endfacet
  facet normal -0.831464 0 -0.555579
    outer loop
      vertex 2.38157 10.25 -7.625
      vertex 2.18172 14.25 -7.32591
      vertex 2.38157 14.25 -7.625
    endloop
  endfacet
  facet normal -0.831464 -0 -0.555579
    outer loop
      vertex 2.18172 14.25 -7.32591
      vertex 2.38157 10.25 -7.625
      vertex 2.18172 10.25 -7.32591
    endloop
  endfacet
  facet normal -0.831464 0 -0.555579
    outer loop
      vertex 2.38157 -14.25 -7.625
      vertex 2.18172 -10.25 -7.32591
      vertex 2.38157 -10.25 -7.625
    endloop
  endfacet
  facet normal -0.831464 -0 -0.555579
    outer loop
      vertex 2.18172 -10.25 -7.32591
      vertex 2.38157 -14.25 -7.625
      vertex 2.18172 -14.25 -7.32591
    endloop
  endfacet
  facet normal 0.980789 -0 0.195074
    outer loop
      vertex -2.72647 10.25 -9.35895
      vertex -2.6563 14.25 -9.71175
      vertex -2.72647 14.25 -9.35895
    endloop
  endfacet
  facet normal 0.980789 0 0.195074
    outer loop
      vertex -2.6563 14.25 -9.71175
      vertex -2.72647 10.25 -9.35895
      vertex -2.6563 10.25 -9.71175
    endloop
  endfacet
  facet normal 0.980789 -0 0.195074
    outer loop
      vertex -2.72647 -14.25 -9.35895
      vertex -2.6563 -10.25 -9.71175
      vertex -2.72647 -10.25 -9.35895
    endloop
  endfacet
  facet normal 0.980789 0 0.195074
    outer loop
      vertex -2.6563 -10.25 -9.71175
      vertex -2.72647 -14.25 -9.35895
      vertex -2.6563 -14.25 -9.71175
    endloop
  endfacet
  facet normal 0.321371 0 0.946954
    outer loop
      vertex -1.05238 14.25 -11.5407
      vertex -0.711752 10.25 -11.6563
      vertex -0.711752 14.25 -11.6563
    endloop
  endfacet
  facet normal 0.321371 0 0.946954
    outer loop
      vertex -0.711752 10.25 -11.6563
      vertex -1.05238 14.25 -11.5407
      vertex -1.05238 10.25 -11.5407
    endloop
  endfacet
  facet normal 0.321371 0 0.946954
    outer loop
      vertex -1.05238 -10.25 -11.5407
      vertex -0.711752 -14.25 -11.6563
      vertex -0.711752 -10.25 -11.6563
    endloop
  endfacet
  facet normal 0.321371 0 0.946954
    outer loop
      vertex -0.711752 -14.25 -11.6563
      vertex -1.05238 -10.25 -11.5407
      vertex -1.05238 -14.25 -11.5407
    endloop
  endfacet
  facet normal -0.980799 0 -0.19502
    outer loop
      vertex 2.72647 10.25 -21.6411
      vertex 2.6563 14.25 -21.2882
      vertex 2.72647 14.25 -21.6411
    endloop
  endfacet
  facet normal -0.980799 -0 -0.19502
    outer loop
      vertex 2.6563 14.25 -21.2882
      vertex 2.72647 10.25 -21.6411
      vertex 2.6563 10.25 -21.2882
    endloop
  endfacet
  facet normal -0.980799 0 -0.19502
    outer loop
      vertex 2.72647 -14.25 -21.6411
      vertex 2.6563 -10.25 -21.2882
      vertex 2.72647 -10.25 -21.6411
    endloop
  endfacet
  facet normal -0.980799 -0 -0.19502
    outer loop
      vertex 2.6563 -10.25 -21.2882
      vertex 2.72647 -14.25 -21.6411
      vertex 2.6563 -14.25 -21.2882
    endloop
  endfacet
  facet normal -0.997858 0 -0.065421
    outer loop
      vertex 2.75 10.25 -22
      vertex 2.72647 14.25 -21.6411
      vertex 2.75 14.25 -22
    endloop
  endfacet
  facet normal -0.997858 -0 -0.065421
    outer loop
      vertex 2.72647 14.25 -21.6411
      vertex 2.75 10.25 -22
      vertex 2.72647 10.25 -21.6411
    endloop
  endfacet
  facet normal -0.997858 0 -0.065421
    outer loop
      vertex 2.75 -14.25 -22
      vertex 2.72647 -10.25 -21.6411
      vertex 2.75 -10.25 -22
    endloop
  endfacet
  facet normal -0.997858 -0 -0.065421
    outer loop
      vertex 2.72647 -10.25 -21.6411
      vertex 2.75 -14.25 -22
      vertex 2.72647 -14.25 -21.6411
    endloop
  endfacet
  facet normal -0.94692 0 -0.321469
    outer loop
      vertex 2.6563 10.25 -21.2882
      vertex 2.54067 14.25 -20.9476
      vertex 2.6563 14.25 -21.2882
    endloop
  endfacet
  facet normal -0.94692 -0 -0.321469
    outer loop
      vertex 2.54067 14.25 -20.9476
      vertex 2.6563 10.25 -21.2882
      vertex 2.54067 10.25 -20.9476
    endloop
  endfacet
  facet normal -0.94692 0 -0.321469
    outer loop
      vertex 2.6563 -14.25 -21.2882
      vertex 2.54067 -10.25 -20.9476
      vertex 2.6563 -10.25 -21.2882
    endloop
  endfacet
  facet normal -0.94692 -0 -0.321469
    outer loop
      vertex 2.54067 -10.25 -20.9476
      vertex 2.6563 -14.25 -21.2882
      vertex 2.54067 -14.25 -20.9476
    endloop
  endfacet
  facet normal 0.997858 -0 0.065421
    outer loop
      vertex -2.75 10.25 -22
      vertex -2.72647 14.25 -22.3589
      vertex -2.75 14.25 -22
    endloop
  endfacet
  facet normal 0.997858 0 0.065421
    outer loop
      vertex -2.72647 14.25 -22.3589
      vertex -2.75 10.25 -22
      vertex -2.72647 10.25 -22.3589
    endloop
  endfacet
  facet normal 0.997858 -0 0.065421
    outer loop
      vertex -2.75 -14.25 -22
      vertex -2.72647 -10.25 -22.3589
      vertex -2.75 -10.25 -22
    endloop
  endfacet
  facet normal 0.997858 0 0.065421
    outer loop
      vertex -2.72647 -10.25 -22.3589
      vertex -2.75 -14.25 -22
      vertex -2.72647 -14.25 -22.3589
    endloop
  endfacet
  facet normal -0.89686 0 0.442314
    outer loop
      vertex 2.38157 10.25 -23.375
      vertex 2.54067 14.25 -23.0524
      vertex 2.38157 14.25 -23.375
    endloop
  endfacet
  facet normal -0.89686 0 0.442314
    outer loop
      vertex 2.54067 14.25 -23.0524
      vertex 2.38157 10.25 -23.375
      vertex 2.54067 10.25 -23.0524
    endloop
  endfacet
  facet normal -0.89686 0 0.442314
    outer loop
      vertex 2.38157 -14.25 -23.375
      vertex 2.54067 -10.25 -23.0524
      vertex 2.38157 -10.25 -23.375
    endloop
  endfacet
  facet normal -0.89686 0 0.442314
    outer loop
      vertex 2.54067 -10.25 -23.0524
      vertex 2.38157 -14.25 -23.375
      vertex 2.54067 -14.25 -23.0524
    endloop
  endfacet
  facet normal 0.555675 0 0.8314
    outer loop
      vertex -1.67409 14.25 -24.1817
      vertex -1.375 10.25 -24.3816
      vertex -1.375 14.25 -24.3816
    endloop
  endfacet
  facet normal 0.555675 0 0.8314
    outer loop
      vertex -1.375 10.25 -24.3816
      vertex -1.67409 14.25 -24.1817
      vertex -1.67409 10.25 -24.1817
    endloop
  endfacet
  facet normal 0.555675 0 0.8314
    outer loop
      vertex -1.67409 -10.25 -24.1817
      vertex -1.375 -14.25 -24.3816
      vertex -1.375 -10.25 -24.3816
    endloop
  endfacet
  facet normal 0.555675 0 0.8314
    outer loop
      vertex -1.375 -14.25 -24.3816
      vertex -1.67409 -10.25 -24.1817
      vertex -1.67409 -14.25 -24.1817
    endloop
  endfacet
  facet normal 0.997858 0 -0.065421
    outer loop
      vertex -2.72647 10.25 -21.6411
      vertex -2.75 14.25 -22
      vertex -2.72647 14.25 -21.6411
    endloop
  endfacet
  facet normal 0.997858 0 -0.065421
    outer loop
      vertex -2.75 14.25 -22
      vertex -2.72647 10.25 -21.6411
      vertex -2.75 10.25 -22
    endloop
  endfacet
  facet normal 0.997858 0 -0.065421
    outer loop
      vertex -2.72647 -14.25 -21.6411
      vertex -2.75 -10.25 -22
      vertex -2.72647 -10.25 -21.6411
    endloop
  endfacet
  facet normal 0.997858 0 -0.065421
    outer loop
      vertex -2.75 -10.25 -22
      vertex -2.72647 -14.25 -21.6411
      vertex -2.75 -14.25 -22
    endloop
  endfacet
  facet normal -0.0653294 0 0.997864
    outer loop
      vertex 0 14.25 -24.75
      vertex 0.358947 10.25 -24.7265
      vertex 0.358947 14.25 -24.7265
    endloop
  endfacet
  facet normal -0.0653294 0 0.997864
    outer loop
      vertex 0.358947 10.25 -24.7265
      vertex 0 14.25 -24.75
      vertex 0 10.25 -24.75
    endloop
  endfacet
  facet normal -0.0653294 0 0.997864
    outer loop
      vertex 0 -10.25 -24.75
      vertex 0.358947 -14.25 -24.7265
      vertex 0.358947 -10.25 -24.7265
    endloop
  endfacet
  facet normal -0.0653294 0 0.997864
    outer loop
      vertex 0.358947 -14.25 -24.7265
      vertex 0 -10.25 -24.75
      vertex 0 -14.25 -24.75
    endloop
  endfacet
  facet normal -0.94692 0 0.321469
    outer loop
      vertex 2.54067 10.25 -23.0524
      vertex 2.6563 14.25 -22.7118
      vertex 2.54067 14.25 -23.0524
    endloop
  endfacet
  facet normal -0.94692 0 0.321469
    outer loop
      vertex 2.6563 14.25 -22.7118
      vertex 2.54067 10.25 -23.0524
      vertex 2.6563 10.25 -22.7118
    endloop
  endfacet
  facet normal -0.94692 0 0.321469
    outer loop
      vertex 2.54067 -14.25 -23.0524
      vertex 2.6563 -10.25 -22.7118
      vertex 2.54067 -10.25 -23.0524
    endloop
  endfacet
  facet normal -0.94692 0 0.321469
    outer loop
      vertex 2.6563 -10.25 -22.7118
      vertex 2.54067 -14.25 -23.0524
      vertex 2.6563 -14.25 -22.7118
    endloop
  endfacet
  facet normal 0.751777 0 -0.659417
    outer loop
      vertex -1.94454 10.25 -20.0555
      vertex -2.18172 14.25 -20.3259
      vertex -1.94454 14.25 -20.0555
    endloop
  endfacet
  facet normal 0.751777 0 -0.659417
    outer loop
      vertex -2.18172 14.25 -20.3259
      vertex -1.94454 10.25 -20.0555
      vertex -2.18172 10.25 -20.3259
    endloop
  endfacet
  facet normal 0.751777 0 -0.659417
    outer loop
      vertex -1.94454 -14.25 -20.0555
      vertex -2.18172 -10.25 -20.3259
      vertex -1.94454 -10.25 -20.0555
    endloop
  endfacet
  facet normal 0.751777 0 -0.659417
    outer loop
      vertex -2.18172 -10.25 -20.3259
      vertex -1.94454 -14.25 -20.0555
      vertex -2.18172 -14.25 -20.3259
    endloop
  endfacet
  facet normal 0.195151 0 -0.980773
    outer loop
      vertex -0.711752 10.25 -19.3437
      vertex -0.358947 14.25 -19.2735
      vertex -0.358947 10.25 -19.2735
    endloop
  endfacet
  facet normal 0.195151 0 -0.980773
    outer loop
      vertex -0.358947 14.25 -19.2735
      vertex -0.711752 10.25 -19.3437
      vertex -0.711752 14.25 -19.3437
    endloop
  endfacet
  facet normal 0.195151 0 -0.980773
    outer loop
      vertex -0.711752 -14.25 -19.3437
      vertex -0.358947 -10.25 -19.2735
      vertex -0.358947 -14.25 -19.2735
    endloop
  endfacet
  facet normal 0.195151 0 -0.980773
    outer loop
      vertex -0.358947 -10.25 -19.2735
      vertex -0.711752 -14.25 -19.3437
      vertex -0.711752 -10.25 -19.3437
    endloop
  endfacet
  facet normal -0.321371 0 -0.946954
    outer loop
      vertex 0.711752 10.25 -19.3437
      vertex 1.05238 14.25 -19.4593
      vertex 1.05238 10.25 -19.4593
    endloop
  endfacet
  facet normal -0.321371 0 -0.946954
    outer loop
      vertex 1.05238 14.25 -19.4593
      vertex 0.711752 10.25 -19.3437
      vertex 0.711752 14.25 -19.3437
    endloop
  endfacet
  facet normal -0.321371 0 -0.946954
    outer loop
      vertex 0.711752 -14.25 -19.3437
      vertex 1.05238 -10.25 -19.4593
      vertex 1.05238 -14.25 -19.4593
    endloop
  endfacet
  facet normal -0.321371 0 -0.946954
    outer loop
      vertex 1.05238 -10.25 -19.4593
      vertex 0.711752 -14.25 -19.3437
      vertex 0.711752 -10.25 -19.3437
    endloop
  endfacet
  facet normal 0.94692 0 -0.321469
    outer loop
      vertex -2.54067 10.25 -20.9476
      vertex -2.6563 14.25 -21.2882
      vertex -2.54067 14.25 -20.9476
    endloop
  endfacet
  facet normal 0.94692 0 -0.321469
    outer loop
      vertex -2.6563 14.25 -21.2882
      vertex -2.54067 10.25 -20.9476
      vertex -2.6563 10.25 -21.2882
    endloop
  endfacet
  facet normal 0.94692 0 -0.321469
    outer loop
      vertex -2.54067 -14.25 -20.9476
      vertex -2.6563 -10.25 -21.2882
      vertex -2.54067 -10.25 -20.9476
    endloop
  endfacet
  facet normal 0.94692 0 -0.321469
    outer loop
      vertex -2.6563 -10.25 -21.2882
      vertex -2.54067 -14.25 -20.9476
      vertex -2.6563 -14.25 -21.2882
    endloop
  endfacet
  facet normal 0.0653294 0 0.997864
    outer loop
      vertex -0.358947 14.25 -24.7265
      vertex 0 10.25 -24.75
      vertex 0 14.25 -24.75
    endloop
  endfacet
  facet normal 0.0653294 0 0.997864
    outer loop
      vertex 0 10.25 -24.75
      vertex -0.358947 14.25 -24.7265
      vertex -0.358947 10.25 -24.7265
    endloop
  endfacet
  facet normal 0.0653294 0 0.997864
    outer loop
      vertex -0.358947 -10.25 -24.7265
      vertex 0 -14.25 -24.75
      vertex 0 -10.25 -24.75
    endloop
  endfacet
  facet normal 0.0653294 0 0.997864
    outer loop
      vertex 0 -14.25 -24.75
      vertex -0.358947 -10.25 -24.7265
      vertex -0.358947 -14.25 -24.7265
    endloop
  endfacet
  facet normal -0.321371 0 0.946954
    outer loop
      vertex 0.711752 14.25 -24.6563
      vertex 1.05238 10.25 -24.5407
      vertex 1.05238 14.25 -24.5407
    endloop
  endfacet
  facet normal -0.321371 0 0.946954
    outer loop
      vertex 1.05238 10.25 -24.5407
      vertex 0.711752 14.25 -24.6563
      vertex 0.711752 10.25 -24.6563
    endloop
  endfacet
  facet normal -0.321371 0 0.946954
    outer loop
      vertex 0.711752 -10.25 -24.6563
      vertex 1.05238 -14.25 -24.5407
      vertex 1.05238 -10.25 -24.5407
    endloop
  endfacet
  facet normal -0.321371 0 0.946954
    outer loop
      vertex 1.05238 -14.25 -24.5407
      vertex 0.711752 -10.25 -24.6563
      vertex 0.711752 -14.25 -24.6563
    endloop
  endfacet
  facet normal 0.442292 0 -0.896871
    outer loop
      vertex -1.375 10.25 -19.6184
      vertex -1.05238 14.25 -19.4593
      vertex -1.05238 10.25 -19.4593
    endloop
  endfacet
  facet normal 0.442292 0 -0.896871
    outer loop
      vertex -1.05238 14.25 -19.4593
      vertex -1.375 10.25 -19.6184
      vertex -1.375 14.25 -19.6184
    endloop
  endfacet
  facet normal 0.442292 0 -0.896871
    outer loop
      vertex -1.375 -14.25 -19.6184
      vertex -1.05238 -10.25 -19.4593
      vertex -1.05238 -14.25 -19.4593
    endloop
  endfacet
  facet normal 0.442292 0 -0.896871
    outer loop
      vertex -1.05238 -10.25 -19.4593
      vertex -1.375 -14.25 -19.6184
      vertex -1.375 -10.25 -19.6184
    endloop
  endfacet
  facet normal 0.980799 0 -0.19502
    outer loop
      vertex -2.6563 10.25 -21.2882
      vertex -2.72647 14.25 -21.6411
      vertex -2.6563 14.25 -21.2882
    endloop
  endfacet
  facet normal 0.980799 0 -0.19502
    outer loop
      vertex -2.72647 14.25 -21.6411
      vertex -2.6563 10.25 -21.2882
      vertex -2.72647 10.25 -21.6411
    endloop
  endfacet
  facet normal 0.980799 0 -0.19502
    outer loop
      vertex -2.6563 -14.25 -21.2882
      vertex -2.72647 -10.25 -21.6411
      vertex -2.6563 -10.25 -21.2882
    endloop
  endfacet
  facet normal 0.980799 0 -0.19502
    outer loop
      vertex -2.72647 -10.25 -21.6411
      vertex -2.6563 -14.25 -21.2882
      vertex -2.72647 -14.25 -21.6411
    endloop
  endfacet
  facet normal -0.442292 0 0.896871
    outer loop
      vertex 1.05238 14.25 -24.5407
      vertex 1.375 10.25 -24.3816
      vertex 1.375 14.25 -24.3816
    endloop
  endfacet
  facet normal -0.442292 0 0.896871
    outer loop
      vertex 1.375 10.25 -24.3816
      vertex 1.05238 14.25 -24.5407
      vertex 1.05238 10.25 -24.5407
    endloop
  endfacet
  facet normal -0.442292 0 0.896871
    outer loop
      vertex 1.05238 -10.25 -24.5407
      vertex 1.375 -14.25 -24.3816
      vertex 1.375 -10.25 -24.3816
    endloop
  endfacet
  facet normal -0.442292 0 0.896871
    outer loop
      vertex 1.375 -14.25 -24.3816
      vertex 1.05238 -10.25 -24.5407
      vertex 1.05238 -14.25 -24.5407
    endloop
  endfacet
  facet normal 0.831472 -0 0.555566
    outer loop
      vertex -2.38157 10.25 -23.375
      vertex -2.18172 14.25 -23.6741
      vertex -2.38157 14.25 -23.375
    endloop
  endfacet
  facet normal 0.831472 0 0.555566
    outer loop
      vertex -2.18172 14.25 -23.6741
      vertex -2.38157 10.25 -23.375
      vertex -2.18172 10.25 -23.6741
    endloop
  endfacet
  facet normal 0.831472 -0 0.555566
    outer loop
      vertex -2.38157 -14.25 -23.375
      vertex -2.18172 -10.25 -23.6741
      vertex -2.38157 -10.25 -23.375
    endloop
  endfacet
  facet normal 0.831472 0 0.555566
    outer loop
      vertex -2.18172 -10.25 -23.6741
      vertex -2.38157 -14.25 -23.375
      vertex -2.18172 -14.25 -23.6741
    endloop
  endfacet
  facet normal 0.89686 0 -0.442314
    outer loop
      vertex -2.38157 10.25 -20.625
      vertex -2.54067 14.25 -20.9476
      vertex -2.38157 14.25 -20.625
    endloop
  endfacet
  facet normal 0.89686 0 -0.442314
    outer loop
      vertex -2.54067 14.25 -20.9476
      vertex -2.38157 10.25 -20.625
      vertex -2.54067 10.25 -20.9476
    endloop
  endfacet
  facet normal 0.89686 0 -0.442314
    outer loop
      vertex -2.38157 -14.25 -20.625
      vertex -2.54067 -10.25 -20.9476
      vertex -2.38157 -10.25 -20.625
    endloop
  endfacet
  facet normal 0.89686 0 -0.442314
    outer loop
      vertex -2.54067 -10.25 -20.9476
      vertex -2.38157 -14.25 -20.625
      vertex -2.54067 -14.25 -20.9476
    endloop
  endfacet
  facet normal -0.89686 0 -0.442314
    outer loop
      vertex 2.54067 10.25 -20.9476
      vertex 2.38157 14.25 -20.625
      vertex 2.54067 14.25 -20.9476
    endloop
  endfacet
  facet normal -0.89686 -0 -0.442314
    outer loop
      vertex 2.38157 14.25 -20.625
      vertex 2.54067 10.25 -20.9476
      vertex 2.38157 10.25 -20.625
    endloop
  endfacet
  facet normal -0.89686 0 -0.442314
    outer loop
      vertex 2.54067 -14.25 -20.9476
      vertex 2.38157 -10.25 -20.625
      vertex 2.54067 -10.25 -20.9476
    endloop
  endfacet
  facet normal -0.89686 -0 -0.442314
    outer loop
      vertex 2.38157 -10.25 -20.625
      vertex 2.54067 -14.25 -20.9476
      vertex 2.38157 -14.25 -20.625
    endloop
  endfacet
  facet normal -0.0653294 0 -0.997864
    outer loop
      vertex 0 10.25 -19.25
      vertex 0.358947 14.25 -19.2735
      vertex 0.358947 10.25 -19.2735
    endloop
  endfacet
  facet normal -0.0653294 0 -0.997864
    outer loop
      vertex 0.358947 14.25 -19.2735
      vertex 0 10.25 -19.25
      vertex 0 14.25 -19.25
    endloop
  endfacet
  facet normal -0.0653294 0 -0.997864
    outer loop
      vertex 0 -14.25 -19.25
      vertex 0.358947 -10.25 -19.2735
      vertex 0.358947 -14.25 -19.2735
    endloop
  endfacet
  facet normal -0.0653294 0 -0.997864
    outer loop
      vertex 0.358947 -10.25 -19.2735
      vertex 0 -14.25 -19.25
      vertex 0 -10.25 -19.25
    endloop
  endfacet
  facet normal 0.555675 0 -0.8314
    outer loop
      vertex -1.67409 10.25 -19.8183
      vertex -1.375 14.25 -19.6184
      vertex -1.375 10.25 -19.6184
    endloop
  endfacet
  facet normal 0.555675 0 -0.8314
    outer loop
      vertex -1.375 14.25 -19.6184
      vertex -1.67409 10.25 -19.8183
      vertex -1.67409 14.25 -19.8183
    endloop
  endfacet
  facet normal 0.555675 0 -0.8314
    outer loop
      vertex -1.67409 -14.25 -19.8183
      vertex -1.375 -10.25 -19.6184
      vertex -1.375 -14.25 -19.6184
    endloop
  endfacet
  facet normal 0.555675 0 -0.8314
    outer loop
      vertex -1.375 -10.25 -19.6184
      vertex -1.67409 -14.25 -19.8183
      vertex -1.67409 -10.25 -19.8183
    endloop
  endfacet
  facet normal -0.442292 0 -0.896871
    outer loop
      vertex 1.05238 10.25 -19.4593
      vertex 1.375 14.25 -19.6184
      vertex 1.375 10.25 -19.6184
    endloop
  endfacet
  facet normal -0.442292 0 -0.896871
    outer loop
      vertex 1.375 14.25 -19.6184
      vertex 1.05238 10.25 -19.4593
      vertex 1.05238 14.25 -19.4593
    endloop
  endfacet
  facet normal -0.442292 0 -0.896871
    outer loop
      vertex 1.05238 -14.25 -19.4593
      vertex 1.375 -10.25 -19.6184
      vertex 1.375 -14.25 -19.6184
    endloop
  endfacet
  facet normal -0.442292 0 -0.896871
    outer loop
      vertex 1.375 -10.25 -19.6184
      vertex 1.05238 -14.25 -19.4593
      vertex 1.05238 -10.25 -19.4593
    endloop
  endfacet
  facet normal -0.195151 0 0.980773
    outer loop
      vertex 0.358947 14.25 -24.7265
      vertex 0.711752 10.25 -24.6563
      vertex 0.711752 14.25 -24.6563
    endloop
  endfacet
  facet normal -0.195151 0 0.980773
    outer loop
      vertex 0.711752 10.25 -24.6563
      vertex 0.358947 14.25 -24.7265
      vertex 0.358947 10.25 -24.7265
    endloop
  endfacet
  facet normal -0.195151 0 0.980773
    outer loop
      vertex 0.358947 -10.25 -24.7265
      vertex 0.711752 -14.25 -24.6563
      vertex 0.711752 -10.25 -24.6563
    endloop
  endfacet
  facet normal -0.195151 0 0.980773
    outer loop
      vertex 0.711752 -14.25 -24.6563
      vertex 0.358947 -10.25 -24.7265
      vertex 0.358947 -14.25 -24.7265
    endloop
  endfacet
  facet normal -0.751777 0 0.659417
    outer loop
      vertex 1.94454 10.25 -23.9445
      vertex 2.18172 14.25 -23.6741
      vertex 1.94454 14.25 -23.9445
    endloop
  endfacet
  facet normal -0.751777 0 0.659417
    outer loop
      vertex 2.18172 14.25 -23.6741
      vertex 1.94454 10.25 -23.9445
      vertex 2.18172 10.25 -23.6741
    endloop
  endfacet
  facet normal -0.751777 0 0.659417
    outer loop
      vertex 1.94454 -14.25 -23.9445
      vertex 2.18172 -10.25 -23.6741
      vertex 1.94454 -10.25 -23.9445
    endloop
  endfacet
  facet normal -0.751777 0 0.659417
    outer loop
      vertex 2.18172 -10.25 -23.6741
      vertex 1.94454 -14.25 -23.9445
      vertex 2.18172 -14.25 -23.6741
    endloop
  endfacet
  facet normal 0.442292 0 0.896871
    outer loop
      vertex -1.375 14.25 -24.3816
      vertex -1.05238 10.25 -24.5407
      vertex -1.05238 14.25 -24.5407
    endloop
  endfacet
  facet normal 0.442292 0 0.896871
    outer loop
      vertex -1.05238 10.25 -24.5407
      vertex -1.375 14.25 -24.3816
      vertex -1.375 10.25 -24.3816
    endloop
  endfacet
  facet normal 0.442292 0 0.896871
    outer loop
      vertex -1.375 -10.25 -24.3816
      vertex -1.05238 -14.25 -24.5407
      vertex -1.05238 -10.25 -24.5407
    endloop
  endfacet
  facet normal 0.442292 0 0.896871
    outer loop
      vertex -1.05238 -14.25 -24.5407
      vertex -1.375 -10.25 -24.3816
      vertex -1.375 -14.25 -24.3816
    endloop
  endfacet
  facet normal -0.980799 0 0.19502
    outer loop
      vertex 2.6563 10.25 -22.7118
      vertex 2.72647 14.25 -22.3589
      vertex 2.6563 14.25 -22.7118
    endloop
  endfacet
  facet normal -0.980799 0 0.19502
    outer loop
      vertex 2.72647 14.25 -22.3589
      vertex 2.6563 10.25 -22.7118
      vertex 2.72647 10.25 -22.3589
    endloop
  endfacet
  facet normal -0.980799 0 0.19502
    outer loop
      vertex 2.6563 -14.25 -22.7118
      vertex 2.72647 -10.25 -22.3589
      vertex 2.6563 -10.25 -22.7118
    endloop
  endfacet
  facet normal -0.980799 0 0.19502
    outer loop
      vertex 2.72647 -10.25 -22.3589
      vertex 2.6563 -14.25 -22.7118
      vertex 2.72647 -14.25 -22.3589
    endloop
  endfacet
  facet normal -0.65938 0 -0.75181
    outer loop
      vertex 1.67409 10.25 -19.8183
      vertex 1.94454 14.25 -20.0555
      vertex 1.94454 10.25 -20.0555
    endloop
  endfacet
  facet normal -0.65938 0 -0.75181
    outer loop
      vertex 1.94454 14.25 -20.0555
      vertex 1.67409 10.25 -19.8183
      vertex 1.67409 14.25 -19.8183
    endloop
  endfacet
  facet normal -0.65938 0 -0.75181
    outer loop
      vertex 1.67409 -14.25 -19.8183
      vertex 1.94454 -10.25 -20.0555
      vertex 1.94454 -14.25 -20.0555
    endloop
  endfacet
  facet normal -0.65938 0 -0.75181
    outer loop
      vertex 1.94454 -10.25 -20.0555
      vertex 1.67409 -14.25 -19.8183
      vertex 1.67409 -10.25 -19.8183
    endloop
  endfacet
  facet normal -0.997858 0 0.065421
    outer loop
      vertex 2.72647 10.25 -22.3589
      vertex 2.75 14.25 -22
      vertex 2.72647 14.25 -22.3589
    endloop
  endfacet
  facet normal -0.997858 0 0.065421
    outer loop
      vertex 2.75 14.25 -22
      vertex 2.72647 10.25 -22.3589
      vertex 2.75 10.25 -22
    endloop
  endfacet
  facet normal -0.997858 0 0.065421
    outer loop
      vertex 2.72647 -14.25 -22.3589
      vertex 2.75 -10.25 -22
      vertex 2.72647 -10.25 -22.3589
    endloop
  endfacet
  facet normal -0.997858 0 0.065421
    outer loop
      vertex 2.75 -10.25 -22
      vertex 2.72647 -14.25 -22.3589
      vertex 2.75 -14.25 -22
    endloop
  endfacet
  facet normal -0.195151 0 -0.980773
    outer loop
      vertex 0.358947 10.25 -19.2735
      vertex 0.711752 14.25 -19.3437
      vertex 0.711752 10.25 -19.3437
    endloop
  endfacet
  facet normal -0.195151 0 -0.980773
    outer loop
      vertex 0.711752 14.25 -19.3437
      vertex 0.358947 10.25 -19.2735
      vertex 0.358947 14.25 -19.2735
    endloop
  endfacet
  facet normal -0.195151 0 -0.980773
    outer loop
      vertex 0.358947 -14.25 -19.2735
      vertex 0.711752 -10.25 -19.3437
      vertex 0.711752 -14.25 -19.3437
    endloop
  endfacet
  facet normal -0.195151 0 -0.980773
    outer loop
      vertex 0.711752 -10.25 -19.3437
      vertex 0.358947 -14.25 -19.2735
      vertex 0.358947 -10.25 -19.2735
    endloop
  endfacet
  facet normal 0.195151 0 0.980773
    outer loop
      vertex -0.711752 14.25 -24.6563
      vertex -0.358947 10.25 -24.7265
      vertex -0.358947 14.25 -24.7265
    endloop
  endfacet
  facet normal 0.195151 0 0.980773
    outer loop
      vertex -0.358947 10.25 -24.7265
      vertex -0.711752 14.25 -24.6563
      vertex -0.711752 10.25 -24.6563
    endloop
  endfacet
  facet normal 0.195151 0 0.980773
    outer loop
      vertex -0.711752 -10.25 -24.6563
      vertex -0.358947 -14.25 -24.7265
      vertex -0.358947 -10.25 -24.7265
    endloop
  endfacet
  facet normal 0.195151 0 0.980773
    outer loop
      vertex -0.358947 -14.25 -24.7265
      vertex -0.711752 -10.25 -24.6563
      vertex -0.711752 -14.25 -24.6563
    endloop
  endfacet
  facet normal 0.321371 0 -0.946954
    outer loop
      vertex -1.05238 10.25 -19.4593
      vertex -0.711752 14.25 -19.3437
      vertex -0.711752 10.25 -19.3437
    endloop
  endfacet
  facet normal 0.321371 0 -0.946954
    outer loop
      vertex -0.711752 14.25 -19.3437
      vertex -1.05238 10.25 -19.4593
      vertex -1.05238 14.25 -19.4593
    endloop
  endfacet
  facet normal 0.321371 0 -0.946954
    outer loop
      vertex -1.05238 -14.25 -19.4593
      vertex -0.711752 -10.25 -19.3437
      vertex -0.711752 -14.25 -19.3437
    endloop
  endfacet
  facet normal 0.321371 0 -0.946954
    outer loop
      vertex -0.711752 -10.25 -19.3437
      vertex -1.05238 -14.25 -19.4593
      vertex -1.05238 -10.25 -19.4593
    endloop
  endfacet
  facet normal -0.555675 0 -0.8314
    outer loop
      vertex 1.375 10.25 -19.6184
      vertex 1.67409 14.25 -19.8183
      vertex 1.67409 10.25 -19.8183
    endloop
  endfacet
  facet normal -0.555675 0 -0.8314
    outer loop
      vertex 1.67409 14.25 -19.8183
      vertex 1.375 10.25 -19.6184
      vertex 1.375 14.25 -19.6184
    endloop
  endfacet
  facet normal -0.555675 0 -0.8314
    outer loop
      vertex 1.375 -14.25 -19.6184
      vertex 1.67409 -10.25 -19.8183
      vertex 1.67409 -14.25 -19.8183
    endloop
  endfacet
  facet normal -0.555675 0 -0.8314
    outer loop
      vertex 1.67409 -10.25 -19.8183
      vertex 1.375 -14.25 -19.6184
      vertex 1.375 -10.25 -19.6184
    endloop
  endfacet
  facet normal 0.89686 -0 0.442314
    outer loop
      vertex -2.54067 10.25 -23.0524
      vertex -2.38157 14.25 -23.375
      vertex -2.54067 14.25 -23.0524
    endloop
  endfacet
  facet normal 0.89686 0 0.442314
    outer loop
      vertex -2.38157 14.25 -23.375
      vertex -2.54067 10.25 -23.0524
      vertex -2.38157 10.25 -23.375
    endloop
  endfacet
  facet normal 0.89686 -0 0.442314
    outer loop
      vertex -2.54067 -14.25 -23.0524
      vertex -2.38157 -10.25 -23.375
      vertex -2.54067 -10.25 -23.0524
    endloop
  endfacet
  facet normal 0.89686 0 0.442314
    outer loop
      vertex -2.38157 -10.25 -23.375
      vertex -2.54067 -14.25 -23.0524
      vertex -2.38157 -14.25 -23.375
    endloop
  endfacet
  facet normal 0.65938 0 0.75181
    outer loop
      vertex -1.94454 14.25 -23.9445
      vertex -1.67409 10.25 -24.1817
      vertex -1.67409 14.25 -24.1817
    endloop
  endfacet
  facet normal 0.65938 0 0.75181
    outer loop
      vertex -1.67409 10.25 -24.1817
      vertex -1.94454 14.25 -23.9445
      vertex -1.94454 10.25 -23.9445
    endloop
  endfacet
  facet normal 0.65938 0 0.75181
    outer loop
      vertex -1.94454 -10.25 -23.9445
      vertex -1.67409 -14.25 -24.1817
      vertex -1.67409 -10.25 -24.1817
    endloop
  endfacet
  facet normal 0.65938 0 0.75181
    outer loop
      vertex -1.67409 -14.25 -24.1817
      vertex -1.94454 -10.25 -23.9445
      vertex -1.94454 -14.25 -23.9445
    endloop
  endfacet
  facet normal -0.555675 0 0.8314
    outer loop
      vertex 1.375 14.25 -24.3816
      vertex 1.67409 10.25 -24.1817
      vertex 1.67409 14.25 -24.1817
    endloop
  endfacet
  facet normal -0.555675 0 0.8314
    outer loop
      vertex 1.67409 10.25 -24.1817
      vertex 1.375 14.25 -24.3816
      vertex 1.375 10.25 -24.3816
    endloop
  endfacet
  facet normal -0.555675 0 0.8314
    outer loop
      vertex 1.375 -10.25 -24.3816
      vertex 1.67409 -14.25 -24.1817
      vertex 1.67409 -10.25 -24.1817
    endloop
  endfacet
  facet normal -0.555675 0 0.8314
    outer loop
      vertex 1.67409 -14.25 -24.1817
      vertex 1.375 -10.25 -24.3816
      vertex 1.375 -14.25 -24.3816
    endloop
  endfacet
  facet normal 0.831472 0 -0.555566
    outer loop
      vertex -2.18172 10.25 -20.3259
      vertex -2.38157 14.25 -20.625
      vertex -2.18172 14.25 -20.3259
    endloop
  endfacet
  facet normal 0.831472 0 -0.555566
    outer loop
      vertex -2.38157 14.25 -20.625
      vertex -2.18172 10.25 -20.3259
      vertex -2.38157 10.25 -20.625
    endloop
  endfacet
  facet normal 0.831472 0 -0.555566
    outer loop
      vertex -2.18172 -14.25 -20.3259
      vertex -2.38157 -10.25 -20.625
      vertex -2.18172 -10.25 -20.3259
    endloop
  endfacet
  facet normal 0.831472 0 -0.555566
    outer loop
      vertex -2.38157 -10.25 -20.625
      vertex -2.18172 -14.25 -20.3259
      vertex -2.38157 -14.25 -20.625
    endloop
  endfacet
  facet normal 0.94692 -0 0.321469
    outer loop
      vertex -2.6563 10.25 -22.7118
      vertex -2.54067 14.25 -23.0524
      vertex -2.6563 14.25 -22.7118
    endloop
  endfacet
  facet normal 0.94692 0 0.321469
    outer loop
      vertex -2.54067 14.25 -23.0524
      vertex -2.6563 10.25 -22.7118
      vertex -2.54067 10.25 -23.0524
    endloop
  endfacet
  facet normal 0.94692 -0 0.321469
    outer loop
      vertex -2.6563 -14.25 -22.7118
      vertex -2.54067 -10.25 -23.0524
      vertex -2.6563 -10.25 -22.7118
    endloop
  endfacet
  facet normal 0.94692 0 0.321469
    outer loop
      vertex -2.54067 -10.25 -23.0524
      vertex -2.6563 -14.25 -22.7118
      vertex -2.54067 -14.25 -23.0524
    endloop
  endfacet
  facet normal 0.751777 -0 0.659417
    outer loop
      vertex -2.18172 10.25 -23.6741
      vertex -1.94454 14.25 -23.9445
      vertex -2.18172 14.25 -23.6741
    endloop
  endfacet
  facet normal 0.751777 0 0.659417
    outer loop
      vertex -1.94454 14.25 -23.9445
      vertex -2.18172 10.25 -23.6741
      vertex -1.94454 10.25 -23.9445
    endloop
  endfacet
  facet normal 0.751777 -0 0.659417
    outer loop
      vertex -2.18172 -14.25 -23.6741
      vertex -1.94454 -10.25 -23.9445
      vertex -2.18172 -10.25 -23.6741
    endloop
  endfacet
  facet normal 0.751777 0 0.659417
    outer loop
      vertex -1.94454 -10.25 -23.9445
      vertex -2.18172 -14.25 -23.6741
      vertex -1.94454 -14.25 -23.9445
    endloop
  endfacet
  facet normal -0.831472 0 0.555566
    outer loop
      vertex 2.18172 10.25 -23.6741
      vertex 2.38157 14.25 -23.375
      vertex 2.18172 14.25 -23.6741
    endloop
  endfacet
  facet normal -0.831472 0 0.555566
    outer loop
      vertex 2.38157 14.25 -23.375
      vertex 2.18172 10.25 -23.6741
      vertex 2.38157 10.25 -23.375
    endloop
  endfacet
  facet normal -0.831472 0 0.555566
    outer loop
      vertex 2.18172 -14.25 -23.6741
      vertex 2.38157 -10.25 -23.375
      vertex 2.18172 -10.25 -23.6741
    endloop
  endfacet
  facet normal -0.831472 0 0.555566
    outer loop
      vertex 2.38157 -10.25 -23.375
      vertex 2.18172 -14.25 -23.6741
      vertex 2.38157 -14.25 -23.375
    endloop
  endfacet
  facet normal 0.0653294 0 -0.997864
    outer loop
      vertex -0.358947 10.25 -19.2735
      vertex 0 14.25 -19.25
      vertex 0 10.25 -19.25
    endloop
  endfacet
  facet normal 0.0653294 0 -0.997864
    outer loop
      vertex 0 14.25 -19.25
      vertex -0.358947 10.25 -19.2735
      vertex -0.358947 14.25 -19.2735
    endloop
  endfacet
  facet normal 0.0653294 0 -0.997864
    outer loop
      vertex -0.358947 -14.25 -19.2735
      vertex 0 -10.25 -19.25
      vertex 0 -14.25 -19.25
    endloop
  endfacet
  facet normal 0.0653294 0 -0.997864
    outer loop
      vertex 0 -10.25 -19.25
      vertex -0.358947 -14.25 -19.2735
      vertex -0.358947 -10.25 -19.2735
    endloop
  endfacet
  facet normal 0.65938 0 -0.75181
    outer loop
      vertex -1.94454 10.25 -20.0555
      vertex -1.67409 14.25 -19.8183
      vertex -1.67409 10.25 -19.8183
    endloop
  endfacet
  facet normal 0.65938 0 -0.75181
    outer loop
      vertex -1.67409 14.25 -19.8183
      vertex -1.94454 10.25 -20.0555
      vertex -1.94454 14.25 -20.0555
    endloop
  endfacet
  facet normal 0.65938 0 -0.75181
    outer loop
      vertex -1.94454 -14.25 -20.0555
      vertex -1.67409 -10.25 -19.8183
      vertex -1.67409 -14.25 -19.8183
    endloop
  endfacet
  facet normal 0.65938 0 -0.75181
    outer loop
      vertex -1.67409 -10.25 -19.8183
      vertex -1.94454 -14.25 -20.0555
      vertex -1.94454 -10.25 -20.0555
    endloop
  endfacet
  facet normal -0.65938 0 0.75181
    outer loop
      vertex 1.67409 14.25 -24.1817
      vertex 1.94454 10.25 -23.9445
      vertex 1.94454 14.25 -23.9445
    endloop
  endfacet
  facet normal -0.65938 0 0.75181
    outer loop
      vertex 1.94454 10.25 -23.9445
      vertex 1.67409 14.25 -24.1817
      vertex 1.67409 10.25 -24.1817
    endloop
  endfacet
  facet normal -0.65938 0 0.75181
    outer loop
      vertex 1.67409 -10.25 -24.1817
      vertex 1.94454 -14.25 -23.9445
      vertex 1.94454 -10.25 -23.9445
    endloop
  endfacet
  facet normal -0.65938 0 0.75181
    outer loop
      vertex 1.94454 -14.25 -23.9445
      vertex 1.67409 -10.25 -24.1817
      vertex 1.67409 -14.25 -24.1817
    endloop
  endfacet
  facet normal -0.751777 0 -0.659417
    outer loop
      vertex 2.18172 10.25 -20.3259
      vertex 1.94454 14.25 -20.0555
      vertex 2.18172 14.25 -20.3259
    endloop
  endfacet
  facet normal -0.751777 -0 -0.659417
    outer loop
      vertex 1.94454 14.25 -20.0555
      vertex 2.18172 10.25 -20.3259
      vertex 1.94454 10.25 -20.0555
    endloop
  endfacet
  facet normal -0.751777 0 -0.659417
    outer loop
      vertex 2.18172 -14.25 -20.3259
      vertex 1.94454 -10.25 -20.0555
      vertex 2.18172 -10.25 -20.3259
    endloop
  endfacet
  facet normal -0.751777 -0 -0.659417
    outer loop
      vertex 1.94454 -10.25 -20.0555
      vertex 2.18172 -14.25 -20.3259
      vertex 1.94454 -14.25 -20.0555
    endloop
  endfacet
  facet normal -0.831472 0 -0.555566
    outer loop
      vertex 2.38157 10.25 -20.625
      vertex 2.18172 14.25 -20.3259
      vertex 2.38157 14.25 -20.625
    endloop
  endfacet
  facet normal -0.831472 -0 -0.555566
    outer loop
      vertex 2.18172 14.25 -20.3259
      vertex 2.38157 10.25 -20.625
      vertex 2.18172 10.25 -20.3259
    endloop
  endfacet
  facet normal -0.831472 0 -0.555566
    outer loop
      vertex 2.38157 -14.25 -20.625
      vertex 2.18172 -10.25 -20.3259
      vertex 2.38157 -10.25 -20.625
    endloop
  endfacet
  facet normal -0.831472 -0 -0.555566
    outer loop
      vertex 2.18172 -10.25 -20.3259
      vertex 2.38157 -14.25 -20.625
      vertex 2.18172 -14.25 -20.3259
    endloop
  endfacet
  facet normal 0.980799 -0 0.19502
    outer loop
      vertex -2.72647 10.25 -22.3589
      vertex -2.6563 14.25 -22.7118
      vertex -2.72647 14.25 -22.3589
    endloop
  endfacet
  facet normal 0.980799 0 0.19502
    outer loop
      vertex -2.6563 14.25 -22.7118
      vertex -2.72647 10.25 -22.3589
      vertex -2.6563 10.25 -22.7118
    endloop
  endfacet
  facet normal 0.980799 -0 0.19502
    outer loop
      vertex -2.72647 -14.25 -22.3589
      vertex -2.6563 -10.25 -22.7118
      vertex -2.72647 -10.25 -22.3589
    endloop
  endfacet
  facet normal 0.980799 0 0.19502
    outer loop
      vertex -2.6563 -10.25 -22.7118
      vertex -2.72647 -14.25 -22.3589
      vertex -2.6563 -14.25 -22.7118
    endloop
  endfacet
  facet normal 0.321371 0 0.946954
    outer loop
      vertex -1.05238 14.25 -24.5407
      vertex -0.711752 10.25 -24.6563
      vertex -0.711752 14.25 -24.6563
    endloop
  endfacet
  facet normal 0.321371 0 0.946954
    outer loop
      vertex -0.711752 10.25 -24.6563
      vertex -1.05238 14.25 -24.5407
      vertex -1.05238 10.25 -24.5407
    endloop
  endfacet
  facet normal 0.321371 0 0.946954
    outer loop
      vertex -1.05238 -10.25 -24.5407
      vertex -0.711752 -14.25 -24.6563
      vertex -0.711752 -10.25 -24.6563
    endloop
  endfacet
  facet normal 0.321371 0 0.946954
    outer loop
      vertex -0.711752 -14.25 -24.6563
      vertex -1.05238 -10.25 -24.5407
      vertex -1.05238 -14.25 -24.5407
    endloop
  endfacet
  facet normal -1 0 0
    outer loop
      vertex 10.25 -10.25 -30
      vertex 10.25 10.25 0
      vertex 10.25 10.25 -30
    endloop
  endfacet
  facet normal -1 -0 0
    outer loop
      vertex 10.25 10.25 0
      vertex 10.25 -10.25 -30
      vertex 10.25 -10.25 0
    endloop
  endfacet
  facet normal 0 0 -1
    outer loop
      vertex 10.25 -10.25 0
      vertex 3 0 0
      vertex 10.25 10.25 0
    endloop
  endfacet
  facet normal 0 0 -1
    outer loop
      vertex 10.25 -10.25 0
      vertex 2.97433 -0.391578 0
      vertex 3 0 0
    endloop
  endfacet
  facet normal 0 0 -1
    outer loop
      vertex 10.25 -10.25 0
      vertex 2.89778 -0.776457 0
      vertex 2.97433 -0.391578 0
    endloop
  endfacet
  facet normal 0 0 -1
    outer loop
      vertex 10.25 -10.25 0
      vertex 2.77164 -1.14805 0
      vertex 2.89778 -0.776457 0
    endloop
  endfacet
  facet normal 0 0 -1
    outer loop
      vertex 10.25 -10.25 0
      vertex 2.59808 -1.5 0
      vertex 2.77164 -1.14805 0
    endloop
  endfacet
  facet normal 0 0 -1
    outer loop
      vertex 10.25 -10.25 0
      vertex 2.38006 -1.82628 0
      vertex 2.59808 -1.5 0
    endloop
  endfacet
  facet normal 0 0 -1
    outer loop
      vertex 10.25 -10.25 0
      vertex 2.12132 -2.12132 0
      vertex 2.38006 -1.82628 0
    endloop
  endfacet
  facet normal 0 0 -1
    outer loop
      vertex 10.25 -10.25 0
      vertex 1.82628 -2.38006 0
      vertex 2.12132 -2.12132 0
    endloop
  endfacet
  facet normal 0 0 -1
    outer loop
      vertex 10.25 -10.25 0
      vertex 1.5 -2.59808 0
      vertex 1.82628 -2.38006 0
    endloop
  endfacet
  facet normal 0 0 -1
    outer loop
      vertex 10.25 -10.25 0
      vertex 1.14805 -2.77164 0
      vertex 1.5 -2.59808 0
    endloop
  endfacet
  facet normal 0 0 -1
    outer loop
      vertex 10.25 -10.25 0
      vertex 0.776457 -2.89778 0
      vertex 1.14805 -2.77164 0
    endloop
  endfacet
  facet normal 0 0 -1
    outer loop
      vertex 10.25 -10.25 0
      vertex 0.391578 -2.97433 0
      vertex 0.776457 -2.89778 0
    endloop
  endfacet
  facet normal 0 0 -1
    outer loop
      vertex 10.25 -10.25 0
      vertex 0 -3 0
      vertex 0.391578 -2.97433 0
    endloop
  endfacet
  facet normal 0 0 -1
    outer loop
      vertex -10.25 -10.25 0
      vertex 0 -3 0
      vertex 10.25 -10.25 0
    endloop
  endfacet
  facet normal -0 0 -1
    outer loop
      vertex 0 -3 0
      vertex -10.25 -10.25 0
      vertex -0.391578 -2.97433 0
    endloop
  endfacet
  facet normal -0 0 -1
    outer loop
      vertex -0.391578 -2.97433 0
      vertex -10.25 -10.25 0
      vertex -0.776457 -2.89778 0
    endloop
  endfacet
  facet normal -0 0 -1
    outer loop
      vertex -0.776457 -2.89778 0
      vertex -10.25 -10.25 0
      vertex -1.14805 -2.77164 0
    endloop
  endfacet
  facet normal -0 0 -1
    outer loop
      vertex -2.97433 -0.391578 0
      vertex -10.25 -10.25 0
      vertex -3 0 0
    endloop
  endfacet
  facet normal -0 0 -1
    outer loop
      vertex -2.89778 -0.776457 0
      vertex -10.25 -10.25 0
      vertex -2.97433 -0.391578 0
    endloop
  endfacet
  facet normal -0 0 -1
    outer loop
      vertex -2.77164 -1.14805 0
      vertex -10.25 -10.25 0
      vertex -2.89778 -0.776457 0
    endloop
  endfacet
  facet normal -0 0 -1
    outer loop
      vertex -2.59808 -1.5 0
      vertex -10.25 -10.25 0
      vertex -2.77164 -1.14805 0
    endloop
  endfacet
  facet normal -0 0 -1
    outer loop
      vertex -2.38006 -1.82628 0
      vertex -10.25 -10.25 0
      vertex -2.59808 -1.5 0
    endloop
  endfacet
  facet normal -0 0 -1
    outer loop
      vertex -2.12132 -2.12132 0
      vertex -10.25 -10.25 0
      vertex -2.38006 -1.82628 0
    endloop
  endfacet
  facet normal -0 0 -1
    outer loop
      vertex -1.82628 -2.38006 0
      vertex -10.25 -10.25 0
      vertex -2.12132 -2.12132 0
    endloop
  endfacet
  facet normal -0 0 -1
    outer loop
      vertex -1.5 -2.59808 0
      vertex -10.25 -10.25 0
      vertex -1.82628 -2.38006 0
    endloop
  endfacet
  facet normal -0 0 -1
    outer loop
      vertex -1.14805 -2.77164 0
      vertex -10.25 -10.25 0
      vertex -1.5 -2.59808 0
    endloop
  endfacet
  facet normal 0 0 -1
    outer loop
      vertex 2.97433 0.391578 0
      vertex 10.25 10.25 0
      vertex 3 0 0
    endloop
  endfacet
  facet normal 0 0 -1
    outer loop
      vertex 2.89778 0.776457 0
      vertex 10.25 10.25 0
      vertex 2.97433 0.391578 0
    endloop
  endfacet
  facet normal 0 0 -1
    outer loop
      vertex 2.77164 1.14805 0
      vertex 10.25 10.25 0
      vertex 2.89778 0.776457 0
    endloop
  endfacet
  facet normal 0 0 -1
    outer loop
      vertex 2.59808 1.5 0
      vertex 10.25 10.25 0
      vertex 2.77164 1.14805 0
    endloop
  endfacet
  facet normal 0 0 -1
    outer loop
      vertex 2.38006 1.82628 0
      vertex 10.25 10.25 0
      vertex 2.59808 1.5 0
    endloop
  endfacet
  facet normal 0 0 -1
    outer loop
      vertex 2.12132 2.12132 0
      vertex 10.25 10.25 0
      vertex 2.38006 1.82628 0
    endloop
  endfacet
  facet normal 0 0 -1
    outer loop
      vertex 1.82628 2.38006 0
      vertex 10.25 10.25 0
      vertex 2.12132 2.12132 0
    endloop
  endfacet
  facet normal 0 0 -1
    outer loop
      vertex 1.5 2.59808 0
      vertex 10.25 10.25 0
      vertex 1.82628 2.38006 0
    endloop
  endfacet
  facet normal 0 0 -1
    outer loop
      vertex 1.14805 2.77164 0
      vertex 10.25 10.25 0
      vertex 1.5 2.59808 0
    endloop
  endfacet
  facet normal 0 0 -1
    outer loop
      vertex 0.776457 2.89778 0
      vertex 10.25 10.25 0
      vertex 1.14805 2.77164 0
    endloop
  endfacet
  facet normal 0 0 -1
    outer loop
      vertex 0.391578 2.97433 0
      vertex 10.25 10.25 0
      vertex 0.776457 2.89778 0
    endloop
  endfacet
  facet normal 0 0 -1
    outer loop
      vertex 0 3 0
      vertex 10.25 10.25 0
      vertex 0.391578 2.97433 0
    endloop
  endfacet
  facet normal 0 0 -1
    outer loop
      vertex -10.25 10.25 0
      vertex 0 3 0
      vertex -0.391578 2.97433 0
    endloop
  endfacet
  facet normal 0 0 -1
    outer loop
      vertex -10.25 10.25 0
      vertex -0.391578 2.97433 0
      vertex -0.776457 2.89778 0
    endloop
  endfacet
  facet normal 0 0 -1
    outer loop
      vertex -10.25 10.25 0
      vertex -0.776457 2.89778 0
      vertex -1.14805 2.77164 0
    endloop
  endfacet
  facet normal 0 0 -1
    outer loop
      vertex -10.25 10.25 0
      vertex -1.14805 2.77164 0
      vertex -1.5 2.59808 0
    endloop
  endfacet
  facet normal 0 0 -1
    outer loop
      vertex -10.25 10.25 0
      vertex -3 0 0
      vertex -10.25 -10.25 0
    endloop
  endfacet
  facet normal 0 0 -1
    outer loop
      vertex -3 0 0
      vertex -10.25 10.25 0
      vertex -2.97433 0.391578 0
    endloop
  endfacet
  facet normal 0 0 -1
    outer loop
      vertex -2.97433 0.391578 0
      vertex -10.25 10.25 0
      vertex -2.89778 0.776457 0
    endloop
  endfacet
  facet normal 0 0 -1
    outer loop
      vertex -2.89778 0.776457 0
      vertex -10.25 10.25 0
      vertex -2.77164 1.14805 0
    endloop
  endfacet
  facet normal 0 0 -1
    outer loop
      vertex 0 3 0
      vertex -10.25 10.25 0
      vertex 10.25 10.25 0
    endloop
  endfacet
  facet normal 0 0 -1
    outer loop
      vertex -1.82628 2.38006 0
      vertex -10.25 10.25 0
      vertex -1.5 2.59808 0
    endloop
  endfacet
  facet normal 0 0 -1
    outer loop
      vertex -2.12132 2.12132 0
      vertex -10.25 10.25 0
      vertex -1.82628 2.38006 0
    endloop
  endfacet
  facet normal 0 0 -1
    outer loop
      vertex -2.38006 1.82628 0
      vertex -10.25 10.25 0
      vertex -2.12132 2.12132 0
    endloop
  endfacet
  facet normal 0 0 -1
    outer loop
      vertex -2.59808 1.5 0
      vertex -10.25 10.25 0
      vertex -2.38006 1.82628 0
    endloop
  endfacet
  facet normal 0 0 -1
    outer loop
      vertex -2.77164 1.14805 0
      vertex -10.25 10.25 0
      vertex -2.59808 1.5 0
    endloop
  endfacet
  facet normal 1 -0 0
    outer loop
      vertex -10.25 -10.25 0
      vertex -10.25 10.25 -30
      vertex -10.25 10.25 0
    endloop
  endfacet
  facet normal 1 0 0
    outer loop
      vertex -10.25 10.25 -30
      vertex -10.25 -10.25 0
      vertex -10.25 -10.25 -30
    endloop
  endfacet
  facet normal 0 -1 0
    outer loop
      vertex -10.25 10.25 0
      vertex 0 10.25 -6.25
      vertex 10.25 10.25 0
    endloop
  endfacet
  facet normal 0 -1 0
    outer loop
      vertex -10.25 10.25 0
      vertex -0.358947 10.25 -6.27353
      vertex 0 10.25 -6.25
    endloop
  endfacet
  facet normal 0 -1 0
    outer loop
      vertex -10.25 10.25 0
      vertex -0.711752 10.25 -6.3437
      vertex -0.358947 10.25 -6.27353
    endloop
  endfacet
  facet normal 0 -1 0
    outer loop
      vertex -10.25 10.25 0
      vertex -1.05238 10.25 -6.45933
      vertex -0.711752 10.25 -6.3437
    endloop
  endfacet
  facet normal 0 -1 0
    outer loop
      vertex -10.25 10.25 0
      vertex -1.375 10.25 -6.61843
      vertex -1.05238 10.25 -6.45933
    endloop
  endfacet
  facet normal 0 -1 0
    outer loop
      vertex -10.25 10.25 0
      vertex -1.67409 10.25 -6.81828
      vertex -1.375 10.25 -6.61843
    endloop
  endfacet
  facet normal 0 -1 0
    outer loop
      vertex -10.25 10.25 0
      vertex -1.94454 10.25 -7.05546
      vertex -1.67409 10.25 -6.81828
    endloop
  endfacet
  facet normal 0 -1 0
    outer loop
      vertex -10.25 10.25 0
      vertex -2.18172 10.25 -7.32591
      vertex -1.94454 10.25 -7.05546
    endloop
  endfacet
  facet normal 0 -1 0
    outer loop
      vertex -10.25 10.25 0
      vertex -2.38157 10.25 -7.625
      vertex -2.18172 10.25 -7.32591
    endloop
  endfacet
  facet normal 0 -1 0
    outer loop
      vertex -10.25 10.25 0
      vertex -2.54067 10.25 -7.94762
      vertex -2.38157 10.25 -7.625
    endloop
  endfacet
  facet normal 0 -1 0
    outer loop
      vertex -10.25 10.25 0
      vertex -2.6563 10.25 -8.28825
      vertex -2.54067 10.25 -7.94762
    endloop
  endfacet
  facet normal 0 -1 0
    outer loop
      vertex -10.25 10.25 0
      vertex -2.72647 10.25 -8.64105
      vertex -2.6563 10.25 -8.28825
    endloop
  endfacet
  facet normal 0 -1 0
    outer loop
      vertex -10.25 10.25 0
      vertex -2.75 10.25 -9
      vertex -2.72647 10.25 -8.64105
    endloop
  endfacet
  facet normal 0 -1 0
    outer loop
      vertex -10.25 10.25 0
      vertex -2.72647 10.25 -9.35895
      vertex -2.75 10.25 -9
    endloop
  endfacet
  facet normal 0 -1 0
    outer loop
      vertex -10.25 10.25 0
      vertex -2.6563 10.25 -9.71175
      vertex -2.72647 10.25 -9.35895
    endloop
  endfacet
  facet normal 0 -1 0
    outer loop
      vertex -10.25 10.25 -30
      vertex -2.6563 10.25 -9.71175
      vertex -10.25 10.25 0
    endloop
  endfacet
  facet normal 0 -1 -0
    outer loop
      vertex -2.6563 10.25 -9.71175
      vertex -10.25 10.25 -30
      vertex -2.54067 10.25 -10.0524
    endloop
  endfacet
  facet normal -0 -1 0
    outer loop
      vertex -2.54067 10.25 -20.9476
      vertex -2.54067 10.25 -10.0524
      vertex -10.25 10.25 -30
    endloop
  endfacet
  facet normal 0 -1 0
    outer loop
      vertex -0.358947 10.25 -11.7265
      vertex 0 10.25 -19.25
      vertex 0 10.25 -11.75
    endloop
  endfacet
  facet normal 0 -1 0
    outer loop
      vertex -0.358947 10.25 -19.2735
      vertex -0.358947 10.25 -11.7265
      vertex -0.711752 10.25 -11.6563
    endloop
  endfacet
  facet normal 0 -1 0
    outer loop
      vertex -0.711752 10.25 -19.3437
      vertex -0.711752 10.25 -11.6563
      vertex -1.05238 10.25 -11.5407
    endloop
  endfacet
  facet normal 0 -1 0
    outer loop
      vertex -1.05238 10.25 -19.4593
      vertex -1.05238 10.25 -11.5407
      vertex -1.375 10.25 -11.3816
    endloop
  endfacet
  facet normal 0 -1 0
    outer loop
      vertex -1.375 10.25 -19.6184
      vertex -1.375 10.25 -11.3816
      vertex -1.67409 10.25 -11.1817
    endloop
  endfacet
  facet normal 0 -1 0
    outer loop
      vertex -1.67409 10.25 -19.8183
      vertex -1.67409 10.25 -11.1817
      vertex -1.94454 10.25 -10.9445
    endloop
  endfacet
  facet normal 0 -1 0
    outer loop
      vertex -1.94454 10.25 -20.0555
      vertex -1.94454 10.25 -10.9445
      vertex -2.18172 10.25 -10.6741
    endloop
  endfacet
  facet normal 0 -1 0
    outer loop
      vertex -2.54067 10.25 -10.0524
      vertex -2.54067 10.25 -20.9476
      vertex -2.38157 10.25 -10.375
    endloop
  endfacet
  facet normal 0 -1 0
    outer loop
      vertex -0.358947 10.25 -11.7265
      vertex -0.358947 10.25 -19.2735
      vertex 0 10.25 -19.25
    endloop
  endfacet
  facet normal 0 -1 0
    outer loop
      vertex -0.711752 10.25 -11.6563
      vertex -0.711752 10.25 -19.3437
      vertex -0.358947 10.25 -19.2735
    endloop
  endfacet
  facet normal 0 -1 0
    outer loop
      vertex -1.05238 10.25 -11.5407
      vertex -1.05238 10.25 -19.4593
      vertex -0.711752 10.25 -19.3437
    endloop
  endfacet
  facet normal 0 -1 0
    outer loop
      vertex -1.375 10.25 -11.3816
      vertex -1.375 10.25 -19.6184
      vertex -1.05238 10.25 -19.4593
    endloop
  endfacet
  facet normal 0 -1 0
    outer loop
      vertex -1.67409 10.25 -11.1817
      vertex -1.67409 10.25 -19.8183
      vertex -1.375 10.25 -19.6184
    endloop
  endfacet
  facet normal 0 -1 0
    outer loop
      vertex -1.94454 10.25 -10.9445
      vertex -1.94454 10.25 -20.0555
      vertex -1.67409 10.25 -19.8183
    endloop
  endfacet
  facet normal 0 -1 0
    outer loop
      vertex -2.18172 10.25 -10.6741
      vertex -2.18172 10.25 -20.3259
      vertex -1.94454 10.25 -20.0555
    endloop
  endfacet
  facet normal 0 -1 -0
    outer loop
      vertex -2.18172 10.25 -10.6741
      vertex -2.38157 10.25 -20.625
      vertex -2.18172 10.25 -20.3259
    endloop
  endfacet
  facet normal 0 -1 0
    outer loop
      vertex -2.38157 10.25 -10.375
      vertex -2.38157 10.25 -20.625
      vertex -2.18172 10.25 -10.6741
    endloop
  endfacet
  facet normal -0 -1 0
    outer loop
      vertex -2.38157 10.25 -20.625
      vertex -2.38157 10.25 -10.375
      vertex -2.54067 10.25 -20.9476
    endloop
  endfacet
  facet normal 0 -1 0
    outer loop
      vertex -2.54067 10.25 -20.9476
      vertex -10.25 10.25 -30
      vertex -2.6563 10.25 -21.2882
    endloop
  endfacet
  facet normal 0 -1 0
    outer loop
      vertex -2.6563 10.25 -21.2882
      vertex -10.25 10.25 -30
      vertex -2.72647 10.25 -21.6411
    endloop
  endfacet
  facet normal 0 -1 0
    outer loop
      vertex -2.72647 10.25 -21.6411
      vertex -10.25 10.25 -30
      vertex -2.75 10.25 -22
    endloop
  endfacet
  facet normal 0 -1 -0
    outer loop
      vertex -2.75 10.25 -22
      vertex -10.25 10.25 -30
      vertex -2.72647 10.25 -22.3589
    endloop
  endfacet
  facet normal 0 -1 -0
    outer loop
      vertex -0.358947 10.25 -24.7265
      vertex -10.25 10.25 -30
      vertex 0 10.25 -24.75
    endloop
  endfacet
  facet normal 0 -1 -0
    outer loop
      vertex -0.711752 10.25 -24.6563
      vertex -10.25 10.25 -30
      vertex -0.358947 10.25 -24.7265
    endloop
  endfacet
  facet normal 0 -1 -0
    outer loop
      vertex -1.05238 10.25 -24.5407
      vertex -10.25 10.25 -30
      vertex -0.711752 10.25 -24.6563
    endloop
  endfacet
  facet normal 0 -1 -0
    outer loop
      vertex -1.375 10.25 -24.3816
      vertex -10.25 10.25 -30
      vertex -1.05238 10.25 -24.5407
    endloop
  endfacet
  facet normal 0 -1 -0
    outer loop
      vertex -1.67409 10.25 -24.1817
      vertex -10.25 10.25 -30
      vertex -1.375 10.25 -24.3816
    endloop
  endfacet
  facet normal 0 -1 -0
    outer loop
      vertex -1.94454 10.25 -23.9445
      vertex -10.25 10.25 -30
      vertex -1.67409 10.25 -24.1817
    endloop
  endfacet
  facet normal 0 -1 -0
    outer loop
      vertex -2.18172 10.25 -23.6741
      vertex -10.25 10.25 -30
      vertex -1.94454 10.25 -23.9445
    endloop
  endfacet
  facet normal 0 -1 -0
    outer loop
      vertex -2.38157 10.25 -23.375
      vertex -10.25 10.25 -30
      vertex -2.18172 10.25 -23.6741
    endloop
  endfacet
  facet normal 0 -1 -0
    outer loop
      vertex -2.54067 10.25 -23.0524
      vertex -10.25 10.25 -30
      vertex -2.38157 10.25 -23.375
    endloop
  endfacet
  facet normal 0 -1 -0
    outer loop
      vertex -2.6563 10.25 -22.7118
      vertex -10.25 10.25 -30
      vertex -2.54067 10.25 -23.0524
    endloop
  endfacet
  facet normal 0 -1 -0
    outer loop
      vertex -2.72647 10.25 -22.3589
      vertex -10.25 10.25 -30
      vertex -2.6563 10.25 -22.7118
    endloop
  endfacet
  facet normal 0 -1 0
    outer loop
      vertex 0.358947 10.25 -6.27353
      vertex 10.25 10.25 0
      vertex 0 10.25 -6.25
    endloop
  endfacet
  facet normal 0 -1 0
    outer loop
      vertex 0.711752 10.25 -6.3437
      vertex 10.25 10.25 0
      vertex 0.358947 10.25 -6.27353
    endloop
  endfacet
  facet normal 0 -1 0
    outer loop
      vertex 1.05238 10.25 -6.45933
      vertex 10.25 10.25 0
      vertex 0.711752 10.25 -6.3437
    endloop
  endfacet
  facet normal 0 -1 0
    outer loop
      vertex 1.375 10.25 -6.61843
      vertex 10.25 10.25 0
      vertex 1.05238 10.25 -6.45933
    endloop
  endfacet
  facet normal 0 -1 0
    outer loop
      vertex 1.67409 10.25 -6.81828
      vertex 10.25 10.25 0
      vertex 1.375 10.25 -6.61843
    endloop
  endfacet
  facet normal 0 -1 0
    outer loop
      vertex 1.94454 10.25 -7.05546
      vertex 10.25 10.25 0
      vertex 1.67409 10.25 -6.81828
    endloop
  endfacet
  facet normal 0 -1 0
    outer loop
      vertex 2.18172 10.25 -7.32591
      vertex 10.25 10.25 0
      vertex 1.94454 10.25 -7.05546
    endloop
  endfacet
  facet normal 0 -1 0
    outer loop
      vertex 2.38157 10.25 -7.625
      vertex 10.25 10.25 0
      vertex 2.18172 10.25 -7.32591
    endloop
  endfacet
  facet normal 0 -1 0
    outer loop
      vertex 2.54067 10.25 -7.94762
      vertex 10.25 10.25 0
      vertex 2.38157 10.25 -7.625
    endloop
  endfacet
  facet normal 0 -1 0
    outer loop
      vertex 2.6563 10.25 -8.28825
      vertex 10.25 10.25 0
      vertex 2.54067 10.25 -7.94762
    endloop
  endfacet
  facet normal 0 -1 0
    outer loop
      vertex 2.72647 10.25 -8.64105
      vertex 10.25 10.25 0
      vertex 2.6563 10.25 -8.28825
    endloop
  endfacet
  facet normal 0 -1 0
    outer loop
      vertex 2.75 10.25 -9
      vertex 10.25 10.25 0
      vertex 2.72647 10.25 -8.64105
    endloop
  endfacet
  facet normal 0 -1 0
    outer loop
      vertex 2.72647 10.25 -9.35895
      vertex 10.25 10.25 0
      vertex 2.75 10.25 -9
    endloop
  endfacet
  facet normal 0 -1 0
    outer loop
      vertex 2.6563 10.25 -9.71175
      vertex 10.25 10.25 0
      vertex 2.72647 10.25 -9.35895
    endloop
  endfacet
  facet normal 0 -1 0
    outer loop
      vertex 10.25 10.25 -30
      vertex 2.6563 10.25 -9.71175
      vertex 2.54067 10.25 -10.0524
    endloop
  endfacet
  facet normal 0 -1 0
    outer loop
      vertex 2.54067 10.25 -20.9476
      vertex 2.54067 10.25 -10.0524
      vertex 2.38157 10.25 -10.375
    endloop
  endfacet
  facet normal 0 -1 0
    outer loop
      vertex 2.38157 10.25 -20.625
      vertex 2.38157 10.25 -10.375
      vertex 2.18172 10.25 -10.6741
    endloop
  endfacet
  facet normal 0 -1 0
    outer loop
      vertex 0 10.25 -19.25
      vertex 0.358947 10.25 -11.7265
      vertex 0 10.25 -11.75
    endloop
  endfacet
  facet normal 0 -1 0
    outer loop
      vertex 0.358947 10.25 -19.2735
      vertex 0.358947 10.25 -11.7265
      vertex 0 10.25 -19.25
    endloop
  endfacet
  facet normal 0 -1 0
    outer loop
      vertex 0.358947 10.25 -11.7265
      vertex 0.358947 10.25 -19.2735
      vertex 0.711752 10.25 -11.6563
    endloop
  endfacet
  facet normal 0 -1 0
    outer loop
      vertex 0.711752 10.25 -19.3437
      vertex 0.711752 10.25 -11.6563
      vertex 0.358947 10.25 -19.2735
    endloop
  endfacet
  facet normal 0 -1 0
    outer loop
      vertex 0.711752 10.25 -11.6563
      vertex 0.711752 10.25 -19.3437
      vertex 1.05238 10.25 -11.5407
    endloop
  endfacet
  facet normal 0 -1 0
    outer loop
      vertex 1.05238 10.25 -19.4593
      vertex 1.05238 10.25 -11.5407
      vertex 0.711752 10.25 -19.3437
    endloop
  endfacet
  facet normal 0 -1 0
    outer loop
      vertex 1.05238 10.25 -11.5407
      vertex 1.05238 10.25 -19.4593
      vertex 1.375 10.25 -11.3816
    endloop
  endfacet
  facet normal 0 -1 0
    outer loop
      vertex 1.375 10.25 -19.6184
      vertex 1.375 10.25 -11.3816
      vertex 1.05238 10.25 -19.4593
    endloop
  endfacet
  facet normal 0 -1 0
    outer loop
      vertex 1.375 10.25 -11.3816
      vertex 1.375 10.25 -19.6184
      vertex 1.67409 10.25 -11.1817
    endloop
  endfacet
  facet normal 0 -1 0
    outer loop
      vertex 1.67409 10.25 -19.8183
      vertex 1.67409 10.25 -11.1817
      vertex 1.375 10.25 -19.6184
    endloop
  endfacet
  facet normal 0 -1 0
    outer loop
      vertex 1.67409 10.25 -11.1817
      vertex 1.67409 10.25 -19.8183
      vertex 1.94454 10.25 -10.9445
    endloop
  endfacet
  facet normal 0 -1 0
    outer loop
      vertex 1.94454 10.25 -20.0555
      vertex 1.94454 10.25 -10.9445
      vertex 1.67409 10.25 -19.8183
    endloop
  endfacet
  facet normal 0 -1 0
    outer loop
      vertex 1.94454 10.25 -10.9445
      vertex 1.94454 10.25 -20.0555
      vertex 2.18172 10.25 -10.6741
    endloop
  endfacet
  facet normal 0 -1 0
    outer loop
      vertex 2.18172 10.25 -20.3259
      vertex 2.18172 10.25 -10.6741
      vertex 1.94454 10.25 -20.0555
    endloop
  endfacet
  facet normal 0 -1 0
    outer loop
      vertex 2.38157 10.25 -20.625
      vertex 2.18172 10.25 -10.6741
      vertex 2.18172 10.25 -20.3259
    endloop
  endfacet
  facet normal 0 -1 0
    outer loop
      vertex 2.38157 10.25 -10.375
      vertex 2.38157 10.25 -20.625
      vertex 2.54067 10.25 -20.9476
    endloop
  endfacet
  facet normal 0 -1 0
    outer loop
      vertex 2.54067 10.25 -10.0524
      vertex 2.54067 10.25 -20.9476
      vertex 10.25 10.25 -30
    endloop
  endfacet
  facet normal 0 -1 0
    outer loop
      vertex 10.25 10.25 -30
      vertex 2.54067 10.25 -20.9476
      vertex 2.6563 10.25 -21.2882
    endloop
  endfacet
  facet normal 0 -1 0
    outer loop
      vertex 10.25 10.25 -30
      vertex 2.6563 10.25 -21.2882
      vertex 2.72647 10.25 -21.6411
    endloop
  endfacet
  facet normal 0 -1 0
    outer loop
      vertex 10.25 10.25 -30
      vertex 2.72647 10.25 -21.6411
      vertex 2.75 10.25 -22
    endloop
  endfacet
  facet normal 0 -1 0
    outer loop
      vertex 10.25 10.25 -30
      vertex 2.75 10.25 -22
      vertex 2.72647 10.25 -22.3589
    endloop
  endfacet
  facet normal 0 -1 0
    outer loop
      vertex 10.25 10.25 -30
      vertex 2.72647 10.25 -22.3589
      vertex 2.6563 10.25 -22.7118
    endloop
  endfacet
  facet normal 0 -1 0
    outer loop
      vertex 10.25 10.25 -30
      vertex 0 10.25 -24.75
      vertex -10.25 10.25 -30
    endloop
  endfacet
  facet normal 0 -1 0
    outer loop
      vertex 0 10.25 -24.75
      vertex 10.25 10.25 -30
      vertex 0.358947 10.25 -24.7265
    endloop
  endfacet
  facet normal 0 -1 0
    outer loop
      vertex 0.358947 10.25 -24.7265
      vertex 10.25 10.25 -30
      vertex 0.711752 10.25 -24.6563
    endloop
  endfacet
  facet normal 0 -1 0
    outer loop
      vertex 2.6563 10.25 -9.71175
      vertex 10.25 10.25 -30
      vertex 10.25 10.25 0
    endloop
  endfacet
  facet normal 0 -1 0
    outer loop
      vertex 2.54067 10.25 -23.0524
      vertex 10.25 10.25 -30
      vertex 2.6563 10.25 -22.7118
    endloop
  endfacet
  facet normal 0 -1 0
    outer loop
      vertex 2.38157 10.25 -23.375
      vertex 10.25 10.25 -30
      vertex 2.54067 10.25 -23.0524
    endloop
  endfacet
  facet normal 0 -1 0
    outer loop
      vertex 2.18172 10.25 -23.6741
      vertex 10.25 10.25 -30
      vertex 2.38157 10.25 -23.375
    endloop
  endfacet
  facet normal 0 -1 0
    outer loop
      vertex 1.94454 10.25 -23.9445
      vertex 10.25 10.25 -30
      vertex 2.18172 10.25 -23.6741
    endloop
  endfacet
  facet normal 0 -1 0
    outer loop
      vertex 1.67409 10.25 -24.1817
      vertex 10.25 10.25 -30
      vertex 1.94454 10.25 -23.9445
    endloop
  endfacet
  facet normal 0 -1 0
    outer loop
      vertex 1.375 10.25 -24.3816
      vertex 10.25 10.25 -30
      vertex 1.67409 10.25 -24.1817
    endloop
  endfacet
  facet normal 0 -1 0
    outer loop
      vertex 1.05238 10.25 -24.5407
      vertex 10.25 10.25 -30
      vertex 1.375 10.25 -24.3816
    endloop
  endfacet
  facet normal 0 -1 0
    outer loop
      vertex 0.711752 10.25 -24.6563
      vertex 10.25 10.25 -30
      vertex 1.05238 10.25 -24.5407
    endloop
  endfacet
  facet normal 0 1 0
    outer loop
      vertex 10.25 -10.25 0
      vertex 0 -10.25 -6.25
      vertex -10.25 -10.25 0
    endloop
  endfacet
  facet normal 0 1 0
    outer loop
      vertex 10.25 -10.25 0
      vertex 0.358947 -10.25 -6.27353
      vertex 0 -10.25 -6.25
    endloop
  endfacet
  facet normal 0 1 0
    outer loop
      vertex 10.25 -10.25 0
      vertex 0.711752 -10.25 -6.3437
      vertex 0.358947 -10.25 -6.27353
    endloop
  endfacet
  facet normal 0 1 0
    outer loop
      vertex 10.25 -10.25 0
      vertex 1.05238 -10.25 -6.45933
      vertex 0.711752 -10.25 -6.3437
    endloop
  endfacet
  facet normal 0 1 0
    outer loop
      vertex 10.25 -10.25 0
      vertex 1.375 -10.25 -6.61843
      vertex 1.05238 -10.25 -6.45933
    endloop
  endfacet
  facet normal 0 1 0
    outer loop
      vertex 10.25 -10.25 0
      vertex 1.67409 -10.25 -6.81828
      vertex 1.375 -10.25 -6.61843
    endloop
  endfacet
  facet normal 0 1 0
    outer loop
      vertex 10.25 -10.25 0
      vertex 1.94454 -10.25 -7.05546
      vertex 1.67409 -10.25 -6.81828
    endloop
  endfacet
  facet normal 0 1 0
    outer loop
      vertex 10.25 -10.25 0
      vertex 2.18172 -10.25 -7.32591
      vertex 1.94454 -10.25 -7.05546
    endloop
  endfacet
  facet normal 0 1 0
    outer loop
      vertex 10.25 -10.25 0
      vertex 2.38157 -10.25 -7.625
      vertex 2.18172 -10.25 -7.32591
    endloop
  endfacet
  facet normal 0 1 0
    outer loop
      vertex 10.25 -10.25 0
      vertex 2.54067 -10.25 -7.94762
      vertex 2.38157 -10.25 -7.625
    endloop
  endfacet
  facet normal 0 1 0
    outer loop
      vertex 10.25 -10.25 0
      vertex 2.6563 -10.25 -8.28825
      vertex 2.54067 -10.25 -7.94762
    endloop
  endfacet
  facet normal 0 1 0
    outer loop
      vertex 10.25 -10.25 0
      vertex 2.72647 -10.25 -8.64105
      vertex 2.6563 -10.25 -8.28825
    endloop
  endfacet
  facet normal 0 1 0
    outer loop
      vertex 10.25 -10.25 0
      vertex 2.75 -10.25 -9
      vertex 2.72647 -10.25 -8.64105
    endloop
  endfacet
  facet normal 0 1 0
    outer loop
      vertex 10.25 -10.25 0
      vertex 2.72647 -10.25 -9.35895
      vertex 2.75 -10.25 -9
    endloop
  endfacet
  facet normal 0 1 0
    outer loop
      vertex 10.25 -10.25 0
      vertex 2.6563 -10.25 -9.71175
      vertex 2.72647 -10.25 -9.35895
    endloop
  endfacet
  facet normal 0 1 -0
    outer loop
      vertex 10.25 -10.25 -30
      vertex 2.6563 -10.25 -9.71175
      vertex 10.25 -10.25 0
    endloop
  endfacet
  facet normal 0 1 0
    outer loop
      vertex 2.6563 -10.25 -9.71175
      vertex 10.25 -10.25 -30
      vertex 2.54067 -10.25 -10.0524
    endloop
  endfacet
  facet normal -0 1 0
    outer loop
      vertex 2.54067 -10.25 -20.9476
      vertex 2.54067 -10.25 -10.0524
      vertex 10.25 -10.25 -30
    endloop
  endfacet
  facet normal 0 1 0
    outer loop
      vertex 0.358947 -10.25 -11.7265
      vertex 0 -10.25 -19.25
      vertex 0 -10.25 -11.75
    endloop
  endfacet
  facet normal 0 1 0
    outer loop
      vertex 0.358947 -10.25 -19.2735
      vertex 0.358947 -10.25 -11.7265
      vertex 0.711752 -10.25 -11.6563
    endloop
  endfacet
  facet normal 0 1 0
    outer loop
      vertex 0.711752 -10.25 -19.3437
      vertex 0.711752 -10.25 -11.6563
      vertex 1.05238 -10.25 -11.5407
    endloop
  endfacet
  facet normal 0 1 0
    outer loop
      vertex 1.05238 -10.25 -19.4593
      vertex 1.05238 -10.25 -11.5407
      vertex 1.375 -10.25 -11.3816
    endloop
  endfacet
  facet normal 0 1 0
    outer loop
      vertex 1.375 -10.25 -19.6184
      vertex 1.375 -10.25 -11.3816
      vertex 1.67409 -10.25 -11.1817
    endloop
  endfacet
  facet normal 0 1 0
    outer loop
      vertex 1.67409 -10.25 -19.8183
      vertex 1.67409 -10.25 -11.1817
      vertex 1.94454 -10.25 -10.9445
    endloop
  endfacet
  facet normal 0 1 0
    outer loop
      vertex 1.94454 -10.25 -20.0555
      vertex 1.94454 -10.25 -10.9445
      vertex 2.18172 -10.25 -10.6741
    endloop
  endfacet
  facet normal 0 1 0
    outer loop
      vertex 2.54067 -10.25 -10.0524
      vertex 2.54067 -10.25 -20.9476
      vertex 2.38157 -10.25 -10.375
    endloop
  endfacet
  facet normal 0 1 0
    outer loop
      vertex 0.358947 -10.25 -11.7265
      vertex 0.358947 -10.25 -19.2735
      vertex 0 -10.25 -19.25
    endloop
  endfacet
  facet normal 0 1 0
    outer loop
      vertex 0.711752 -10.25 -11.6563
      vertex 0.711752 -10.25 -19.3437
      vertex 0.358947 -10.25 -19.2735
    endloop
  endfacet
  facet normal 0 1 0
    outer loop
      vertex 1.05238 -10.25 -11.5407
      vertex 1.05238 -10.25 -19.4593
      vertex 0.711752 -10.25 -19.3437
    endloop
  endfacet
  facet normal 0 1 0
    outer loop
      vertex 1.375 -10.25 -11.3816
      vertex 1.375 -10.25 -19.6184
      vertex 1.05238 -10.25 -19.4593
    endloop
  endfacet
  facet normal 0 1 0
    outer loop
      vertex 1.67409 -10.25 -11.1817
      vertex 1.67409 -10.25 -19.8183
      vertex 1.375 -10.25 -19.6184
    endloop
  endfacet
  facet normal 0 1 0
    outer loop
      vertex 1.94454 -10.25 -10.9445
      vertex 1.94454 -10.25 -20.0555
      vertex 1.67409 -10.25 -19.8183
    endloop
  endfacet
  facet normal 0 1 0
    outer loop
      vertex 2.18172 -10.25 -10.6741
      vertex 2.18172 -10.25 -20.3259
      vertex 1.94454 -10.25 -20.0555
    endloop
  endfacet
  facet normal 0 1 0
    outer loop
      vertex 2.18172 -10.25 -10.6741
      vertex 2.38157 -10.25 -20.625
      vertex 2.18172 -10.25 -20.3259
    endloop
  endfacet
  facet normal 0 1 0
    outer loop
      vertex 2.38157 -10.25 -10.375
      vertex 2.38157 -10.25 -20.625
      vertex 2.18172 -10.25 -10.6741
    endloop
  endfacet
  facet normal -0 1 0
    outer loop
      vertex 2.38157 -10.25 -20.625
      vertex 2.38157 -10.25 -10.375
      vertex 2.54067 -10.25 -20.9476
    endloop
  endfacet
  facet normal 0 1 0
    outer loop
      vertex 2.54067 -10.25 -20.9476
      vertex 10.25 -10.25 -30
      vertex 2.6563 -10.25 -21.2882
    endloop
  endfacet
  facet normal 0 1 0
    outer loop
      vertex 2.6563 -10.25 -21.2882
      vertex 10.25 -10.25 -30
      vertex 2.72647 -10.25 -21.6411
    endloop
  endfacet
  facet normal 0 1 0
    outer loop
      vertex 2.72647 -10.25 -21.6411
      vertex 10.25 -10.25 -30
      vertex 2.75 -10.25 -22
    endloop
  endfacet
  facet normal 0 1 0
    outer loop
      vertex 2.75 -10.25 -22
      vertex 10.25 -10.25 -30
      vertex 2.72647 -10.25 -22.3589
    endloop
  endfacet
  facet normal 0 1 0
    outer loop
      vertex 0.358947 -10.25 -24.7265
      vertex 10.25 -10.25 -30
      vertex 0 -10.25 -24.75
    endloop
  endfacet
  facet normal 0 1 0
    outer loop
      vertex 0.711752 -10.25 -24.6563
      vertex 10.25 -10.25 -30
      vertex 0.358947 -10.25 -24.7265
    endloop
  endfacet
  facet normal 0 1 0
    outer loop
      vertex 1.05238 -10.25 -24.5407
      vertex 10.25 -10.25 -30
      vertex 0.711752 -10.25 -24.6563
    endloop
  endfacet
  facet normal 0 1 0
    outer loop
      vertex 1.375 -10.25 -24.3816
      vertex 10.25 -10.25 -30
      vertex 1.05238 -10.25 -24.5407
    endloop
  endfacet
  facet normal 0 1 0
    outer loop
      vertex 1.67409 -10.25 -24.1817
      vertex 10.25 -10.25 -30
      vertex 1.375 -10.25 -24.3816
    endloop
  endfacet
  facet normal 0 1 0
    outer loop
      vertex 1.94454 -10.25 -23.9445
      vertex 10.25 -10.25 -30
      vertex 1.67409 -10.25 -24.1817
    endloop
  endfacet
  facet normal 0 1 0
    outer loop
      vertex 2.18172 -10.25 -23.6741
      vertex 10.25 -10.25 -30
      vertex 1.94454 -10.25 -23.9445
    endloop
  endfacet
  facet normal 0 1 0
    outer loop
      vertex 2.38157 -10.25 -23.375
      vertex 10.25 -10.25 -30
      vertex 2.18172 -10.25 -23.6741
    endloop
  endfacet
  facet normal 0 1 0
    outer loop
      vertex 2.54067 -10.25 -23.0524
      vertex 10.25 -10.25 -30
      vertex 2.38157 -10.25 -23.375
    endloop
  endfacet
  facet normal 0 1 0
    outer loop
      vertex 2.6563 -10.25 -22.7118
      vertex 10.25 -10.25 -30
      vertex 2.54067 -10.25 -23.0524
    endloop
  endfacet
  facet normal 0 1 0
    outer loop
      vertex 2.72647 -10.25 -22.3589
      vertex 10.25 -10.25 -30
      vertex 2.6563 -10.25 -22.7118
    endloop
  endfacet
  facet normal 0 1 -0
    outer loop
      vertex -0.358947 -10.25 -6.27353
      vertex -10.25 -10.25 0
      vertex 0 -10.25 -6.25
    endloop
  endfacet
  facet normal 0 1 -0
    outer loop
      vertex -0.711752 -10.25 -6.3437
      vertex -10.25 -10.25 0
      vertex -0.358947 -10.25 -6.27353
    endloop
  endfacet
  facet normal 0 1 -0
    outer loop
      vertex -1.05238 -10.25 -6.45933
      vertex -10.25 -10.25 0
      vertex -0.711752 -10.25 -6.3437
    endloop
  endfacet
  facet normal 0 1 -0
    outer loop
      vertex -1.375 -10.25 -6.61843
      vertex -10.25 -10.25 0
      vertex -1.05238 -10.25 -6.45933
    endloop
  endfacet
  facet normal 0 1 -0
    outer loop
      vertex -1.67409 -10.25 -6.81828
      vertex -10.25 -10.25 0
      vertex -1.375 -10.25 -6.61843
    endloop
  endfacet
  facet normal 0 1 -0
    outer loop
      vertex -1.94454 -10.25 -7.05546
      vertex -10.25 -10.25 0
      vertex -1.67409 -10.25 -6.81828
    endloop
  endfacet
  facet normal 0 1 -0
    outer loop
      vertex -2.18172 -10.25 -7.32591
      vertex -10.25 -10.25 0
      vertex -1.94454 -10.25 -7.05546
    endloop
  endfacet
  facet normal 0 1 -0
    outer loop
      vertex -2.38157 -10.25 -7.625
      vertex -10.25 -10.25 0
      vertex -2.18172 -10.25 -7.32591
    endloop
  endfacet
  facet normal 0 1 -0
    outer loop
      vertex -2.54067 -10.25 -7.94762
      vertex -10.25 -10.25 0
      vertex -2.38157 -10.25 -7.625
    endloop
  endfacet
  facet normal 0 1 -0
    outer loop
      vertex -2.6563 -10.25 -8.28825
      vertex -10.25 -10.25 0
      vertex -2.54067 -10.25 -7.94762
    endloop
  endfacet
  facet normal 0 1 -0
    outer loop
      vertex -2.72647 -10.25 -8.64105
      vertex -10.25 -10.25 0
      vertex -2.6563 -10.25 -8.28825
    endloop
  endfacet
  facet normal 0 1 -0
    outer loop
      vertex -2.75 -10.25 -9
      vertex -10.25 -10.25 0
      vertex -2.72647 -10.25 -8.64105
    endloop
  endfacet
  facet normal 0 1 0
    outer loop
      vertex -2.72647 -10.25 -9.35895
      vertex -10.25 -10.25 0
      vertex -2.75 -10.25 -9
    endloop
  endfacet
  facet normal 0 1 0
    outer loop
      vertex -2.6563 -10.25 -9.71175
      vertex -10.25 -10.25 0
      vertex -2.72647 -10.25 -9.35895
    endloop
  endfacet
  facet normal 0 1 0
    outer loop
      vertex -10.25 -10.25 -30
      vertex -2.6563 -10.25 -9.71175
      vertex -2.54067 -10.25 -10.0524
    endloop
  endfacet
  facet normal 0 1 0
    outer loop
      vertex -2.54067 -10.25 -20.9476
      vertex -2.54067 -10.25 -10.0524
      vertex -2.38157 -10.25 -10.375
    endloop
  endfacet
  facet normal 0 1 0
    outer loop
      vertex -2.38157 -10.25 -20.625
      vertex -2.38157 -10.25 -10.375
      vertex -2.18172 -10.25 -10.6741
    endloop
  endfacet
  facet normal 0 1 -0
    outer loop
      vertex 0 -10.25 -19.25
      vertex -0.358947 -10.25 -11.7265
      vertex 0 -10.25 -11.75
    endloop
  endfacet
  facet normal 0 1 0
    outer loop
      vertex -0.358947 -10.25 -19.2735
      vertex -0.358947 -10.25 -11.7265
      vertex 0 -10.25 -19.25
    endloop
  endfacet
  facet normal 0 1 0
    outer loop
      vertex -0.358947 -10.25 -11.7265
      vertex -0.358947 -10.25 -19.2735
      vertex -0.711752 -10.25 -11.6563
    endloop
  endfacet
  facet normal 0 1 0
    outer loop
      vertex -0.711752 -10.25 -19.3437
      vertex -0.711752 -10.25 -11.6563
      vertex -0.358947 -10.25 -19.2735
    endloop
  endfacet
  facet normal 0 1 0
    outer loop
      vertex -0.711752 -10.25 -11.6563
      vertex -0.711752 -10.25 -19.3437
      vertex -1.05238 -10.25 -11.5407
    endloop
  endfacet
  facet normal 0 1 0
    outer loop
      vertex -1.05238 -10.25 -19.4593
      vertex -1.05238 -10.25 -11.5407
      vertex -0.711752 -10.25 -19.3437
    endloop
  endfacet
  facet normal 0 1 0
    outer loop
      vertex -1.05238 -10.25 -11.5407
      vertex -1.05238 -10.25 -19.4593
      vertex -1.375 -10.25 -11.3816
    endloop
  endfacet
  facet normal 0 1 0
    outer loop
      vertex -1.375 -10.25 -19.6184
      vertex -1.375 -10.25 -11.3816
      vertex -1.05238 -10.25 -19.4593
    endloop
  endfacet
  facet normal 0 1 0
    outer loop
      vertex -1.375 -10.25 -11.3816
      vertex -1.375 -10.25 -19.6184
      vertex -1.67409 -10.25 -11.1817
    endloop
  endfacet
  facet normal 0 1 0
    outer loop
      vertex -1.67409 -10.25 -19.8183
      vertex -1.67409 -10.25 -11.1817
      vertex -1.375 -10.25 -19.6184
    endloop
  endfacet
  facet normal 0 1 0
    outer loop
      vertex -1.67409 -10.25 -11.1817
      vertex -1.67409 -10.25 -19.8183
      vertex -1.94454 -10.25 -10.9445
    endloop
  endfacet
  facet normal 0 1 0
    outer loop
      vertex -1.94454 -10.25 -20.0555
      vertex -1.94454 -10.25 -10.9445
      vertex -1.67409 -10.25 -19.8183
    endloop
  endfacet
  facet normal 0 1 0
    outer loop
      vertex -1.94454 -10.25 -10.9445
      vertex -1.94454 -10.25 -20.0555
      vertex -2.18172 -10.25 -10.6741
    endloop
  endfacet
  facet normal 0 1 0
    outer loop
      vertex -2.18172 -10.25 -20.3259
      vertex -2.18172 -10.25 -10.6741
      vertex -1.94454 -10.25 -20.0555
    endloop
  endfacet
  facet normal 0 1 0
    outer loop
      vertex -2.38157 -10.25 -20.625
      vertex -2.18172 -10.25 -10.6741
      vertex -2.18172 -10.25 -20.3259
    endloop
  endfacet
  facet normal 0 1 0
    outer loop
      vertex -2.38157 -10.25 -10.375
      vertex -2.38157 -10.25 -20.625
      vertex -2.54067 -10.25 -20.9476
    endloop
  endfacet
  facet normal 0 1 0
    outer loop
      vertex -2.54067 -10.25 -10.0524
      vertex -2.54067 -10.25 -20.9476
      vertex -10.25 -10.25 -30
    endloop
  endfacet
  facet normal 0 1 0
    outer loop
      vertex -10.25 -10.25 -30
      vertex -2.54067 -10.25 -20.9476
      vertex -2.6563 -10.25 -21.2882
    endloop
  endfacet
  facet normal 0 1 0
    outer loop
      vertex -10.25 -10.25 -30
      vertex -2.6563 -10.25 -21.2882
      vertex -2.72647 -10.25 -21.6411
    endloop
  endfacet
  facet normal 0 1 0
    outer loop
      vertex -10.25 -10.25 -30
      vertex -2.72647 -10.25 -21.6411
      vertex -2.75 -10.25 -22
    endloop
  endfacet
  facet normal 0 1 0
    outer loop
      vertex -10.25 -10.25 -30
      vertex -2.75 -10.25 -22
      vertex -2.72647 -10.25 -22.3589
    endloop
  endfacet
  facet normal 0 1 0
    outer loop
      vertex -10.25 -10.25 -30
      vertex -2.72647 -10.25 -22.3589
      vertex -2.6563 -10.25 -22.7118
    endloop
  endfacet
  facet normal 0 1 0
    outer loop
      vertex -10.25 -10.25 -30
      vertex 0 -10.25 -24.75
      vertex 10.25 -10.25 -30
    endloop
  endfacet
  facet normal 0 1 0
    outer loop
      vertex 0 -10.25 -24.75
      vertex -10.25 -10.25 -30
      vertex -0.358947 -10.25 -24.7265
    endloop
  endfacet
  facet normal 0 1 0
    outer loop
      vertex -0.358947 -10.25 -24.7265
      vertex -10.25 -10.25 -30
      vertex -0.711752 -10.25 -24.6563
    endloop
  endfacet
  facet normal 0 1 0
    outer loop
      vertex -2.6563 -10.25 -9.71175
      vertex -10.25 -10.25 -30
      vertex -10.25 -10.25 0
    endloop
  endfacet
  facet normal 0 1 0
    outer loop
      vertex -2.54067 -10.25 -23.0524
      vertex -10.25 -10.25 -30
      vertex -2.6563 -10.25 -22.7118
    endloop
  endfacet
  facet normal 0 1 0
    outer loop
      vertex -2.38157 -10.25 -23.375
      vertex -10.25 -10.25 -30
      vertex -2.54067 -10.25 -23.0524
    endloop
  endfacet
  facet normal 0 1 0
    outer loop
      vertex -2.18172 -10.25 -23.6741
      vertex -10.25 -10.25 -30
      vertex -2.38157 -10.25 -23.375
    endloop
  endfacet
  facet normal 0 1 0
    outer loop
      vertex -1.94454 -10.25 -23.9445
      vertex -10.25 -10.25 -30
      vertex -2.18172 -10.25 -23.6741
    endloop
  endfacet
  facet normal 0 1 0
    outer loop
      vertex -1.67409 -10.25 -24.1817
      vertex -10.25 -10.25 -30
      vertex -1.94454 -10.25 -23.9445
    endloop
  endfacet
  facet normal 0 1 0
    outer loop
      vertex -1.375 -10.25 -24.3816
      vertex -10.25 -10.25 -30
      vertex -1.67409 -10.25 -24.1817
    endloop
  endfacet
  facet normal 0 1 0
    outer loop
      vertex -1.05238 -10.25 -24.5407
      vertex -10.25 -10.25 -30
      vertex -1.375 -10.25 -24.3816
    endloop
  endfacet
  facet normal 0 1 0
    outer loop
      vertex -0.711752 -10.25 -24.6563
      vertex -10.25 -10.25 -30
      vertex -1.05238 -10.25 -24.5407
    endloop
  endfacet
  facet normal 0.831472 0 -0.555566
    outer loop
      vertex 4.18224 10.25 22.0381
      vertex 3.98239 14.25 21.739
      vertex 4.18224 14.25 22.0381
    endloop
  endfacet
  facet normal 0.831472 0 -0.555566
    outer loop
      vertex 3.98239 14.25 21.739
      vertex 4.18224 10.25 22.0381
      vertex 3.98239 10.25 21.739
    endloop
  endfacet
  facet normal 0.831472 0 -0.555566
    outer loop
      vertex 4.18224 -14.25 22.0381
      vertex 3.98239 -10.25 21.739
      vertex 4.18224 -10.25 22.0381
    endloop
  endfacet
  facet normal 0.831472 0 -0.555566
    outer loop
      vertex 3.98239 -10.25 21.739
      vertex 4.18224 -14.25 22.0381
      vertex 3.98239 -14.25 21.739
    endloop
  endfacet
  facet normal 0.751777 0 -0.659417
    outer loop
      vertex 4.41942 10.25 22.3085
      vertex 4.18224 14.25 22.0381
      vertex 4.41942 14.25 22.3085
    endloop
  endfacet
  facet normal 0.751777 0 -0.659417
    outer loop
      vertex 4.18224 14.25 22.0381
      vertex 4.41942 10.25 22.3085
      vertex 4.18224 10.25 22.0381
    endloop
  endfacet
  facet normal 0.751777 0 -0.659417
    outer loop
      vertex 4.41942 -14.25 22.3085
      vertex 4.18224 -10.25 22.0381
      vertex 4.41942 -10.25 22.3085
    endloop
  endfacet
  facet normal 0.751777 0 -0.659417
    outer loop
      vertex 4.18224 -10.25 22.0381
      vertex 4.41942 -14.25 22.3085
      vertex 4.18224 -14.25 22.0381
    endloop
  endfacet
  facet normal 0.896915 0 -0.442204
    outer loop
      vertex 3.98239 10.25 21.739
      vertex 3.82329 14.25 21.4163
      vertex 3.98239 14.25 21.739
    endloop
  endfacet
  facet normal 0.896915 0 -0.442204
    outer loop
      vertex 3.82329 14.25 21.4163
      vertex 3.98239 10.25 21.739
      vertex 3.82329 10.25 21.4163
    endloop
  endfacet
  facet normal 0.896915 0 -0.442204
    outer loop
      vertex 3.98239 -14.25 21.739
      vertex 3.82329 -10.25 21.4163
      vertex 3.98239 -10.25 21.739
    endloop
  endfacet
  facet normal 0.896915 0 -0.442204
    outer loop
      vertex 3.82329 -10.25 21.4163
      vertex 3.98239 -14.25 21.739
      vertex 3.82329 -14.25 21.4163
    endloop
  endfacet
  facet normal -0.751912 0 0.659264
    outer loop
      vertex 8.30851 -14.25 18.4194
      vertex 8.54568 -10.25 18.6899
      vertex 8.30851 -10.25 18.4194
    endloop
  endfacet
  facet normal -0.751912 0 0.659264
    outer loop
      vertex 8.54568 -10.25 18.6899
      vertex 8.30851 -14.25 18.4194
      vertex 8.54568 -14.25 18.6899
    endloop
  endfacet
  facet normal -0.751912 0 0.659264
    outer loop
      vertex 8.30851 10.25 18.4194
      vertex 8.54568 14.25 18.6899
      vertex 8.30851 14.25 18.4194
    endloop
  endfacet
  facet normal -0.751912 0 0.659264
    outer loop
      vertex 8.54568 14.25 18.6899
      vertex 8.30851 10.25 18.4194
      vertex 8.54568 10.25 18.6899
    endloop
  endfacet
  facet normal 0.321618 0 -0.946869
    outer loop
      vertex 5.31158 -14.25 22.9046
      vertex 5.65221 -10.25 23.0203
      vertex 5.65221 -14.25 23.0203
    endloop
  endfacet
  facet normal 0.321618 0 -0.946869
    outer loop
      vertex 5.65221 -10.25 23.0203
      vertex 5.31158 -14.25 22.9046
      vertex 5.31158 -10.25 22.9046
    endloop
  endfacet
  facet normal 0.321618 0 -0.946869
    outer loop
      vertex 5.31158 10.25 22.9046
      vertex 5.65221 14.25 23.0203
      vertex 5.65221 10.25 23.0203
    endloop
  endfacet
  facet normal 0.321618 0 -0.946869
    outer loop
      vertex 5.65221 14.25 23.0203
      vertex 5.31158 10.25 22.9046
      vertex 5.31158 14.25 22.9046
    endloop
  endfacet
  facet normal -0.980789 0 -0.195074
    outer loop
      vertex 9.09043 -14.25 20.7229
      vertex 9.02026 -10.25 21.0757
      vertex 9.09043 -10.25 20.7229
    endloop
  endfacet
  facet normal -0.980789 -0 -0.195074
    outer loop
      vertex 9.02026 -10.25 21.0757
      vertex 9.09043 -14.25 20.7229
      vertex 9.02026 -14.25 21.0757
    endloop
  endfacet
  facet normal -0.980789 0 -0.195074
    outer loop
      vertex 9.09043 10.25 20.7229
      vertex 9.02026 14.25 21.0757
      vertex 9.09043 14.25 20.7229
    endloop
  endfacet
  facet normal -0.980789 -0 -0.195074
    outer loop
      vertex 9.02026 14.25 21.0757
      vertex 9.09043 10.25 20.7229
      vertex 9.02026 10.25 21.0757
    endloop
  endfacet
  facet normal -0.659366 0 0.751822
    outer loop
      vertex 8.03805 -10.25 18.1822
      vertex 8.30851 -14.25 18.4194
      vertex 8.30851 -10.25 18.4194
    endloop
  endfacet
  facet normal -0.659366 0 0.751822
    outer loop
      vertex 8.30851 -14.25 18.4194
      vertex 8.03805 -10.25 18.1822
      vertex 8.03805 -14.25 18.1822
    endloop
  endfacet
  facet normal -0.659366 0 0.751822
    outer loop
      vertex 8.03805 14.25 18.1822
      vertex 8.30851 10.25 18.4194
      vertex 8.30851 14.25 18.4194
    endloop
  endfacet
  facet normal -0.659366 0 0.751822
    outer loop
      vertex 8.30851 10.25 18.4194
      vertex 8.03805 14.25 18.1822
      vertex 8.03805 10.25 18.1822
    endloop
  endfacet
  facet normal -0.659366 0 -0.751822
    outer loop
      vertex 8.03805 -14.25 22.5457
      vertex 8.30851 -10.25 22.3085
      vertex 8.30851 -14.25 22.3085
    endloop
  endfacet
  facet normal -0.659366 0 -0.751822
    outer loop
      vertex 8.30851 -10.25 22.3085
      vertex 8.03805 -14.25 22.5457
      vertex 8.03805 -10.25 22.5457
    endloop
  endfacet
  facet normal -0.659366 0 -0.751822
    outer loop
      vertex 8.03805 10.25 22.5457
      vertex 8.30851 14.25 22.3085
      vertex 8.30851 10.25 22.3085
    endloop
  endfacet
  facet normal -0.659366 0 -0.751822
    outer loop
      vertex 8.30851 14.25 22.3085
      vertex 8.03805 10.25 22.5457
      vertex 8.03805 14.25 22.5457
    endloop
  endfacet
  facet normal 0.442292 0 -0.896871
    outer loop
      vertex 4.98896 -14.25 22.7455
      vertex 5.31158 -10.25 22.9046
      vertex 5.31158 -14.25 22.9046
    endloop
  endfacet
  facet normal 0.442292 0 -0.896871
    outer loop
      vertex 5.31158 -10.25 22.9046
      vertex 4.98896 -14.25 22.7455
      vertex 4.98896 -10.25 22.7455
    endloop
  endfacet
  facet normal 0.442292 0 -0.896871
    outer loop
      vertex 4.98896 10.25 22.7455
      vertex 5.31158 14.25 22.9046
      vertex 5.31158 10.25 22.9046
    endloop
  endfacet
  facet normal 0.442292 0 -0.896871
    outer loop
      vertex 5.31158 14.25 22.9046
      vertex 4.98896 10.25 22.7455
      vertex 4.98896 14.25 22.7455
    endloop
  endfacet
  facet normal -0.0653289 0 0.997864
    outer loop
      vertex 6.36396 14.25 17.614
      vertex 6.72291 10.25 17.6375
      vertex 6.72291 14.25 17.6375
    endloop
  endfacet
  facet normal -0.0653289 0 0.997864
    outer loop
      vertex 6.72291 10.25 17.6375
      vertex 6.36396 14.25 17.614
      vertex 6.36396 10.25 17.614
    endloop
  endfacet
  facet normal -0.0653289 0 0.997864
    outer loop
      vertex 6.36396 -10.25 17.614
      vertex 6.72291 -14.25 17.6375
      vertex 6.72291 -10.25 17.6375
    endloop
  endfacet
  facet normal -0.0653289 0 0.997864
    outer loop
      vertex 6.72291 -14.25 17.6375
      vertex 6.36396 -10.25 17.614
      vertex 6.36396 -14.25 17.614
    endloop
  endfacet
  facet normal 0.555483 0 0.831528
    outer loop
      vertex 4.68987 -10.25 18.1822
      vertex 4.98896 -14.25 17.9824
      vertex 4.98896 -10.25 17.9824
    endloop
  endfacet
  facet normal 0.555483 0 0.831528
    outer loop
      vertex 4.98896 -14.25 17.9824
      vertex 4.68987 -10.25 18.1822
      vertex 4.68987 -14.25 18.1822
    endloop
  endfacet
  facet normal 0.555483 0 0.831528
    outer loop
      vertex 4.68987 14.25 18.1822
      vertex 4.98896 10.25 17.9824
      vertex 4.98896 14.25 17.9824
    endloop
  endfacet
  facet normal 0.555483 0 0.831528
    outer loop
      vertex 4.98896 10.25 17.9824
      vertex 4.68987 14.25 18.1822
      vertex 4.68987 10.25 18.1822
    endloop
  endfacet
  facet normal 0.89686 -0 0.442314
    outer loop
      vertex 3.82329 10.25 19.3116
      vertex 3.98239 14.25 18.989
      vertex 3.82329 14.25 19.3116
    endloop
  endfacet
  facet normal 0.89686 0 0.442314
    outer loop
      vertex 3.98239 14.25 18.989
      vertex 3.82329 10.25 19.3116
      vertex 3.98239 10.25 18.989
    endloop
  endfacet
  facet normal 0.89686 -0 0.442314
    outer loop
      vertex 3.82329 -14.25 19.3116
      vertex 3.98239 -10.25 18.989
      vertex 3.82329 -10.25 19.3116
    endloop
  endfacet
  facet normal 0.89686 0 0.442314
    outer loop
      vertex 3.98239 -10.25 18.989
      vertex 3.82329 -14.25 19.3116
      vertex 3.98239 -14.25 18.989
    endloop
  endfacet
  facet normal -0.442292 0 0.896871
    outer loop
      vertex 7.41634 14.25 17.8233
      vertex 7.73896 10.25 17.9824
      vertex 7.73896 14.25 17.9824
    endloop
  endfacet
  facet normal -0.442292 0 0.896871
    outer loop
      vertex 7.73896 10.25 17.9824
      vertex 7.41634 14.25 17.8233
      vertex 7.41634 10.25 17.8233
    endloop
  endfacet
  facet normal -0.442292 0 0.896871
    outer loop
      vertex 7.41634 -10.25 17.8233
      vertex 7.73896 -14.25 17.9824
      vertex 7.73896 -10.25 17.9824
    endloop
  endfacet
  facet normal -0.442292 0 0.896871
    outer loop
      vertex 7.73896 -14.25 17.9824
      vertex 7.41634 -10.25 17.8233
      vertex 7.41634 -14.25 17.8233
    endloop
  endfacet
  facet normal -0.751791 0 -0.659402
    outer loop
      vertex 8.54568 -14.25 22.0381
      vertex 8.30851 -10.25 22.3085
      vertex 8.54568 -10.25 22.0381
    endloop
  endfacet
  facet normal -0.751791 -0 -0.659402
    outer loop
      vertex 8.30851 -10.25 22.3085
      vertex 8.54568 -14.25 22.0381
      vertex 8.30851 -14.25 22.3085
    endloop
  endfacet
  facet normal -0.751791 0 -0.659402
    outer loop
      vertex 8.54568 10.25 22.0381
      vertex 8.30851 14.25 22.3085
      vertex 8.54568 14.25 22.0381
    endloop
  endfacet
  facet normal -0.751791 -0 -0.659402
    outer loop
      vertex 8.30851 14.25 22.3085
      vertex 8.54568 10.25 22.0381
      vertex 8.30851 10.25 22.3085
    endloop
  endfacet
  facet normal -0.442292 0 -0.896871
    outer loop
      vertex 7.41634 10.25 22.9046
      vertex 7.73896 14.25 22.7455
      vertex 7.73896 10.25 22.7455
    endloop
  endfacet
  facet normal -0.442292 0 -0.896871
    outer loop
      vertex 7.73896 14.25 22.7455
      vertex 7.41634 10.25 22.9046
      vertex 7.41634 14.25 22.9046
    endloop
  endfacet
  facet normal -0.442292 0 -0.896871
    outer loop
      vertex 7.41634 -14.25 22.9046
      vertex 7.73896 -10.25 22.7455
      vertex 7.73896 -14.25 22.7455
    endloop
  endfacet
  facet normal -0.442292 0 -0.896871
    outer loop
      vertex 7.73896 -10.25 22.7455
      vertex 7.41634 -14.25 22.9046
      vertex 7.41634 -10.25 22.9046
    endloop
  endfacet
  facet normal 0.321369 0 0.946954
    outer loop
      vertex 5.31158 14.25 17.8233
      vertex 5.65221 10.25 17.7077
      vertex 5.65221 14.25 17.7077
    endloop
  endfacet
  facet normal 0.321369 0 0.946954
    outer loop
      vertex 5.65221 10.25 17.7077
      vertex 5.31158 14.25 17.8233
      vertex 5.31158 10.25 17.8233
    endloop
  endfacet
  facet normal 0.321369 0 0.946954
    outer loop
      vertex 5.31158 -10.25 17.8233
      vertex 5.65221 -14.25 17.7077
      vertex 5.65221 -10.25 17.7077
    endloop
  endfacet
  facet normal 0.321369 0 0.946954
    outer loop
      vertex 5.65221 -14.25 17.7077
      vertex 5.31158 -10.25 17.8233
      vertex 5.31158 -14.25 17.8233
    endloop
  endfacet
  facet normal -0.555483 0 0.831528
    outer loop
      vertex 7.73896 -10.25 17.9824
      vertex 8.03805 -14.25 18.1822
      vertex 8.03805 -10.25 18.1822
    endloop
  endfacet
  facet normal -0.555483 0 0.831528
    outer loop
      vertex 8.03805 -14.25 18.1822
      vertex 7.73896 -10.25 17.9824
      vertex 7.73896 -14.25 17.9824
    endloop
  endfacet
  facet normal -0.555483 0 0.831528
    outer loop
      vertex 7.73896 14.25 17.9824
      vertex 8.03805 10.25 18.1822
      vertex 8.03805 14.25 18.1822
    endloop
  endfacet
  facet normal -0.555483 0 0.831528
    outer loop
      vertex 8.03805 10.25 18.1822
      vertex 7.73896 14.25 17.9824
      vertex 7.73896 10.25 17.9824
    endloop
  endfacet
  facet normal -0.321618 0 -0.946869
    outer loop
      vertex 7.07571 10.25 23.0203
      vertex 7.41634 14.25 22.9046
      vertex 7.41634 10.25 22.9046
    endloop
  endfacet
  facet normal -0.321618 0 -0.946869
    outer loop
      vertex 7.41634 14.25 22.9046
      vertex 7.07571 10.25 23.0203
      vertex 7.07571 14.25 23.0203
    endloop
  endfacet
  facet normal -0.321618 0 -0.946869
    outer loop
      vertex 7.07571 -14.25 23.0203
      vertex 7.41634 -10.25 22.9046
      vertex 7.41634 -14.25 22.9046
    endloop
  endfacet
  facet normal -0.321618 0 -0.946869
    outer loop
      vertex 7.41634 -10.25 22.9046
      vertex 7.07571 -14.25 23.0203
      vertex 7.07571 -10.25 23.0203
    endloop
  endfacet
  facet normal -0.980789 0 0.195074
    outer loop
      vertex 9.02026 10.25 19.6522
      vertex 9.09043 14.25 20.005
      vertex 9.02026 14.25 19.6522
    endloop
  endfacet
  facet normal -0.980789 0 0.195074
    outer loop
      vertex 9.09043 14.25 20.005
      vertex 9.02026 10.25 19.6522
      vertex 9.09043 10.25 20.005
    endloop
  endfacet
  facet normal -0.980789 0 0.195074
    outer loop
      vertex 9.02026 -14.25 19.6522
      vertex 9.09043 -10.25 20.005
      vertex 9.02026 -10.25 19.6522
    endloop
  endfacet
  facet normal -0.980789 0 0.195074
    outer loop
      vertex 9.09043 -10.25 20.005
      vertex 9.02026 -14.25 19.6522
      vertex 9.09043 -14.25 20.005
    endloop
  endfacet
  facet normal -0.321369 0 0.946954
    outer loop
      vertex 7.07571 14.25 17.7077
      vertex 7.41634 10.25 17.8233
      vertex 7.41634 14.25 17.8233
    endloop
  endfacet
  facet normal -0.321369 0 0.946954
    outer loop
      vertex 7.41634 10.25 17.8233
      vertex 7.07571 14.25 17.7077
      vertex 7.07571 10.25 17.7077
    endloop
  endfacet
  facet normal -0.321369 0 0.946954
    outer loop
      vertex 7.07571 -10.25 17.7077
      vertex 7.41634 -14.25 17.8233
      vertex 7.41634 -10.25 17.8233
    endloop
  endfacet
  facet normal -0.321369 0 0.946954
    outer loop
      vertex 7.41634 -14.25 17.8233
      vertex 7.07571 -10.25 17.7077
      vertex 7.07571 -14.25 17.7077
    endloop
  endfacet
  facet normal 0.946929 0 -0.321444
    outer loop
      vertex 3.82329 10.25 21.4163
      vertex 3.70767 14.25 21.0757
      vertex 3.82329 14.25 21.4163
    endloop
  endfacet
  facet normal 0.946929 0 -0.321444
    outer loop
      vertex 3.70767 14.25 21.0757
      vertex 3.82329 10.25 21.4163
      vertex 3.70767 10.25 21.0757
    endloop
  endfacet
  facet normal 0.946929 0 -0.321444
    outer loop
      vertex 3.82329 -14.25 21.4163
      vertex 3.70767 -10.25 21.0757
      vertex 3.82329 -10.25 21.4163
    endloop
  endfacet
  facet normal 0.946929 0 -0.321444
    outer loop
      vertex 3.70767 -10.25 21.0757
      vertex 3.82329 -14.25 21.4163
      vertex 3.70767 -14.25 21.0757
    endloop
  endfacet
  facet normal 0.751898 -0 0.65928
    outer loop
      vertex 4.18224 -14.25 18.6899
      vertex 4.41942 -10.25 18.4194
      vertex 4.18224 -10.25 18.6899
    endloop
  endfacet
  facet normal 0.751898 0 0.65928
    outer loop
      vertex 4.41942 -10.25 18.4194
      vertex 4.18224 -14.25 18.6899
      vertex 4.41942 -14.25 18.4194
    endloop
  endfacet
  facet normal 0.751898 -0 0.65928
    outer loop
      vertex 4.18224 10.25 18.6899
      vertex 4.41942 14.25 18.4194
      vertex 4.18224 14.25 18.6899
    endloop
  endfacet
  facet normal 0.751898 0 0.65928
    outer loop
      vertex 4.41942 14.25 18.4194
      vertex 4.18224 10.25 18.6899
      vertex 4.41942 10.25 18.4194
    endloop
  endfacet
  facet normal 0.195154 0 0.980773
    outer loop
      vertex 5.65221 -10.25 17.7077
      vertex 6.00501 -14.25 17.6375
      vertex 6.00501 -10.25 17.6375
    endloop
  endfacet
  facet normal 0.195154 0 0.980773
    outer loop
      vertex 6.00501 -14.25 17.6375
      vertex 5.65221 -10.25 17.7077
      vertex 5.65221 -14.25 17.7077
    endloop
  endfacet
  facet normal 0.195154 0 0.980773
    outer loop
      vertex 5.65221 14.25 17.7077
      vertex 6.00501 10.25 17.6375
      vertex 6.00501 14.25 17.6375
    endloop
  endfacet
  facet normal 0.195154 0 0.980773
    outer loop
      vertex 6.00501 10.25 17.6375
      vertex 5.65221 14.25 17.7077
      vertex 5.65221 10.25 17.7077
    endloop
  endfacet
  facet normal 0.94692 -0 0.321469
    outer loop
      vertex 3.70766 10.25 19.6522
      vertex 3.82329 14.25 19.3116
      vertex 3.70766 14.25 19.6522
    endloop
  endfacet
  facet normal 0.94692 0 0.321469
    outer loop
      vertex 3.82329 14.25 19.3116
      vertex 3.70766 10.25 19.6522
      vertex 3.82329 10.25 19.3116
    endloop
  endfacet
  facet normal 0.94692 -0 0.321469
    outer loop
      vertex 3.70766 -14.25 19.6522
      vertex 3.82329 -10.25 19.3116
      vertex 3.70766 -10.25 19.6522
    endloop
  endfacet
  facet normal 0.94692 0 0.321469
    outer loop
      vertex 3.82329 -10.25 19.3116
      vertex 3.70766 -14.25 19.6522
      vertex 3.82329 -14.25 19.3116
    endloop
  endfacet
  facet normal -0.555483 0 -0.831528
    outer loop
      vertex 7.73896 -14.25 22.7455
      vertex 8.03805 -10.25 22.5457
      vertex 8.03805 -14.25 22.5457
    endloop
  endfacet
  facet normal -0.555483 0 -0.831528
    outer loop
      vertex 8.03805 -10.25 22.5457
      vertex 7.73896 -14.25 22.7455
      vertex 7.73896 -10.25 22.7455
    endloop
  endfacet
  facet normal -0.555483 0 -0.831528
    outer loop
      vertex 7.73896 10.25 22.7455
      vertex 8.03805 14.25 22.5457
      vertex 8.03805 10.25 22.5457
    endloop
  endfacet
  facet normal -0.555483 0 -0.831528
    outer loop
      vertex 8.03805 14.25 22.5457
      vertex 7.73896 10.25 22.7455
      vertex 7.73896 14.25 22.7455
    endloop
  endfacet
  facet normal 0.0656057 0 -0.997846
    outer loop
      vertex 6.00501 10.25 23.0904
      vertex 6.36396 14.25 23.114
      vertex 6.36396 10.25 23.114
    endloop
  endfacet
  facet normal 0.0656057 0 -0.997846
    outer loop
      vertex 6.36396 14.25 23.114
      vertex 6.00501 10.25 23.0904
      vertex 6.00501 14.25 23.0904
    endloop
  endfacet
  facet normal 0.0656057 0 -0.997846
    outer loop
      vertex 6.00501 -14.25 23.0904
      vertex 6.36396 -10.25 23.114
      vertex 6.36396 -14.25 23.114
    endloop
  endfacet
  facet normal 0.0656057 0 -0.997846
    outer loop
      vertex 6.36396 -10.25 23.114
      vertex 6.00501 -14.25 23.0904
      vertex 6.00501 -10.25 23.0904
    endloop
  endfacet
  facet normal -0.94692 0 -0.321469
    outer loop
      vertex 9.02026 10.25 21.0757
      vertex 8.90463 14.25 21.4163
      vertex 9.02026 14.25 21.0757
    endloop
  endfacet
  facet normal -0.94692 -0 -0.321469
    outer loop
      vertex 8.90463 14.25 21.4163
      vertex 9.02026 10.25 21.0757
      vertex 8.90463 10.25 21.4163
    endloop
  endfacet
  facet normal -0.94692 0 -0.321469
    outer loop
      vertex 9.02026 -14.25 21.0757
      vertex 8.90463 -10.25 21.4163
      vertex 9.02026 -10.25 21.0757
    endloop
  endfacet
  facet normal -0.94692 -0 -0.321469
    outer loop
      vertex 8.90463 -10.25 21.4163
      vertex 9.02026 -14.25 21.0757
      vertex 8.90463 -14.25 21.4163
    endloop
  endfacet
  facet normal 0.555483 0 -0.831528
    outer loop
      vertex 4.68987 10.25 22.5457
      vertex 4.98896 14.25 22.7455
      vertex 4.98896 10.25 22.7455
    endloop
  endfacet
  facet normal 0.555483 0 -0.831528
    outer loop
      vertex 4.98896 14.25 22.7455
      vertex 4.68987 10.25 22.5457
      vertex 4.68987 14.25 22.5457
    endloop
  endfacet
  facet normal 0.555483 0 -0.831528
    outer loop
      vertex 4.68987 -14.25 22.5457
      vertex 4.98896 -10.25 22.7455
      vertex 4.98896 -14.25 22.7455
    endloop
  endfacet
  facet normal 0.555483 0 -0.831528
    outer loop
      vertex 4.98896 -10.25 22.7455
      vertex 4.68987 -14.25 22.5457
      vertex 4.68987 -10.25 22.5457
    endloop
  endfacet
  facet normal 0.997859 -0 0.0654028
    outer loop
      vertex 3.61396 10.25 20.364
      vertex 3.63749 14.25 20.005
      vertex 3.61396 14.25 20.364
    endloop
  endfacet
  facet normal 0.997859 0 0.0654028
    outer loop
      vertex 3.63749 14.25 20.005
      vertex 3.61396 10.25 20.364
      vertex 3.63749 10.25 20.005
    endloop
  endfacet
  facet normal 0.997859 -0 0.0654028
    outer loop
      vertex 3.61396 -14.25 20.364
      vertex 3.63749 -10.25 20.005
      vertex 3.61396 -10.25 20.364
    endloop
  endfacet
  facet normal 0.997859 0 0.0654028
    outer loop
      vertex 3.63749 -10.25 20.005
      vertex 3.61396 -14.25 20.364
      vertex 3.63749 -14.25 20.005
    endloop
  endfacet
  facet normal 0.65938 0 -0.75181
    outer loop
      vertex 4.41942 -14.25 22.3085
      vertex 4.68987 -10.25 22.5457
      vertex 4.68987 -14.25 22.5457
    endloop
  endfacet
  facet normal 0.65938 0 -0.75181
    outer loop
      vertex 4.68987 -10.25 22.5457
      vertex 4.41942 -14.25 22.3085
      vertex 4.41942 -10.25 22.3085
    endloop
  endfacet
  facet normal 0.65938 0 -0.75181
    outer loop
      vertex 4.41942 10.25 22.3085
      vertex 4.68987 14.25 22.5457
      vertex 4.68987 10.25 22.5457
    endloop
  endfacet
  facet normal 0.65938 0 -0.75181
    outer loop
      vertex 4.68987 14.25 22.5457
      vertex 4.41942 10.25 22.3085
      vertex 4.41942 14.25 22.3085
    endloop
  endfacet
  facet normal 0.831472 -0 0.555566
    outer loop
      vertex 3.98239 10.25 18.989
      vertex 4.18224 14.25 18.6899
      vertex 3.98239 14.25 18.989
    endloop
  endfacet
  facet normal 0.831472 0 0.555566
    outer loop
      vertex 4.18224 14.25 18.6899
      vertex 3.98239 10.25 18.989
      vertex 4.18224 10.25 18.6899
    endloop
  endfacet
  facet normal 0.831472 -0 0.555566
    outer loop
      vertex 3.98239 -14.25 18.989
      vertex 4.18224 -10.25 18.6899
      vertex 3.98239 -10.25 18.989
    endloop
  endfacet
  facet normal 0.831472 0 0.555566
    outer loop
      vertex 4.18224 -10.25 18.6899
      vertex 3.98239 -14.25 18.989
      vertex 4.18224 -14.25 18.6899
    endloop
  endfacet
  facet normal -0.831472 0 -0.555566
    outer loop
      vertex 8.74553 10.25 21.739
      vertex 8.54568 14.25 22.0381
      vertex 8.74553 14.25 21.739
    endloop
  endfacet
  facet normal -0.831472 -0 -0.555566
    outer loop
      vertex 8.54568 14.25 22.0381
      vertex 8.74553 10.25 21.739
      vertex 8.54568 10.25 22.0381
    endloop
  endfacet
  facet normal -0.831472 0 -0.555566
    outer loop
      vertex 8.74553 -14.25 21.739
      vertex 8.54568 -10.25 22.0381
      vertex 8.74553 -10.25 21.739
    endloop
  endfacet
  facet normal -0.831472 -0 -0.555566
    outer loop
      vertex 8.54568 -10.25 22.0381
      vertex 8.74553 -14.25 21.739
      vertex 8.54568 -14.25 22.0381
    endloop
  endfacet
  facet normal 0.442292 0 0.896871
    outer loop
      vertex 4.98896 14.25 17.9824
      vertex 5.31158 10.25 17.8233
      vertex 5.31158 14.25 17.8233
    endloop
  endfacet
  facet normal 0.442292 0 0.896871
    outer loop
      vertex 5.31158 10.25 17.8233
      vertex 4.98896 14.25 17.9824
      vertex 4.98896 10.25 17.9824
    endloop
  endfacet
  facet normal 0.442292 0 0.896871
    outer loop
      vertex 4.98896 -10.25 17.9824
      vertex 5.31158 -14.25 17.8233
      vertex 5.31158 -10.25 17.8233
    endloop
  endfacet
  facet normal 0.442292 0 0.896871
    outer loop
      vertex 5.31158 -14.25 17.8233
      vertex 4.98896 -10.25 17.9824
      vertex 4.98896 -14.25 17.9824
    endloop
  endfacet
  facet normal 0.980789 -0 0.195074
    outer loop
      vertex 3.63749 10.25 20.005
      vertex 3.70766 14.25 19.6522
      vertex 3.63749 14.25 20.005
    endloop
  endfacet
  facet normal 0.980789 0 0.195074
    outer loop
      vertex 3.70766 14.25 19.6522
      vertex 3.63749 10.25 20.005
      vertex 3.70766 10.25 19.6522
    endloop
  endfacet
  facet normal 0.980789 -0 0.195074
    outer loop
      vertex 3.63749 -14.25 20.005
      vertex 3.70766 -10.25 19.6522
      vertex 3.63749 -10.25 20.005
    endloop
  endfacet
  facet normal 0.980789 0 0.195074
    outer loop
      vertex 3.70766 -10.25 19.6522
      vertex 3.63749 -14.25 20.005
      vertex 3.70766 -14.25 19.6522
    endloop
  endfacet
  facet normal -0.94692 0 0.321469
    outer loop
      vertex 8.90463 10.25 19.3116
      vertex 9.02026 14.25 19.6522
      vertex 8.90463 14.25 19.3116
    endloop
  endfacet
  facet normal -0.94692 0 0.321469
    outer loop
      vertex 9.02026 14.25 19.6522
      vertex 8.90463 10.25 19.3116
      vertex 9.02026 10.25 19.6522
    endloop
  endfacet
  facet normal -0.94692 0 0.321469
    outer loop
      vertex 8.90463 -14.25 19.3116
      vertex 9.02026 -10.25 19.6522
      vertex 8.90463 -10.25 19.3116
    endloop
  endfacet
  facet normal -0.94692 0 0.321469
    outer loop
      vertex 9.02026 -10.25 19.6522
      vertex 8.90463 -14.25 19.3116
      vertex 9.02026 -14.25 19.6522
    endloop
  endfacet
  facet normal -0.997858 0 -0.065421
    outer loop
      vertex 9.11396 -14.25 20.364
      vertex 9.09043 -10.25 20.7229
      vertex 9.11396 -10.25 20.364
    endloop
  endfacet
  facet normal -0.997858 -0 -0.065421
    outer loop
      vertex 9.09043 -10.25 20.7229
      vertex 9.11396 -14.25 20.364
      vertex 9.09043 -14.25 20.7229
    endloop
  endfacet
  facet normal -0.997858 0 -0.065421
    outer loop
      vertex 9.11396 10.25 20.364
      vertex 9.09043 14.25 20.7229
      vertex 9.11396 14.25 20.364
    endloop
  endfacet
  facet normal -0.997858 -0 -0.065421
    outer loop
      vertex 9.09043 14.25 20.7229
      vertex 9.11396 10.25 20.364
      vertex 9.09043 10.25 20.7229
    endloop
  endfacet
  facet normal -0.194886 0 -0.980826
    outer loop
      vertex 6.72291 -14.25 23.0904
      vertex 7.07571 -10.25 23.0203
      vertex 7.07571 -14.25 23.0203
    endloop
  endfacet
  facet normal -0.194886 0 -0.980826
    outer loop
      vertex 7.07571 -10.25 23.0203
      vertex 6.72291 -14.25 23.0904
      vertex 6.72291 -10.25 23.0904
    endloop
  endfacet
  facet normal -0.194886 0 -0.980826
    outer loop
      vertex 6.72291 10.25 23.0904
      vertex 7.07571 14.25 23.0203
      vertex 7.07571 10.25 23.0203
    endloop
  endfacet
  facet normal -0.194886 0 -0.980826
    outer loop
      vertex 7.07571 14.25 23.0203
      vertex 6.72291 10.25 23.0904
      vertex 6.72291 14.25 23.0904
    endloop
  endfacet
  facet normal -0.195154 0 0.980773
    outer loop
      vertex 6.72291 14.25 17.6375
      vertex 7.07571 10.25 17.7077
      vertex 7.07571 14.25 17.7077
    endloop
  endfacet
  facet normal -0.195154 0 0.980773
    outer loop
      vertex 7.07571 10.25 17.7077
      vertex 6.72291 14.25 17.6375
      vertex 6.72291 10.25 17.6375
    endloop
  endfacet
  facet normal -0.195154 0 0.980773
    outer loop
      vertex 6.72291 -10.25 17.6375
      vertex 7.07571 -14.25 17.7077
      vertex 7.07571 -10.25 17.7077
    endloop
  endfacet
  facet normal -0.195154 0 0.980773
    outer loop
      vertex 7.07571 -14.25 17.7077
      vertex 6.72291 -10.25 17.6375
      vertex 6.72291 -14.25 17.6375
    endloop
  endfacet
  facet normal -0.89686 0 0.442314
    outer loop
      vertex 8.74553 -14.25 18.989
      vertex 8.90463 -10.25 19.3116
      vertex 8.74553 -10.25 18.989
    endloop
  endfacet
  facet normal -0.89686 0 0.442314
    outer loop
      vertex 8.90463 -10.25 19.3116
      vertex 8.74553 -14.25 18.989
      vertex 8.90463 -14.25 19.3116
    endloop
  endfacet
  facet normal -0.89686 0 0.442314
    outer loop
      vertex 8.74553 10.25 18.989
      vertex 8.90463 14.25 19.3116
      vertex 8.74553 14.25 18.989
    endloop
  endfacet
  facet normal -0.89686 0 0.442314
    outer loop
      vertex 8.90463 14.25 19.3116
      vertex 8.74553 10.25 18.989
      vertex 8.90463 10.25 19.3116
    endloop
  endfacet
  facet normal -0.997859 0 0.0654028
    outer loop
      vertex 9.09043 10.25 20.005
      vertex 9.11396 14.25 20.364
      vertex 9.09043 14.25 20.005
    endloop
  endfacet
  facet normal -0.997859 0 0.0654028
    outer loop
      vertex 9.11396 14.25 20.364
      vertex 9.09043 10.25 20.005
      vertex 9.11396 10.25 20.364
    endloop
  endfacet
  facet normal -0.997859 0 0.0654028
    outer loop
      vertex 9.09043 -14.25 20.005
      vertex 9.11396 -10.25 20.364
      vertex 9.09043 -10.25 20.005
    endloop
  endfacet
  facet normal -0.997859 0 0.0654028
    outer loop
      vertex 9.11396 -10.25 20.364
      vertex 9.09043 -14.25 20.005
      vertex 9.11396 -14.25 20.364
    endloop
  endfacet
  facet normal 0.194886 0 -0.980826
    outer loop
      vertex 5.65221 -14.25 23.0203
      vertex 6.00501 -10.25 23.0904
      vertex 6.00501 -14.25 23.0904
    endloop
  endfacet
  facet normal 0.194886 0 -0.980826
    outer loop
      vertex 6.00501 -10.25 23.0904
      vertex 5.65221 -14.25 23.0203
      vertex 5.65221 -10.25 23.0203
    endloop
  endfacet
  facet normal 0.194886 0 -0.980826
    outer loop
      vertex 5.65221 10.25 23.0203
      vertex 6.00501 14.25 23.0904
      vertex 6.00501 10.25 23.0904
    endloop
  endfacet
  facet normal 0.194886 0 -0.980826
    outer loop
      vertex 6.00501 14.25 23.0904
      vertex 5.65221 10.25 23.0203
      vertex 5.65221 14.25 23.0203
    endloop
  endfacet
  facet normal 0.65938 0 0.75181
    outer loop
      vertex 4.41942 -10.25 18.4194
      vertex 4.68987 -14.25 18.1822
      vertex 4.68987 -10.25 18.1822
    endloop
  endfacet
  facet normal 0.65938 0 0.75181
    outer loop
      vertex 4.68987 -14.25 18.1822
      vertex 4.41942 -10.25 18.4194
      vertex 4.41942 -14.25 18.4194
    endloop
  endfacet
  facet normal 0.65938 0 0.75181
    outer loop
      vertex 4.41942 14.25 18.4194
      vertex 4.68987 10.25 18.1822
      vertex 4.68987 14.25 18.1822
    endloop
  endfacet
  facet normal 0.65938 0 0.75181
    outer loop
      vertex 4.68987 10.25 18.1822
      vertex 4.41942 14.25 18.4194
      vertex 4.41942 10.25 18.4194
    endloop
  endfacet
  facet normal 0.0653289 0 0.997864
    outer loop
      vertex 6.00501 14.25 17.6375
      vertex 6.36396 10.25 17.614
      vertex 6.36396 14.25 17.614
    endloop
  endfacet
  facet normal 0.0653289 0 0.997864
    outer loop
      vertex 6.36396 10.25 17.614
      vertex 6.00501 14.25 17.6375
      vertex 6.00501 10.25 17.6375
    endloop
  endfacet
  facet normal 0.0653289 0 0.997864
    outer loop
      vertex 6.00501 -10.25 17.6375
      vertex 6.36396 -14.25 17.614
      vertex 6.36396 -10.25 17.614
    endloop
  endfacet
  facet normal 0.0653289 0 0.997864
    outer loop
      vertex 6.36396 -14.25 17.614
      vertex 6.00501 -10.25 17.6375
      vertex 6.00501 -14.25 17.6375
    endloop
  endfacet
  facet normal -0.0656057 0 -0.997846
    outer loop
      vertex 6.36396 -14.25 23.114
      vertex 6.72291 -10.25 23.0904
      vertex 6.72291 -14.25 23.0904
    endloop
  endfacet
  facet normal -0.0656057 0 -0.997846
    outer loop
      vertex 6.72291 -10.25 23.0904
      vertex 6.36396 -14.25 23.114
      vertex 6.36396 -10.25 23.114
    endloop
  endfacet
  facet normal -0.0656057 0 -0.997846
    outer loop
      vertex 6.36396 10.25 23.114
      vertex 6.72291 14.25 23.0904
      vertex 6.72291 10.25 23.0904
    endloop
  endfacet
  facet normal -0.0656057 0 -0.997846
    outer loop
      vertex 6.72291 14.25 23.0904
      vertex 6.36396 10.25 23.114
      vertex 6.36396 14.25 23.114
    endloop
  endfacet
  facet normal 0.997858 0 -0.065421
    outer loop
      vertex 3.63749 -14.25 20.7229
      vertex 3.61396 -10.25 20.364
      vertex 3.63749 -10.25 20.7229
    endloop
  endfacet
  facet normal 0.997858 0 -0.065421
    outer loop
      vertex 3.61396 -10.25 20.364
      vertex 3.63749 -14.25 20.7229
      vertex 3.61396 -14.25 20.364
    endloop
  endfacet
  facet normal 0.997858 0 -0.065421
    outer loop
      vertex 3.63749 10.25 20.7229
      vertex 3.61396 14.25 20.364
      vertex 3.63749 14.25 20.7229
    endloop
  endfacet
  facet normal 0.997858 0 -0.065421
    outer loop
      vertex 3.61396 14.25 20.364
      vertex 3.63749 10.25 20.7229
      vertex 3.61396 10.25 20.364
    endloop
  endfacet
  facet normal 0.980783 0 -0.1951
    outer loop
      vertex 3.70767 -14.25 21.0757
      vertex 3.63749 -10.25 20.7229
      vertex 3.70767 -10.25 21.0757
    endloop
  endfacet
  facet normal 0.980783 0 -0.1951
    outer loop
      vertex 3.63749 -10.25 20.7229
      vertex 3.70767 -14.25 21.0757
      vertex 3.63749 -14.25 20.7229
    endloop
  endfacet
  facet normal 0.980783 0 -0.1951
    outer loop
      vertex 3.70767 10.25 21.0757
      vertex 3.63749 14.25 20.7229
      vertex 3.70767 14.25 21.0757
    endloop
  endfacet
  facet normal 0.980783 0 -0.1951
    outer loop
      vertex 3.63749 14.25 20.7229
      vertex 3.70767 10.25 21.0757
      vertex 3.63749 10.25 20.7229
    endloop
  endfacet
  facet normal -0.831472 0 0.555566
    outer loop
      vertex 8.54568 -14.25 18.6899
      vertex 8.74553 -10.25 18.989
      vertex 8.54568 -10.25 18.6899
    endloop
  endfacet
  facet normal -0.831472 0 0.555566
    outer loop
      vertex 8.74553 -10.25 18.989
      vertex 8.54568 -14.25 18.6899
      vertex 8.74553 -14.25 18.989
    endloop
  endfacet
  facet normal -0.831472 0 0.555566
    outer loop
      vertex 8.54568 10.25 18.6899
      vertex 8.74553 14.25 18.989
      vertex 8.54568 14.25 18.6899
    endloop
  endfacet
  facet normal -0.831472 0 0.555566
    outer loop
      vertex 8.74553 14.25 18.989
      vertex 8.54568 10.25 18.6899
      vertex 8.74553 10.25 18.989
    endloop
  endfacet
  facet normal -0.896915 0 -0.442204
    outer loop
      vertex 8.90463 10.25 21.4163
      vertex 8.74553 14.25 21.739
      vertex 8.90463 14.25 21.4163
    endloop
  endfacet
  facet normal -0.896915 -0 -0.442204
    outer loop
      vertex 8.74553 14.25 21.739
      vertex 8.90463 10.25 21.4163
      vertex 8.74553 10.25 21.739
    endloop
  endfacet
  facet normal -0.896915 0 -0.442204
    outer loop
      vertex 8.90463 -14.25 21.4163
      vertex 8.74553 -10.25 21.739
      vertex 8.90463 -10.25 21.4163
    endloop
  endfacet
  facet normal -0.896915 -0 -0.442204
    outer loop
      vertex 8.74553 -10.25 21.739
      vertex 8.90463 -14.25 21.4163
      vertex 8.74553 -14.25 21.739
    endloop
  endfacet
  facet normal 0.831537 0 -0.55547
    outer loop
      vertex 13.3746 10.25 31.2304
      vertex 13.1748 14.25 30.9313
      vertex 13.3746 14.25 31.2304
    endloop
  endfacet
  facet normal 0.831537 0 -0.55547
    outer loop
      vertex 13.1748 14.25 30.9313
      vertex 13.3746 10.25 31.2304
      vertex 13.1748 10.25 30.9313
    endloop
  endfacet
  facet normal 0.831537 0 -0.55547
    outer loop
      vertex 13.3746 -14.25 31.2304
      vertex 13.1748 -10.25 30.9313
      vertex 13.3746 -10.25 31.2304
    endloop
  endfacet
  facet normal 0.831537 0 -0.55547
    outer loop
      vertex 13.1748 -10.25 30.9313
      vertex 13.3746 -14.25 31.2304
      vertex 13.1748 -14.25 30.9313
    endloop
  endfacet
  facet normal 0.75187 0 -0.659311
    outer loop
      vertex 13.6118 10.25 31.5009
      vertex 13.3746 14.25 31.2304
      vertex 13.6118 14.25 31.5009
    endloop
  endfacet
  facet normal 0.75187 0 -0.659311
    outer loop
      vertex 13.3746 14.25 31.2304
      vertex 13.6118 10.25 31.5009
      vertex 13.3746 10.25 31.2304
    endloop
  endfacet
  facet normal 0.75187 0 -0.659311
    outer loop
      vertex 13.6118 -14.25 31.5009
      vertex 13.3746 -10.25 31.2304
      vertex 13.6118 -10.25 31.5009
    endloop
  endfacet
  facet normal 0.75187 0 -0.659311
    outer loop
      vertex 13.3746 -10.25 31.2304
      vertex 13.6118 -14.25 31.5009
      vertex 13.3746 -14.25 31.2304
    endloop
  endfacet
  facet normal 0.89686 0 -0.442314
    outer loop
      vertex 13.1748 10.25 30.9313
      vertex 13.0157 14.25 30.6087
      vertex 13.1748 14.25 30.9313
    endloop
  endfacet
  facet normal 0.89686 0 -0.442314
    outer loop
      vertex 13.0157 14.25 30.6087
      vertex 13.1748 10.25 30.9313
      vertex 13.0157 10.25 30.6087
    endloop
  endfacet
  facet normal 0.89686 0 -0.442314
    outer loop
      vertex 13.1748 -14.25 30.9313
      vertex 13.0157 -10.25 30.6087
      vertex 13.1748 -10.25 30.9313
    endloop
  endfacet
  facet normal 0.89686 0 -0.442314
    outer loop
      vertex 13.0157 -10.25 30.6087
      vertex 13.1748 -14.25 30.9313
      vertex 13.0157 -14.25 30.6087
    endloop
  endfacet
  facet normal -0.75187 0 0.659311
    outer loop
      vertex 17.5009 -14.25 27.6118
      vertex 17.7381 -10.25 27.8823
      vertex 17.5009 -10.25 27.6118
    endloop
  endfacet
  facet normal -0.75187 0 0.659311
    outer loop
      vertex 17.7381 -10.25 27.8823
      vertex 17.5009 -14.25 27.6118
      vertex 17.7381 -14.25 27.8823
    endloop
  endfacet
  facet normal -0.75187 0 0.659311
    outer loop
      vertex 17.5009 10.25 27.6118
      vertex 17.7381 14.25 27.8823
      vertex 17.5009 14.25 27.6118
    endloop
  endfacet
  facet normal -0.75187 0 0.659311
    outer loop
      vertex 17.7381 14.25 27.8823
      vertex 17.5009 10.25 27.6118
      vertex 17.7381 10.25 27.8823
    endloop
  endfacet
  facet normal 0.321394 0 -0.946945
    outer loop
      vertex 14.504 -14.25 32.097
      vertex 14.8446 -10.25 32.2126
      vertex 14.8446 -14.25 32.2126
    endloop
  endfacet
  facet normal 0.321394 0 -0.946945
    outer loop
      vertex 14.8446 -10.25 32.2126
      vertex 14.504 -14.25 32.097
      vertex 14.504 -10.25 32.097
    endloop
  endfacet
  facet normal 0.321394 0 -0.946945
    outer loop
      vertex 14.504 10.25 32.097
      vertex 14.8446 14.25 32.2126
      vertex 14.8446 10.25 32.2126
    endloop
  endfacet
  facet normal 0.321394 0 -0.946945
    outer loop
      vertex 14.8446 14.25 32.2126
      vertex 14.504 10.25 32.097
      vertex 14.504 14.25 32.097
    endloop
  endfacet
  facet normal -0.980773 0 -0.195154
    outer loop
      vertex 18.2828 -14.25 29.9153
      vertex 18.2126 -10.25 30.2681
      vertex 18.2828 -10.25 29.9153
    endloop
  endfacet
  facet normal -0.980773 -0 -0.195154
    outer loop
      vertex 18.2126 -10.25 30.2681
      vertex 18.2828 -14.25 29.9153
      vertex 18.2126 -14.25 30.2681
    endloop
  endfacet
  facet normal -0.980773 0 -0.195154
    outer loop
      vertex 18.2828 10.25 29.9153
      vertex 18.2126 14.25 30.2681
      vertex 18.2828 14.25 29.9153
    endloop
  endfacet
  facet normal -0.980773 -0 -0.195154
    outer loop
      vertex 18.2126 14.25 30.2681
      vertex 18.2828 10.25 29.9153
      vertex 18.2126 10.25 30.2681
    endloop
  endfacet
  facet normal -0.659311 0 0.75187
    outer loop
      vertex 17.2304 -10.25 27.3746
      vertex 17.5009 -14.25 27.6118
      vertex 17.5009 -10.25 27.6118
    endloop
  endfacet
  facet normal -0.659311 0 0.75187
    outer loop
      vertex 17.5009 -14.25 27.6118
      vertex 17.2304 -10.25 27.3746
      vertex 17.2304 -14.25 27.3746
    endloop
  endfacet
  facet normal -0.659311 0 0.75187
    outer loop
      vertex 17.2304 14.25 27.3746
      vertex 17.5009 10.25 27.6118
      vertex 17.5009 14.25 27.6118
    endloop
  endfacet
  facet normal -0.659311 0 0.75187
    outer loop
      vertex 17.5009 10.25 27.6118
      vertex 17.2304 14.25 27.3746
      vertex 17.2304 10.25 27.3746
    endloop
  endfacet
  facet normal -0.659311 0 -0.75187
    outer loop
      vertex 17.2304 -14.25 31.7381
      vertex 17.5009 -10.25 31.5009
      vertex 17.5009 -14.25 31.5009
    endloop
  endfacet
  facet normal -0.659311 0 -0.75187
    outer loop
      vertex 17.5009 -10.25 31.5009
      vertex 17.2304 -14.25 31.7381
      vertex 17.2304 -10.25 31.7381
    endloop
  endfacet
  facet normal -0.659311 0 -0.75187
    outer loop
      vertex 17.2304 10.25 31.7381
      vertex 17.5009 14.25 31.5009
      vertex 17.5009 10.25 31.5009
    endloop
  endfacet
  facet normal -0.659311 0 -0.75187
    outer loop
      vertex 17.5009 14.25 31.5009
      vertex 17.2304 10.25 31.7381
      vertex 17.2304 14.25 31.7381
    endloop
  endfacet
  facet normal 0.442204 0 -0.896915
    outer loop
      vertex 14.1813 -14.25 31.9379
      vertex 14.504 -10.25 32.097
      vertex 14.504 -14.25 32.097
    endloop
  endfacet
  facet normal 0.442204 0 -0.896915
    outer loop
      vertex 14.504 -10.25 32.097
      vertex 14.1813 -14.25 31.9379
      vertex 14.1813 -10.25 31.9379
    endloop
  endfacet
  facet normal 0.442204 0 -0.896915
    outer loop
      vertex 14.1813 10.25 31.9379
      vertex 14.504 14.25 32.097
      vertex 14.504 10.25 32.097
    endloop
  endfacet
  facet normal 0.442204 0 -0.896915
    outer loop
      vertex 14.504 14.25 32.097
      vertex 14.1813 10.25 31.9379
      vertex 14.1813 14.25 31.9379
    endloop
  endfacet
  facet normal -0.0655966 0 0.997846
    outer loop
      vertex 15.5563 14.25 26.8063
      vertex 15.9153 10.25 26.8299
      vertex 15.9153 14.25 26.8299
    endloop
  endfacet
  facet normal -0.0655966 0 0.997846
    outer loop
      vertex 15.9153 10.25 26.8299
      vertex 15.5563 14.25 26.8063
      vertex 15.5563 10.25 26.8063
    endloop
  endfacet
  facet normal -0.0655966 0 0.997846
    outer loop
      vertex 15.5563 -10.25 26.8063
      vertex 15.9153 -14.25 26.8299
      vertex 15.9153 -10.25 26.8299
    endloop
  endfacet
  facet normal -0.0655966 0 0.997846
    outer loop
      vertex 15.9153 -14.25 26.8299
      vertex 15.5563 -10.25 26.8063
      vertex 15.5563 -14.25 26.8063
    endloop
  endfacet
  facet normal 0.555598 0 0.831451
    outer loop
      vertex 13.8823 -10.25 27.3746
      vertex 14.1813 -14.25 27.1748
      vertex 14.1813 -10.25 27.1748
    endloop
  endfacet
  facet normal 0.555598 0 0.831451
    outer loop
      vertex 14.1813 -14.25 27.1748
      vertex 13.8823 -10.25 27.3746
      vertex 13.8823 -14.25 27.3746
    endloop
  endfacet
  facet normal 0.555598 0 0.831451
    outer loop
      vertex 13.8823 14.25 27.3746
      vertex 14.1813 10.25 27.1748
      vertex 14.1813 14.25 27.1748
    endloop
  endfacet
  facet normal 0.555598 0 0.831451
    outer loop
      vertex 14.1813 10.25 27.1748
      vertex 13.8823 14.25 27.3746
      vertex 13.8823 10.25 27.3746
    endloop
  endfacet
  facet normal 0.896915 -0 0.442204
    outer loop
      vertex 13.0157 10.25 28.504
      vertex 13.1748 14.25 28.1813
      vertex 13.0157 14.25 28.504
    endloop
  endfacet
  facet normal 0.896915 0 0.442204
    outer loop
      vertex 13.1748 14.25 28.1813
      vertex 13.0157 10.25 28.504
      vertex 13.1748 10.25 28.1813
    endloop
  endfacet
  facet normal 0.896915 -0 0.442204
    outer loop
      vertex 13.0157 -14.25 28.504
      vertex 13.1748 -10.25 28.1813
      vertex 13.0157 -10.25 28.504
    endloop
  endfacet
  facet normal 0.896915 0 0.442204
    outer loop
      vertex 13.1748 -10.25 28.1813
      vertex 13.0157 -14.25 28.504
      vertex 13.1748 -14.25 28.1813
    endloop
  endfacet
  facet normal -0.442314 0 0.89686
    outer loop
      vertex 16.6087 14.25 27.0157
      vertex 16.9313 10.25 27.1748
      vertex 16.9313 14.25 27.1748
    endloop
  endfacet
  facet normal -0.442314 0 0.89686
    outer loop
      vertex 16.9313 10.25 27.1748
      vertex 16.6087 14.25 27.0157
      vertex 16.6087 10.25 27.0157
    endloop
  endfacet
  facet normal -0.442314 0 0.89686
    outer loop
      vertex 16.6087 -10.25 27.0157
      vertex 16.9313 -14.25 27.1748
      vertex 16.9313 -10.25 27.1748
    endloop
  endfacet
  facet normal -0.442314 0 0.89686
    outer loop
      vertex 16.9313 -14.25 27.1748
      vertex 16.6087 -10.25 27.0157
      vertex 16.6087 -14.25 27.0157
    endloop
  endfacet
  facet normal -0.75187 0 -0.659311
    outer loop
      vertex 17.7381 -14.25 31.2304
      vertex 17.5009 -10.25 31.5009
      vertex 17.7381 -10.25 31.2304
    endloop
  endfacet
  facet normal -0.75187 -0 -0.659311
    outer loop
      vertex 17.5009 -10.25 31.5009
      vertex 17.7381 -14.25 31.2304
      vertex 17.5009 -14.25 31.5009
    endloop
  endfacet
  facet normal -0.75187 0 -0.659311
    outer loop
      vertex 17.7381 10.25 31.2304
      vertex 17.5009 14.25 31.5009
      vertex 17.7381 14.25 31.2304
    endloop
  endfacet
  facet normal -0.75187 -0 -0.659311
    outer loop
      vertex 17.5009 14.25 31.5009
      vertex 17.7381 10.25 31.2304
      vertex 17.5009 10.25 31.5009
    endloop
  endfacet
  facet normal -0.442314 0 -0.89686
    outer loop
      vertex 16.6087 10.25 32.097
      vertex 16.9313 14.25 31.9379
      vertex 16.9313 10.25 31.9379
    endloop
  endfacet
  facet normal -0.442314 0 -0.89686
    outer loop
      vertex 16.9313 14.25 31.9379
      vertex 16.6087 10.25 32.097
      vertex 16.6087 14.25 32.097
    endloop
  endfacet
  facet normal -0.442314 0 -0.89686
    outer loop
      vertex 16.6087 -14.25 32.097
      vertex 16.9313 -10.25 31.9379
      vertex 16.9313 -14.25 31.9379
    endloop
  endfacet
  facet normal -0.442314 0 -0.89686
    outer loop
      vertex 16.9313 -10.25 31.9379
      vertex 16.6087 -14.25 32.097
      vertex 16.6087 -10.25 32.097
    endloop
  endfacet
  facet normal 0.321394 0 0.946945
    outer loop
      vertex 14.504 14.25 27.0157
      vertex 14.8446 10.25 26.9001
      vertex 14.8446 14.25 26.9001
    endloop
  endfacet
  facet normal 0.321394 0 0.946945
    outer loop
      vertex 14.8446 10.25 26.9001
      vertex 14.504 14.25 27.0157
      vertex 14.504 10.25 27.0157
    endloop
  endfacet
  facet normal 0.321394 0 0.946945
    outer loop
      vertex 14.504 -10.25 27.0157
      vertex 14.8446 -14.25 26.9001
      vertex 14.8446 -10.25 26.9001
    endloop
  endfacet
  facet normal 0.321394 0 0.946945
    outer loop
      vertex 14.8446 -14.25 26.9001
      vertex 14.504 -10.25 27.0157
      vertex 14.504 -14.25 27.0157
    endloop
  endfacet
  facet normal -0.55547 0 0.831537
    outer loop
      vertex 16.9313 -10.25 27.1748
      vertex 17.2304 -14.25 27.3746
      vertex 17.2304 -10.25 27.3746
    endloop
  endfacet
  facet normal -0.55547 0 0.831537
    outer loop
      vertex 17.2304 -14.25 27.3746
      vertex 16.9313 -10.25 27.1748
      vertex 16.9313 -14.25 27.1748
    endloop
  endfacet
  facet normal -0.55547 0 0.831537
    outer loop
      vertex 16.9313 14.25 27.1748
      vertex 17.2304 10.25 27.3746
      vertex 17.2304 14.25 27.3746
    endloop
  endfacet
  facet normal -0.55547 0 0.831537
    outer loop
      vertex 17.2304 10.25 27.3746
      vertex 16.9313 14.25 27.1748
      vertex 16.9313 10.25 27.1748
    endloop
  endfacet
  facet normal -0.321394 0 -0.946945
    outer loop
      vertex 16.2681 10.25 32.2126
      vertex 16.6087 14.25 32.097
      vertex 16.6087 10.25 32.097
    endloop
  endfacet
  facet normal -0.321394 0 -0.946945
    outer loop
      vertex 16.6087 14.25 32.097
      vertex 16.2681 10.25 32.2126
      vertex 16.2681 14.25 32.2126
    endloop
  endfacet
  facet normal -0.321394 0 -0.946945
    outer loop
      vertex 16.2681 -14.25 32.2126
      vertex 16.6087 -10.25 32.097
      vertex 16.6087 -14.25 32.097
    endloop
  endfacet
  facet normal -0.321394 0 -0.946945
    outer loop
      vertex 16.6087 -10.25 32.097
      vertex 16.2681 -14.25 32.2126
      vertex 16.2681 -10.25 32.2126
    endloop
  endfacet
  facet normal -0.980773 0 0.195154
    outer loop
      vertex 18.2126 10.25 28.8446
      vertex 18.2828 14.25 29.1974
      vertex 18.2126 14.25 28.8446
    endloop
  endfacet
  facet normal -0.980773 0 0.195154
    outer loop
      vertex 18.2828 14.25 29.1974
      vertex 18.2126 10.25 28.8446
      vertex 18.2828 10.25 29.1974
    endloop
  endfacet
  facet normal -0.980773 0 0.195154
    outer loop
      vertex 18.2126 -14.25 28.8446
      vertex 18.2828 -10.25 29.1974
      vertex 18.2126 -10.25 28.8446
    endloop
  endfacet
  facet normal -0.980773 0 0.195154
    outer loop
      vertex 18.2828 -10.25 29.1974
      vertex 18.2126 -14.25 28.8446
      vertex 18.2828 -14.25 29.1974
    endloop
  endfacet
  facet normal -0.321394 0 0.946945
    outer loop
      vertex 16.2681 14.25 26.9001
      vertex 16.6087 10.25 27.0157
      vertex 16.6087 14.25 27.0157
    endloop
  endfacet
  facet normal -0.321394 0 0.946945
    outer loop
      vertex 16.6087 10.25 27.0157
      vertex 16.2681 14.25 26.9001
      vertex 16.2681 10.25 26.9001
    endloop
  endfacet
  facet normal -0.321394 0 0.946945
    outer loop
      vertex 16.2681 -10.25 26.9001
      vertex 16.6087 -14.25 27.0157
      vertex 16.6087 -10.25 27.0157
    endloop
  endfacet
  facet normal -0.321394 0 0.946945
    outer loop
      vertex 16.6087 -14.25 27.0157
      vertex 16.2681 -10.25 26.9001
      vertex 16.2681 -14.25 26.9001
    endloop
  endfacet
  facet normal 0.946945 0 -0.321394
    outer loop
      vertex 13.0157 10.25 30.6087
      vertex 12.9001 14.25 30.2681
      vertex 13.0157 14.25 30.6087
    endloop
  endfacet
  facet normal 0.946945 0 -0.321394
    outer loop
      vertex 12.9001 14.25 30.2681
      vertex 13.0157 10.25 30.6087
      vertex 12.9001 10.25 30.2681
    endloop
  endfacet
  facet normal 0.946945 0 -0.321394
    outer loop
      vertex 13.0157 -14.25 30.6087
      vertex 12.9001 -10.25 30.2681
      vertex 13.0157 -10.25 30.6087
    endloop
  endfacet
  facet normal 0.946945 0 -0.321394
    outer loop
      vertex 12.9001 -10.25 30.2681
      vertex 13.0157 -14.25 30.6087
      vertex 12.9001 -14.25 30.2681
    endloop
  endfacet
  facet normal 0.75187 -0 0.659311
    outer loop
      vertex 13.3746 -14.25 27.8823
      vertex 13.6118 -10.25 27.6118
      vertex 13.3746 -10.25 27.8823
    endloop
  endfacet
  facet normal 0.75187 0 0.659311
    outer loop
      vertex 13.6118 -10.25 27.6118
      vertex 13.3746 -14.25 27.8823
      vertex 13.6118 -14.25 27.6118
    endloop
  endfacet
  facet normal 0.75187 -0 0.659311
    outer loop
      vertex 13.3746 10.25 27.8823
      vertex 13.6118 14.25 27.6118
      vertex 13.3746 14.25 27.8823
    endloop
  endfacet
  facet normal 0.75187 0 0.659311
    outer loop
      vertex 13.6118 14.25 27.6118
      vertex 13.3746 10.25 27.8823
      vertex 13.6118 10.25 27.6118
    endloop
  endfacet
  facet normal 0.195154 0 0.980773
    outer loop
      vertex 14.8446 -10.25 26.9001
      vertex 15.1974 -14.25 26.8299
      vertex 15.1974 -10.25 26.8299
    endloop
  endfacet
  facet normal 0.195154 0 0.980773
    outer loop
      vertex 15.1974 -14.25 26.8299
      vertex 14.8446 -10.25 26.9001
      vertex 14.8446 -14.25 26.9001
    endloop
  endfacet
  facet normal 0.195154 0 0.980773
    outer loop
      vertex 14.8446 14.25 26.9001
      vertex 15.1974 10.25 26.8299
      vertex 15.1974 14.25 26.8299
    endloop
  endfacet
  facet normal 0.195154 0 0.980773
    outer loop
      vertex 15.1974 10.25 26.8299
      vertex 14.8446 14.25 26.9001
      vertex 14.8446 10.25 26.9001
    endloop
  endfacet
  facet normal 0.946945 -0 0.321394
    outer loop
      vertex 12.9001 10.25 28.8446
      vertex 13.0157 14.25 28.504
      vertex 12.9001 14.25 28.8446
    endloop
  endfacet
  facet normal 0.946945 0 0.321394
    outer loop
      vertex 13.0157 14.25 28.504
      vertex 12.9001 10.25 28.8446
      vertex 13.0157 10.25 28.504
    endloop
  endfacet
  facet normal 0.946945 -0 0.321394
    outer loop
      vertex 12.9001 -14.25 28.8446
      vertex 13.0157 -10.25 28.504
      vertex 12.9001 -10.25 28.8446
    endloop
  endfacet
  facet normal 0.946945 0 0.321394
    outer loop
      vertex 13.0157 -10.25 28.504
      vertex 12.9001 -14.25 28.8446
      vertex 13.0157 -14.25 28.504
    endloop
  endfacet
  facet normal -0.55547 0 -0.831537
    outer loop
      vertex 16.9313 -14.25 31.9379
      vertex 17.2304 -10.25 31.7381
      vertex 17.2304 -14.25 31.7381
    endloop
  endfacet
  facet normal -0.55547 0 -0.831537
    outer loop
      vertex 17.2304 -10.25 31.7381
      vertex 16.9313 -14.25 31.9379
      vertex 16.9313 -10.25 31.9379
    endloop
  endfacet
  facet normal -0.55547 0 -0.831537
    outer loop
      vertex 16.9313 10.25 31.9379
      vertex 17.2304 14.25 31.7381
      vertex 17.2304 10.25 31.7381
    endloop
  endfacet
  facet normal -0.55547 0 -0.831537
    outer loop
      vertex 17.2304 14.25 31.7381
      vertex 16.9313 10.25 31.9379
      vertex 16.9313 14.25 31.9379
    endloop
  endfacet
  facet normal 0.0653379 0 -0.997863
    outer loop
      vertex 15.1974 10.25 32.2828
      vertex 15.5563 14.25 32.3063
      vertex 15.5563 10.25 32.3063
    endloop
  endfacet
  facet normal 0.0653379 0 -0.997863
    outer loop
      vertex 15.5563 14.25 32.3063
      vertex 15.1974 10.25 32.2828
      vertex 15.1974 14.25 32.2828
    endloop
  endfacet
  facet normal 0.0653379 0 -0.997863
    outer loop
      vertex 15.1974 -14.25 32.2828
      vertex 15.5563 -10.25 32.3063
      vertex 15.5563 -14.25 32.3063
    endloop
  endfacet
  facet normal 0.0653379 0 -0.997863
    outer loop
      vertex 15.5563 -10.25 32.3063
      vertex 15.1974 -14.25 32.2828
      vertex 15.1974 -10.25 32.2828
    endloop
  endfacet
  facet normal -0.946945 0 -0.321394
    outer loop
      vertex 18.2126 10.25 30.2681
      vertex 18.097 14.25 30.6087
      vertex 18.2126 14.25 30.2681
    endloop
  endfacet
  facet normal -0.946945 -0 -0.321394
    outer loop
      vertex 18.097 14.25 30.6087
      vertex 18.2126 10.25 30.2681
      vertex 18.097 10.25 30.6087
    endloop
  endfacet
  facet normal -0.946945 0 -0.321394
    outer loop
      vertex 18.2126 -14.25 30.2681
      vertex 18.097 -10.25 30.6087
      vertex 18.2126 -10.25 30.2681
    endloop
  endfacet
  facet normal -0.946945 -0 -0.321394
    outer loop
      vertex 18.097 -10.25 30.6087
      vertex 18.2126 -14.25 30.2681
      vertex 18.097 -14.25 30.6087
    endloop
  endfacet
  facet normal 0.555598 0 -0.831451
    outer loop
      vertex 13.8823 10.25 31.7381
      vertex 14.1813 14.25 31.9379
      vertex 14.1813 10.25 31.9379
    endloop
  endfacet
  facet normal 0.555598 0 -0.831451
    outer loop
      vertex 14.1813 14.25 31.9379
      vertex 13.8823 10.25 31.7381
      vertex 13.8823 14.25 31.7381
    endloop
  endfacet
  facet normal 0.555598 0 -0.831451
    outer loop
      vertex 13.8823 -14.25 31.7381
      vertex 14.1813 -10.25 31.9379
      vertex 14.1813 -14.25 31.9379
    endloop
  endfacet
  facet normal 0.555598 0 -0.831451
    outer loop
      vertex 14.1813 -10.25 31.9379
      vertex 13.8823 -14.25 31.7381
      vertex 13.8823 -10.25 31.7381
    endloop
  endfacet
  facet normal 0.997845 -0 0.0656148
    outer loop
      vertex 12.8063 10.25 29.5563
      vertex 12.8299 14.25 29.1974
      vertex 12.8063 14.25 29.5563
    endloop
  endfacet
  facet normal 0.997845 0 0.0656148
    outer loop
      vertex 12.8299 14.25 29.1974
      vertex 12.8063 10.25 29.5563
      vertex 12.8299 10.25 29.1974
    endloop
  endfacet
  facet normal 0.997845 -0 0.0656148
    outer loop
      vertex 12.8063 -14.25 29.5563
      vertex 12.8299 -10.25 29.1974
      vertex 12.8063 -10.25 29.5563
    endloop
  endfacet
  facet normal 0.997845 0 0.0656148
    outer loop
      vertex 12.8299 -10.25 29.1974
      vertex 12.8063 -14.25 29.5563
      vertex 12.8299 -14.25 29.1974
    endloop
  endfacet
  facet normal 0.659311 0 -0.75187
    outer loop
      vertex 13.6118 -14.25 31.5009
      vertex 13.8823 -10.25 31.7381
      vertex 13.8823 -14.25 31.7381
    endloop
  endfacet
  facet normal 0.659311 0 -0.75187
    outer loop
      vertex 13.8823 -10.25 31.7381
      vertex 13.6118 -14.25 31.5009
      vertex 13.6118 -10.25 31.5009
    endloop
  endfacet
  facet normal 0.659311 0 -0.75187
    outer loop
      vertex 13.6118 10.25 31.5009
      vertex 13.8823 14.25 31.7381
      vertex 13.8823 10.25 31.7381
    endloop
  endfacet
  facet normal 0.659311 0 -0.75187
    outer loop
      vertex 13.8823 14.25 31.7381
      vertex 13.6118 10.25 31.5009
      vertex 13.6118 14.25 31.5009
    endloop
  endfacet
  facet normal 0.831451 -0 0.555598
    outer loop
      vertex 13.1748 10.25 28.1813
      vertex 13.3746 14.25 27.8823
      vertex 13.1748 14.25 28.1813
    endloop
  endfacet
  facet normal 0.831451 0 0.555598
    outer loop
      vertex 13.3746 14.25 27.8823
      vertex 13.1748 10.25 28.1813
      vertex 13.3746 10.25 27.8823
    endloop
  endfacet
  facet normal 0.831451 -0 0.555598
    outer loop
      vertex 13.1748 -14.25 28.1813
      vertex 13.3746 -10.25 27.8823
      vertex 13.1748 -10.25 28.1813
    endloop
  endfacet
  facet normal 0.831451 0 0.555598
    outer loop
      vertex 13.3746 -10.25 27.8823
      vertex 13.1748 -14.25 28.1813
      vertex 13.3746 -14.25 27.8823
    endloop
  endfacet
  facet normal -0.831537 0 -0.55547
    outer loop
      vertex 17.9379 10.25 30.9313
      vertex 17.7381 14.25 31.2304
      vertex 17.9379 14.25 30.9313
    endloop
  endfacet
  facet normal -0.831537 -0 -0.55547
    outer loop
      vertex 17.7381 14.25 31.2304
      vertex 17.9379 10.25 30.9313
      vertex 17.7381 10.25 31.2304
    endloop
  endfacet
  facet normal -0.831537 0 -0.55547
    outer loop
      vertex 17.9379 -14.25 30.9313
      vertex 17.7381 -10.25 31.2304
      vertex 17.9379 -10.25 30.9313
    endloop
  endfacet
  facet normal -0.831537 -0 -0.55547
    outer loop
      vertex 17.7381 -10.25 31.2304
      vertex 17.9379 -14.25 30.9313
      vertex 17.7381 -14.25 31.2304
    endloop
  endfacet
  facet normal 0.442204 0 0.896915
    outer loop
      vertex 14.1813 14.25 27.1748
      vertex 14.504 10.25 27.0157
      vertex 14.504 14.25 27.0157
    endloop
  endfacet
  facet normal 0.442204 0 0.896915
    outer loop
      vertex 14.504 10.25 27.0157
      vertex 14.1813 14.25 27.1748
      vertex 14.1813 10.25 27.1748
    endloop
  endfacet
  facet normal 0.442204 0 0.896915
    outer loop
      vertex 14.1813 -10.25 27.1748
      vertex 14.504 -14.25 27.0157
      vertex 14.504 -10.25 27.0157
    endloop
  endfacet
  facet normal 0.442204 0 0.896915
    outer loop
      vertex 14.504 -14.25 27.0157
      vertex 14.1813 -10.25 27.1748
      vertex 14.1813 -14.25 27.1748
    endloop
  endfacet
  facet normal 0.980773 -0 0.195154
    outer loop
      vertex 12.8299 10.25 29.1974
      vertex 12.9001 14.25 28.8446
      vertex 12.8299 14.25 29.1974
    endloop
  endfacet
  facet normal 0.980773 0 0.195154
    outer loop
      vertex 12.9001 14.25 28.8446
      vertex 12.8299 10.25 29.1974
      vertex 12.9001 10.25 28.8446
    endloop
  endfacet
  facet normal 0.980773 -0 0.195154
    outer loop
      vertex 12.8299 -14.25 29.1974
      vertex 12.9001 -10.25 28.8446
      vertex 12.8299 -10.25 29.1974
    endloop
  endfacet
  facet normal 0.980773 0 0.195154
    outer loop
      vertex 12.9001 -10.25 28.8446
      vertex 12.8299 -14.25 29.1974
      vertex 12.9001 -14.25 28.8446
    endloop
  endfacet
  facet normal -0.946945 0 0.321394
    outer loop
      vertex 18.097 10.25 28.504
      vertex 18.2126 14.25 28.8446
      vertex 18.097 14.25 28.504
    endloop
  endfacet
  facet normal -0.946945 0 0.321394
    outer loop
      vertex 18.2126 14.25 28.8446
      vertex 18.097 10.25 28.504
      vertex 18.2126 10.25 28.8446
    endloop
  endfacet
  facet normal -0.946945 0 0.321394
    outer loop
      vertex 18.097 -14.25 28.504
      vertex 18.2126 -10.25 28.8446
      vertex 18.097 -10.25 28.504
    endloop
  endfacet
  facet normal -0.946945 0 0.321394
    outer loop
      vertex 18.2126 -10.25 28.8446
      vertex 18.097 -14.25 28.504
      vertex 18.2126 -14.25 28.8446
    endloop
  endfacet
  facet normal -0.997864 0 -0.0653198
    outer loop
      vertex 18.3063 -14.25 29.5563
      vertex 18.2828 -10.25 29.9153
      vertex 18.3063 -10.25 29.5563
    endloop
  endfacet
  facet normal -0.997864 -0 -0.0653198
    outer loop
      vertex 18.2828 -10.25 29.9153
      vertex 18.3063 -14.25 29.5563
      vertex 18.2828 -14.25 29.9153
    endloop
  endfacet
  facet normal -0.997864 0 -0.0653198
    outer loop
      vertex 18.3063 10.25 29.5563
      vertex 18.2828 14.25 29.9153
      vertex 18.3063 14.25 29.5563
    endloop
  endfacet
  facet normal -0.997864 -0 -0.0653198
    outer loop
      vertex 18.2828 14.25 29.9153
      vertex 18.3063 10.25 29.5563
      vertex 18.2828 10.25 29.9153
    endloop
  endfacet
  facet normal -0.195154 0 -0.980773
    outer loop
      vertex 15.9153 -14.25 32.2828
      vertex 16.2681 -10.25 32.2126
      vertex 16.2681 -14.25 32.2126
    endloop
  endfacet
  facet normal -0.195154 0 -0.980773
    outer loop
      vertex 16.2681 -10.25 32.2126
      vertex 15.9153 -14.25 32.2828
      vertex 15.9153 -10.25 32.2828
    endloop
  endfacet
  facet normal -0.195154 0 -0.980773
    outer loop
      vertex 15.9153 10.25 32.2828
      vertex 16.2681 14.25 32.2126
      vertex 16.2681 10.25 32.2126
    endloop
  endfacet
  facet normal -0.195154 0 -0.980773
    outer loop
      vertex 16.2681 14.25 32.2126
      vertex 15.9153 10.25 32.2828
      vertex 15.9153 14.25 32.2828
    endloop
  endfacet
  facet normal -0.195154 0 0.980773
    outer loop
      vertex 15.9153 14.25 26.8299
      vertex 16.2681 10.25 26.9001
      vertex 16.2681 14.25 26.9001
    endloop
  endfacet
  facet normal -0.195154 0 0.980773
    outer loop
      vertex 16.2681 10.25 26.9001
      vertex 15.9153 14.25 26.8299
      vertex 15.9153 10.25 26.8299
    endloop
  endfacet
  facet normal -0.195154 0 0.980773
    outer loop
      vertex 15.9153 -10.25 26.8299
      vertex 16.2681 -14.25 26.9001
      vertex 16.2681 -10.25 26.9001
    endloop
  endfacet
  facet normal -0.195154 0 0.980773
    outer loop
      vertex 16.2681 -14.25 26.9001
      vertex 15.9153 -10.25 26.8299
      vertex 15.9153 -14.25 26.8299
    endloop
  endfacet
  facet normal -0.896915 0 0.442204
    outer loop
      vertex 17.9379 -14.25 28.1813
      vertex 18.097 -10.25 28.504
      vertex 17.9379 -10.25 28.1813
    endloop
  endfacet
  facet normal -0.896915 0 0.442204
    outer loop
      vertex 18.097 -10.25 28.504
      vertex 17.9379 -14.25 28.1813
      vertex 18.097 -14.25 28.504
    endloop
  endfacet
  facet normal -0.896915 0 0.442204
    outer loop
      vertex 17.9379 10.25 28.1813
      vertex 18.097 14.25 28.504
      vertex 17.9379 14.25 28.1813
    endloop
  endfacet
  facet normal -0.896915 0 0.442204
    outer loop
      vertex 18.097 14.25 28.504
      vertex 17.9379 10.25 28.1813
      vertex 18.097 10.25 28.504
    endloop
  endfacet
  facet normal -0.997863 0 0.0653379
    outer loop
      vertex 18.2828 10.25 29.1974
      vertex 18.3063 14.25 29.5563
      vertex 18.2828 14.25 29.1974
    endloop
  endfacet
  facet normal -0.997863 0 0.0653379
    outer loop
      vertex 18.3063 14.25 29.5563
      vertex 18.2828 10.25 29.1974
      vertex 18.3063 10.25 29.5563
    endloop
  endfacet
  facet normal -0.997863 0 0.0653379
    outer loop
      vertex 18.2828 -14.25 29.1974
      vertex 18.3063 -10.25 29.5563
      vertex 18.2828 -10.25 29.1974
    endloop
  endfacet
  facet normal -0.997863 0 0.0653379
    outer loop
      vertex 18.3063 -10.25 29.5563
      vertex 18.2828 -14.25 29.1974
      vertex 18.3063 -14.25 29.5563
    endloop
  endfacet
  facet normal 0.195154 0 -0.980773
    outer loop
      vertex 14.8446 -14.25 32.2126
      vertex 15.1974 -10.25 32.2828
      vertex 15.1974 -14.25 32.2828
    endloop
  endfacet
  facet normal 0.195154 0 -0.980773
    outer loop
      vertex 15.1974 -10.25 32.2828
      vertex 14.8446 -14.25 32.2126
      vertex 14.8446 -10.25 32.2126
    endloop
  endfacet
  facet normal 0.195154 0 -0.980773
    outer loop
      vertex 14.8446 10.25 32.2126
      vertex 15.1974 14.25 32.2828
      vertex 15.1974 10.25 32.2828
    endloop
  endfacet
  facet normal 0.195154 0 -0.980773
    outer loop
      vertex 15.1974 14.25 32.2828
      vertex 14.8446 10.25 32.2126
      vertex 14.8446 14.25 32.2126
    endloop
  endfacet
  facet normal 0.659311 0 0.75187
    outer loop
      vertex 13.6118 -10.25 27.6118
      vertex 13.8823 -14.25 27.3746
      vertex 13.8823 -10.25 27.3746
    endloop
  endfacet
  facet normal 0.659311 0 0.75187
    outer loop
      vertex 13.8823 -14.25 27.3746
      vertex 13.6118 -10.25 27.6118
      vertex 13.6118 -14.25 27.6118
    endloop
  endfacet
  facet normal 0.659311 0 0.75187
    outer loop
      vertex 13.6118 14.25 27.6118
      vertex 13.8823 10.25 27.3746
      vertex 13.8823 14.25 27.3746
    endloop
  endfacet
  facet normal 0.659311 0 0.75187
    outer loop
      vertex 13.8823 10.25 27.3746
      vertex 13.6118 14.25 27.6118
      vertex 13.6118 10.25 27.6118
    endloop
  endfacet
  facet normal 0.0656148 0 0.997845
    outer loop
      vertex 15.1974 14.25 26.8299
      vertex 15.5563 10.25 26.8063
      vertex 15.5563 14.25 26.8063
    endloop
  endfacet
  facet normal 0.0656148 0 0.997845
    outer loop
      vertex 15.5563 10.25 26.8063
      vertex 15.1974 14.25 26.8299
      vertex 15.1974 10.25 26.8299
    endloop
  endfacet
  facet normal 0.0656148 0 0.997845
    outer loop
      vertex 15.1974 -10.25 26.8299
      vertex 15.5563 -14.25 26.8063
      vertex 15.5563 -10.25 26.8063
    endloop
  endfacet
  facet normal 0.0656148 0 0.997845
    outer loop
      vertex 15.5563 -14.25 26.8063
      vertex 15.1974 -10.25 26.8299
      vertex 15.1974 -14.25 26.8299
    endloop
  endfacet
  facet normal -0.0653198 0 -0.997864
    outer loop
      vertex 15.5563 -14.25 32.3063
      vertex 15.9153 -10.25 32.2828
      vertex 15.9153 -14.25 32.2828
    endloop
  endfacet
  facet normal -0.0653198 0 -0.997864
    outer loop
      vertex 15.9153 -10.25 32.2828
      vertex 15.5563 -14.25 32.3063
      vertex 15.5563 -10.25 32.3063
    endloop
  endfacet
  facet normal -0.0653198 0 -0.997864
    outer loop
      vertex 15.5563 10.25 32.3063
      vertex 15.9153 14.25 32.2828
      vertex 15.9153 10.25 32.2828
    endloop
  endfacet
  facet normal -0.0653198 0 -0.997864
    outer loop
      vertex 15.9153 14.25 32.2828
      vertex 15.5563 10.25 32.3063
      vertex 15.5563 14.25 32.3063
    endloop
  endfacet
  facet normal 0.997846 0 -0.0655966
    outer loop
      vertex 12.8299 -14.25 29.9153
      vertex 12.8063 -10.25 29.5563
      vertex 12.8299 -10.25 29.9153
    endloop
  endfacet
  facet normal 0.997846 0 -0.0655966
    outer loop
      vertex 12.8063 -10.25 29.5563
      vertex 12.8299 -14.25 29.9153
      vertex 12.8063 -14.25 29.5563
    endloop
  endfacet
  facet normal 0.997846 0 -0.0655966
    outer loop
      vertex 12.8299 10.25 29.9153
      vertex 12.8063 14.25 29.5563
      vertex 12.8299 14.25 29.9153
    endloop
  endfacet
  facet normal 0.997846 0 -0.0655966
    outer loop
      vertex 12.8063 14.25 29.5563
      vertex 12.8299 10.25 29.9153
      vertex 12.8063 10.25 29.5563
    endloop
  endfacet
  facet normal 0.980773 0 -0.195154
    outer loop
      vertex 12.9001 -14.25 30.2681
      vertex 12.8299 -10.25 29.9153
      vertex 12.9001 -10.25 30.2681
    endloop
  endfacet
  facet normal 0.980773 0 -0.195154
    outer loop
      vertex 12.8299 -10.25 29.9153
      vertex 12.9001 -14.25 30.2681
      vertex 12.8299 -14.25 29.9153
    endloop
  endfacet
  facet normal 0.980773 0 -0.195154
    outer loop
      vertex 12.9001 10.25 30.2681
      vertex 12.8299 14.25 29.9153
      vertex 12.9001 14.25 30.2681
    endloop
  endfacet
  facet normal 0.980773 0 -0.195154
    outer loop
      vertex 12.8299 14.25 29.9153
      vertex 12.9001 10.25 30.2681
      vertex 12.8299 10.25 29.9153
    endloop
  endfacet
  facet normal -0.831451 0 0.555598
    outer loop
      vertex 17.7381 -14.25 27.8823
      vertex 17.9379 -10.25 28.1813
      vertex 17.7381 -10.25 27.8823
    endloop
  endfacet
  facet normal -0.831451 0 0.555598
    outer loop
      vertex 17.9379 -10.25 28.1813
      vertex 17.7381 -14.25 27.8823
      vertex 17.9379 -14.25 28.1813
    endloop
  endfacet
  facet normal -0.831451 0 0.555598
    outer loop
      vertex 17.7381 10.25 27.8823
      vertex 17.9379 14.25 28.1813
      vertex 17.7381 14.25 27.8823
    endloop
  endfacet
  facet normal -0.831451 0 0.555598
    outer loop
      vertex 17.9379 14.25 28.1813
      vertex 17.7381 10.25 27.8823
      vertex 17.9379 10.25 28.1813
    endloop
  endfacet
  facet normal -0.89686 0 -0.442314
    outer loop
      vertex 18.097 10.25 30.6087
      vertex 17.9379 14.25 30.9313
      vertex 18.097 14.25 30.6087
    endloop
  endfacet
  facet normal -0.89686 -0 -0.442314
    outer loop
      vertex 17.9379 14.25 30.9313
      vertex 18.097 10.25 30.6087
      vertex 17.9379 10.25 30.9313
    endloop
  endfacet
  facet normal -0.89686 0 -0.442314
    outer loop
      vertex 18.097 -14.25 30.6087
      vertex 17.9379 -10.25 30.9313
      vertex 18.097 -10.25 30.6087
    endloop
  endfacet
  facet normal -0.89686 -0 -0.442314
    outer loop
      vertex 17.9379 -10.25 30.9313
      vertex 18.097 -14.25 30.6087
      vertex 17.9379 -14.25 30.9313
    endloop
  endfacet
  facet normal 0.707106 -1.74374e-06 -0.707107
    outer loop
      vertex 0.776457 2.89778 29.2721
      vertex -7.24784 10.25 21.2478
      vertex 13.9654 10.25 42.461
    endloop
  endfacet
  facet normal 0.707128 3.62374e-05 -0.707086
    outer loop
      vertex -7.24784 10.25 21.2478
      vertex 0.391578 2.97433 28.8873
      vertex 0 3 28.4957
    endloop
  endfacet
  facet normal 0.707014 -0.000202723 -0.7072
    outer loop
      vertex -7.24784 10.25 21.2478
      vertex 0.776457 2.89778 29.2721
      vertex 0.391578 2.97433 28.8873
    endloop
  endfacet
  facet normal 0.70711 -1.74216e-05 -0.707103
    outer loop
      vertex 13.9654 10.25 42.461
      vertex 1.14805 2.77164 29.6437
      vertex 0.776457 2.89778 29.2721
    endloop
  endfacet
  facet normal 0.707133 -9.58672e-05 -0.70708
    outer loop
      vertex 13.9654 10.25 42.461
      vertex 1.5 2.59808 29.9957
      vertex 1.14805 2.77164 29.6437
    endloop
  endfacet
  facet normal 0.707116 -3.82321e-05 -0.707098
    outer loop
      vertex 13.9654 10.25 42.461
      vertex 1.82628 2.38006 30.322
      vertex 1.5 2.59808 29.9957
    endloop
  endfacet
  facet normal 0.707084 5.82705e-05 -0.707129
    outer loop
      vertex 13.9654 10.25 42.461
      vertex 2.12132 2.12132 30.617
      vertex 1.82628 2.38006 30.322
    endloop
  endfacet
  facet normal 0.707085 5.72333e-05 -0.707129
    outer loop
      vertex 13.9654 10.25 42.461
      vertex 2.38006 1.82628 30.8757
      vertex 2.12132 2.12132 30.617
    endloop
  endfacet
  facet normal 0.707148 -0.000117775 -0.707065
    outer loop
      vertex 13.9654 10.25 42.461
      vertex 2.59808 1.5 31.0938
      vertex 2.38006 1.82628 30.8757
    endloop
  endfacet
  facet normal 0.70707 8.47145e-05 -0.707143
    outer loop
      vertex 13.9654 10.25 42.461
      vertex 2.77164 1.14805 31.2673
      vertex 2.59808 1.5 31.0938
    endloop
  endfacet
  facet normal 0.707142 -9.04807e-05 -0.707072
    outer loop
      vertex 13.9654 10.25 42.461
      vertex 2.89778 0.776457 31.3935
      vertex 2.77164 1.14805 31.2673
    endloop
  endfacet
  facet normal 0.70707 7.7198e-05 -0.707144
    outer loop
      vertex 13.9654 10.25 42.461
      vertex 2.97433 0.391578 31.47
      vertex 2.89778 0.776457 31.3935
    endloop
  endfacet
  facet normal 0.707128 -5.14425e-05 -0.707086
    outer loop
      vertex 13.9654 10.25 42.461
      vertex 3 0 31.4957
      vertex 2.97433 0.391578 31.47
    endloop
  endfacet
  facet normal 0.707104 0 -0.70711
    outer loop
      vertex 13.9654 -10.25 42.461
      vertex 3 0 31.4957
      vertex 13.9654 10.25 42.461
    endloop
  endfacet
  facet normal 0.707128 5.14425e-05 -0.707086
    outer loop
      vertex 3 0 31.4957
      vertex 13.9654 -10.25 42.461
      vertex 2.97433 -0.391578 31.47
    endloop
  endfacet
  facet normal 0.70707 -7.7198e-05 -0.707144
    outer loop
      vertex 2.97433 -0.391578 31.47
      vertex 13.9654 -10.25 42.461
      vertex 2.89778 -0.776457 31.3935
    endloop
  endfacet
  facet normal 0.707142 9.04807e-05 -0.707072
    outer loop
      vertex 2.89778 -0.776457 31.3935
      vertex 13.9654 -10.25 42.461
      vertex 2.77164 -1.14805 31.2673
    endloop
  endfacet
  facet normal 0.70707 -8.47145e-05 -0.707143
    outer loop
      vertex 2.77164 -1.14805 31.2673
      vertex 13.9654 -10.25 42.461
      vertex 2.59808 -1.5 31.0938
    endloop
  endfacet
  facet normal 0.707148 0.000117775 -0.707065
    outer loop
      vertex 2.59808 -1.5 31.0938
      vertex 13.9654 -10.25 42.461
      vertex 2.38006 -1.82628 30.8757
    endloop
  endfacet
  facet normal 0.707014 0.000202723 -0.7072
    outer loop
      vertex 0.776457 -2.89778 29.2721
      vertex -7.24784 -10.25 21.2478
      vertex 0.391578 -2.97433 28.8873
    endloop
  endfacet
  facet normal 0.707106 1.74374e-06 -0.707107
    outer loop
      vertex -7.24784 -10.25 21.2478
      vertex 0.776457 -2.89778 29.2721
      vertex 13.9654 -10.25 42.461
    endloop
  endfacet
  facet normal 0.70711 1.74216e-05 -0.707103
    outer loop
      vertex 1.14805 -2.77164 29.6437
      vertex 13.9654 -10.25 42.461
      vertex 0.776457 -2.89778 29.2721
    endloop
  endfacet
  facet normal 0.707133 9.58672e-05 -0.70708
    outer loop
      vertex 1.5 -2.59808 29.9957
      vertex 13.9654 -10.25 42.461
      vertex 1.14805 -2.77164 29.6437
    endloop
  endfacet
  facet normal 0.707116 3.82321e-05 -0.707098
    outer loop
      vertex 1.82628 -2.38006 30.322
      vertex 13.9654 -10.25 42.461
      vertex 1.5 -2.59808 29.9957
    endloop
  endfacet
  facet normal 0.707084 -5.82705e-05 -0.707129
    outer loop
      vertex 2.12132 -2.12132 30.617
      vertex 13.9654 -10.25 42.461
      vertex 1.82628 -2.38006 30.322
    endloop
  endfacet
  facet normal 0.707085 -5.72333e-05 -0.707129
    outer loop
      vertex 2.38006 -1.82628 30.8757
      vertex 13.9654 -10.25 42.461
      vertex 2.12132 -2.12132 30.617
    endloop
  endfacet
  facet normal 0.707126 3.178e-05 -0.707088
    outer loop
      vertex -0.391578 2.97433 28.1041
      vertex -7.24784 10.25 21.2478
      vertex 0 3 28.4957
    endloop
  endfacet
  facet normal 0.707123 2.75079e-05 -0.70709
    outer loop
      vertex -0.776457 2.89778 27.7192
      vertex -7.24784 10.25 21.2478
      vertex -0.391578 2.97433 28.1041
    endloop
  endfacet
  facet normal 0.707112 7.76834e-06 -0.707101
    outer loop
      vertex -1.14805 2.77164 27.3476
      vertex -7.24784 10.25 21.2478
      vertex -0.776457 2.89778 27.7192
    endloop
  endfacet
  facet normal 0.707071 -5.91109e-05 -0.707142
    outer loop
      vertex -1.5 2.59808 26.9957
      vertex -7.24784 10.25 21.2478
      vertex -1.14805 2.77164 27.3476
    endloop
  endfacet
  facet normal 0.707122 1.79855e-05 -0.707091
    outer loop
      vertex -1.82628 2.38006 26.6694
      vertex -7.24784 10.25 21.2478
      vertex -1.5 2.59808 26.9957
    endloop
  endfacet
  facet normal 0.707078 -4.34117e-05 -0.707136
    outer loop
      vertex -2.12132 2.12132 26.3744
      vertex -7.24784 10.25 21.2478
      vertex -1.82628 2.38006 26.6694
    endloop
  endfacet
  facet normal 0.707157 5.61016e-05 -0.707057
    outer loop
      vertex -2.38006 1.82628 26.1156
      vertex -7.24784 10.25 21.2478
      vertex -2.12132 2.12132 26.3744
    endloop
  endfacet
  facet normal 0.70709 -2.10015e-05 -0.707123
    outer loop
      vertex -2.59808 1.5 25.8976
      vertex -7.24784 10.25 21.2478
      vertex -2.38006 1.82628 26.1156
    endloop
  endfacet
  facet normal 0.70705 -6.40854e-05 -0.707164
    outer loop
      vertex -2.77164 1.14805 25.7241
      vertex -7.24784 10.25 21.2478
      vertex -2.59808 1.5 25.8976
    endloop
  endfacet
  facet normal 0.70718 6.43694e-05 -0.707033
    outer loop
      vertex -2.89778 0.776457 25.5979
      vertex -7.24784 10.25 21.2478
      vertex -2.77164 1.14805 25.7241
    endloop
  endfacet
  facet normal 0.707039 -6.50058e-05 -0.707174
    outer loop
      vertex -2.97433 0.391578 25.5214
      vertex -7.24784 10.25 21.2478
      vertex -2.89778 0.776457 25.5979
    endloop
  endfacet
  facet normal 0.707168 4.62053e-05 -0.707046
    outer loop
      vertex -3 0 25.4957
      vertex -7.24784 10.25 21.2478
      vertex -2.97433 0.391578 25.5214
    endloop
  endfacet
  facet normal 0.707168 -4.62053e-05 -0.707046
    outer loop
      vertex -7.24784 -10.25 21.2478
      vertex -3 0 25.4957
      vertex -2.97433 -0.391578 25.5214
    endloop
  endfacet
  facet normal 0.707039 6.50058e-05 -0.707174
    outer loop
      vertex -7.24784 -10.25 21.2478
      vertex -2.97433 -0.391578 25.5214
      vertex -2.89778 -0.776457 25.5979
    endloop
  endfacet
  facet normal 0.70718 -6.43694e-05 -0.707033
    outer loop
      vertex -7.24784 -10.25 21.2478
      vertex -2.89778 -0.776457 25.5979
      vertex -2.77164 -1.14805 25.7241
    endloop
  endfacet
  facet normal 0.707128 -3.62374e-05 -0.707086
    outer loop
      vertex 0.391578 -2.97433 28.8873
      vertex -7.24784 -10.25 21.2478
      vertex 0 -3 28.4957
    endloop
  endfacet
  facet normal 0.707126 -3.178e-05 -0.707088
    outer loop
      vertex 0 -3 28.4957
      vertex -7.24784 -10.25 21.2478
      vertex -0.391578 -2.97433 28.1041
    endloop
  endfacet
  facet normal 0.707123 -2.75079e-05 -0.70709
    outer loop
      vertex -0.391578 -2.97433 28.1041
      vertex -7.24784 -10.25 21.2478
      vertex -0.776457 -2.89778 27.7192
    endloop
  endfacet
  facet normal 0.707112 -7.76834e-06 -0.707101
    outer loop
      vertex -0.776457 -2.89778 27.7192
      vertex -7.24784 -10.25 21.2478
      vertex -1.14805 -2.77164 27.3476
    endloop
  endfacet
  facet normal 0.707112 0 -0.707102
    outer loop
      vertex -3 0 25.4957
      vertex -7.24784 -10.25 21.2478
      vertex -7.24784 10.25 21.2478
    endloop
  endfacet
  facet normal 0.70705 6.40854e-05 -0.707164
    outer loop
      vertex -2.59808 -1.5 25.8976
      vertex -7.24784 -10.25 21.2478
      vertex -2.77164 -1.14805 25.7241
    endloop
  endfacet
  facet normal 0.70709 2.10015e-05 -0.707123
    outer loop
      vertex -2.38006 -1.82628 26.1156
      vertex -7.24784 -10.25 21.2478
      vertex -2.59808 -1.5 25.8976
    endloop
  endfacet
  facet normal 0.707157 -5.61016e-05 -0.707057
    outer loop
      vertex -2.12132 -2.12132 26.3744
      vertex -7.24784 -10.25 21.2478
      vertex -2.38006 -1.82628 26.1156
    endloop
  endfacet
  facet normal 0.707078 4.34117e-05 -0.707136
    outer loop
      vertex -1.82628 -2.38006 26.6694
      vertex -7.24784 -10.25 21.2478
      vertex -2.12132 -2.12132 26.3744
    endloop
  endfacet
  facet normal 0.707122 -1.79855e-05 -0.707091
    outer loop
      vertex -1.5 -2.59808 26.9957
      vertex -7.24784 -10.25 21.2478
      vertex -1.82628 -2.38006 26.6694
    endloop
  endfacet
  facet normal 0.707071 5.91109e-05 -0.707142
    outer loop
      vertex -1.14805 -2.77164 27.3476
      vertex -7.24784 -10.25 21.2478
      vertex -1.5 -2.59808 26.9957
    endloop
  endfacet
  facet normal 0.707106 2.69374e-06 0.707108
    outer loop
      vertex -7.24784 10.25 21.2478
      vertex 0 5 14
      vertex 7.24784 10.25 6.75216
    endloop
  endfacet
  facet normal 0.707107 5.39439e-06 0.707107
    outer loop
      vertex -1.82628 2.38006 15.8263
      vertex 0 5 14
      vertex -7.24784 10.25 21.2478
    endloop
  endfacet
  facet normal 0.707127 0 0.707087
    outer loop
      vertex 0 5 14
      vertex -0.391578 2.97433 14.3916
      vertex 0 3 14
    endloop
  endfacet
  facet normal 0.707126 2.30331e-07 0.707088
    outer loop
      vertex 0 5 14
      vertex -0.776457 2.89778 14.7765
      vertex -0.391578 2.97433 14.3916
    endloop
  endfacet
  facet normal 0.707003 9.12846e-05 0.707211
    outer loop
      vertex 0 5 14
      vertex -1.14805 2.77164 15.148
      vertex -0.776457 2.89778 14.7765
    endloop
  endfacet
  facet normal 0.707179 -9.0643e-05 0.707034
    outer loop
      vertex 0 5 14
      vertex -1.5 2.59808 15.5
      vertex -1.14805 2.77164 15.148
    endloop
  endfacet
  facet normal 0.707144 -4.64496e-05 0.70707
    outer loop
      vertex 0 5 14
      vertex -1.82628 2.38006 15.8263
      vertex -1.5 2.59808 15.5
    endloop
  endfacet
  facet normal 0.707075 -3.78105e-05 0.707138
    outer loop
      vertex -7.24784 10.25 21.2478
      vertex -2.12132 2.12132 16.1213
      vertex -1.82628 2.38006 15.8263
    endloop
  endfacet
  facet normal 0.707154 6.11615e-05 0.70706
    outer loop
      vertex -7.24784 10.25 21.2478
      vertex -2.38006 1.82628 16.3801
      vertex -2.12132 2.12132 16.1213
    endloop
  endfacet
  facet normal 0.707087 -1.65e-05 0.707127
    outer loop
      vertex -7.24784 10.25 21.2478
      vertex -2.59808 1.5 16.5981
      vertex -2.38006 1.82628 16.3801
    endloop
  endfacet
  facet normal 0.707046 -6.01957e-05 0.707168
    outer loop
      vertex -7.24784 10.25 21.2478
      vertex -2.77164 1.14805 16.7716
      vertex -2.59808 1.5 16.5981
    endloop
  endfacet
  facet normal 0.707175 6.7542e-05 0.707038
    outer loop
      vertex -7.24784 10.25 21.2478
      vertex -2.89778 0.776457 16.8978
      vertex -2.77164 1.14805 16.7716
    endloop
  endfacet
  facet normal 0.707034 -6.27502e-05 0.70718
    outer loop
      vertex -7.24784 10.25 21.2478
      vertex -2.97433 0.391578 16.9743
      vertex -2.89778 0.776457 16.8978
    endloop
  endfacet
  facet normal 0.70716 4.71479e-05 0.707053
    outer loop
      vertex -7.24784 10.25 21.2478
      vertex -3 0 17
      vertex -2.97433 0.391578 16.9743
    endloop
  endfacet
  facet normal 0.707103 -0 0.70711
    outer loop
      vertex -7.24784 -10.25 21.2478
      vertex -3 0 17
      vertex -7.24784 10.25 21.2478
    endloop
  endfacet
  facet normal 0.70716 -4.71479e-05 0.707053
    outer loop
      vertex -3 0 17
      vertex -7.24784 -10.25 21.2478
      vertex -2.97433 -0.391578 16.9743
    endloop
  endfacet
  facet normal 0.707034 6.27502e-05 0.70718
    outer loop
      vertex -2.97433 -0.391578 16.9743
      vertex -7.24784 -10.25 21.2478
      vertex -2.89778 -0.776457 16.8978
    endloop
  endfacet
  facet normal 0.707127 0 0.707087
    outer loop
      vertex -0.391578 -2.97433 14.3916
      vertex 0 -5 14
      vertex 0 -3 14
    endloop
  endfacet
  facet normal 0.707126 -2.30331e-07 0.707088
    outer loop
      vertex -0.776457 -2.89778 14.7765
      vertex 0 -5 14
      vertex -0.391578 -2.97433 14.3916
    endloop
  endfacet
  facet normal 0.707003 -9.12846e-05 0.707211
    outer loop
      vertex -1.14805 -2.77164 15.148
      vertex 0 -5 14
      vertex -0.776457 -2.89778 14.7765
    endloop
  endfacet
  facet normal 0.707179 9.0643e-05 0.707034
    outer loop
      vertex -1.5 -2.59808 15.5
      vertex 0 -5 14
      vertex -1.14805 -2.77164 15.148
    endloop
  endfacet
  facet normal 0.707144 4.64496e-05 0.70707
    outer loop
      vertex -1.82628 -2.38006 15.8263
      vertex 0 -5 14
      vertex -1.5 -2.59808 15.5
    endloop
  endfacet
  facet normal 0.707075 3.78105e-05 0.707138
    outer loop
      vertex -7.24784 -10.25 21.2478
      vertex -1.82628 -2.38006 15.8263
      vertex -2.12132 -2.12132 16.1213
    endloop
  endfacet
  facet normal 0.707154 -6.11615e-05 0.70706
    outer loop
      vertex -7.24784 -10.25 21.2478
      vertex -2.12132 -2.12132 16.1213
      vertex -2.38006 -1.82628 16.3801
    endloop
  endfacet
  facet normal 0.707107 -5.39439e-06 0.707107
    outer loop
      vertex -1.82628 -2.38006 15.8263
      vertex -7.24784 -10.25 21.2478
      vertex 0 -5 14
    endloop
  endfacet
  facet normal 0.707087 1.65e-05 0.707127
    outer loop
      vertex -2.59808 -1.5 16.5981
      vertex -7.24784 -10.25 21.2478
      vertex -2.38006 -1.82628 16.3801
    endloop
  endfacet
  facet normal 0.707046 6.01957e-05 0.707168
    outer loop
      vertex -2.77164 -1.14805 16.7716
      vertex -7.24784 -10.25 21.2478
      vertex -2.59808 -1.5 16.5981
    endloop
  endfacet
  facet normal 0.707175 -6.7542e-05 0.707038
    outer loop
      vertex -2.89778 -0.776457 16.8978
      vertex -7.24784 -10.25 21.2478
      vertex -2.77164 -1.14805 16.7716
    endloop
  endfacet
  facet normal 0.707091 4.25221e-05 0.707122
    outer loop
      vertex 0.652631 4.95722 13.3474
      vertex 7.24784 10.25 6.75216
      vertex 0 5 14
    endloop
  endfacet
  facet normal 0.707121 -3.0804e-05 0.707093
    outer loop
      vertex 1.2941 4.82963 12.7059
      vertex 7.24784 10.25 6.75216
      vertex 0.652631 4.95722 13.3474
    endloop
  endfacet
  facet normal 0.707098 1.82701e-05 0.707115
    outer loop
      vertex 1.91342 4.6194 12.0866
      vertex 7.24784 10.25 6.75216
      vertex 1.2941 4.82963 12.7059
    endloop
  endfacet
  facet normal 0.707115 -1.38558e-05 0.707098
    outer loop
      vertex 2.5 4.33013 11.5
      vertex 7.24784 10.25 6.75216
      vertex 1.91342 4.6194 12.0866
    endloop
  endfacet
  facet normal 0.707103 6.78992e-06 0.707111
    outer loop
      vertex 3.04381 3.96677 10.9562
      vertex 7.24784 10.25 6.75216
      vertex 2.5 4.33013 11.5
    endloop
  endfacet
  facet normal 0.707098 1.28366e-05 0.707116
    outer loop
      vertex 3.53553 3.53553 10.4645
      vertex 7.24784 10.25 6.75216
      vertex 3.04381 3.96677 10.9562
    endloop
  endfacet
  facet normal 0.707138 -3.14227e-05 0.707076
    outer loop
      vertex 3.96677 3.04381 10.0332
      vertex 7.24784 10.25 6.75216
      vertex 3.53553 3.53553 10.4645
    endloop
  endfacet
  facet normal 0.707088 1.40585e-05 0.707125
    outer loop
      vertex 4.33013 2.5 9.66987
      vertex 7.24784 10.25 6.75216
      vertex 3.96677 3.04381 10.0332
    endloop
  endfacet
  facet normal 0.707107 -3.97159e-17 0.707107
    outer loop
      vertex 4.6194 1.91342 9.3806
      vertex 7.24784 10.25 6.75216
      vertex 4.33013 2.5 9.66987
    endloop
  endfacet
  facet normal 0.707107 4.4124e-16 0.707107
    outer loop
      vertex 4.82963 1.2941 9.17037
      vertex 7.24784 10.25 6.75216
      vertex 4.6194 1.91342 9.3806
    endloop
  endfacet
  facet normal 0.707107 5.53693e-16 0.707107
    outer loop
      vertex 4.95722 0.652631 9.04278
      vertex 7.24784 10.25 6.75216
      vertex 4.82963 1.2941 9.17037
    endloop
  endfacet
  facet normal 0.707107 -7.41579e-16 0.707107
    outer loop
      vertex 5 0 9
      vertex 7.24784 10.25 6.75216
      vertex 4.95722 0.652631 9.04278
    endloop
  endfacet
  facet normal 0.707107 9.88772e-16 0.707107
    outer loop
      vertex 7.24784 -10.25 6.75216
      vertex 5 0 9
      vertex 4.95722 -0.652631 9.04278
    endloop
  endfacet
  facet normal 0.707107 -4.66268e-16 0.707107
    outer loop
      vertex 7.24784 -10.25 6.75216
      vertex 4.95722 -0.652631 9.04278
      vertex 4.82963 -1.2941 9.17037
    endloop
  endfacet
  facet normal 0.707106 -2.69374e-06 0.707108
    outer loop
      vertex 7.24784 -10.25 6.75216
      vertex 0 -5 14
      vertex -7.24784 -10.25 21.2478
    endloop
  endfacet
  facet normal 0.707091 -4.25221e-05 0.707122
    outer loop
      vertex 0 -5 14
      vertex 7.24784 -10.25 6.75216
      vertex 0.652631 -4.95722 13.3474
    endloop
  endfacet
  facet normal 0.707121 3.0804e-05 0.707093
    outer loop
      vertex 0.652631 -4.95722 13.3474
      vertex 7.24784 -10.25 6.75216
      vertex 1.2941 -4.82963 12.7059
    endloop
  endfacet
  facet normal 0.707098 -1.82701e-05 0.707115
    outer loop
      vertex 1.2941 -4.82963 12.7059
      vertex 7.24784 -10.25 6.75216
      vertex 1.91342 -4.6194 12.0866
    endloop
  endfacet
  facet normal 0.707107 0 0.707107
    outer loop
      vertex 5 0 9
      vertex 7.24784 -10.25 6.75216
      vertex 7.24784 10.25 6.75216
    endloop
  endfacet
  facet normal 0.707107 -4.4124e-16 0.707107
    outer loop
      vertex 4.6194 -1.91342 9.3806
      vertex 7.24784 -10.25 6.75216
      vertex 4.82963 -1.2941 9.17037
    endloop
  endfacet
  facet normal 0.707107 5.95738e-17 0.707107
    outer loop
      vertex 4.33013 -2.5 9.66987
      vertex 7.24784 -10.25 6.75216
      vertex 4.6194 -1.91342 9.3806
    endloop
  endfacet
  facet normal 0.707088 -1.40585e-05 0.707125
    outer loop
      vertex 3.96677 -3.04381 10.0332
      vertex 7.24784 -10.25 6.75216
      vertex 4.33013 -2.5 9.66987
    endloop
  endfacet
  facet normal 0.707138 3.14227e-05 0.707076
    outer loop
      vertex 3.53553 -3.53553 10.4645
      vertex 7.24784 -10.25 6.75216
      vertex 3.96677 -3.04381 10.0332
    endloop
  endfacet
  facet normal 0.707098 -1.28366e-05 0.707116
    outer loop
      vertex 3.04381 -3.96677 10.9562
      vertex 7.24784 -10.25 6.75216
      vertex 3.53553 -3.53553 10.4645
    endloop
  endfacet
  facet normal 0.707103 -6.78992e-06 0.707111
    outer loop
      vertex 2.5 -4.33013 11.5
      vertex 7.24784 -10.25 6.75216
      vertex 3.04381 -3.96677 10.9562
    endloop
  endfacet
  facet normal 0.707115 1.38558e-05 0.707098
    outer loop
      vertex 1.91342 -4.6194 12.0866
      vertex 7.24784 -10.25 6.75216
      vertex 2.5 -4.33013 11.5
    endloop
  endfacet
  facet normal -0.707108 0 0.707105
    outer loop
      vertex 7.24784 -10.25 6.75216
      vertex 28.461 10.25 27.9654
      vertex 7.24784 10.25 6.75216
    endloop
  endfacet
  facet normal -0.707108 0 0.707105
    outer loop
      vertex 28.461 10.25 27.9654
      vertex 7.24784 -10.25 6.75216
      vertex 28.461 -10.25 27.9654
    endloop
  endfacet
  facet normal 0 -1 0
    outer loop
      vertex 13.9654 10.25 42.461
      vertex 15.1974 10.25 32.2828
      vertex 15.5563 10.25 32.3063
    endloop
  endfacet
  facet normal 0 -1 0
    outer loop
      vertex 13.9654 10.25 42.461
      vertex 14.8446 10.25 32.2126
      vertex 15.1974 10.25 32.2828
    endloop
  endfacet
  facet normal 0 -1 0
    outer loop
      vertex 13.9654 10.25 42.461
      vertex 14.504 10.25 32.097
      vertex 14.8446 10.25 32.2126
    endloop
  endfacet
  facet normal 0 -1 0
    outer loop
      vertex 13.9654 10.25 42.461
      vertex 14.1813 10.25 31.9379
      vertex 14.504 10.25 32.097
    endloop
  endfacet
  facet normal 0 -1 -0
    outer loop
      vertex 13.9654 10.25 42.461
      vertex 13.8823 10.25 31.7381
      vertex 14.1813 10.25 31.9379
    endloop
  endfacet
  facet normal 0 -1 0
    outer loop
      vertex 13.9654 10.25 42.461
      vertex 13.6118 10.25 31.5009
      vertex 13.8823 10.25 31.7381
    endloop
  endfacet
  facet normal 0 -1 0
    outer loop
      vertex 13.9654 10.25 42.461
      vertex 13.3746 10.25 31.2304
      vertex 13.6118 10.25 31.5009
    endloop
  endfacet
  facet normal 0 -1 0
    outer loop
      vertex 13.9654 10.25 42.461
      vertex 13.1748 10.25 30.9313
      vertex 13.3746 10.25 31.2304
    endloop
  endfacet
  facet normal 0 -1 0
    outer loop
      vertex 13.9654 10.25 42.461
      vertex 13.0157 10.25 30.6087
      vertex 13.1748 10.25 30.9313
    endloop
  endfacet
  facet normal 0 -1 0
    outer loop
      vertex 5.31158 10.25 22.9046
      vertex 13.0157 10.25 30.6087
      vertex 13.9654 10.25 42.461
    endloop
  endfacet
  facet normal 0 -1 0
    outer loop
      vertex 13.0157 10.25 30.6087
      vertex 5.31158 10.25 22.9046
      vertex 12.9001 10.25 30.2681
    endloop
  endfacet
  facet normal 0 -1 0
    outer loop
      vertex 8.30851 10.25 22.3085
      vertex 13.6118 10.25 27.6118
      vertex 8.03805 10.25 22.5457
    endloop
  endfacet
  facet normal 0 -1 -0
    outer loop
      vertex 13.3746 10.25 27.8823
      vertex 8.03805 10.25 22.5457
      vertex 13.6118 10.25 27.6118
    endloop
  endfacet
  facet normal 0 -1 0
    outer loop
      vertex 8.03805 10.25 22.5457
      vertex 13.3746 10.25 27.8823
      vertex 7.73896 10.25 22.7455
    endloop
  endfacet
  facet normal 0 -1 -0
    outer loop
      vertex 13.1748 10.25 28.1813
      vertex 7.73896 10.25 22.7455
      vertex 13.3746 10.25 27.8823
    endloop
  endfacet
  facet normal 0 -1 0
    outer loop
      vertex 7.73896 10.25 22.7455
      vertex 13.1748 10.25 28.1813
      vertex 7.41634 10.25 22.9046
    endloop
  endfacet
  facet normal 0 -1 -0
    outer loop
      vertex 13.0157 10.25 28.504
      vertex 7.41634 10.25 22.9046
      vertex 13.1748 10.25 28.1813
    endloop
  endfacet
  facet normal 0 -1 0
    outer loop
      vertex 7.41634 10.25 22.9046
      vertex 13.0157 10.25 28.504
      vertex 7.07571 10.25 23.0203
    endloop
  endfacet
  facet normal 0 -1 -0
    outer loop
      vertex 12.9001 10.25 28.8446
      vertex 7.07571 10.25 23.0203
      vertex 13.0157 10.25 28.504
    endloop
  endfacet
  facet normal 0 -1 0
    outer loop
      vertex 7.07571 10.25 23.0203
      vertex 12.9001 10.25 28.8446
      vertex 6.72291 10.25 23.0904
    endloop
  endfacet
  facet normal 0 -1 -0
    outer loop
      vertex 12.8299 10.25 29.1974
      vertex 6.72291 10.25 23.0904
      vertex 12.9001 10.25 28.8446
    endloop
  endfacet
  facet normal 0 -1 0
    outer loop
      vertex 6.72291 10.25 23.0904
      vertex 12.8299 10.25 29.1974
      vertex 6.36396 10.25 23.114
    endloop
  endfacet
  facet normal 0 -1 -0
    outer loop
      vertex 12.8063 10.25 29.5563
      vertex 6.36396 10.25 23.114
      vertex 12.8299 10.25 29.1974
    endloop
  endfacet
  facet normal 0 -1 0
    outer loop
      vertex 12.8299 10.25 29.9153
      vertex 6.36396 10.25 23.114
      vertex 12.8063 10.25 29.5563
    endloop
  endfacet
  facet normal -0 -1 0
    outer loop
      vertex 5.65221 10.25 23.0203
      vertex 12.9001 10.25 30.2681
      vertex 5.31158 10.25 22.9046
    endloop
  endfacet
  facet normal 0 -1 0
    outer loop
      vertex 12.8299 10.25 29.9153
      vertex 6.00501 10.25 23.0904
      vertex 6.36396 10.25 23.114
    endloop
  endfacet
  facet normal 0 -1 0
    outer loop
      vertex 12.8299 10.25 29.9153
      vertex 5.65221 10.25 23.0203
      vertex 6.00501 10.25 23.0904
    endloop
  endfacet
  facet normal 0 -1 0
    outer loop
      vertex 12.9001 10.25 30.2681
      vertex 5.65221 10.25 23.0203
      vertex 12.8299 10.25 29.9153
    endloop
  endfacet
  facet normal 0 -1 0
    outer loop
      vertex 13.9654 10.25 42.461
      vertex 4.98896 10.25 22.7455
      vertex 5.31158 10.25 22.9046
    endloop
  endfacet
  facet normal 0 -1 0
    outer loop
      vertex -7.24784 10.25 21.2478
      vertex 4.98896 10.25 22.7455
      vertex 13.9654 10.25 42.461
    endloop
  endfacet
  facet normal 0 -1 0
    outer loop
      vertex 4.98896 10.25 22.7455
      vertex -7.24784 10.25 21.2478
      vertex 4.68987 10.25 22.5457
    endloop
  endfacet
  facet normal 0 -1 0
    outer loop
      vertex 4.68987 10.25 22.5457
      vertex -7.24784 10.25 21.2478
      vertex 4.41942 10.25 22.3085
    endloop
  endfacet
  facet normal 0 -1 0
    outer loop
      vertex 4.41942 10.25 22.3085
      vertex -7.24784 10.25 21.2478
      vertex 4.18224 10.25 22.0381
    endloop
  endfacet
  facet normal 0 -1 0
    outer loop
      vertex 4.18224 10.25 22.0381
      vertex -7.24784 10.25 21.2478
      vertex 3.98239 10.25 21.739
    endloop
  endfacet
  facet normal 0 -1 0
    outer loop
      vertex 3.98239 10.25 21.739
      vertex -7.24784 10.25 21.2478
      vertex 3.82329 10.25 21.4163
    endloop
  endfacet
  facet normal 0 -1 0
    outer loop
      vertex -7.24784 10.25 21.2478
      vertex 3.70767 10.25 21.0757
      vertex 3.82329 10.25 21.4163
    endloop
  endfacet
  facet normal 0 -1 0
    outer loop
      vertex -7.24784 10.25 21.2478
      vertex 3.63749 10.25 20.7229
      vertex 3.70767 10.25 21.0757
    endloop
  endfacet
  facet normal 0 -1 0
    outer loop
      vertex -7.24784 10.25 21.2478
      vertex 3.61396 10.25 20.364
      vertex 3.63749 10.25 20.7229
    endloop
  endfacet
  facet normal 0 -1 0
    outer loop
      vertex -7.24784 10.25 21.2478
      vertex 3.63749 10.25 20.005
      vertex 3.61396 10.25 20.364
    endloop
  endfacet
  facet normal 0 -1 0
    outer loop
      vertex -7.24784 10.25 21.2478
      vertex 3.70766 10.25 19.6522
      vertex 3.63749 10.25 20.005
    endloop
  endfacet
  facet normal 0 -1 0
    outer loop
      vertex -7.24784 10.25 21.2478
      vertex 3.82329 10.25 19.3116
      vertex 3.70766 10.25 19.6522
    endloop
  endfacet
  facet normal 0 -1 0
    outer loop
      vertex -7.24784 10.25 21.2478
      vertex 3.98239 10.25 18.989
      vertex 3.82329 10.25 19.3116
    endloop
  endfacet
  facet normal 0 -1 0
    outer loop
      vertex -7.24784 10.25 21.2478
      vertex 4.18224 10.25 18.6899
      vertex 3.98239 10.25 18.989
    endloop
  endfacet
  facet normal 0 -1 0
    outer loop
      vertex -7.24784 10.25 21.2478
      vertex 4.41942 10.25 18.4194
      vertex 4.18224 10.25 18.6899
    endloop
  endfacet
  facet normal 0 -1 0
    outer loop
      vertex 7.24784 10.25 6.75216
      vertex 4.41942 10.25 18.4194
      vertex -7.24784 10.25 21.2478
    endloop
  endfacet
  facet normal 0 -1 0
    outer loop
      vertex 4.41942 10.25 18.4194
      vertex 7.24784 10.25 6.75216
      vertex 4.68987 10.25 18.1822
    endloop
  endfacet
  facet normal 0 -1 0
    outer loop
      vertex 4.68987 10.25 18.1822
      vertex 7.24784 10.25 6.75216
      vertex 4.98896 10.25 17.9824
    endloop
  endfacet
  facet normal 0 -1 0
    outer loop
      vertex 4.98896 10.25 17.9824
      vertex 7.24784 10.25 6.75216
      vertex 5.31158 10.25 17.8233
    endloop
  endfacet
  facet normal 0 -1 0
    outer loop
      vertex 6.00501 10.25 17.6375
      vertex 7.24784 10.25 6.75216
      vertex 6.36396 10.25 17.614
    endloop
  endfacet
  facet normal 0 -1 0
    outer loop
      vertex 5.65221 10.25 17.7077
      vertex 7.24784 10.25 6.75216
      vertex 6.00501 10.25 17.6375
    endloop
  endfacet
  facet normal 0 -1 0
    outer loop
      vertex 5.31158 10.25 17.8233
      vertex 7.24784 10.25 6.75216
      vertex 5.65221 10.25 17.7077
    endloop
  endfacet
  facet normal 0 -1 0
    outer loop
      vertex 15.9153 10.25 32.2828
      vertex 13.9654 10.25 42.461
      vertex 15.5563 10.25 32.3063
    endloop
  endfacet
  facet normal 0 -1 0
    outer loop
      vertex 16.2681 10.25 32.2126
      vertex 13.9654 10.25 42.461
      vertex 15.9153 10.25 32.2828
    endloop
  endfacet
  facet normal 0 -1 0
    outer loop
      vertex 16.6087 10.25 32.097
      vertex 13.9654 10.25 42.461
      vertex 16.2681 10.25 32.2126
    endloop
  endfacet
  facet normal 0 -1 0
    outer loop
      vertex 16.9313 10.25 31.9379
      vertex 13.9654 10.25 42.461
      vertex 16.6087 10.25 32.097
    endloop
  endfacet
  facet normal 0 -1 0
    outer loop
      vertex 17.2304 10.25 31.7381
      vertex 13.9654 10.25 42.461
      vertex 16.9313 10.25 31.9379
    endloop
  endfacet
  facet normal 0 -1 0
    outer loop
      vertex 17.5009 10.25 31.5009
      vertex 13.9654 10.25 42.461
      vertex 17.2304 10.25 31.7381
    endloop
  endfacet
  facet normal 0 -1 0
    outer loop
      vertex 28.461 10.25 27.9654
      vertex 17.5009 10.25 31.5009
      vertex 17.7381 10.25 31.2304
    endloop
  endfacet
  facet normal 0 -1 0
    outer loop
      vertex 28.461 10.25 27.9654
      vertex 17.7381 10.25 31.2304
      vertex 17.9379 10.25 30.9313
    endloop
  endfacet
  facet normal 0 -1 0
    outer loop
      vertex 28.461 10.25 27.9654
      vertex 17.9379 10.25 30.9313
      vertex 18.097 10.25 30.6087
    endloop
  endfacet
  facet normal 0 -1 0
    outer loop
      vertex 17.5009 10.25 31.5009
      vertex 28.461 10.25 27.9654
      vertex 13.9654 10.25 42.461
    endloop
  endfacet
  facet normal 0 -1 0
    outer loop
      vertex 18.2126 10.25 30.2681
      vertex 28.461 10.25 27.9654
      vertex 18.097 10.25 30.6087
    endloop
  endfacet
  facet normal 0 -1 0
    outer loop
      vertex 18.2828 10.25 29.9153
      vertex 28.461 10.25 27.9654
      vertex 18.2126 10.25 30.2681
    endloop
  endfacet
  facet normal 0 -1 0
    outer loop
      vertex 18.3063 10.25 29.5563
      vertex 28.461 10.25 27.9654
      vertex 18.2828 10.25 29.9153
    endloop
  endfacet
  facet normal 0 -1 0
    outer loop
      vertex 18.2828 10.25 29.1974
      vertex 28.461 10.25 27.9654
      vertex 18.3063 10.25 29.5563
    endloop
  endfacet
  facet normal 0 -1 0
    outer loop
      vertex 18.2126 10.25 28.8446
      vertex 28.461 10.25 27.9654
      vertex 18.2828 10.25 29.1974
    endloop
  endfacet
  facet normal 0 -1 0
    outer loop
      vertex 18.097 10.25 28.504
      vertex 28.461 10.25 27.9654
      vertex 18.2126 10.25 28.8446
    endloop
  endfacet
  facet normal 0 -1 0
    outer loop
      vertex 17.9379 10.25 28.1813
      vertex 28.461 10.25 27.9654
      vertex 18.097 10.25 28.504
    endloop
  endfacet
  facet normal 0 -1 0
    outer loop
      vertex 17.7381 10.25 27.8823
      vertex 28.461 10.25 27.9654
      vertex 17.9379 10.25 28.1813
    endloop
  endfacet
  facet normal 0 -1 0
    outer loop
      vertex 17.5009 10.25 27.6118
      vertex 28.461 10.25 27.9654
      vertex 17.7381 10.25 27.8823
    endloop
  endfacet
  facet normal 0 -1 0
    outer loop
      vertex 17.2304 10.25 27.3746
      vertex 28.461 10.25 27.9654
      vertex 17.5009 10.25 27.6118
    endloop
  endfacet
  facet normal 0 -1 0
    outer loop
      vertex 16.9313 10.25 27.1748
      vertex 28.461 10.25 27.9654
      vertex 17.2304 10.25 27.3746
    endloop
  endfacet
  facet normal 0 -1 0
    outer loop
      vertex 16.6087 10.25 27.0157
      vertex 28.461 10.25 27.9654
      vertex 16.9313 10.25 27.1748
    endloop
  endfacet
  facet normal 0 -1 0
    outer loop
      vertex 8.90463 10.25 19.3116
      vertex 16.6087 10.25 27.0157
      vertex 16.2681 10.25 26.9001
    endloop
  endfacet
  facet normal 0 -1 0
    outer loop
      vertex 9.02026 10.25 19.6522
      vertex 16.2681 10.25 26.9001
      vertex 15.9153 10.25 26.8299
    endloop
  endfacet
  facet normal 0 -1 -0
    outer loop
      vertex 13.6118 10.25 27.6118
      vertex 8.30851 10.25 22.3085
      vertex 13.8823 10.25 27.3746
    endloop
  endfacet
  facet normal 0 -1 0
    outer loop
      vertex 8.54568 10.25 22.0381
      vertex 13.8823 10.25 27.3746
      vertex 8.30851 10.25 22.3085
    endloop
  endfacet
  facet normal 0 -1 -0
    outer loop
      vertex 13.8823 10.25 27.3746
      vertex 8.54568 10.25 22.0381
      vertex 14.1813 10.25 27.1748
    endloop
  endfacet
  facet normal 0 -1 0
    outer loop
      vertex 8.74553 10.25 21.739
      vertex 14.1813 10.25 27.1748
      vertex 8.54568 10.25 22.0381
    endloop
  endfacet
  facet normal 0 -1 -0
    outer loop
      vertex 14.1813 10.25 27.1748
      vertex 8.74553 10.25 21.739
      vertex 14.504 10.25 27.0157
    endloop
  endfacet
  facet normal 0 -1 0
    outer loop
      vertex 8.90463 10.25 21.4163
      vertex 14.504 10.25 27.0157
      vertex 8.74553 10.25 21.739
    endloop
  endfacet
  facet normal 0 -1 -0
    outer loop
      vertex 14.504 10.25 27.0157
      vertex 8.90463 10.25 21.4163
      vertex 14.8446 10.25 26.9001
    endloop
  endfacet
  facet normal 0 -1 0
    outer loop
      vertex 9.02026 10.25 21.0757
      vertex 14.8446 10.25 26.9001
      vertex 8.90463 10.25 21.4163
    endloop
  endfacet
  facet normal 0 -1 -0
    outer loop
      vertex 14.8446 10.25 26.9001
      vertex 9.02026 10.25 21.0757
      vertex 15.1974 10.25 26.8299
    endloop
  endfacet
  facet normal 0 -1 0
    outer loop
      vertex 9.09043 10.25 20.7229
      vertex 15.1974 10.25 26.8299
      vertex 9.02026 10.25 21.0757
    endloop
  endfacet
  facet normal 0 -1 -0
    outer loop
      vertex 15.1974 10.25 26.8299
      vertex 9.09043 10.25 20.7229
      vertex 15.5563 10.25 26.8063
    endloop
  endfacet
  facet normal 0 -1 0
    outer loop
      vertex 9.11396 10.25 20.364
      vertex 15.5563 10.25 26.8063
      vertex 9.09043 10.25 20.7229
    endloop
  endfacet
  facet normal 0 -1 -0
    outer loop
      vertex 15.5563 10.25 26.8063
      vertex 9.11396 10.25 20.364
      vertex 15.9153 10.25 26.8299
    endloop
  endfacet
  facet normal 0 -1 0
    outer loop
      vertex 9.09043 10.25 20.005
      vertex 15.9153 10.25 26.8299
      vertex 9.11396 10.25 20.364
    endloop
  endfacet
  facet normal 0 -1 0
    outer loop
      vertex 9.02026 10.25 19.6522
      vertex 15.9153 10.25 26.8299
      vertex 9.09043 10.25 20.005
    endloop
  endfacet
  facet normal 0 -1 0
    outer loop
      vertex 16.2681 10.25 26.9001
      vertex 9.02026 10.25 19.6522
      vertex 8.90463 10.25 19.3116
    endloop
  endfacet
  facet normal 0 -1 -0
    outer loop
      vertex 16.6087 10.25 27.0157
      vertex 8.90463 10.25 19.3116
      vertex 28.461 10.25 27.9654
    endloop
  endfacet
  facet normal 0 -1 0
    outer loop
      vertex 8.74553 10.25 18.989
      vertex 28.461 10.25 27.9654
      vertex 8.90463 10.25 19.3116
    endloop
  endfacet
  facet normal 0 -1 0
    outer loop
      vertex 7.24784 10.25 6.75216
      vertex 8.74553 10.25 18.989
      vertex 8.54568 10.25 18.6899
    endloop
  endfacet
  facet normal 0 -1 0
    outer loop
      vertex 7.24784 10.25 6.75216
      vertex 8.54568 10.25 18.6899
      vertex 8.30851 10.25 18.4194
    endloop
  endfacet
  facet normal 0 -1 0
    outer loop
      vertex 7.24784 10.25 6.75216
      vertex 8.30851 10.25 18.4194
      vertex 8.03805 10.25 18.1822
    endloop
  endfacet
  facet normal 0 -1 0
    outer loop
      vertex 7.24784 10.25 6.75216
      vertex 8.03805 10.25 18.1822
      vertex 7.73896 10.25 17.9824
    endloop
  endfacet
  facet normal 0 -1 0
    outer loop
      vertex 7.24784 10.25 6.75216
      vertex 7.73896 10.25 17.9824
      vertex 7.41634 10.25 17.8233
    endloop
  endfacet
  facet normal 0 -1 -0
    outer loop
      vertex 8.74553 10.25 18.989
      vertex 7.24784 10.25 6.75216
      vertex 28.461 10.25 27.9654
    endloop
  endfacet
  facet normal 0 -1 0
    outer loop
      vertex 7.07571 10.25 17.7077
      vertex 7.24784 10.25 6.75216
      vertex 7.41634 10.25 17.8233
    endloop
  endfacet
  facet normal 0 -1 0
    outer loop
      vertex 6.72291 10.25 17.6375
      vertex 7.24784 10.25 6.75216
      vertex 7.07571 10.25 17.7077
    endloop
  endfacet
  facet normal 0 -1 0
    outer loop
      vertex 7.24784 10.25 6.75216
      vertex 6.72291 10.25 17.6375
      vertex 6.36396 10.25 17.614
    endloop
  endfacet
  facet normal 0 1 0
    outer loop
      vertex 13.9654 -10.25 42.461
      vertex 15.9153 -10.25 32.2828
      vertex 15.5563 -10.25 32.3063
    endloop
  endfacet
  facet normal 0 1 0
    outer loop
      vertex 13.9654 -10.25 42.461
      vertex 16.2681 -10.25 32.2126
      vertex 15.9153 -10.25 32.2828
    endloop
  endfacet
  facet normal 0 1 0
    outer loop
      vertex 13.9654 -10.25 42.461
      vertex 16.6087 -10.25 32.097
      vertex 16.2681 -10.25 32.2126
    endloop
  endfacet
  facet normal 0 1 0
    outer loop
      vertex 13.9654 -10.25 42.461
      vertex 16.9313 -10.25 31.9379
      vertex 16.6087 -10.25 32.097
    endloop
  endfacet
  facet normal 0 1 0
    outer loop
      vertex 13.9654 -10.25 42.461
      vertex 17.2304 -10.25 31.7381
      vertex 16.9313 -10.25 31.9379
    endloop
  endfacet
  facet normal 0 1 0
    outer loop
      vertex 13.9654 -10.25 42.461
      vertex 17.5009 -10.25 31.5009
      vertex 17.2304 -10.25 31.7381
    endloop
  endfacet
  facet normal 0 1 0
    outer loop
      vertex 28.461 -10.25 27.9654
      vertex 17.5009 -10.25 31.5009
      vertex 13.9654 -10.25 42.461
    endloop
  endfacet
  facet normal 0 1 0
    outer loop
      vertex 17.5009 -10.25 31.5009
      vertex 28.461 -10.25 27.9654
      vertex 17.7381 -10.25 31.2304
    endloop
  endfacet
  facet normal 0 1 0
    outer loop
      vertex 17.7381 -10.25 31.2304
      vertex 28.461 -10.25 27.9654
      vertex 17.9379 -10.25 30.9313
    endloop
  endfacet
  facet normal 0 1 0
    outer loop
      vertex 17.9379 -10.25 30.9313
      vertex 28.461 -10.25 27.9654
      vertex 18.097 -10.25 30.6087
    endloop
  endfacet
  facet normal 0 1 0
    outer loop
      vertex 28.461 -10.25 27.9654
      vertex 18.2126 -10.25 30.2681
      vertex 18.097 -10.25 30.6087
    endloop
  endfacet
  facet normal 0 1 0
    outer loop
      vertex 28.461 -10.25 27.9654
      vertex 18.2828 -10.25 29.9153
      vertex 18.2126 -10.25 30.2681
    endloop
  endfacet
  facet normal 0 1 0
    outer loop
      vertex 28.461 -10.25 27.9654
      vertex 18.3063 -10.25 29.5563
      vertex 18.2828 -10.25 29.9153
    endloop
  endfacet
  facet normal 0 1 0
    outer loop
      vertex 28.461 -10.25 27.9654
      vertex 18.2828 -10.25 29.1974
      vertex 18.3063 -10.25 29.5563
    endloop
  endfacet
  facet normal 0 1 0
    outer loop
      vertex 28.461 -10.25 27.9654
      vertex 18.2126 -10.25 28.8446
      vertex 18.2828 -10.25 29.1974
    endloop
  endfacet
  facet normal 0 1 0
    outer loop
      vertex 28.461 -10.25 27.9654
      vertex 18.097 -10.25 28.504
      vertex 18.2126 -10.25 28.8446
    endloop
  endfacet
  facet normal 0 1 0
    outer loop
      vertex 28.461 -10.25 27.9654
      vertex 17.9379 -10.25 28.1813
      vertex 18.097 -10.25 28.504
    endloop
  endfacet
  facet normal 0 1 0
    outer loop
      vertex 28.461 -10.25 27.9654
      vertex 17.7381 -10.25 27.8823
      vertex 17.9379 -10.25 28.1813
    endloop
  endfacet
  facet normal 0 1 0
    outer loop
      vertex 28.461 -10.25 27.9654
      vertex 17.5009 -10.25 27.6118
      vertex 17.7381 -10.25 27.8823
    endloop
  endfacet
  facet normal 0 1 0
    outer loop
      vertex 28.461 -10.25 27.9654
      vertex 17.2304 -10.25 27.3746
      vertex 17.5009 -10.25 27.6118
    endloop
  endfacet
  facet normal 0 1 0
    outer loop
      vertex 28.461 -10.25 27.9654
      vertex 16.9313 -10.25 27.1748
      vertex 17.2304 -10.25 27.3746
    endloop
  endfacet
  facet normal 0 1 0
    outer loop
      vertex 28.461 -10.25 27.9654
      vertex 16.6087 -10.25 27.0157
      vertex 16.9313 -10.25 27.1748
    endloop
  endfacet
  facet normal 0 1 0
    outer loop
      vertex 8.90463 -10.25 19.3116
      vertex 16.6087 -10.25 27.0157
      vertex 28.461 -10.25 27.9654
    endloop
  endfacet
  facet normal 0 1 0
    outer loop
      vertex 16.6087 -10.25 27.0157
      vertex 8.90463 -10.25 19.3116
      vertex 16.2681 -10.25 26.9001
    endloop
  endfacet
  facet normal 0 1 0
    outer loop
      vertex 9.11396 -10.25 20.364
      vertex 15.5563 -10.25 26.8063
      vertex 15.9153 -10.25 26.8299
    endloop
  endfacet
  facet normal -0 1 0
    outer loop
      vertex 9.02026 -10.25 19.6522
      vertex 16.2681 -10.25 26.9001
      vertex 8.90463 -10.25 19.3116
    endloop
  endfacet
  facet normal 0 1 0
    outer loop
      vertex 15.5563 -10.25 26.8063
      vertex 6.72291 -10.25 23.0904
      vertex 6.36396 -10.25 23.114
    endloop
  endfacet
  facet normal 0 1 0
    outer loop
      vertex 15.5563 -10.25 26.8063
      vertex 7.07571 -10.25 23.0203
      vertex 6.72291 -10.25 23.0904
    endloop
  endfacet
  facet normal 0 1 0
    outer loop
      vertex 15.5563 -10.25 26.8063
      vertex 7.41634 -10.25 22.9046
      vertex 7.07571 -10.25 23.0203
    endloop
  endfacet
  facet normal 0 1 0
    outer loop
      vertex 15.5563 -10.25 26.8063
      vertex 7.73896 -10.25 22.7455
      vertex 7.41634 -10.25 22.9046
    endloop
  endfacet
  facet normal 0 1 0
    outer loop
      vertex 15.5563 -10.25 26.8063
      vertex 8.03805 -10.25 22.5457
      vertex 7.73896 -10.25 22.7455
    endloop
  endfacet
  facet normal 0 1 0
    outer loop
      vertex 15.5563 -10.25 26.8063
      vertex 8.30851 -10.25 22.3085
      vertex 8.03805 -10.25 22.5457
    endloop
  endfacet
  facet normal 0 1 0
    outer loop
      vertex 15.5563 -10.25 26.8063
      vertex 8.54568 -10.25 22.0381
      vertex 8.30851 -10.25 22.3085
    endloop
  endfacet
  facet normal 0 1 0
    outer loop
      vertex 15.5563 -10.25 26.8063
      vertex 8.74553 -10.25 21.739
      vertex 8.54568 -10.25 22.0381
    endloop
  endfacet
  facet normal 0 1 0
    outer loop
      vertex 15.5563 -10.25 26.8063
      vertex 8.90463 -10.25 21.4163
      vertex 8.74553 -10.25 21.739
    endloop
  endfacet
  facet normal 0 1 0
    outer loop
      vertex 15.5563 -10.25 26.8063
      vertex 9.02026 -10.25 21.0757
      vertex 8.90463 -10.25 21.4163
    endloop
  endfacet
  facet normal 0 1 0
    outer loop
      vertex 15.5563 -10.25 26.8063
      vertex 9.09043 -10.25 20.7229
      vertex 9.02026 -10.25 21.0757
    endloop
  endfacet
  facet normal 0 1 0
    outer loop
      vertex 15.5563 -10.25 26.8063
      vertex 9.11396 -10.25 20.364
      vertex 9.09043 -10.25 20.7229
    endloop
  endfacet
  facet normal 0 1 0
    outer loop
      vertex 15.9153 -10.25 26.8299
      vertex 9.09043 -10.25 20.005
      vertex 9.11396 -10.25 20.364
    endloop
  endfacet
  facet normal 0 1 0
    outer loop
      vertex 15.9153 -10.25 26.8299
      vertex 9.02026 -10.25 19.6522
      vertex 9.09043 -10.25 20.005
    endloop
  endfacet
  facet normal 0 1 0
    outer loop
      vertex 16.2681 -10.25 26.9001
      vertex 9.02026 -10.25 19.6522
      vertex 15.9153 -10.25 26.8299
    endloop
  endfacet
  facet normal 0 1 0
    outer loop
      vertex 28.461 -10.25 27.9654
      vertex 8.74553 -10.25 18.989
      vertex 8.90463 -10.25 19.3116
    endloop
  endfacet
  facet normal 0 1 0
    outer loop
      vertex 7.24784 -10.25 6.75216
      vertex 8.74553 -10.25 18.989
      vertex 28.461 -10.25 27.9654
    endloop
  endfacet
  facet normal 0 1 0
    outer loop
      vertex 8.74553 -10.25 18.989
      vertex 7.24784 -10.25 6.75216
      vertex 8.54568 -10.25 18.6899
    endloop
  endfacet
  facet normal 0 1 0
    outer loop
      vertex 8.54568 -10.25 18.6899
      vertex 7.24784 -10.25 6.75216
      vertex 8.30851 -10.25 18.4194
    endloop
  endfacet
  facet normal 0 1 0
    outer loop
      vertex 8.30851 -10.25 18.4194
      vertex 7.24784 -10.25 6.75216
      vertex 8.03805 -10.25 18.1822
    endloop
  endfacet
  facet normal 0 1 0
    outer loop
      vertex 8.03805 -10.25 18.1822
      vertex 7.24784 -10.25 6.75216
      vertex 7.73896 -10.25 17.9824
    endloop
  endfacet
  facet normal 0 1 0
    outer loop
      vertex 6.72291 -10.25 17.6375
      vertex 7.24784 -10.25 6.75216
      vertex 6.36396 -10.25 17.614
    endloop
  endfacet
  facet normal 0 1 0
    outer loop
      vertex 7.07571 -10.25 17.7077
      vertex 7.24784 -10.25 6.75216
      vertex 6.72291 -10.25 17.6375
    endloop
  endfacet
  facet normal 0 1 0
    outer loop
      vertex 7.41634 -10.25 17.8233
      vertex 7.24784 -10.25 6.75216
      vertex 7.07571 -10.25 17.7077
    endloop
  endfacet
  facet normal 0 1 0
    outer loop
      vertex 7.73896 -10.25 17.9824
      vertex 7.24784 -10.25 6.75216
      vertex 7.41634 -10.25 17.8233
    endloop
  endfacet
  facet normal 0 1 -0
    outer loop
      vertex 15.1974 -10.25 32.2828
      vertex 13.9654 -10.25 42.461
      vertex 15.5563 -10.25 32.3063
    endloop
  endfacet
  facet normal 0 1 -0
    outer loop
      vertex 14.8446 -10.25 32.2126
      vertex 13.9654 -10.25 42.461
      vertex 15.1974 -10.25 32.2828
    endloop
  endfacet
  facet normal 0 1 -0
    outer loop
      vertex 14.504 -10.25 32.097
      vertex 13.9654 -10.25 42.461
      vertex 14.8446 -10.25 32.2126
    endloop
  endfacet
  facet normal 0 1 -0
    outer loop
      vertex 14.1813 -10.25 31.9379
      vertex 13.9654 -10.25 42.461
      vertex 14.504 -10.25 32.097
    endloop
  endfacet
  facet normal 0 1 0
    outer loop
      vertex 13.8823 -10.25 31.7381
      vertex 13.9654 -10.25 42.461
      vertex 14.1813 -10.25 31.9379
    endloop
  endfacet
  facet normal 0 1 0
    outer loop
      vertex 13.6118 -10.25 31.5009
      vertex 13.9654 -10.25 42.461
      vertex 13.8823 -10.25 31.7381
    endloop
  endfacet
  facet normal 0 1 0
    outer loop
      vertex 13.3746 -10.25 31.2304
      vertex 13.9654 -10.25 42.461
      vertex 13.6118 -10.25 31.5009
    endloop
  endfacet
  facet normal 0 1 0
    outer loop
      vertex 13.1748 -10.25 30.9313
      vertex 13.9654 -10.25 42.461
      vertex 13.3746 -10.25 31.2304
    endloop
  endfacet
  facet normal 0 1 0
    outer loop
      vertex 13.0157 -10.25 30.6087
      vertex 13.9654 -10.25 42.461
      vertex 13.1748 -10.25 30.9313
    endloop
  endfacet
  facet normal 0 1 0
    outer loop
      vertex 5.31158 -10.25 22.9046
      vertex 13.0157 -10.25 30.6087
      vertex 12.9001 -10.25 30.2681
    endloop
  endfacet
  facet normal 0 1 0
    outer loop
      vertex 5.65221 -10.25 23.0203
      vertex 12.9001 -10.25 30.2681
      vertex 12.8299 -10.25 29.9153
    endloop
  endfacet
  facet normal 0 1 0
    outer loop
      vertex 6.36396 -10.25 23.114
      vertex 15.1974 -10.25 26.8299
      vertex 15.5563 -10.25 26.8063
    endloop
  endfacet
  facet normal 0 1 0
    outer loop
      vertex 6.36396 -10.25 23.114
      vertex 14.8446 -10.25 26.9001
      vertex 15.1974 -10.25 26.8299
    endloop
  endfacet
  facet normal 0 1 0
    outer loop
      vertex 6.36396 -10.25 23.114
      vertex 14.504 -10.25 27.0157
      vertex 14.8446 -10.25 26.9001
    endloop
  endfacet
  facet normal 0 1 0
    outer loop
      vertex 6.36396 -10.25 23.114
      vertex 14.1813 -10.25 27.1748
      vertex 14.504 -10.25 27.0157
    endloop
  endfacet
  facet normal 0 1 0
    outer loop
      vertex 6.36396 -10.25 23.114
      vertex 13.8823 -10.25 27.3746
      vertex 14.1813 -10.25 27.1748
    endloop
  endfacet
  facet normal 0 1 0
    outer loop
      vertex 6.36396 -10.25 23.114
      vertex 13.6118 -10.25 27.6118
      vertex 13.8823 -10.25 27.3746
    endloop
  endfacet
  facet normal 0 1 0
    outer loop
      vertex 6.36396 -10.25 23.114
      vertex 13.3746 -10.25 27.8823
      vertex 13.6118 -10.25 27.6118
    endloop
  endfacet
  facet normal 0 1 0
    outer loop
      vertex 6.36396 -10.25 23.114
      vertex 13.1748 -10.25 28.1813
      vertex 13.3746 -10.25 27.8823
    endloop
  endfacet
  facet normal 0 1 0
    outer loop
      vertex 6.36396 -10.25 23.114
      vertex 13.0157 -10.25 28.504
      vertex 13.1748 -10.25 28.1813
    endloop
  endfacet
  facet normal 0 1 0
    outer loop
      vertex 6.36396 -10.25 23.114
      vertex 12.9001 -10.25 28.8446
      vertex 13.0157 -10.25 28.504
    endloop
  endfacet
  facet normal 0 1 0
    outer loop
      vertex 6.36396 -10.25 23.114
      vertex 12.8299 -10.25 29.1974
      vertex 12.9001 -10.25 28.8446
    endloop
  endfacet
  facet normal 0 1 0
    outer loop
      vertex 6.36396 -10.25 23.114
      vertex 12.8063 -10.25 29.5563
      vertex 12.8299 -10.25 29.1974
    endloop
  endfacet
  facet normal 0 1 0
    outer loop
      vertex 6.36396 -10.25 23.114
      vertex 12.8299 -10.25 29.9153
      vertex 12.8063 -10.25 29.5563
    endloop
  endfacet
  facet normal 0 1 0
    outer loop
      vertex 6.00501 -10.25 23.0904
      vertex 12.8299 -10.25 29.9153
      vertex 6.36396 -10.25 23.114
    endloop
  endfacet
  facet normal 0 1 0
    outer loop
      vertex 5.65221 -10.25 23.0203
      vertex 12.8299 -10.25 29.9153
      vertex 6.00501 -10.25 23.0904
    endloop
  endfacet
  facet normal 0 1 0
    outer loop
      vertex 12.9001 -10.25 30.2681
      vertex 5.65221 -10.25 23.0203
      vertex 5.31158 -10.25 22.9046
    endloop
  endfacet
  facet normal 0 1 -0
    outer loop
      vertex 13.0157 -10.25 30.6087
      vertex 5.31158 -10.25 22.9046
      vertex 13.9654 -10.25 42.461
    endloop
  endfacet
  facet normal 0 1 0
    outer loop
      vertex 4.98896 -10.25 22.7455
      vertex 13.9654 -10.25 42.461
      vertex 5.31158 -10.25 22.9046
    endloop
  endfacet
  facet normal 0 1 0
    outer loop
      vertex -7.24784 -10.25 21.2478
      vertex 4.98896 -10.25 22.7455
      vertex 4.68987 -10.25 22.5457
    endloop
  endfacet
  facet normal 0 1 0
    outer loop
      vertex -7.24784 -10.25 21.2478
      vertex 4.68987 -10.25 22.5457
      vertex 4.41942 -10.25 22.3085
    endloop
  endfacet
  facet normal 0 1 0
    outer loop
      vertex -7.24784 -10.25 21.2478
      vertex 4.41942 -10.25 22.3085
      vertex 4.18224 -10.25 22.0381
    endloop
  endfacet
  facet normal 0 1 0
    outer loop
      vertex -7.24784 -10.25 21.2478
      vertex 4.18224 -10.25 22.0381
      vertex 3.98239 -10.25 21.739
    endloop
  endfacet
  facet normal 0 1 0
    outer loop
      vertex -7.24784 -10.25 21.2478
      vertex 3.98239 -10.25 21.739
      vertex 3.82329 -10.25 21.4163
    endloop
  endfacet
  facet normal 0 1 -0
    outer loop
      vertex 4.98896 -10.25 22.7455
      vertex -7.24784 -10.25 21.2478
      vertex 13.9654 -10.25 42.461
    endloop
  endfacet
  facet normal 0 1 -0
    outer loop
      vertex 3.70767 -10.25 21.0757
      vertex -7.24784 -10.25 21.2478
      vertex 3.82329 -10.25 21.4163
    endloop
  endfacet
  facet normal 0 1 -0
    outer loop
      vertex 3.63749 -10.25 20.7229
      vertex -7.24784 -10.25 21.2478
      vertex 3.70767 -10.25 21.0757
    endloop
  endfacet
  facet normal 0 1 -0
    outer loop
      vertex 3.61396 -10.25 20.364
      vertex -7.24784 -10.25 21.2478
      vertex 3.63749 -10.25 20.7229
    endloop
  endfacet
  facet normal 0 1 0
    outer loop
      vertex 3.63749 -10.25 20.005
      vertex -7.24784 -10.25 21.2478
      vertex 3.61396 -10.25 20.364
    endloop
  endfacet
  facet normal 0 1 0
    outer loop
      vertex 3.70766 -10.25 19.6522
      vertex -7.24784 -10.25 21.2478
      vertex 3.63749 -10.25 20.005
    endloop
  endfacet
  facet normal 0 1 0
    outer loop
      vertex 3.82329 -10.25 19.3116
      vertex -7.24784 -10.25 21.2478
      vertex 3.70766 -10.25 19.6522
    endloop
  endfacet
  facet normal 0 1 0
    outer loop
      vertex 3.98239 -10.25 18.989
      vertex -7.24784 -10.25 21.2478
      vertex 3.82329 -10.25 19.3116
    endloop
  endfacet
  facet normal 0 1 0
    outer loop
      vertex 4.18224 -10.25 18.6899
      vertex -7.24784 -10.25 21.2478
      vertex 3.98239 -10.25 18.989
    endloop
  endfacet
  facet normal 0 1 0
    outer loop
      vertex 4.41942 -10.25 18.4194
      vertex -7.24784 -10.25 21.2478
      vertex 4.18224 -10.25 18.6899
    endloop
  endfacet
  facet normal 0 1 0
    outer loop
      vertex 7.24784 -10.25 6.75216
      vertex 4.41942 -10.25 18.4194
      vertex 4.68987 -10.25 18.1822
    endloop
  endfacet
  facet normal 0 1 0
    outer loop
      vertex 7.24784 -10.25 6.75216
      vertex 4.68987 -10.25 18.1822
      vertex 4.98896 -10.25 17.9824
    endloop
  endfacet
  facet normal 0 1 0
    outer loop
      vertex 7.24784 -10.25 6.75216
      vertex 4.98896 -10.25 17.9824
      vertex 5.31158 -10.25 17.8233
    endloop
  endfacet
  facet normal 0 1 0
    outer loop
      vertex 7.24784 -10.25 6.75216
      vertex 5.31158 -10.25 17.8233
      vertex 5.65221 -10.25 17.7077
    endloop
  endfacet
  facet normal 0 1 0
    outer loop
      vertex 4.41942 -10.25 18.4194
      vertex 7.24784 -10.25 6.75216
      vertex -7.24784 -10.25 21.2478
    endloop
  endfacet
  facet normal 0 1 0
    outer loop
      vertex 6.00501 -10.25 17.6375
      vertex 7.24784 -10.25 6.75216
      vertex 5.65221 -10.25 17.7077
    endloop
  endfacet
  facet normal 0 1 0
    outer loop
      vertex 7.24784 -10.25 6.75216
      vertex 6.00501 -10.25 17.6375
      vertex 6.36396 -10.25 17.614
    endloop
  endfacet
  facet normal -0.980787 -0.195081 -0
    outer loop
      vertex 4.95722 0.652631 9.04278
      vertex 4.82963 1.2941 4
      vertex 4.95722 0.652631 4
    endloop
  endfacet
  facet normal -0.980787 -0.195081 0
    outer loop
      vertex 4.82963 1.2941 4
      vertex 4.95722 0.652631 9.04278
      vertex 4.82963 1.2941 9.17037
    endloop
  endfacet
  facet normal -0.997858 -0.0654097 -0
    outer loop
      vertex 5 0 9
      vertex 4.95722 0.652631 4
      vertex 5 0 4
    endloop
  endfacet
  facet normal -0.997858 -0.0654097 0
    outer loop
      vertex 4.95722 0.652631 4
      vertex 5 0 9
      vertex 4.95722 0.652631 9.04278
    endloop
  endfacet
  facet normal -0.321438 0.946931 0
    outer loop
      vertex 1.2941 -4.82963 4
      vertex 1.91342 -4.6194 12.0866
      vertex 1.91342 -4.6194 4
    endloop
  endfacet
  facet normal -0.321438 0.946931 0
    outer loop
      vertex 1.91342 -4.6194 12.0866
      vertex 1.2941 -4.82963 4
      vertex 1.2941 -4.82963 12.7059
    endloop
  endfacet
  facet normal -0.831471 -0.555568 -0
    outer loop
      vertex 4.33013 2.5 9.66987
      vertex 3.96677 3.04381 4
      vertex 4.33013 2.5 4
    endloop
  endfacet
  facet normal -0.831471 -0.555568 0
    outer loop
      vertex 3.96677 3.04381 4
      vertex 4.33013 2.5 9.66987
      vertex 3.96677 3.04381 10.0332
    endloop
  endfacet
  facet normal 0.896872 -0.44229 0
    outer loop
      vertex -4.6194 1.91342 14
      vertex -4.33013 2.5 4
      vertex -4.33013 2.5 14
    endloop
  endfacet
  facet normal 0.896872 -0.44229 0
    outer loop
      vertex -4.33013 2.5 4
      vertex -4.6194 1.91342 14
      vertex -4.6194 1.91342 4
    endloop
  endfacet
  facet normal 0.555568 -0.831471 0
    outer loop
      vertex -3.04381 3.96677 4
      vertex -2.5 4.33013 14
      vertex -3.04381 3.96677 14
    endloop
  endfacet
  facet normal 0.555568 -0.831471 0
    outer loop
      vertex -2.5 4.33013 14
      vertex -3.04381 3.96677 4
      vertex -2.5 4.33013 4
    endloop
  endfacet
  facet normal 0.659357 -0.75183 0
    outer loop
      vertex -3.53553 3.53553 4
      vertex -3.04381 3.96677 14
      vertex -3.53553 3.53553 14
    endloop
  endfacet
  facet normal 0.659357 -0.75183 0
    outer loop
      vertex -3.04381 3.96677 14
      vertex -3.53553 3.53553 4
      vertex -3.04381 3.96677 4
    endloop
  endfacet
  facet normal 0.75183 -0.659357 0
    outer loop
      vertex -3.96677 3.04381 14
      vertex -3.53553 3.53553 4
      vertex -3.53553 3.53553 14
    endloop
  endfacet
  facet normal 0.75183 -0.659357 0
    outer loop
      vertex -3.53553 3.53553 4
      vertex -3.96677 3.04381 14
      vertex -3.96677 3.04381 4
    endloop
  endfacet
  facet normal -0.946931 0.321438 0
    outer loop
      vertex 4.6194 -1.91342 4
      vertex 4.82963 -1.2941 9.17037
      vertex 4.82963 -1.2941 4
    endloop
  endfacet
  facet normal -0.946931 0.321438 0
    outer loop
      vertex 4.82963 -1.2941 9.17037
      vertex 4.6194 -1.91342 4
      vertex 4.6194 -1.91342 9.3806
    endloop
  endfacet
  facet normal 0.997858 -0.0654097 0
    outer loop
      vertex -5 0 14
      vertex -4.95722 0.652631 4
      vertex -4.95722 0.652631 14
    endloop
  endfacet
  facet normal 0.997858 -0.0654097 0
    outer loop
      vertex -4.95722 0.652631 4
      vertex -5 0 14
      vertex -5 0 4
    endloop
  endfacet
  facet normal -0.555568 -0.831471 0
    outer loop
      vertex 2.5 4.33013 4
      vertex 3.04381 3.96677 10.9562
      vertex 2.5 4.33013 11.5
    endloop
  endfacet
  facet normal -0.555568 -0.831471 -0
    outer loop
      vertex 3.04381 3.96677 10.9562
      vertex 2.5 4.33013 4
      vertex 3.04381 3.96677 4
    endloop
  endfacet
  facet normal 0.321438 0.946931 -0
    outer loop
      vertex -1.2941 -4.82963 4
      vertex -1.91342 -4.6194 14
      vertex -1.2941 -4.82963 14
    endloop
  endfacet
  facet normal 0.321438 0.946931 0
    outer loop
      vertex -1.91342 -4.6194 14
      vertex -1.2941 -4.82963 4
      vertex -1.91342 -4.6194 4
    endloop
  endfacet
  facet normal -0.195081 0.980787 0
    outer loop
      vertex 0.652631 -4.95722 4
      vertex 1.2941 -4.82963 12.7059
      vertex 1.2941 -4.82963 4
    endloop
  endfacet
  facet normal -0.195081 0.980787 0
    outer loop
      vertex 1.2941 -4.82963 12.7059
      vertex 0.652631 -4.95722 4
      vertex 0.652631 -4.95722 13.3474
    endloop
  endfacet
  facet normal 0.321438 -0.946931 0
    outer loop
      vertex -1.91342 4.6194 4
      vertex -1.2941 4.82963 14
      vertex -1.91342 4.6194 14
    endloop
  endfacet
  facet normal 0.321438 -0.946931 0
    outer loop
      vertex -1.2941 4.82963 14
      vertex -1.91342 4.6194 4
      vertex -1.2941 4.82963 4
    endloop
  endfacet
  facet normal 0.831471 0.555568 0
    outer loop
      vertex -3.96677 -3.04381 14
      vertex -4.33013 -2.5 4
      vertex -4.33013 -2.5 14
    endloop
  endfacet
  facet normal 0.831471 0.555568 0
    outer loop
      vertex -4.33013 -2.5 4
      vertex -3.96677 -3.04381 14
      vertex -3.96677 -3.04381 4
    endloop
  endfacet
  facet normal -0.555568 0.831471 0
    outer loop
      vertex 2.5 -4.33013 4
      vertex 3.04381 -3.96677 10.9562
      vertex 3.04381 -3.96677 4
    endloop
  endfacet
  facet normal -0.555568 0.831471 0
    outer loop
      vertex 3.04381 -3.96677 10.9562
      vertex 2.5 -4.33013 4
      vertex 2.5 -4.33013 11.5
    endloop
  endfacet
  facet normal 0.946931 -0.321438 0
    outer loop
      vertex -4.82963 1.2941 14
      vertex -4.6194 1.91342 4
      vertex -4.6194 1.91342 14
    endloop
  endfacet
  facet normal 0.946931 -0.321438 0
    outer loop
      vertex -4.6194 1.91342 4
      vertex -4.82963 1.2941 14
      vertex -4.82963 1.2941 4
    endloop
  endfacet
  facet normal -0.321438 -0.946931 0
    outer loop
      vertex 1.2941 4.82963 4
      vertex 1.91342 4.6194 12.0866
      vertex 1.2941 4.82963 12.7059
    endloop
  endfacet
  facet normal -0.321438 -0.946931 -0
    outer loop
      vertex 1.91342 4.6194 12.0866
      vertex 1.2941 4.82963 4
      vertex 1.91342 4.6194 4
    endloop
  endfacet
  facet normal -0.0654097 -0.997858 0
    outer loop
      vertex 0 5 4
      vertex 0.652631 4.95722 13.3474
      vertex 0 5 14
    endloop
  endfacet
  facet normal -0.0654097 -0.997858 -0
    outer loop
      vertex 0.652631 4.95722 13.3474
      vertex 0 5 4
      vertex 0.652631 4.95722 4
    endloop
  endfacet
  facet normal 0.44229 -0.896872 0
    outer loop
      vertex -2.5 4.33013 4
      vertex -1.91342 4.6194 14
      vertex -2.5 4.33013 14
    endloop
  endfacet
  facet normal 0.44229 -0.896872 0
    outer loop
      vertex -1.91342 4.6194 14
      vertex -2.5 4.33013 4
      vertex -1.91342 4.6194 4
    endloop
  endfacet
  facet normal -0.831471 0.555568 0
    outer loop
      vertex 3.96677 -3.04381 4
      vertex 4.33013 -2.5 9.66987
      vertex 4.33013 -2.5 4
    endloop
  endfacet
  facet normal -0.831471 0.555568 0
    outer loop
      vertex 4.33013 -2.5 9.66987
      vertex 3.96677 -3.04381 4
      vertex 3.96677 -3.04381 10.0332
    endloop
  endfacet
  facet normal 0.997858 0.0654097 0
    outer loop
      vertex -4.95722 -0.652631 14
      vertex -5 0 4
      vertex -5 0 14
    endloop
  endfacet
  facet normal 0.997858 0.0654097 0
    outer loop
      vertex -5 0 4
      vertex -4.95722 -0.652631 14
      vertex -4.95722 -0.652631 4
    endloop
  endfacet
  facet normal 0.946931 0.321438 0
    outer loop
      vertex -4.6194 -1.91342 14
      vertex -4.82963 -1.2941 4
      vertex -4.82963 -1.2941 14
    endloop
  endfacet
  facet normal 0.946931 0.321438 0
    outer loop
      vertex -4.82963 -1.2941 4
      vertex -4.6194 -1.91342 14
      vertex -4.6194 -1.91342 4
    endloop
  endfacet
  facet normal 0.659357 0.75183 -0
    outer loop
      vertex -3.04381 -3.96677 4
      vertex -3.53553 -3.53553 14
      vertex -3.04381 -3.96677 14
    endloop
  endfacet
  facet normal 0.659357 0.75183 0
    outer loop
      vertex -3.53553 -3.53553 14
      vertex -3.04381 -3.96677 4
      vertex -3.53553 -3.53553 4
    endloop
  endfacet
  facet normal -0.44229 -0.896872 0
    outer loop
      vertex 1.91342 4.6194 4
      vertex 2.5 4.33013 11.5
      vertex 1.91342 4.6194 12.0866
    endloop
  endfacet
  facet normal -0.44229 -0.896872 -0
    outer loop
      vertex 2.5 4.33013 11.5
      vertex 1.91342 4.6194 4
      vertex 2.5 4.33013 4
    endloop
  endfacet
  facet normal 0.195081 -0.980787 0
    outer loop
      vertex -1.2941 4.82963 4
      vertex -0.652631 4.95722 14
      vertex -1.2941 4.82963 14
    endloop
  endfacet
  facet normal 0.195081 -0.980787 0
    outer loop
      vertex -0.652631 4.95722 14
      vertex -1.2941 4.82963 4
      vertex -0.652631 4.95722 4
    endloop
  endfacet
  facet normal -0.75183 -0.659357 -0
    outer loop
      vertex 3.96677 3.04381 10.0332
      vertex 3.53553 3.53553 4
      vertex 3.96677 3.04381 4
    endloop
  endfacet
  facet normal -0.75183 -0.659357 0
    outer loop
      vertex 3.53553 3.53553 4
      vertex 3.96677 3.04381 10.0332
      vertex 3.53553 3.53553 10.4645
    endloop
  endfacet
  facet normal -0.195081 -0.980787 0
    outer loop
      vertex 0.652631 4.95722 4
      vertex 1.2941 4.82963 12.7059
      vertex 0.652631 4.95722 13.3474
    endloop
  endfacet
  facet normal -0.195081 -0.980787 -0
    outer loop
      vertex 1.2941 4.82963 12.7059
      vertex 0.652631 4.95722 4
      vertex 1.2941 4.82963 4
    endloop
  endfacet
  facet normal -0.75183 0.659357 0
    outer loop
      vertex 3.53553 -3.53553 4
      vertex 3.96677 -3.04381 10.0332
      vertex 3.96677 -3.04381 4
    endloop
  endfacet
  facet normal -0.75183 0.659357 0
    outer loop
      vertex 3.96677 -3.04381 10.0332
      vertex 3.53553 -3.53553 4
      vertex 3.53553 -3.53553 10.4645
    endloop
  endfacet
  facet normal 0.44229 0.896872 -0
    outer loop
      vertex -1.91342 -4.6194 4
      vertex -2.5 -4.33013 14
      vertex -1.91342 -4.6194 14
    endloop
  endfacet
  facet normal 0.44229 0.896872 0
    outer loop
      vertex -2.5 -4.33013 14
      vertex -1.91342 -4.6194 4
      vertex -2.5 -4.33013 4
    endloop
  endfacet
  facet normal 0.0654097 -0.997858 0
    outer loop
      vertex -0.652631 4.95722 4
      vertex 0 5 14
      vertex -0.652631 4.95722 14
    endloop
  endfacet
  facet normal 0.0654097 -0.997858 0
    outer loop
      vertex 0 5 14
      vertex -0.652631 4.95722 4
      vertex 0 5 4
    endloop
  endfacet
  facet normal 0.980787 -0.195081 0
    outer loop
      vertex -4.95722 0.652631 14
      vertex -4.82963 1.2941 4
      vertex -4.82963 1.2941 14
    endloop
  endfacet
  facet normal 0.980787 -0.195081 0
    outer loop
      vertex -4.82963 1.2941 4
      vertex -4.95722 0.652631 14
      vertex -4.95722 0.652631 4
    endloop
  endfacet
  facet normal -0.0654097 0.997858 0
    outer loop
      vertex 0 -5 4
      vertex 0.652631 -4.95722 13.3474
      vertex 0.652631 -4.95722 4
    endloop
  endfacet
  facet normal -0.0654097 0.997858 0
    outer loop
      vertex 0.652631 -4.95722 13.3474
      vertex 0 -5 4
      vertex 0 -5 14
    endloop
  endfacet
  facet normal -0.44229 0.896872 0
    outer loop
      vertex 1.91342 -4.6194 4
      vertex 2.5 -4.33013 11.5
      vertex 2.5 -4.33013 4
    endloop
  endfacet
  facet normal -0.44229 0.896872 0
    outer loop
      vertex 2.5 -4.33013 11.5
      vertex 1.91342 -4.6194 4
      vertex 1.91342 -4.6194 12.0866
    endloop
  endfacet
  facet normal 0 0 1
    outer loop
      vertex 3 0 4
      vertex 5 0 4
      vertex 4.95722 0.652631 4
    endloop
  endfacet
  facet normal 0 0 1
    outer loop
      vertex 2.97433 0.391578 4
      vertex 4.95722 0.652631 4
      vertex 4.82963 1.2941 4
    endloop
  endfacet
  facet normal 0 0 1
    outer loop
      vertex 5 0 4
      vertex 3 0 4
      vertex 4.95722 -0.652631 4
    endloop
  endfacet
  facet normal 0 0 1
    outer loop
      vertex 2.89778 0.776457 4
      vertex 4.82963 1.2941 4
      vertex 4.6194 1.91342 4
    endloop
  endfacet
  facet normal -0 0 1
    outer loop
      vertex 2.97433 -0.391578 4
      vertex 4.95722 -0.652631 4
      vertex 3 0 4
    endloop
  endfacet
  facet normal 0 0 1
    outer loop
      vertex 2.77164 1.14805 4
      vertex 4.6194 1.91342 4
      vertex 4.33013 2.5 4
    endloop
  endfacet
  facet normal 0 0 1
    outer loop
      vertex 4.95722 -0.652631 4
      vertex 2.97433 -0.391578 4
      vertex 4.82963 -1.2941 4
    endloop
  endfacet
  facet normal 0 0 1
    outer loop
      vertex 2.59808 1.5 4
      vertex 4.33013 2.5 4
      vertex 3.96677 3.04381 4
    endloop
  endfacet
  facet normal -0 0 1
    outer loop
      vertex 2.89778 -0.776457 4
      vertex 4.82963 -1.2941 4
      vertex 2.97433 -0.391578 4
    endloop
  endfacet
  facet normal 0 0 1
    outer loop
      vertex 2.38006 1.82628 4
      vertex 3.96677 3.04381 4
      vertex 3.53553 3.53553 4
    endloop
  endfacet
  facet normal 0 0 1
    outer loop
      vertex 4.82963 -1.2941 4
      vertex 2.89778 -0.776457 4
      vertex 4.6194 -1.91342 4
    endloop
  endfacet
  facet normal 0 0 1
    outer loop
      vertex 2.12132 2.12132 4
      vertex 3.53553 3.53553 4
      vertex 3.04381 3.96677 4
    endloop
  endfacet
  facet normal -0 0 1
    outer loop
      vertex 2.77164 -1.14805 4
      vertex 4.6194 -1.91342 4
      vertex 2.89778 -0.776457 4
    endloop
  endfacet
  facet normal 0 0 1
    outer loop
      vertex 4.6194 -1.91342 4
      vertex 2.77164 -1.14805 4
      vertex 4.33013 -2.5 4
    endloop
  endfacet
  facet normal 0 0 1
    outer loop
      vertex 4.95722 0.652631 4
      vertex 2.97433 0.391578 4
      vertex 3 0 4
    endloop
  endfacet
  facet normal 0 0 1
    outer loop
      vertex 4.82963 1.2941 4
      vertex 2.89778 0.776457 4
      vertex 2.97433 0.391578 4
    endloop
  endfacet
  facet normal 0 0 1
    outer loop
      vertex 4.6194 1.91342 4
      vertex 2.77164 1.14805 4
      vertex 2.89778 0.776457 4
    endloop
  endfacet
  facet normal 0 0 1
    outer loop
      vertex 4.33013 2.5 4
      vertex 2.59808 1.5 4
      vertex 2.77164 1.14805 4
    endloop
  endfacet
  facet normal 0 0 1
    outer loop
      vertex 1.82628 2.38006 4
      vertex 3.04381 3.96677 4
      vertex 2.5 4.33013 4
    endloop
  endfacet
  facet normal 0 0 1
    outer loop
      vertex 3.96677 3.04381 4
      vertex 2.38006 1.82628 4
      vertex 2.59808 1.5 4
    endloop
  endfacet
  facet normal 0 0 1
    outer loop
      vertex 3.53553 3.53553 4
      vertex 2.12132 2.12132 4
      vertex 2.38006 1.82628 4
    endloop
  endfacet
  facet normal 0 0 1
    outer loop
      vertex 1.5 2.59808 4
      vertex 2.5 4.33013 4
      vertex 1.91342 4.6194 4
    endloop
  endfacet
  facet normal 0 0 1
    outer loop
      vertex 3.04381 3.96677 4
      vertex 1.82628 2.38006 4
      vertex 2.12132 2.12132 4
    endloop
  endfacet
  facet normal 0 0 1
    outer loop
      vertex 2.5 4.33013 4
      vertex 1.5 2.59808 4
      vertex 1.82628 2.38006 4
    endloop
  endfacet
  facet normal 0 0 1
    outer loop
      vertex 1.14805 2.77164 4
      vertex 1.91342 4.6194 4
      vertex 1.2941 4.82963 4
    endloop
  endfacet
  facet normal 0 0 1
    outer loop
      vertex 1.91342 4.6194 4
      vertex 1.14805 2.77164 4
      vertex 1.5 2.59808 4
    endloop
  endfacet
  facet normal 0 0 1
    outer loop
      vertex 1.2941 4.82963 4
      vertex 0.776457 2.89778 4
      vertex 1.14805 2.77164 4
    endloop
  endfacet
  facet normal 0 0 1
    outer loop
      vertex 0.652631 4.95722 4
      vertex 0.776457 2.89778 4
      vertex 1.2941 4.82963 4
    endloop
  endfacet
  facet normal 0 0 1
    outer loop
      vertex 0.652631 4.95722 4
      vertex 0.391578 2.97433 4
      vertex 0.776457 2.89778 4
    endloop
  endfacet
  facet normal 0 0 1
    outer loop
      vertex 0 5 4
      vertex 0.391578 2.97433 4
      vertex 0.652631 4.95722 4
    endloop
  endfacet
  facet normal 0 0 1
    outer loop
      vertex 0 5 4
      vertex 0 3 4
      vertex 0.391578 2.97433 4
    endloop
  endfacet
  facet normal 0 0 1
    outer loop
      vertex 0 5 4
      vertex -0.391578 2.97433 4
      vertex 0 3 4
    endloop
  endfacet
  facet normal -0 0 1
    outer loop
      vertex -0.652631 4.95722 4
      vertex -0.391578 2.97433 4
      vertex 0 5 4
    endloop
  endfacet
  facet normal 0 0 1
    outer loop
      vertex -0.652631 4.95722 4
      vertex -0.776457 2.89778 4
      vertex -0.391578 2.97433 4
    endloop
  endfacet
  facet normal -0 0 1
    outer loop
      vertex -1.2941 4.82963 4
      vertex -0.776457 2.89778 4
      vertex -0.652631 4.95722 4
    endloop
  endfacet
  facet normal 0 0 1
    outer loop
      vertex -0.776457 2.89778 4
      vertex -1.2941 4.82963 4
      vertex -1.14805 2.77164 4
    endloop
  endfacet
  facet normal -0 0 1
    outer loop
      vertex -1.91342 4.6194 4
      vertex -1.14805 2.77164 4
      vertex -1.2941 4.82963 4
    endloop
  endfacet
  facet normal 0 0 1
    outer loop
      vertex -1.14805 2.77164 4
      vertex -1.91342 4.6194 4
      vertex -1.5 2.59808 4
    endloop
  endfacet
  facet normal -0 0 1
    outer loop
      vertex -2.5 4.33013 4
      vertex -1.5 2.59808 4
      vertex -1.91342 4.6194 4
    endloop
  endfacet
  facet normal 0 0 1
    outer loop
      vertex -1.5 2.59808 4
      vertex -2.5 4.33013 4
      vertex -1.82628 2.38006 4
    endloop
  endfacet
  facet normal -0 0 1
    outer loop
      vertex -3.04381 3.96677 4
      vertex -1.82628 2.38006 4
      vertex -2.5 4.33013 4
    endloop
  endfacet
  facet normal 0 0 1
    outer loop
      vertex -1.82628 2.38006 4
      vertex -3.04381 3.96677 4
      vertex -2.12132 2.12132 4
    endloop
  endfacet
  facet normal -0 0 1
    outer loop
      vertex -3.53553 3.53553 4
      vertex -2.12132 2.12132 4
      vertex -3.04381 3.96677 4
    endloop
  endfacet
  facet normal 0 0 1
    outer loop
      vertex -2.12132 2.12132 4
      vertex -3.53553 3.53553 4
      vertex -2.38006 1.82628 4
    endloop
  endfacet
  facet normal -0 0 1
    outer loop
      vertex -3.96677 3.04381 4
      vertex -2.38006 1.82628 4
      vertex -3.53553 3.53553 4
    endloop
  endfacet
  facet normal 0 0 1
    outer loop
      vertex -2.38006 1.82628 4
      vertex -3.96677 3.04381 4
      vertex -2.59808 1.5 4
    endloop
  endfacet
  facet normal 0 0 1
    outer loop
      vertex -2.59808 1.5 4
      vertex -4.33013 2.5 4
      vertex -2.77164 1.14805 4
    endloop
  endfacet
  facet normal -0 0 1
    outer loop
      vertex -4.33013 2.5 4
      vertex -2.59808 1.5 4
      vertex -3.96677 3.04381 4
    endloop
  endfacet
  facet normal -0 0 1
    outer loop
      vertex 2.59808 -1.5 4
      vertex 4.33013 -2.5 4
      vertex 2.77164 -1.14805 4
    endloop
  endfacet
  facet normal 0 0 1
    outer loop
      vertex 4.33013 -2.5 4
      vertex 2.59808 -1.5 4
      vertex 3.96677 -3.04381 4
    endloop
  endfacet
  facet normal -0 0 1
    outer loop
      vertex 2.38006 -1.82628 4
      vertex 3.96677 -3.04381 4
      vertex 2.59808 -1.5 4
    endloop
  endfacet
  facet normal 0 0 1
    outer loop
      vertex 3.96677 -3.04381 4
      vertex 2.38006 -1.82628 4
      vertex 3.53553 -3.53553 4
    endloop
  endfacet
  facet normal -0 0 1
    outer loop
      vertex 2.12132 -2.12132 4
      vertex 3.53553 -3.53553 4
      vertex 2.38006 -1.82628 4
    endloop
  endfacet
  facet normal 0 0 1
    outer loop
      vertex 3.53553 -3.53553 4
      vertex 2.12132 -2.12132 4
      vertex 3.04381 -3.96677 4
    endloop
  endfacet
  facet normal -0 0 1
    outer loop
      vertex 1.82628 -2.38006 4
      vertex 3.04381 -3.96677 4
      vertex 2.12132 -2.12132 4
    endloop
  endfacet
  facet normal 0 0 1
    outer loop
      vertex 3.04381 -3.96677 4
      vertex 1.82628 -2.38006 4
      vertex 2.5 -4.33013 4
    endloop
  endfacet
  facet normal -0 0 1
    outer loop
      vertex 1.5 -2.59808 4
      vertex 2.5 -4.33013 4
      vertex 1.82628 -2.38006 4
    endloop
  endfacet
  facet normal 0 0 1
    outer loop
      vertex 2.5 -4.33013 4
      vertex 1.5 -2.59808 4
      vertex 1.91342 -4.6194 4
    endloop
  endfacet
  facet normal -0 0 1
    outer loop
      vertex 1.14805 -2.77164 4
      vertex 1.91342 -4.6194 4
      vertex 1.5 -2.59808 4
    endloop
  endfacet
  facet normal 0 0 1
    outer loop
      vertex 1.91342 -4.6194 4
      vertex 1.14805 -2.77164 4
      vertex 1.2941 -4.82963 4
    endloop
  endfacet
  facet normal -0 0 1
    outer loop
      vertex 0.776457 -2.89778 4
      vertex 1.2941 -4.82963 4
      vertex 1.14805 -2.77164 4
    endloop
  endfacet
  facet normal 0 0 1
    outer loop
      vertex 0.776457 -2.89778 4
      vertex 0.652631 -4.95722 4
      vertex 1.2941 -4.82963 4
    endloop
  endfacet
  facet normal -0 0 1
    outer loop
      vertex 0.391578 -2.97433 4
      vertex 0.652631 -4.95722 4
      vertex 0.776457 -2.89778 4
    endloop
  endfacet
  facet normal -0 0 1
    outer loop
      vertex 0 -3 4
      vertex 0.652631 -4.95722 4
      vertex 0.391578 -2.97433 4
    endloop
  endfacet
  facet normal 0 0 1
    outer loop
      vertex 0 -3 4
      vertex 0 -5 4
      vertex 0.652631 -4.95722 4
    endloop
  endfacet
  facet normal 0 0 1
    outer loop
      vertex -0.391578 -2.97433 4
      vertex 0 -5 4
      vertex 0 -3 4
    endloop
  endfacet
  facet normal 0 0 1
    outer loop
      vertex -0.391578 -2.97433 4
      vertex -0.652631 -4.95722 4
      vertex 0 -5 4
    endloop
  endfacet
  facet normal 0 0 1
    outer loop
      vertex -0.776457 -2.89778 4
      vertex -0.652631 -4.95722 4
      vertex -0.391578 -2.97433 4
    endloop
  endfacet
  facet normal 0 0 1
    outer loop
      vertex -1.2941 -4.82963 4
      vertex -0.776457 -2.89778 4
      vertex -1.14805 -2.77164 4
    endloop
  endfacet
  facet normal 0 0 1
    outer loop
      vertex -0.776457 -2.89778 4
      vertex -1.2941 -4.82963 4
      vertex -0.652631 -4.95722 4
    endloop
  endfacet
  facet normal 0 0 1
    outer loop
      vertex -1.91342 -4.6194 4
      vertex -1.14805 -2.77164 4
      vertex -1.5 -2.59808 4
    endloop
  endfacet
  facet normal 0 0 1
    outer loop
      vertex -2.5 -4.33013 4
      vertex -1.5 -2.59808 4
      vertex -1.82628 -2.38006 4
    endloop
  endfacet
  facet normal 0 0 1
    outer loop
      vertex -1.14805 -2.77164 4
      vertex -1.91342 -4.6194 4
      vertex -1.2941 -4.82963 4
    endloop
  endfacet
  facet normal 0 0 1
    outer loop
      vertex -3.04381 -3.96677 4
      vertex -1.82628 -2.38006 4
      vertex -2.12132 -2.12132 4
    endloop
  endfacet
  facet normal 0 0 1
    outer loop
      vertex -3.53553 -3.53553 4
      vertex -2.12132 -2.12132 4
      vertex -2.38006 -1.82628 4
    endloop
  endfacet
  facet normal 0 0 1
    outer loop
      vertex -1.5 -2.59808 4
      vertex -2.5 -4.33013 4
      vertex -1.91342 -4.6194 4
    endloop
  endfacet
  facet normal 0 0 1
    outer loop
      vertex -3.96677 -3.04381 4
      vertex -2.38006 -1.82628 4
      vertex -2.59808 -1.5 4
    endloop
  endfacet
  facet normal 0 0 1
    outer loop
      vertex -4.33013 -2.5 4
      vertex -2.59808 -1.5 4
      vertex -2.77164 -1.14805 4
    endloop
  endfacet
  facet normal 0 0 1
    outer loop
      vertex -4.6194 -1.91342 4
      vertex -2.77164 -1.14805 4
      vertex -2.89778 -0.776457 4
    endloop
  endfacet
  facet normal 0 0 1
    outer loop
      vertex -4.82963 -1.2941 4
      vertex -2.89778 -0.776457 4
      vertex -2.97433 -0.391578 4
    endloop
  endfacet
  facet normal 0 0 1
    outer loop
      vertex -1.82628 -2.38006 4
      vertex -3.04381 -3.96677 4
      vertex -2.5 -4.33013 4
    endloop
  endfacet
  facet normal 0 0 1
    outer loop
      vertex -4.95722 -0.652631 4
      vertex -2.97433 -0.391578 4
      vertex -3 0 4
    endloop
  endfacet
  facet normal -0 0 1
    outer loop
      vertex -4.6194 1.91342 4
      vertex -2.77164 1.14805 4
      vertex -4.33013 2.5 4
    endloop
  endfacet
  facet normal 0 0 1
    outer loop
      vertex -2.77164 1.14805 4
      vertex -4.6194 1.91342 4
      vertex -2.89778 0.776457 4
    endloop
  endfacet
  facet normal 0 0 1
    outer loop
      vertex -2.12132 -2.12132 4
      vertex -3.53553 -3.53553 4
      vertex -3.04381 -3.96677 4
    endloop
  endfacet
  facet normal -0 0 1
    outer loop
      vertex -4.82963 1.2941 4
      vertex -2.89778 0.776457 4
      vertex -4.6194 1.91342 4
    endloop
  endfacet
  facet normal 0 0 1
    outer loop
      vertex -2.38006 -1.82628 4
      vertex -3.96677 -3.04381 4
      vertex -3.53553 -3.53553 4
    endloop
  endfacet
  facet normal 0 0 1
    outer loop
      vertex -2.89778 0.776457 4
      vertex -4.82963 1.2941 4
      vertex -2.97433 0.391578 4
    endloop
  endfacet
  facet normal 0 0 1
    outer loop
      vertex -2.59808 -1.5 4
      vertex -4.33013 -2.5 4
      vertex -3.96677 -3.04381 4
    endloop
  endfacet
  facet normal -0 0 1
    outer loop
      vertex -4.95722 0.652631 4
      vertex -2.97433 0.391578 4
      vertex -4.82963 1.2941 4
    endloop
  endfacet
  facet normal 0 0 1
    outer loop
      vertex -2.77164 -1.14805 4
      vertex -4.6194 -1.91342 4
      vertex -4.33013 -2.5 4
    endloop
  endfacet
  facet normal 0 0 1
    outer loop
      vertex -2.97433 0.391578 4
      vertex -4.95722 0.652631 4
      vertex -3 0 4
    endloop
  endfacet
  facet normal 0 0 1
    outer loop
      vertex -2.89778 -0.776457 4
      vertex -4.82963 -1.2941 4
      vertex -4.6194 -1.91342 4
    endloop
  endfacet
  facet normal 0 0 1
    outer loop
      vertex -5 0 4
      vertex -3 0 4
      vertex -4.95722 0.652631 4
    endloop
  endfacet
  facet normal 0 0 1
    outer loop
      vertex -2.97433 -0.391578 4
      vertex -4.95722 -0.652631 4
      vertex -4.82963 -1.2941 4
    endloop
  endfacet
  facet normal 0 0 1
    outer loop
      vertex -3 0 4
      vertex -5 0 4
      vertex -4.95722 -0.652631 4
    endloop
  endfacet
  facet normal -0.659357 0.75183 0
    outer loop
      vertex 3.04381 -3.96677 4
      vertex 3.53553 -3.53553 10.4645
      vertex 3.53553 -3.53553 4
    endloop
  endfacet
  facet normal -0.659357 0.75183 0
    outer loop
      vertex 3.53553 -3.53553 10.4645
      vertex 3.04381 -3.96677 4
      vertex 3.04381 -3.96677 10.9562
    endloop
  endfacet
  facet normal 0.896872 0.44229 0
    outer loop
      vertex -4.33013 -2.5 14
      vertex -4.6194 -1.91342 4
      vertex -4.6194 -1.91342 14
    endloop
  endfacet
  facet normal 0.896872 0.44229 0
    outer loop
      vertex -4.6194 -1.91342 4
      vertex -4.33013 -2.5 14
      vertex -4.33013 -2.5 4
    endloop
  endfacet
  facet normal -0.896872 0.44229 0
    outer loop
      vertex 4.33013 -2.5 4
      vertex 4.6194 -1.91342 9.3806
      vertex 4.6194 -1.91342 4
    endloop
  endfacet
  facet normal -0.896872 0.44229 0
    outer loop
      vertex 4.6194 -1.91342 9.3806
      vertex 4.33013 -2.5 4
      vertex 4.33013 -2.5 9.66987
    endloop
  endfacet
  facet normal -0.659357 -0.75183 0
    outer loop
      vertex 3.04381 3.96677 4
      vertex 3.53553 3.53553 10.4645
      vertex 3.04381 3.96677 10.9562
    endloop
  endfacet
  facet normal -0.659357 -0.75183 -0
    outer loop
      vertex 3.53553 3.53553 10.4645
      vertex 3.04381 3.96677 4
      vertex 3.53553 3.53553 4
    endloop
  endfacet
  facet normal -0.997858 0.0654097 0
    outer loop
      vertex 4.95722 -0.652631 4
      vertex 5 0 9
      vertex 5 0 4
    endloop
  endfacet
  facet normal -0.997858 0.0654097 0
    outer loop
      vertex 5 0 9
      vertex 4.95722 -0.652631 4
      vertex 4.95722 -0.652631 9.04278
    endloop
  endfacet
  facet normal 0.555568 0.831471 -0
    outer loop
      vertex -2.5 -4.33013 4
      vertex -3.04381 -3.96677 14
      vertex -2.5 -4.33013 14
    endloop
  endfacet
  facet normal 0.555568 0.831471 0
    outer loop
      vertex -3.04381 -3.96677 14
      vertex -2.5 -4.33013 4
      vertex -3.04381 -3.96677 4
    endloop
  endfacet
  facet normal -0.896872 -0.44229 -0
    outer loop
      vertex 4.6194 1.91342 9.3806
      vertex 4.33013 2.5 4
      vertex 4.6194 1.91342 4
    endloop
  endfacet
  facet normal -0.896872 -0.44229 0
    outer loop
      vertex 4.33013 2.5 4
      vertex 4.6194 1.91342 9.3806
      vertex 4.33013 2.5 9.66987
    endloop
  endfacet
  facet normal -0.980787 0.195081 0
    outer loop
      vertex 4.82963 -1.2941 4
      vertex 4.95722 -0.652631 9.04278
      vertex 4.95722 -0.652631 4
    endloop
  endfacet
  facet normal -0.980787 0.195081 0
    outer loop
      vertex 4.95722 -0.652631 9.04278
      vertex 4.82963 -1.2941 4
      vertex 4.82963 -1.2941 9.17037
    endloop
  endfacet
  facet normal -0.946931 -0.321438 -0
    outer loop
      vertex 4.82963 1.2941 9.17037
      vertex 4.6194 1.91342 4
      vertex 4.82963 1.2941 4
    endloop
  endfacet
  facet normal -0.946931 -0.321438 0
    outer loop
      vertex 4.6194 1.91342 4
      vertex 4.82963 1.2941 9.17037
      vertex 4.6194 1.91342 9.3806
    endloop
  endfacet
  facet normal 0.980787 0.195081 0
    outer loop
      vertex -4.82963 -1.2941 14
      vertex -4.95722 -0.652631 4
      vertex -4.95722 -0.652631 14
    endloop
  endfacet
  facet normal 0.980787 0.195081 0
    outer loop
      vertex -4.95722 -0.652631 4
      vertex -4.82963 -1.2941 14
      vertex -4.82963 -1.2941 4
    endloop
  endfacet
  facet normal 0.75183 0.659357 0
    outer loop
      vertex -3.53553 -3.53553 14
      vertex -3.96677 -3.04381 4
      vertex -3.96677 -3.04381 14
    endloop
  endfacet
  facet normal 0.75183 0.659357 0
    outer loop
      vertex -3.96677 -3.04381 4
      vertex -3.53553 -3.53553 14
      vertex -3.53553 -3.53553 4
    endloop
  endfacet
  facet normal 0 0 -1
    outer loop
      vertex 0 -5 14
      vertex -0.391578 -2.97433 14
      vertex 0 -3 14
    endloop
  endfacet
  facet normal 0 0 -1
    outer loop
      vertex -0.652631 -4.95722 14
      vertex -0.391578 -2.97433 14
      vertex 0 -5 14
    endloop
  endfacet
  facet normal 0 0 -1
    outer loop
      vertex -0.652631 -4.95722 14
      vertex -0.776457 -2.89778 14
      vertex -0.391578 -2.97433 14
    endloop
  endfacet
  facet normal 0 0 -1
    outer loop
      vertex -1.2941 -4.82963 14
      vertex -0.776457 -2.89778 14
      vertex -0.652631 -4.95722 14
    endloop
  endfacet
  facet normal -0 0 -1
    outer loop
      vertex -0.776457 -2.89778 14
      vertex -1.2941 -4.82963 14
      vertex -1.14805 -2.77164 14
    endloop
  endfacet
  facet normal 0 0 -1
    outer loop
      vertex -1.91342 -4.6194 14
      vertex -1.14805 -2.77164 14
      vertex -1.2941 -4.82963 14
    endloop
  endfacet
  facet normal -0 0 -1
    outer loop
      vertex -1.14805 -2.77164 14
      vertex -1.91342 -4.6194 14
      vertex -1.5 -2.59808 14
    endloop
  endfacet
  facet normal 0 0 -1
    outer loop
      vertex -2.5 -4.33013 14
      vertex -1.5 -2.59808 14
      vertex -1.91342 -4.6194 14
    endloop
  endfacet
  facet normal -0 0 -1
    outer loop
      vertex -1.5 -2.59808 14
      vertex -2.5 -4.33013 14
      vertex -1.82628 -2.38006 14
    endloop
  endfacet
  facet normal 0 0 -1
    outer loop
      vertex -3.04381 -3.96677 14
      vertex -1.82628 -2.38006 14
      vertex -2.5 -4.33013 14
    endloop
  endfacet
  facet normal -0 0 -1
    outer loop
      vertex -1.82628 -2.38006 14
      vertex -3.04381 -3.96677 14
      vertex -2.12132 -2.12132 14
    endloop
  endfacet
  facet normal 0 0 -1
    outer loop
      vertex -3.53553 -3.53553 14
      vertex -2.12132 -2.12132 14
      vertex -3.04381 -3.96677 14
    endloop
  endfacet
  facet normal -0 0 -1
    outer loop
      vertex -2.12132 -2.12132 14
      vertex -3.53553 -3.53553 14
      vertex -2.38006 -1.82628 14
    endloop
  endfacet
  facet normal 0 0 -1
    outer loop
      vertex -3.96677 -3.04381 14
      vertex -2.38006 -1.82628 14
      vertex -3.53553 -3.53553 14
    endloop
  endfacet
  facet normal -0 0 -1
    outer loop
      vertex -2.38006 -1.82628 14
      vertex -3.96677 -3.04381 14
      vertex -2.59808 -1.5 14
    endloop
  endfacet
  facet normal -0 0 -1
    outer loop
      vertex -2.59808 -1.5 14
      vertex -4.33013 -2.5 14
      vertex -2.77164 -1.14805 14
    endloop
  endfacet
  facet normal 0 0 -1
    outer loop
      vertex -4.33013 -2.5 14
      vertex -2.59808 -1.5 14
      vertex -3.96677 -3.04381 14
    endloop
  endfacet
  facet normal 0 0 -1
    outer loop
      vertex -0.391578 2.97433 14
      vertex 0 5 14
      vertex 0 3 14
    endloop
  endfacet
  facet normal 0 0 -1
    outer loop
      vertex -0.391578 2.97433 14
      vertex -0.652631 4.95722 14
      vertex 0 5 14
    endloop
  endfacet
  facet normal 0 0 -1
    outer loop
      vertex -0.776457 2.89778 14
      vertex -0.652631 4.95722 14
      vertex -0.391578 2.97433 14
    endloop
  endfacet
  facet normal 0 0 -1
    outer loop
      vertex -1.2941 4.82963 14
      vertex -0.776457 2.89778 14
      vertex -1.14805 2.77164 14
    endloop
  endfacet
  facet normal 0 0 -1
    outer loop
      vertex -0.776457 2.89778 14
      vertex -1.2941 4.82963 14
      vertex -0.652631 4.95722 14
    endloop
  endfacet
  facet normal 0 0 -1
    outer loop
      vertex -1.91342 4.6194 14
      vertex -1.14805 2.77164 14
      vertex -1.5 2.59808 14
    endloop
  endfacet
  facet normal 0 0 -1
    outer loop
      vertex -2.5 4.33013 14
      vertex -1.5 2.59808 14
      vertex -1.82628 2.38006 14
    endloop
  endfacet
  facet normal 0 0 -1
    outer loop
      vertex -1.14805 2.77164 14
      vertex -1.91342 4.6194 14
      vertex -1.2941 4.82963 14
    endloop
  endfacet
  facet normal 0 0 -1
    outer loop
      vertex -3.04381 3.96677 14
      vertex -1.82628 2.38006 14
      vertex -2.12132 2.12132 14
    endloop
  endfacet
  facet normal 0 0 -1
    outer loop
      vertex -3.53553 3.53553 14
      vertex -2.12132 2.12132 14
      vertex -2.38006 1.82628 14
    endloop
  endfacet
  facet normal 0 0 -1
    outer loop
      vertex -1.5 2.59808 14
      vertex -2.5 4.33013 14
      vertex -1.91342 4.6194 14
    endloop
  endfacet
  facet normal 0 0 -1
    outer loop
      vertex -3.96677 3.04381 14
      vertex -2.38006 1.82628 14
      vertex -2.59808 1.5 14
    endloop
  endfacet
  facet normal 0 0 -1
    outer loop
      vertex -4.33013 2.5 14
      vertex -2.59808 1.5 14
      vertex -2.77164 1.14805 14
    endloop
  endfacet
  facet normal 0 0 -1
    outer loop
      vertex -4.6194 1.91342 14
      vertex -2.77164 1.14805 14
      vertex -2.89778 0.776457 14
    endloop
  endfacet
  facet normal 0 0 -1
    outer loop
      vertex -4.82963 1.2941 14
      vertex -2.89778 0.776457 14
      vertex -2.97433 0.391578 14
    endloop
  endfacet
  facet normal 0 0 -1
    outer loop
      vertex -1.82628 2.38006 14
      vertex -3.04381 3.96677 14
      vertex -2.5 4.33013 14
    endloop
  endfacet
  facet normal 0 0 -1
    outer loop
      vertex -4.95722 0.652631 14
      vertex -2.97433 0.391578 14
      vertex -3 0 14
    endloop
  endfacet
  facet normal 0 0 -1
    outer loop
      vertex -4.6194 -1.91342 14
      vertex -2.77164 -1.14805 14
      vertex -4.33013 -2.5 14
    endloop
  endfacet
  facet normal -0 0 -1
    outer loop
      vertex -2.77164 -1.14805 14
      vertex -4.6194 -1.91342 14
      vertex -2.89778 -0.776457 14
    endloop
  endfacet
  facet normal 0 0 -1
    outer loop
      vertex -2.12132 2.12132 14
      vertex -3.53553 3.53553 14
      vertex -3.04381 3.96677 14
    endloop
  endfacet
  facet normal 0 0 -1
    outer loop
      vertex -4.82963 -1.2941 14
      vertex -2.89778 -0.776457 14
      vertex -4.6194 -1.91342 14
    endloop
  endfacet
  facet normal 0 0 -1
    outer loop
      vertex -2.38006 1.82628 14
      vertex -3.96677 3.04381 14
      vertex -3.53553 3.53553 14
    endloop
  endfacet
  facet normal -0 0 -1
    outer loop
      vertex -2.89778 -0.776457 14
      vertex -4.82963 -1.2941 14
      vertex -2.97433 -0.391578 14
    endloop
  endfacet
  facet normal 0 0 -1
    outer loop
      vertex -2.59808 1.5 14
      vertex -4.33013 2.5 14
      vertex -3.96677 3.04381 14
    endloop
  endfacet
  facet normal 0 0 -1
    outer loop
      vertex -4.95722 -0.652631 14
      vertex -2.97433 -0.391578 14
      vertex -4.82963 -1.2941 14
    endloop
  endfacet
  facet normal 0 0 -1
    outer loop
      vertex -2.77164 1.14805 14
      vertex -4.6194 1.91342 14
      vertex -4.33013 2.5 14
    endloop
  endfacet
  facet normal -0 0 -1
    outer loop
      vertex -2.97433 -0.391578 14
      vertex -4.95722 -0.652631 14
      vertex -3 0 14
    endloop
  endfacet
  facet normal 0 0 -1
    outer loop
      vertex -2.89778 0.776457 14
      vertex -4.82963 1.2941 14
      vertex -4.6194 1.91342 14
    endloop
  endfacet
  facet normal 0 0 -1
    outer loop
      vertex -5 0 14
      vertex -3 0 14
      vertex -4.95722 -0.652631 14
    endloop
  endfacet
  facet normal 0 0 -1
    outer loop
      vertex -2.97433 0.391578 14
      vertex -4.95722 0.652631 14
      vertex -4.82963 1.2941 14
    endloop
  endfacet
  facet normal 0 0 -1
    outer loop
      vertex -3 0 14
      vertex -5 0 14
      vertex -4.95722 0.652631 14
    endloop
  endfacet
  facet normal 0.195081 0.980787 -0
    outer loop
      vertex -0.652631 -4.95722 4
      vertex -1.2941 -4.82963 14
      vertex -0.652631 -4.95722 14
    endloop
  endfacet
  facet normal 0.195081 0.980787 0
    outer loop
      vertex -1.2941 -4.82963 14
      vertex -0.652631 -4.95722 4
      vertex -1.2941 -4.82963 4
    endloop
  endfacet
  facet normal 0.831471 -0.555568 0
    outer loop
      vertex -4.33013 2.5 14
      vertex -3.96677 3.04381 4
      vertex -3.96677 3.04381 14
    endloop
  endfacet
  facet normal 0.831471 -0.555568 0
    outer loop
      vertex -3.96677 3.04381 4
      vertex -4.33013 2.5 14
      vertex -4.33013 2.5 4
    endloop
  endfacet
  facet normal 0.0654097 0.997858 -0
    outer loop
      vertex 0 -5 4
      vertex -0.652631 -4.95722 14
      vertex 0 -5 14
    endloop
  endfacet
  facet normal 0.0654097 0.997858 0
    outer loop
      vertex -0.652631 -4.95722 14
      vertex 0 -5 4
      vertex -0.652631 -4.95722 4
    endloop
  endfacet
  facet normal -0.980789 -0.195073 0
    outer loop
      vertex 2.97433 0.391578 0
      vertex 2.89778 0.776457 4
      vertex 2.89778 0.776457 0
    endloop
  endfacet
  facet normal -0.980789 -0.195073 0
    outer loop
      vertex 2.89778 0.776457 4
      vertex 2.97433 0.391578 0
      vertex 2.97433 0.391578 4
    endloop
  endfacet
  facet normal -0.980789 -0.195073 0
    outer loop
      vertex 2.97433 0.391578 31.47
      vertex 2.89778 0.776457 37.0503
      vertex 2.89778 0.776457 31.3935
    endloop
  endfacet
  facet normal -0.980789 -0.195073 0
    outer loop
      vertex 2.89778 0.776457 37.0503
      vertex 2.97433 0.391578 31.47
      vertex 2.97433 0.391578 37.1269
    endloop
  endfacet
  facet normal -0.997858 -0.0654149 0
    outer loop
      vertex 3 0 0
      vertex 2.97433 0.391578 4
      vertex 2.97433 0.391578 0
    endloop
  endfacet
  facet normal -0.997858 -0.0654149 0
    outer loop
      vertex 2.97433 0.391578 4
      vertex 3 0 0
      vertex 3 0 4
    endloop
  endfacet
  facet normal -0.997858 -0.0654149 0
    outer loop
      vertex 3 0 31.4957
      vertex 2.97433 0.391578 37.1269
      vertex 2.97433 0.391578 31.47
    endloop
  endfacet
  facet normal -0.997858 -0.0654149 0
    outer loop
      vertex 2.97433 0.391578 37.1269
      vertex 3 0 31.4957
      vertex 3 0 37.1525
    endloop
  endfacet
  facet normal -0.980789 0.195073 0
    outer loop
      vertex 2.89778 -0.776457 0
      vertex 2.97433 -0.391578 4
      vertex 2.97433 -0.391578 0
    endloop
  endfacet
  facet normal -0.980789 0.195073 0
    outer loop
      vertex 2.97433 -0.391578 4
      vertex 2.89778 -0.776457 0
      vertex 2.89778 -0.776457 4
    endloop
  endfacet
  facet normal -0.980789 0.195073 0
    outer loop
      vertex 2.89778 -0.776457 37.0503
      vertex 2.97433 -0.391578 31.47
      vertex 2.89778 -0.776457 31.3935
    endloop
  endfacet
  facet normal -0.980789 0.195073 0
    outer loop
      vertex 2.97433 -0.391578 31.47
      vertex 2.89778 -0.776457 37.0503
      vertex 2.97433 -0.391578 37.1269
    endloop
  endfacet
  facet normal 0.751844 0.659341 0
    outer loop
      vertex -2.12132 -2.12132 4
      vertex -2.38006 -1.82628 0
      vertex -2.38006 -1.82628 4
    endloop
  endfacet
  facet normal 0.751844 0.659341 0
    outer loop
      vertex -2.38006 -1.82628 0
      vertex -2.12132 -2.12132 4
      vertex -2.12132 -2.12132 0
    endloop
  endfacet
  facet normal 0.751844 0.659341 0
    outer loop
      vertex -2.12132 -2.12132 16.1213
      vertex -2.38006 -1.82628 14
      vertex -2.38006 -1.82628 16.3801
    endloop
  endfacet
  facet normal 0.751844 0.659341 0
    outer loop
      vertex -2.38006 -1.82628 14
      vertex -2.12132 -2.12132 16.1213
      vertex -2.12132 -2.12132 14
    endloop
  endfacet
  facet normal 0.751844 0.659341 -0
    outer loop
      vertex -2.12132 -2.12132 26.3744
      vertex -2.38006 -1.82628 31.7725
      vertex -2.12132 -2.12132 32.0312
    endloop
  endfacet
  facet normal 0.751844 0.659341 0
    outer loop
      vertex -2.38006 -1.82628 31.7725
      vertex -2.12132 -2.12132 26.3744
      vertex -2.38006 -1.82628 26.1156
    endloop
  endfacet
  facet normal -0.831462 -0.555582 0
    outer loop
      vertex 2.59808 1.5 0
      vertex 2.38006 1.82628 4
      vertex 2.38006 1.82628 0
    endloop
  endfacet
  facet normal -0.831462 -0.555582 0
    outer loop
      vertex 2.38006 1.82628 4
      vertex 2.59808 1.5 0
      vertex 2.59808 1.5 4
    endloop
  endfacet
  facet normal -0.831462 -0.555582 0
    outer loop
      vertex 2.59808 1.5 31.0938
      vertex 2.38006 1.82628 36.5326
      vertex 2.38006 1.82628 30.8757
    endloop
  endfacet
  facet normal -0.831462 -0.555582 0
    outer loop
      vertex 2.38006 1.82628 36.5326
      vertex 2.59808 1.5 31.0938
      vertex 2.59808 1.5 36.7506
    endloop
  endfacet
  facet normal -0.555582 -0.831462 0
    outer loop
      vertex 1.5 2.59808 0
      vertex 1.82628 2.38006 4
      vertex 1.5 2.59808 4
    endloop
  endfacet
  facet normal -0.555582 -0.831462 -0
    outer loop
      vertex 1.82628 2.38006 4
      vertex 1.5 2.59808 0
      vertex 1.82628 2.38006 0
    endloop
  endfacet
  facet normal -0.555582 -0.831462 0
    outer loop
      vertex 1.5 2.59808 35.6525
      vertex 1.82628 2.38006 30.322
      vertex 1.82628 2.38006 35.9788
    endloop
  endfacet
  facet normal -0.555582 -0.831462 0
    outer loop
      vertex 1.82628 2.38006 30.322
      vertex 1.5 2.59808 35.6525
      vertex 1.5 2.59808 29.9957
    endloop
  endfacet
  facet normal -0.896875 0.442283 0
    outer loop
      vertex 2.59808 -1.5 0
      vertex 2.77164 -1.14805 4
      vertex 2.77164 -1.14805 0
    endloop
  endfacet
  facet normal -0.896875 0.442283 0
    outer loop
      vertex 2.77164 -1.14805 4
      vertex 2.59808 -1.5 0
      vertex 2.59808 -1.5 4
    endloop
  endfacet
  facet normal -0.896875 0.442283 0
    outer loop
      vertex 2.59808 -1.5 36.7506
      vertex 2.77164 -1.14805 31.2673
      vertex 2.59808 -1.5 31.0938
    endloop
  endfacet
  facet normal -0.896875 0.442283 0
    outer loop
      vertex 2.77164 -1.14805 31.2673
      vertex 2.59808 -1.5 36.7506
      vertex 2.77164 -1.14805 36.9242
    endloop
  endfacet
  facet normal -0.997858 0.0654149 0
    outer loop
      vertex 2.97433 -0.391578 0
      vertex 3 0 4
      vertex 3 0 0
    endloop
  endfacet
  facet normal -0.997858 0.0654149 0
    outer loop
      vertex 3 0 4
      vertex 2.97433 -0.391578 0
      vertex 2.97433 -0.391578 4
    endloop
  endfacet
  facet normal -0.997858 0.0654149 0
    outer loop
      vertex 2.97433 -0.391578 37.1269
      vertex 3 0 31.4957
      vertex 2.97433 -0.391578 31.47
    endloop
  endfacet
  facet normal -0.997858 0.0654149 0
    outer loop
      vertex 3 0 31.4957
      vertex 2.97433 -0.391578 37.1269
      vertex 3 0 37.1525
    endloop
  endfacet
  facet normal -0.321442 -0.946929 0
    outer loop
      vertex 0.776457 2.89778 0
      vertex 1.14805 2.77164 4
      vertex 0.776457 2.89778 4
    endloop
  endfacet
  facet normal -0.321442 -0.946929 -0
    outer loop
      vertex 1.14805 2.77164 4
      vertex 0.776457 2.89778 0
      vertex 1.14805 2.77164 0
    endloop
  endfacet
  facet normal -0.321442 -0.946929 0
    outer loop
      vertex 0.776457 2.89778 34.929
      vertex 1.14805 2.77164 29.6437
      vertex 1.14805 2.77164 35.3006
    endloop
  endfacet
  facet normal -0.321442 -0.946929 0
    outer loop
      vertex 1.14805 2.77164 29.6437
      vertex 0.776457 2.89778 34.929
      vertex 0.776457 2.89778 29.2721
    endloop
  endfacet
  facet normal 0.896875 -0.442283 0
    outer loop
      vertex -2.77164 1.14805 4
      vertex -2.59808 1.5 0
      vertex -2.59808 1.5 4
    endloop
  endfacet
  facet normal 0.896875 -0.442283 0
    outer loop
      vertex -2.59808 1.5 0
      vertex -2.77164 1.14805 4
      vertex -2.77164 1.14805 0
    endloop
  endfacet
  facet normal 0.896875 -0.442283 0
    outer loop
      vertex -2.77164 1.14805 14
      vertex -2.59808 1.5 16.5981
      vertex -2.77164 1.14805 16.7716
    endloop
  endfacet
  facet normal 0.896875 -0.442283 0
    outer loop
      vertex -2.59808 1.5 16.5981
      vertex -2.77164 1.14805 14
      vertex -2.59808 1.5 14
    endloop
  endfacet
  facet normal 0.896875 -0.442283 0
    outer loop
      vertex -2.77164 1.14805 31.3809
      vertex -2.59808 1.5 25.8976
      vertex -2.59808 1.5 31.5545
    endloop
  endfacet
  facet normal 0.896875 -0.442283 0
    outer loop
      vertex -2.59808 1.5 25.8976
      vertex -2.77164 1.14805 31.3809
      vertex -2.77164 1.14805 25.7241
    endloop
  endfacet
  facet normal 0.659341 -0.751844 0
    outer loop
      vertex -2.12132 2.12132 0
      vertex -1.82628 2.38006 4
      vertex -2.12132 2.12132 4
    endloop
  endfacet
  facet normal 0.659341 -0.751844 0
    outer loop
      vertex -1.82628 2.38006 4
      vertex -2.12132 2.12132 0
      vertex -1.82628 2.38006 0
    endloop
  endfacet
  facet normal 0.659341 -0.751844 0
    outer loop
      vertex -2.12132 2.12132 14
      vertex -1.82628 2.38006 15.8263
      vertex -2.12132 2.12132 16.1213
    endloop
  endfacet
  facet normal 0.659341 -0.751844 0
    outer loop
      vertex -1.82628 2.38006 15.8263
      vertex -2.12132 2.12132 14
      vertex -1.82628 2.38006 14
    endloop
  endfacet
  facet normal 0.659341 -0.751844 0
    outer loop
      vertex -2.12132 2.12132 32.0312
      vertex -1.82628 2.38006 26.6694
      vertex -1.82628 2.38006 32.3263
    endloop
  endfacet
  facet normal 0.659341 -0.751844 0
    outer loop
      vertex -1.82628 2.38006 26.6694
      vertex -2.12132 2.12132 32.0312
      vertex -2.12132 2.12132 26.3744
    endloop
  endfacet
  facet normal -0.321442 0.946929 0
    outer loop
      vertex 1.14805 -2.77164 0
      vertex 0.776457 -2.89778 4
      vertex 1.14805 -2.77164 4
    endloop
  endfacet
  facet normal -0.321442 0.946929 0
    outer loop
      vertex 0.776457 -2.89778 4
      vertex 1.14805 -2.77164 0
      vertex 0.776457 -2.89778 0
    endloop
  endfacet
  facet normal -0.321442 0.946929 0
    outer loop
      vertex 1.14805 -2.77164 29.6437
      vertex 0.776457 -2.89778 34.929
      vertex 1.14805 -2.77164 35.3006
    endloop
  endfacet
  facet normal -0.321442 0.946929 0
    outer loop
      vertex 0.776457 -2.89778 34.929
      vertex 1.14805 -2.77164 29.6437
      vertex 0.776457 -2.89778 29.2721
    endloop
  endfacet
  facet normal 0.997858 0.0654149 0
    outer loop
      vertex -2.97433 -0.391578 4
      vertex -3 0 0
      vertex -3 0 4
    endloop
  endfacet
  facet normal 0.997858 0.0654149 0
    outer loop
      vertex -3 0 0
      vertex -2.97433 -0.391578 4
      vertex -2.97433 -0.391578 0
    endloop
  endfacet
  facet normal 0.997858 0.0654149 0
    outer loop
      vertex -2.97433 -0.391578 16.9743
      vertex -3 0 14
      vertex -3 0 17
    endloop
  endfacet
  facet normal 0.997858 0.0654149 0
    outer loop
      vertex -3 0 14
      vertex -2.97433 -0.391578 16.9743
      vertex -2.97433 -0.391578 14
    endloop
  endfacet
  facet normal 0.997858 0.0654149 -0
    outer loop
      vertex -2.97433 -0.391578 25.5214
      vertex -3 0 31.1525
      vertex -2.97433 -0.391578 31.1782
    endloop
  endfacet
  facet normal 0.997858 0.0654149 0
    outer loop
      vertex -3 0 31.1525
      vertex -2.97433 -0.391578 25.5214
      vertex -3 0 25.4957
    endloop
  endfacet
  facet normal 0.659341 0.751844 -0
    outer loop
      vertex -1.82628 -2.38006 0
      vertex -2.12132 -2.12132 4
      vertex -1.82628 -2.38006 4
    endloop
  endfacet
  facet normal 0.659341 0.751844 0
    outer loop
      vertex -2.12132 -2.12132 4
      vertex -1.82628 -2.38006 0
      vertex -2.12132 -2.12132 0
    endloop
  endfacet
  facet normal 0.659341 0.751844 0
    outer loop
      vertex -2.12132 -2.12132 14
      vertex -1.82628 -2.38006 15.8263
      vertex -1.82628 -2.38006 14
    endloop
  endfacet
  facet normal 0.659341 0.751844 0
    outer loop
      vertex -1.82628 -2.38006 15.8263
      vertex -2.12132 -2.12132 14
      vertex -2.12132 -2.12132 16.1213
    endloop
  endfacet
  facet normal 0.659341 0.751844 -0
    outer loop
      vertex -1.82628 -2.38006 26.6694
      vertex -2.12132 -2.12132 32.0312
      vertex -1.82628 -2.38006 32.3263
    endloop
  endfacet
  facet normal 0.659341 0.751844 0
    outer loop
      vertex -2.12132 -2.12132 32.0312
      vertex -1.82628 -2.38006 26.6694
      vertex -2.12132 -2.12132 26.3744
    endloop
  endfacet
  facet normal 0.321442 -0.946929 0
    outer loop
      vertex -1.14805 2.77164 0
      vertex -0.776457 2.89778 4
      vertex -1.14805 2.77164 4
    endloop
  endfacet
  facet normal 0.321442 -0.946929 0
    outer loop
      vertex -0.776457 2.89778 4
      vertex -1.14805 2.77164 0
      vertex -0.776457 2.89778 0
    endloop
  endfacet
  facet normal 0.321442 -0.946929 0
    outer loop
      vertex -1.14805 2.77164 14
      vertex -0.776457 2.89778 14.7765
      vertex -1.14805 2.77164 15.148
    endloop
  endfacet
  facet normal 0.321442 -0.946929 0
    outer loop
      vertex -0.776457 2.89778 14.7765
      vertex -1.14805 2.77164 14
      vertex -0.776457 2.89778 14
    endloop
  endfacet
  facet normal 0.321442 -0.946929 0
    outer loop
      vertex -1.14805 2.77164 33.0045
      vertex -0.776457 2.89778 27.7192
      vertex -0.776457 2.89778 33.3761
    endloop
  endfacet
  facet normal 0.321442 -0.946929 0
    outer loop
      vertex -0.776457 2.89778 27.7192
      vertex -1.14805 2.77164 33.0045
      vertex -1.14805 2.77164 27.3476
    endloop
  endfacet
  facet normal 0.831462 0.555582 0
    outer loop
      vertex -2.38006 -1.82628 4
      vertex -2.59808 -1.5 0
      vertex -2.59808 -1.5 4
    endloop
  endfacet
  facet normal 0.831462 0.555582 0
    outer loop
      vertex -2.59808 -1.5 0
      vertex -2.38006 -1.82628 4
      vertex -2.38006 -1.82628 0
    endloop
  endfacet
  facet normal 0.831462 0.555582 0
    outer loop
      vertex -2.38006 -1.82628 16.3801
      vertex -2.59808 -1.5 14
      vertex -2.59808 -1.5 16.5981
    endloop
  endfacet
  facet normal 0.831462 0.555582 0
    outer loop
      vertex -2.59808 -1.5 14
      vertex -2.38006 -1.82628 16.3801
      vertex -2.38006 -1.82628 14
    endloop
  endfacet
  facet normal 0.831462 0.555582 -0
    outer loop
      vertex -2.38006 -1.82628 26.1156
      vertex -2.59808 -1.5 31.5545
      vertex -2.38006 -1.82628 31.7725
    endloop
  endfacet
  facet normal 0.831462 0.555582 0
    outer loop
      vertex -2.59808 -1.5 31.5545
      vertex -2.38006 -1.82628 26.1156
      vertex -2.59808 -1.5 25.8976
    endloop
  endfacet
  facet normal 0.555582 -0.831462 0
    outer loop
      vertex -1.82628 2.38006 0
      vertex -1.5 2.59808 4
      vertex -1.82628 2.38006 4
    endloop
  endfacet
  facet normal 0.555582 -0.831462 0
    outer loop
      vertex -1.5 2.59808 4
      vertex -1.82628 2.38006 0
      vertex -1.5 2.59808 0
    endloop
  endfacet
  facet normal 0.555582 -0.831462 0
    outer loop
      vertex -1.82628 2.38006 14
      vertex -1.5 2.59808 15.5
      vertex -1.82628 2.38006 15.8263
    endloop
  endfacet
  facet normal 0.555582 -0.831462 0
    outer loop
      vertex -1.5 2.59808 15.5
      vertex -1.82628 2.38006 14
      vertex -1.5 2.59808 14
    endloop
  endfacet
  facet normal 0.555582 -0.831462 0
    outer loop
      vertex -1.82628 2.38006 32.3263
      vertex -1.5 2.59808 26.9957
      vertex -1.5 2.59808 32.6525
    endloop
  endfacet
  facet normal 0.555582 -0.831462 0
    outer loop
      vertex -1.5 2.59808 26.9957
      vertex -1.82628 2.38006 32.3263
      vertex -1.82628 2.38006 26.6694
    endloop
  endfacet
  facet normal -0.195073 -0.980789 0
    outer loop
      vertex 0.391578 2.97433 0
      vertex 0.776457 2.89778 4
      vertex 0.391578 2.97433 4
    endloop
  endfacet
  facet normal -0.195073 -0.980789 -0
    outer loop
      vertex 0.776457 2.89778 4
      vertex 0.391578 2.97433 0
      vertex 0.776457 2.89778 0
    endloop
  endfacet
  facet normal -0.195073 -0.980789 0
    outer loop
      vertex 0.391578 2.97433 34.5441
      vertex 0.776457 2.89778 29.2721
      vertex 0.776457 2.89778 34.929
    endloop
  endfacet
  facet normal -0.195073 -0.980789 0
    outer loop
      vertex 0.776457 2.89778 29.2721
      vertex 0.391578 2.97433 34.5441
      vertex 0.391578 2.97433 28.8873
    endloop
  endfacet
  facet normal 0.442283 -0.896875 0
    outer loop
      vertex -1.5 2.59808 0
      vertex -1.14805 2.77164 4
      vertex -1.5 2.59808 4
    endloop
  endfacet
  facet normal 0.442283 -0.896875 0
    outer loop
      vertex -1.14805 2.77164 4
      vertex -1.5 2.59808 0
      vertex -1.14805 2.77164 0
    endloop
  endfacet
  facet normal 0.442283 -0.896875 0
    outer loop
      vertex -1.5 2.59808 14
      vertex -1.14805 2.77164 15.148
      vertex -1.5 2.59808 15.5
    endloop
  endfacet
  facet normal 0.442283 -0.896875 0
    outer loop
      vertex -1.14805 2.77164 15.148
      vertex -1.5 2.59808 14
      vertex -1.14805 2.77164 14
    endloop
  endfacet
  facet normal 0.442283 -0.896875 0
    outer loop
      vertex -1.5 2.59808 32.6525
      vertex -1.14805 2.77164 27.3476
      vertex -1.14805 2.77164 33.0045
    endloop
  endfacet
  facet normal 0.442283 -0.896875 0
    outer loop
      vertex -1.14805 2.77164 27.3476
      vertex -1.5 2.59808 32.6525
      vertex -1.5 2.59808 26.9957
    endloop
  endfacet
  facet normal -0.0654149 0.997858 0
    outer loop
      vertex 0.391578 -2.97433 0
      vertex 0 -3 4
      vertex 0.391578 -2.97433 4
    endloop
  endfacet
  facet normal -0.0654149 0.997858 0
    outer loop
      vertex 0 -3 4
      vertex 0.391578 -2.97433 0
      vertex 0 -3 0
    endloop
  endfacet
  facet normal -0.0654149 0.997858 0
    outer loop
      vertex 0.391578 -2.97433 28.8873
      vertex 0 -3 34.1525
      vertex 0.391578 -2.97433 34.5441
    endloop
  endfacet
  facet normal -0.0654149 0.997858 0
    outer loop
      vertex 0 -3 34.1525
      vertex 0.391578 -2.97433 28.8873
      vertex 0 -3 28.4957
    endloop
  endfacet
  facet normal -0.659341 0.751844 0
    outer loop
      vertex 2.12132 -2.12132 0
      vertex 1.82628 -2.38006 4
      vertex 2.12132 -2.12132 4
    endloop
  endfacet
  facet normal -0.659341 0.751844 0
    outer loop
      vertex 1.82628 -2.38006 4
      vertex 2.12132 -2.12132 0
      vertex 1.82628 -2.38006 0
    endloop
  endfacet
  facet normal -0.659341 0.751844 0
    outer loop
      vertex 2.12132 -2.12132 30.617
      vertex 1.82628 -2.38006 35.9788
      vertex 2.12132 -2.12132 36.2739
    endloop
  endfacet
  facet normal -0.659341 0.751844 0
    outer loop
      vertex 1.82628 -2.38006 35.9788
      vertex 2.12132 -2.12132 30.617
      vertex 1.82628 -2.38006 30.322
    endloop
  endfacet
  facet normal 0.946929 0.321442 0
    outer loop
      vertex -2.77164 -1.14805 4
      vertex -2.89778 -0.776457 0
      vertex -2.89778 -0.776457 4
    endloop
  endfacet
  facet normal 0.946929 0.321442 0
    outer loop
      vertex -2.89778 -0.776457 0
      vertex -2.77164 -1.14805 4
      vertex -2.77164 -1.14805 0
    endloop
  endfacet
  facet normal 0.946929 0.321442 0
    outer loop
      vertex -2.77164 -1.14805 16.7716
      vertex -2.89778 -0.776457 14
      vertex -2.89778 -0.776457 16.8978
    endloop
  endfacet
  facet normal 0.946929 0.321442 0
    outer loop
      vertex -2.89778 -0.776457 14
      vertex -2.77164 -1.14805 16.7716
      vertex -2.77164 -1.14805 14
    endloop
  endfacet
  facet normal 0.946929 0.321442 -0
    outer loop
      vertex -2.77164 -1.14805 25.7241
      vertex -2.89778 -0.776457 31.2548
      vertex -2.77164 -1.14805 31.3809
    endloop
  endfacet
  facet normal 0.946929 0.321442 0
    outer loop
      vertex -2.89778 -0.776457 31.2548
      vertex -2.77164 -1.14805 25.7241
      vertex -2.89778 -0.776457 25.5979
    endloop
  endfacet
  facet normal -0.946929 0.321442 0
    outer loop
      vertex 2.77164 -1.14805 0
      vertex 2.89778 -0.776457 4
      vertex 2.89778 -0.776457 0
    endloop
  endfacet
  facet normal -0.946929 0.321442 0
    outer loop
      vertex 2.89778 -0.776457 4
      vertex 2.77164 -1.14805 0
      vertex 2.77164 -1.14805 4
    endloop
  endfacet
  facet normal -0.946929 0.321442 0
    outer loop
      vertex 2.77164 -1.14805 36.9242
      vertex 2.89778 -0.776457 31.3935
      vertex 2.77164 -1.14805 31.2673
    endloop
  endfacet
  facet normal -0.946929 0.321442 0
    outer loop
      vertex 2.89778 -0.776457 31.3935
      vertex 2.77164 -1.14805 36.9242
      vertex 2.89778 -0.776457 37.0503
    endloop
  endfacet
  facet normal -0.442283 -0.896875 0
    outer loop
      vertex 1.14805 2.77164 0
      vertex 1.5 2.59808 4
      vertex 1.14805 2.77164 4
    endloop
  endfacet
  facet normal -0.442283 -0.896875 -0
    outer loop
      vertex 1.5 2.59808 4
      vertex 1.14805 2.77164 0
      vertex 1.5 2.59808 0
    endloop
  endfacet
  facet normal -0.442283 -0.896875 0
    outer loop
      vertex 1.14805 2.77164 35.3006
      vertex 1.5 2.59808 29.9957
      vertex 1.5 2.59808 35.6525
    endloop
  endfacet
  facet normal -0.442283 -0.896875 0
    outer loop
      vertex 1.5 2.59808 29.9957
      vertex 1.14805 2.77164 35.3006
      vertex 1.14805 2.77164 29.6437
    endloop
  endfacet
  facet normal 0.195073 -0.980789 0
    outer loop
      vertex -0.776457 2.89778 0
      vertex -0.391578 2.97433 4
      vertex -0.776457 2.89778 4
    endloop
  endfacet
  facet normal 0.195073 -0.980789 0
    outer loop
      vertex -0.391578 2.97433 4
      vertex -0.776457 2.89778 0
      vertex -0.391578 2.97433 0
    endloop
  endfacet
  facet normal 0.195073 -0.980789 0
    outer loop
      vertex -0.776457 2.89778 14
      vertex -0.391578 2.97433 14.3916
      vertex -0.776457 2.89778 14.7765
    endloop
  endfacet
  facet normal 0.195073 -0.980789 0
    outer loop
      vertex -0.391578 2.97433 14.3916
      vertex -0.776457 2.89778 14
      vertex -0.391578 2.97433 14
    endloop
  endfacet
  facet normal 0.195073 -0.980789 0
    outer loop
      vertex -0.776457 2.89778 33.3761
      vertex -0.391578 2.97433 28.1041
      vertex -0.391578 2.97433 33.761
    endloop
  endfacet
  facet normal 0.195073 -0.980789 0
    outer loop
      vertex -0.391578 2.97433 28.1041
      vertex -0.776457 2.89778 33.3761
      vertex -0.776457 2.89778 27.7192
    endloop
  endfacet
  facet normal -0.751844 -0.659341 0
    outer loop
      vertex 2.38006 1.82628 0
      vertex 2.12132 2.12132 4
      vertex 2.12132 2.12132 0
    endloop
  endfacet
  facet normal -0.751844 -0.659341 0
    outer loop
      vertex 2.12132 2.12132 4
      vertex 2.38006 1.82628 0
      vertex 2.38006 1.82628 4
    endloop
  endfacet
  facet normal -0.751844 -0.659341 0
    outer loop
      vertex 2.38006 1.82628 30.8757
      vertex 2.12132 2.12132 36.2739
      vertex 2.12132 2.12132 30.617
    endloop
  endfacet
  facet normal -0.751844 -0.659341 0
    outer loop
      vertex 2.12132 2.12132 36.2739
      vertex 2.38006 1.82628 30.8757
      vertex 2.38006 1.82628 36.5326
    endloop
  endfacet
  facet normal -0.751844 0.659341 0
    outer loop
      vertex 2.12132 -2.12132 0
      vertex 2.38006 -1.82628 4
      vertex 2.38006 -1.82628 0
    endloop
  endfacet
  facet normal -0.751844 0.659341 0
    outer loop
      vertex 2.38006 -1.82628 4
      vertex 2.12132 -2.12132 0
      vertex 2.12132 -2.12132 4
    endloop
  endfacet
  facet normal -0.751844 0.659341 0
    outer loop
      vertex 2.12132 -2.12132 36.2739
      vertex 2.38006 -1.82628 30.8757
      vertex 2.12132 -2.12132 30.617
    endloop
  endfacet
  facet normal -0.751844 0.659341 0
    outer loop
      vertex 2.38006 -1.82628 30.8757
      vertex 2.12132 -2.12132 36.2739
      vertex 2.38006 -1.82628 36.5326
    endloop
  endfacet
  facet normal 0.442283 0.896875 -0
    outer loop
      vertex -1.14805 -2.77164 0
      vertex -1.5 -2.59808 4
      vertex -1.14805 -2.77164 4
    endloop
  endfacet
  facet normal 0.442283 0.896875 0
    outer loop
      vertex -1.5 -2.59808 4
      vertex -1.14805 -2.77164 0
      vertex -1.5 -2.59808 0
    endloop
  endfacet
  facet normal 0.442283 0.896875 0
    outer loop
      vertex -1.5 -2.59808 14
      vertex -1.14805 -2.77164 15.148
      vertex -1.14805 -2.77164 14
    endloop
  endfacet
  facet normal 0.442283 0.896875 0
    outer loop
      vertex -1.14805 -2.77164 15.148
      vertex -1.5 -2.59808 14
      vertex -1.5 -2.59808 15.5
    endloop
  endfacet
  facet normal 0.442283 0.896875 -0
    outer loop
      vertex -1.14805 -2.77164 27.3476
      vertex -1.5 -2.59808 32.6525
      vertex -1.14805 -2.77164 33.0045
    endloop
  endfacet
  facet normal 0.442283 0.896875 0
    outer loop
      vertex -1.5 -2.59808 32.6525
      vertex -1.14805 -2.77164 27.3476
      vertex -1.5 -2.59808 26.9957
    endloop
  endfacet
  facet normal 0.946929 -0.321442 0
    outer loop
      vertex -2.89778 0.776457 4
      vertex -2.77164 1.14805 0
      vertex -2.77164 1.14805 4
    endloop
  endfacet
  facet normal 0.946929 -0.321442 0
    outer loop
      vertex -2.77164 1.14805 0
      vertex -2.89778 0.776457 4
      vertex -2.89778 0.776457 0
    endloop
  endfacet
  facet normal 0.946929 -0.321442 0
    outer loop
      vertex -2.89778 0.776457 14
      vertex -2.77164 1.14805 16.7716
      vertex -2.89778 0.776457 16.8978
    endloop
  endfacet
  facet normal 0.946929 -0.321442 0
    outer loop
      vertex -2.77164 1.14805 16.7716
      vertex -2.89778 0.776457 14
      vertex -2.77164 1.14805 14
    endloop
  endfacet
  facet normal 0.946929 -0.321442 0
    outer loop
      vertex -2.89778 0.776457 31.2548
      vertex -2.77164 1.14805 25.7241
      vertex -2.77164 1.14805 31.3809
    endloop
  endfacet
  facet normal 0.946929 -0.321442 0
    outer loop
      vertex -2.77164 1.14805 25.7241
      vertex -2.89778 0.776457 31.2548
      vertex -2.89778 0.776457 25.5979
    endloop
  endfacet
  facet normal -0.195073 0.980789 0
    outer loop
      vertex 0.776457 -2.89778 0
      vertex 0.391578 -2.97433 4
      vertex 0.776457 -2.89778 4
    endloop
  endfacet
  facet normal -0.195073 0.980789 0
    outer loop
      vertex 0.391578 -2.97433 4
      vertex 0.776457 -2.89778 0
      vertex 0.391578 -2.97433 0
    endloop
  endfacet
  facet normal -0.195073 0.980789 0
    outer loop
      vertex 0.776457 -2.89778 29.2721
      vertex 0.391578 -2.97433 34.5441
      vertex 0.776457 -2.89778 34.929
    endloop
  endfacet
  facet normal -0.195073 0.980789 0
    outer loop
      vertex 0.391578 -2.97433 34.5441
      vertex 0.776457 -2.89778 29.2721
      vertex 0.391578 -2.97433 28.8873
    endloop
  endfacet
  facet normal -0.442283 0.896875 0
    outer loop
      vertex 1.5 -2.59808 0
      vertex 1.14805 -2.77164 4
      vertex 1.5 -2.59808 4
    endloop
  endfacet
  facet normal -0.442283 0.896875 0
    outer loop
      vertex 1.14805 -2.77164 4
      vertex 1.5 -2.59808 0
      vertex 1.14805 -2.77164 0
    endloop
  endfacet
  facet normal -0.442283 0.896875 0
    outer loop
      vertex 1.5 -2.59808 29.9957
      vertex 1.14805 -2.77164 35.3006
      vertex 1.5 -2.59808 35.6525
    endloop
  endfacet
  facet normal -0.442283 0.896875 0
    outer loop
      vertex 1.14805 -2.77164 35.3006
      vertex 1.5 -2.59808 29.9957
      vertex 1.14805 -2.77164 29.6437
    endloop
  endfacet
  facet normal 0.751844 -0.659341 0
    outer loop
      vertex -2.38006 1.82628 4
      vertex -2.12132 2.12132 0
      vertex -2.12132 2.12132 4
    endloop
  endfacet
  facet normal 0.751844 -0.659341 0
    outer loop
      vertex -2.12132 2.12132 0
      vertex -2.38006 1.82628 4
      vertex -2.38006 1.82628 0
    endloop
  endfacet
  facet normal 0.751844 -0.659341 0
    outer loop
      vertex -2.38006 1.82628 14
      vertex -2.12132 2.12132 16.1213
      vertex -2.38006 1.82628 16.3801
    endloop
  endfacet
  facet normal 0.751844 -0.659341 0
    outer loop
      vertex -2.12132 2.12132 16.1213
      vertex -2.38006 1.82628 14
      vertex -2.12132 2.12132 14
    endloop
  endfacet
  facet normal 0.751844 -0.659341 0
    outer loop
      vertex -2.38006 1.82628 31.7725
      vertex -2.12132 2.12132 26.3744
      vertex -2.12132 2.12132 32.0312
    endloop
  endfacet
  facet normal 0.751844 -0.659341 0
    outer loop
      vertex -2.12132 2.12132 26.3744
      vertex -2.38006 1.82628 31.7725
      vertex -2.38006 1.82628 26.1156
    endloop
  endfacet
  facet normal -0.659341 -0.751844 0
    outer loop
      vertex 1.82628 2.38006 0
      vertex 2.12132 2.12132 4
      vertex 1.82628 2.38006 4
    endloop
  endfacet
  facet normal -0.659341 -0.751844 -0
    outer loop
      vertex 2.12132 2.12132 4
      vertex 1.82628 2.38006 0
      vertex 2.12132 2.12132 0
    endloop
  endfacet
  facet normal -0.659341 -0.751844 0
    outer loop
      vertex 1.82628 2.38006 35.9788
      vertex 2.12132 2.12132 30.617
      vertex 2.12132 2.12132 36.2739
    endloop
  endfacet
  facet normal -0.659341 -0.751844 0
    outer loop
      vertex 2.12132 2.12132 30.617
      vertex 1.82628 2.38006 35.9788
      vertex 1.82628 2.38006 30.322
    endloop
  endfacet
  facet normal 0.896875 0.442283 0
    outer loop
      vertex -2.59808 -1.5 4
      vertex -2.77164 -1.14805 0
      vertex -2.77164 -1.14805 4
    endloop
  endfacet
  facet normal 0.896875 0.442283 0
    outer loop
      vertex -2.77164 -1.14805 0
      vertex -2.59808 -1.5 4
      vertex -2.59808 -1.5 0
    endloop
  endfacet
  facet normal 0.896875 0.442283 0
    outer loop
      vertex -2.59808 -1.5 16.5981
      vertex -2.77164 -1.14805 14
      vertex -2.77164 -1.14805 16.7716
    endloop
  endfacet
  facet normal 0.896875 0.442283 0
    outer loop
      vertex -2.77164 -1.14805 14
      vertex -2.59808 -1.5 16.5981
      vertex -2.59808 -1.5 14
    endloop
  endfacet
  facet normal 0.896875 0.442283 -0
    outer loop
      vertex -2.59808 -1.5 25.8976
      vertex -2.77164 -1.14805 31.3809
      vertex -2.59808 -1.5 31.5545
    endloop
  endfacet
  facet normal 0.896875 0.442283 0
    outer loop
      vertex -2.77164 -1.14805 31.3809
      vertex -2.59808 -1.5 25.8976
      vertex -2.77164 -1.14805 25.7241
    endloop
  endfacet
  facet normal 0.997858 -0.0654149 0
    outer loop
      vertex -3 0 4
      vertex -2.97433 0.391578 0
      vertex -2.97433 0.391578 4
    endloop
  endfacet
  facet normal 0.997858 -0.0654149 0
    outer loop
      vertex -2.97433 0.391578 0
      vertex -3 0 4
      vertex -3 0 0
    endloop
  endfacet
  facet normal 0.997858 -0.0654149 0
    outer loop
      vertex -3 0 14
      vertex -2.97433 0.391578 16.9743
      vertex -3 0 17
    endloop
  endfacet
  facet normal 0.997858 -0.0654149 0
    outer loop
      vertex -2.97433 0.391578 16.9743
      vertex -3 0 14
      vertex -2.97433 0.391578 14
    endloop
  endfacet
  facet normal 0.997858 -0.0654149 0
    outer loop
      vertex -3 0 31.1525
      vertex -2.97433 0.391578 25.5214
      vertex -2.97433 0.391578 31.1782
    endloop
  endfacet
  facet normal 0.997858 -0.0654149 0
    outer loop
      vertex -2.97433 0.391578 25.5214
      vertex -3 0 31.1525
      vertex -3 0 25.4957
    endloop
  endfacet
  facet normal -0.831462 0.555582 0
    outer loop
      vertex 2.38006 -1.82628 0
      vertex 2.59808 -1.5 4
      vertex 2.59808 -1.5 0
    endloop
  endfacet
  facet normal -0.831462 0.555582 0
    outer loop
      vertex 2.59808 -1.5 4
      vertex 2.38006 -1.82628 0
      vertex 2.38006 -1.82628 4
    endloop
  endfacet
  facet normal -0.831462 0.555582 0
    outer loop
      vertex 2.38006 -1.82628 36.5326
      vertex 2.59808 -1.5 31.0938
      vertex 2.38006 -1.82628 30.8757
    endloop
  endfacet
  facet normal -0.831462 0.555582 0
    outer loop
      vertex 2.59808 -1.5 31.0938
      vertex 2.38006 -1.82628 36.5326
      vertex 2.59808 -1.5 36.7506
    endloop
  endfacet
  facet normal -0.896875 -0.442283 0
    outer loop
      vertex 2.77164 1.14805 0
      vertex 2.59808 1.5 4
      vertex 2.59808 1.5 0
    endloop
  endfacet
  facet normal -0.896875 -0.442283 0
    outer loop
      vertex 2.59808 1.5 4
      vertex 2.77164 1.14805 0
      vertex 2.77164 1.14805 4
    endloop
  endfacet
  facet normal -0.896875 -0.442283 0
    outer loop
      vertex 2.77164 1.14805 31.2673
      vertex 2.59808 1.5 36.7506
      vertex 2.59808 1.5 31.0938
    endloop
  endfacet
  facet normal -0.896875 -0.442283 0
    outer loop
      vertex 2.59808 1.5 36.7506
      vertex 2.77164 1.14805 31.2673
      vertex 2.77164 1.14805 36.9242
    endloop
  endfacet
  facet normal 0.0654149 0.997858 -0
    outer loop
      vertex 0 -3 0
      vertex -0.391578 -2.97433 4
      vertex 0 -3 4
    endloop
  endfacet
  facet normal 0.0654149 0.997858 0
    outer loop
      vertex -0.391578 -2.97433 4
      vertex 0 -3 0
      vertex -0.391578 -2.97433 0
    endloop
  endfacet
  facet normal 0.0654149 0.997858 0
    outer loop
      vertex -0.391578 -2.97433 14.3916
      vertex 0 -3 14
      vertex -0.391578 -2.97433 14
    endloop
  endfacet
  facet normal 0.0654149 0.997858 -0
    outer loop
      vertex 0 -3 28.4957
      vertex -0.391578 -2.97433 33.761
      vertex 0 -3 34.1525
    endloop
  endfacet
  facet normal 0.0654149 0.997858 0
    outer loop
      vertex -0.391578 -2.97433 33.761
      vertex 0 -3 28.4957
      vertex -0.391578 -2.97433 28.1041
    endloop
  endfacet
  facet normal 0.555582 0.831462 -0
    outer loop
      vertex -1.5 -2.59808 0
      vertex -1.82628 -2.38006 4
      vertex -1.5 -2.59808 4
    endloop
  endfacet
  facet normal 0.555582 0.831462 0
    outer loop
      vertex -1.82628 -2.38006 4
      vertex -1.5 -2.59808 0
      vertex -1.82628 -2.38006 0
    endloop
  endfacet
  facet normal 0.555582 0.831462 0
    outer loop
      vertex -1.82628 -2.38006 14
      vertex -1.5 -2.59808 15.5
      vertex -1.5 -2.59808 14
    endloop
  endfacet
  facet normal 0.555582 0.831462 0
    outer loop
      vertex -1.5 -2.59808 15.5
      vertex -1.82628 -2.38006 14
      vertex -1.82628 -2.38006 15.8263
    endloop
  endfacet
  facet normal 0.555582 0.831462 -0
    outer loop
      vertex -1.5 -2.59808 26.9957
      vertex -1.82628 -2.38006 32.3263
      vertex -1.5 -2.59808 32.6525
    endloop
  endfacet
  facet normal 0.555582 0.831462 0
    outer loop
      vertex -1.82628 -2.38006 32.3263
      vertex -1.5 -2.59808 26.9957
      vertex -1.82628 -2.38006 26.6694
    endloop
  endfacet
  facet normal -0.555582 0.831462 0
    outer loop
      vertex 1.82628 -2.38006 0
      vertex 1.5 -2.59808 4
      vertex 1.82628 -2.38006 4
    endloop
  endfacet
  facet normal -0.555582 0.831462 0
    outer loop
      vertex 1.5 -2.59808 4
      vertex 1.82628 -2.38006 0
      vertex 1.5 -2.59808 0
    endloop
  endfacet
  facet normal -0.555582 0.831462 0
    outer loop
      vertex 1.82628 -2.38006 30.322
      vertex 1.5 -2.59808 35.6525
      vertex 1.82628 -2.38006 35.9788
    endloop
  endfacet
  facet normal -0.555582 0.831462 0
    outer loop
      vertex 1.5 -2.59808 35.6525
      vertex 1.82628 -2.38006 30.322
      vertex 1.5 -2.59808 29.9957
    endloop
  endfacet
  facet normal -0.946929 -0.321442 0
    outer loop
      vertex 2.89778 0.776457 0
      vertex 2.77164 1.14805 4
      vertex 2.77164 1.14805 0
    endloop
  endfacet
  facet normal -0.946929 -0.321442 0
    outer loop
      vertex 2.77164 1.14805 4
      vertex 2.89778 0.776457 0
      vertex 2.89778 0.776457 4
    endloop
  endfacet
  facet normal -0.946929 -0.321442 0
    outer loop
      vertex 2.89778 0.776457 31.3935
      vertex 2.77164 1.14805 36.9242
      vertex 2.77164 1.14805 31.2673
    endloop
  endfacet
  facet normal -0.946929 -0.321442 0
    outer loop
      vertex 2.77164 1.14805 36.9242
      vertex 2.89778 0.776457 31.3935
      vertex 2.89778 0.776457 37.0503
    endloop
  endfacet
  facet normal 0.980789 -0.195073 0
    outer loop
      vertex -2.97433 0.391578 4
      vertex -2.89778 0.776457 0
      vertex -2.89778 0.776457 4
    endloop
  endfacet
  facet normal 0.980789 -0.195073 0
    outer loop
      vertex -2.89778 0.776457 0
      vertex -2.97433 0.391578 4
      vertex -2.97433 0.391578 0
    endloop
  endfacet
  facet normal 0.980789 -0.195073 0
    outer loop
      vertex -2.97433 0.391578 14
      vertex -2.89778 0.776457 16.8978
      vertex -2.97433 0.391578 16.9743
    endloop
  endfacet
  facet normal 0.980789 -0.195073 0
    outer loop
      vertex -2.89778 0.776457 16.8978
      vertex -2.97433 0.391578 14
      vertex -2.89778 0.776457 14
    endloop
  endfacet
  facet normal 0.980789 -0.195073 0
    outer loop
      vertex -2.97433 0.391578 31.1782
      vertex -2.89778 0.776457 25.5979
      vertex -2.89778 0.776457 31.2548
    endloop
  endfacet
  facet normal 0.980789 -0.195073 0
    outer loop
      vertex -2.89778 0.776457 25.5979
      vertex -2.97433 0.391578 31.1782
      vertex -2.97433 0.391578 25.5214
    endloop
  endfacet
  facet normal 0.0654149 -0.997858 0
    outer loop
      vertex -0.391578 2.97433 0
      vertex 0 3 4
      vertex -0.391578 2.97433 4
    endloop
  endfacet
  facet normal 0.0654149 -0.997858 0
    outer loop
      vertex 0 3 4
      vertex -0.391578 2.97433 0
      vertex 0 3 0
    endloop
  endfacet
  facet normal 0.0654149 -0.997858 0
    outer loop
      vertex 0 3 14
      vertex -0.391578 2.97433 14.3916
      vertex -0.391578 2.97433 14
    endloop
  endfacet
  facet normal 0.0654149 -0.997858 0
    outer loop
      vertex -0.391578 2.97433 33.761
      vertex 0 3 28.4957
      vertex 0 3 34.1525
    endloop
  endfacet
  facet normal 0.0654149 -0.997858 0
    outer loop
      vertex 0 3 28.4957
      vertex -0.391578 2.97433 33.761
      vertex -0.391578 2.97433 28.1041
    endloop
  endfacet
  facet normal 0.321442 0.946929 -0
    outer loop
      vertex -0.776457 -2.89778 0
      vertex -1.14805 -2.77164 4
      vertex -0.776457 -2.89778 4
    endloop
  endfacet
  facet normal 0.321442 0.946929 0
    outer loop
      vertex -1.14805 -2.77164 4
      vertex -0.776457 -2.89778 0
      vertex -1.14805 -2.77164 0
    endloop
  endfacet
  facet normal 0.321442 0.946929 0
    outer loop
      vertex -1.14805 -2.77164 14
      vertex -0.776457 -2.89778 14.7765
      vertex -0.776457 -2.89778 14
    endloop
  endfacet
  facet normal 0.321442 0.946929 0
    outer loop
      vertex -0.776457 -2.89778 14.7765
      vertex -1.14805 -2.77164 14
      vertex -1.14805 -2.77164 15.148
    endloop
  endfacet
  facet normal 0.321442 0.946929 -0
    outer loop
      vertex -0.776457 -2.89778 27.7192
      vertex -1.14805 -2.77164 33.0045
      vertex -0.776457 -2.89778 33.3761
    endloop
  endfacet
  facet normal 0.321442 0.946929 0
    outer loop
      vertex -1.14805 -2.77164 33.0045
      vertex -0.776457 -2.89778 27.7192
      vertex -1.14805 -2.77164 27.3476
    endloop
  endfacet
  facet normal 0.980789 0.195073 0
    outer loop
      vertex -2.89778 -0.776457 4
      vertex -2.97433 -0.391578 0
      vertex -2.97433 -0.391578 4
    endloop
  endfacet
  facet normal 0.980789 0.195073 0
    outer loop
      vertex -2.97433 -0.391578 0
      vertex -2.89778 -0.776457 4
      vertex -2.89778 -0.776457 0
    endloop
  endfacet
  facet normal 0.980789 0.195073 0
    outer loop
      vertex -2.89778 -0.776457 16.8978
      vertex -2.97433 -0.391578 14
      vertex -2.97433 -0.391578 16.9743
    endloop
  endfacet
  facet normal 0.980789 0.195073 0
    outer loop
      vertex -2.97433 -0.391578 14
      vertex -2.89778 -0.776457 16.8978
      vertex -2.89778 -0.776457 14
    endloop
  endfacet
  facet normal 0.980789 0.195073 -0
    outer loop
      vertex -2.89778 -0.776457 25.5979
      vertex -2.97433 -0.391578 31.1782
      vertex -2.89778 -0.776457 31.2548
    endloop
  endfacet
  facet normal 0.980789 0.195073 0
    outer loop
      vertex -2.97433 -0.391578 31.1782
      vertex -2.89778 -0.776457 25.5979
      vertex -2.97433 -0.391578 25.5214
    endloop
  endfacet
  facet normal -0.0654149 -0.997858 0
    outer loop
      vertex 0 3 0
      vertex 0.391578 2.97433 4
      vertex 0 3 4
    endloop
  endfacet
  facet normal -0.0654149 -0.997858 -0
    outer loop
      vertex 0.391578 2.97433 4
      vertex 0 3 0
      vertex 0.391578 2.97433 0
    endloop
  endfacet
  facet normal -0.0654149 -0.997858 0
    outer loop
      vertex 0 3 34.1525
      vertex 0.391578 2.97433 28.8873
      vertex 0.391578 2.97433 34.5441
    endloop
  endfacet
  facet normal -0.0654149 -0.997858 0
    outer loop
      vertex 0.391578 2.97433 28.8873
      vertex 0 3 34.1525
      vertex 0 3 28.4957
    endloop
  endfacet
  facet normal 0.195073 0.980789 -0
    outer loop
      vertex -0.391578 -2.97433 0
      vertex -0.776457 -2.89778 4
      vertex -0.391578 -2.97433 4
    endloop
  endfacet
  facet normal 0.195073 0.980789 0
    outer loop
      vertex -0.776457 -2.89778 4
      vertex -0.391578 -2.97433 0
      vertex -0.776457 -2.89778 0
    endloop
  endfacet
  facet normal 0.195073 0.980789 0
    outer loop
      vertex -0.776457 -2.89778 14
      vertex -0.391578 -2.97433 14.3916
      vertex -0.391578 -2.97433 14
    endloop
  endfacet
  facet normal 0.195073 0.980789 0
    outer loop
      vertex -0.391578 -2.97433 14.3916
      vertex -0.776457 -2.89778 14
      vertex -0.776457 -2.89778 14.7765
    endloop
  endfacet
  facet normal 0.195073 0.980789 -0
    outer loop
      vertex -0.391578 -2.97433 28.1041
      vertex -0.776457 -2.89778 33.3761
      vertex -0.391578 -2.97433 33.761
    endloop
  endfacet
  facet normal 0.195073 0.980789 0
    outer loop
      vertex -0.776457 -2.89778 33.3761
      vertex -0.391578 -2.97433 28.1041
      vertex -0.776457 -2.89778 27.7192
    endloop
  endfacet
  facet normal 0.831462 -0.555582 0
    outer loop
      vertex -2.59808 1.5 4
      vertex -2.38006 1.82628 0
      vertex -2.38006 1.82628 4
    endloop
  endfacet
  facet normal 0.831462 -0.555582 0
    outer loop
      vertex -2.38006 1.82628 0
      vertex -2.59808 1.5 4
      vertex -2.59808 1.5 0
    endloop
  endfacet
  facet normal 0.831462 -0.555582 0
    outer loop
      vertex -2.59808 1.5 14
      vertex -2.38006 1.82628 16.3801
      vertex -2.59808 1.5 16.5981
    endloop
  endfacet
  facet normal 0.831462 -0.555582 0
    outer loop
      vertex -2.38006 1.82628 16.3801
      vertex -2.59808 1.5 14
      vertex -2.38006 1.82628 14
    endloop
  endfacet
  facet normal 0.831462 -0.555582 0
    outer loop
      vertex -2.59808 1.5 31.5545
      vertex -2.38006 1.82628 26.1156
      vertex -2.38006 1.82628 31.7725
    endloop
  endfacet
  facet normal 0.831462 -0.555582 0
    outer loop
      vertex -2.38006 1.82628 26.1156
      vertex -2.59808 1.5 31.5545
      vertex -2.59808 1.5 25.8976
    endloop
  endfacet
  facet normal 0.955416 0 -0.295262
    outer loop
      vertex 31.2895 -14.25 25.1369
      vertex 14.25 14.25 -30
      vertex 31.2895 14.25 25.1369
    endloop
  endfacet
  facet normal 0.955416 0 -0.295262
    outer loop
      vertex 14.25 14.25 -30
      vertex 31.2895 -14.25 25.1369
      vertex 14.25 -14.25 -30
    endloop
  endfacet
  facet normal 0.707107 1.86984e-16 0.707107
    outer loop
      vertex 11.1369 14.25 45.2895
      vertex 13.9654 10.25 42.461
      vertex 31.2895 14.25 25.1369
    endloop
  endfacet
  facet normal 0.707107 0 0.707107
    outer loop
      vertex 11.1369 14.25 45.2895
      vertex 13.9654 -10.25 42.461
      vertex 13.9654 10.25 42.461
    endloop
  endfacet
  facet normal 0.707107 -4.3326e-16 0.707107
    outer loop
      vertex 13.9654 -10.25 42.461
      vertex 11.1369 -14.25 45.2895
      vertex 28.461 -10.25 27.9654
    endloop
  endfacet
  facet normal 0.707107 -0 0.707107
    outer loop
      vertex 11.1369 -14.25 45.2895
      vertex 13.9654 -10.25 42.461
      vertex 11.1369 14.25 45.2895
    endloop
  endfacet
  facet normal 0.707107 -6.93217e-16 0.707107
    outer loop
      vertex 28.461 10.25 27.9654
      vertex 31.2895 14.25 25.1369
      vertex 13.9654 10.25 42.461
    endloop
  endfacet
  facet normal 0.707107 -0 0.707107
    outer loop
      vertex 28.461 -10.25 27.9654
      vertex 31.2895 14.25 25.1369
      vertex 28.461 10.25 27.9654
    endloop
  endfacet
  facet normal 0.707107 0 0.707107
    outer loop
      vertex 28.461 -10.25 27.9654
      vertex 31.2895 -14.25 25.1369
      vertex 31.2895 14.25 25.1369
    endloop
  endfacet
  facet normal 0.707107 4.98625e-16 0.707107
    outer loop
      vertex 31.2895 -14.25 25.1369
      vertex 28.461 -10.25 27.9654
      vertex 11.1369 -14.25 45.2895
    endloop
  endfacet
  facet normal -0.996972 0 0.0777622
    outer loop
      vertex -14.25 -14.25 4
      vertex -12.9047 14.25 21.2478
      vertex -14.25 14.25 4
    endloop
  endfacet
  facet normal -0.996972 0 0.0777622
    outer loop
      vertex -12.9047 14.25 21.2478
      vertex -14.25 -14.25 4
      vertex -12.9047 -14.25 21.2478
    endloop
  endfacet
  facet normal 0 0 -1
    outer loop
      vertex 14.25 -14.25 -30
      vertex 10.25 -10.25 -30
      vertex 14.25 14.25 -30
    endloop
  endfacet
  facet normal 0 0 -1
    outer loop
      vertex 14.25 -14.25 -30
      vertex -10.25 -10.25 -30
      vertex 10.25 -10.25 -30
    endloop
  endfacet
  facet normal -0 0 -1
    outer loop
      vertex -10.25 -10.25 -30
      vertex -14.25 -14.25 -30
      vertex -10.25 10.25 -30
    endloop
  endfacet
  facet normal 0 0 -1
    outer loop
      vertex -14.25 -14.25 -30
      vertex -10.25 -10.25 -30
      vertex 14.25 -14.25 -30
    endloop
  endfacet
  facet normal 0 0 -1
    outer loop
      vertex 10.25 10.25 -30
      vertex 14.25 14.25 -30
      vertex 10.25 -10.25 -30
    endloop
  endfacet
  facet normal 0 0 -1
    outer loop
      vertex -10.25 10.25 -30
      vertex 14.25 14.25 -30
      vertex 10.25 10.25 -30
    endloop
  endfacet
  facet normal 0 0 -1
    outer loop
      vertex -10.25 10.25 -30
      vertex -14.25 14.25 -30
      vertex 14.25 14.25 -30
    endloop
  endfacet
  facet normal 0 0 -1
    outer loop
      vertex -14.25 14.25 -30
      vertex -10.25 10.25 -30
      vertex -14.25 -14.25 -30
    endloop
  endfacet
  facet normal 0 1 0
    outer loop
      vertex 12.8299 14.25 29.1974
      vertex 6.72291 14.25 23.0904
      vertex 6.36396 14.25 23.114
    endloop
  endfacet
  facet normal 0 1 0
    outer loop
      vertex 15.9153 14.25 26.8299
      vertex 7.07571 14.25 23.0203
      vertex 6.72291 14.25 23.0904
    endloop
  endfacet
  facet normal 0 1 0
    outer loop
      vertex 15.9153 14.25 26.8299
      vertex 7.41634 14.25 22.9046
      vertex 7.07571 14.25 23.0203
    endloop
  endfacet
  facet normal 0 1 0
    outer loop
      vertex 15.9153 14.25 26.8299
      vertex 7.73896 14.25 22.7455
      vertex 7.41634 14.25 22.9046
    endloop
  endfacet
  facet normal 0 1 0
    outer loop
      vertex 15.9153 14.25 26.8299
      vertex 8.03805 14.25 22.5457
      vertex 7.73896 14.25 22.7455
    endloop
  endfacet
  facet normal 0 1 0
    outer loop
      vertex 15.9153 14.25 26.8299
      vertex 8.30851 14.25 22.3085
      vertex 8.03805 14.25 22.5457
    endloop
  endfacet
  facet normal 0 1 0
    outer loop
      vertex 15.9153 14.25 26.8299
      vertex 8.54568 14.25 22.0381
      vertex 8.30851 14.25 22.3085
    endloop
  endfacet
  facet normal 0 1 0
    outer loop
      vertex 15.9153 14.25 26.8299
      vertex 8.74553 14.25 21.739
      vertex 8.54568 14.25 22.0381
    endloop
  endfacet
  facet normal 0 1 0
    outer loop
      vertex 15.9153 14.25 26.8299
      vertex 8.90463 14.25 21.4163
      vertex 8.74553 14.25 21.739
    endloop
  endfacet
  facet normal 0 1 0
    outer loop
      vertex 15.9153 14.25 26.8299
      vertex 9.02026 14.25 21.0757
      vertex 8.90463 14.25 21.4163
    endloop
  endfacet
  facet normal 0 1 0
    outer loop
      vertex 15.9153 14.25 26.8299
      vertex 9.09043 14.25 20.7229
      vertex 9.02026 14.25 21.0757
    endloop
  endfacet
  facet normal 0 1 0
    outer loop
      vertex 15.9153 14.25 26.8299
      vertex 9.11396 14.25 20.364
      vertex 9.09043 14.25 20.7229
    endloop
  endfacet
  facet normal 0 1 0
    outer loop
      vertex 15.9153 14.25 26.8299
      vertex 9.09043 14.25 20.005
      vertex 9.11396 14.25 20.364
    endloop
  endfacet
  facet normal 0 1 0
    outer loop
      vertex 15.9153 14.25 26.8299
      vertex 9.02026 14.25 19.6522
      vertex 9.09043 14.25 20.005
    endloop
  endfacet
  facet normal 0 1 0
    outer loop
      vertex 16.2681 14.25 26.9001
      vertex 9.02026 14.25 19.6522
      vertex 15.9153 14.25 26.8299
    endloop
  endfacet
  facet normal 0 1 0
    outer loop
      vertex 31.2895 14.25 25.1369
      vertex 8.74553 14.25 18.989
      vertex 8.90463 14.25 19.3116
    endloop
  endfacet
  facet normal 0 1 0
    outer loop
      vertex 31.2895 14.25 25.1369
      vertex 8.54568 14.25 18.6899
      vertex 8.74553 14.25 18.989
    endloop
  endfacet
  facet normal 0 1 0
    outer loop
      vertex 31.2895 14.25 25.1369
      vertex 8.30851 14.25 18.4194
      vertex 8.54568 14.25 18.6899
    endloop
  endfacet
  facet normal 0 1 0
    outer loop
      vertex 2.54067 14.25 -7.94762
      vertex 8.30851 14.25 18.4194
      vertex 31.2895 14.25 25.1369
    endloop
  endfacet
  facet normal 0 1 0
    outer loop
      vertex 8.30851 14.25 18.4194
      vertex 2.54067 14.25 -7.94762
      vertex 8.03805 14.25 18.1822
    endloop
  endfacet
  facet normal -0 1 0
    outer loop
      vertex 2.38157 14.25 -7.625
      vertex 8.03805 14.25 18.1822
      vertex 2.54067 14.25 -7.94762
    endloop
  endfacet
  facet normal 0 1 0
    outer loop
      vertex 8.03805 14.25 18.1822
      vertex 2.38157 14.25 -7.625
      vertex 7.73896 14.25 17.9824
    endloop
  endfacet
  facet normal 0 1 0
    outer loop
      vertex 1.375 14.25 -6.61843
      vertex 6.36396 14.25 17.614
      vertex 6.72291 14.25 17.6375
    endloop
  endfacet
  facet normal 0 1 0
    outer loop
      vertex 1.67409 14.25 -6.81828
      vertex 6.72291 14.25 17.6375
      vertex 7.07571 14.25 17.7077
    endloop
  endfacet
  facet normal -0 1 0
    outer loop
      vertex 2.18172 14.25 -7.32591
      vertex 7.73896 14.25 17.9824
      vertex 2.38157 14.25 -7.625
    endloop
  endfacet
  facet normal 0 1 0
    outer loop
      vertex 6.36396 14.25 17.614
      vertex 0.711752 14.25 -6.3437
      vertex 0.358947 14.25 -6.27353
    endloop
  endfacet
  facet normal 0 1 0
    outer loop
      vertex 6.36396 14.25 17.614
      vertex 0 14.25 -6.25
      vertex -0.358947 14.25 -6.27353
    endloop
  endfacet
  facet normal 0 1 0
    outer loop
      vertex 6.36396 14.25 17.614
      vertex 0.358947 14.25 -6.27353
      vertex 0 14.25 -6.25
    endloop
  endfacet
  facet normal 0 1 0
    outer loop
      vertex 6.36396 14.25 17.614
      vertex 1.05238 14.25 -6.45933
      vertex 0.711752 14.25 -6.3437
    endloop
  endfacet
  facet normal 0 1 0
    outer loop
      vertex 6.36396 14.25 17.614
      vertex 1.375 14.25 -6.61843
      vertex 1.05238 14.25 -6.45933
    endloop
  endfacet
  facet normal 0 1 0
    outer loop
      vertex 6.72291 14.25 17.6375
      vertex 1.67409 14.25 -6.81828
      vertex 1.375 14.25 -6.61843
    endloop
  endfacet
  facet normal 0 1 0
    outer loop
      vertex 7.07571 14.25 17.7077
      vertex 1.94454 14.25 -7.05546
      vertex 1.67409 14.25 -6.81828
    endloop
  endfacet
  facet normal 0 1 0
    outer loop
      vertex 7.41634 14.25 17.8233
      vertex 1.94454 14.25 -7.05546
      vertex 7.07571 14.25 17.7077
    endloop
  endfacet
  facet normal -0 1 0
    outer loop
      vertex 1.94454 14.25 -7.05546
      vertex 7.41634 14.25 17.8233
      vertex 2.18172 14.25 -7.32591
    endloop
  endfacet
  facet normal 0 1 0
    outer loop
      vertex 7.73896 14.25 17.9824
      vertex 2.18172 14.25 -7.32591
      vertex 7.41634 14.25 17.8233
    endloop
  endfacet
  facet normal 0 1 0
    outer loop
      vertex 31.2895 14.25 25.1369
      vertex 2.6563 14.25 -8.28825
      vertex 2.54067 14.25 -7.94762
    endloop
  endfacet
  facet normal 0 1 0
    outer loop
      vertex 31.2895 14.25 25.1369
      vertex 2.72647 14.25 -8.64105
      vertex 2.6563 14.25 -8.28825
    endloop
  endfacet
  facet normal 0 1 -0
    outer loop
      vertex 14.25 14.25 -30
      vertex 2.72647 14.25 -8.64105
      vertex 31.2895 14.25 25.1369
    endloop
  endfacet
  facet normal 0 1 0
    outer loop
      vertex 2.72647 14.25 -8.64105
      vertex 14.25 14.25 -30
      vertex 2.75 14.25 -9
    endloop
  endfacet
  facet normal 0 1 0
    outer loop
      vertex 2.75 14.25 -9
      vertex 14.25 14.25 -30
      vertex 2.72647 14.25 -9.35895
    endloop
  endfacet
  facet normal 0 1 0
    outer loop
      vertex 2.72647 14.25 -9.35895
      vertex 14.25 14.25 -30
      vertex 2.6563 14.25 -9.71175
    endloop
  endfacet
  facet normal 0 1 0
    outer loop
      vertex 2.6563 14.25 -9.71175
      vertex 14.25 14.25 -30
      vertex 2.54067 14.25 -10.0524
    endloop
  endfacet
  facet normal -0 1 0
    outer loop
      vertex 2.54067 14.25 -20.9476
      vertex 2.54067 14.25 -10.0524
      vertex 14.25 14.25 -30
    endloop
  endfacet
  facet normal 0 1 0
    outer loop
      vertex 0.358947 14.25 -11.7265
      vertex 0 14.25 -19.25
      vertex 0 14.25 -11.75
    endloop
  endfacet
  facet normal 0 1 0
    outer loop
      vertex 0.358947 14.25 -19.2735
      vertex 0.358947 14.25 -11.7265
      vertex 0.711752 14.25 -11.6563
    endloop
  endfacet
  facet normal 0 1 0
    outer loop
      vertex 0.711752 14.25 -19.3437
      vertex 0.711752 14.25 -11.6563
      vertex 1.05238 14.25 -11.5407
    endloop
  endfacet
  facet normal 0 1 0
    outer loop
      vertex 1.05238 14.25 -19.4593
      vertex 1.05238 14.25 -11.5407
      vertex 1.375 14.25 -11.3816
    endloop
  endfacet
  facet normal 0 1 0
    outer loop
      vertex 1.375 14.25 -19.6184
      vertex 1.375 14.25 -11.3816
      vertex 1.67409 14.25 -11.1817
    endloop
  endfacet
  facet normal 0 1 0
    outer loop
      vertex 1.67409 14.25 -19.8183
      vertex 1.67409 14.25 -11.1817
      vertex 1.94454 14.25 -10.9445
    endloop
  endfacet
  facet normal 0 1 0
    outer loop
      vertex 1.94454 14.25 -20.0555
      vertex 1.94454 14.25 -10.9445
      vertex 2.18172 14.25 -10.6741
    endloop
  endfacet
  facet normal 0 1 0
    outer loop
      vertex 2.54067 14.25 -10.0524
      vertex 2.54067 14.25 -20.9476
      vertex 2.38157 14.25 -10.375
    endloop
  endfacet
  facet normal 0 1 0
    outer loop
      vertex 0.358947 14.25 -11.7265
      vertex 0.358947 14.25 -19.2735
      vertex 0 14.25 -19.25
    endloop
  endfacet
  facet normal 0 1 0
    outer loop
      vertex 0.711752 14.25 -11.6563
      vertex 0.711752 14.25 -19.3437
      vertex 0.358947 14.25 -19.2735
    endloop
  endfacet
  facet normal 0 1 0
    outer loop
      vertex 1.05238 14.25 -11.5407
      vertex 1.05238 14.25 -19.4593
      vertex 0.711752 14.25 -19.3437
    endloop
  endfacet
  facet normal 0 1 0
    outer loop
      vertex 1.375 14.25 -11.3816
      vertex 1.375 14.25 -19.6184
      vertex 1.05238 14.25 -19.4593
    endloop
  endfacet
  facet normal 0 1 0
    outer loop
      vertex 1.67409 14.25 -11.1817
      vertex 1.67409 14.25 -19.8183
      vertex 1.375 14.25 -19.6184
    endloop
  endfacet
  facet normal 0 1 0
    outer loop
      vertex 1.94454 14.25 -10.9445
      vertex 1.94454 14.25 -20.0555
      vertex 1.67409 14.25 -19.8183
    endloop
  endfacet
  facet normal 0 1 0
    outer loop
      vertex 2.18172 14.25 -10.6741
      vertex 2.18172 14.25 -20.3259
      vertex 1.94454 14.25 -20.0555
    endloop
  endfacet
  facet normal -0 1 0
    outer loop
      vertex 2.38157 14.25 -20.625
      vertex 2.38157 14.25 -10.375
      vertex 2.54067 14.25 -20.9476
    endloop
  endfacet
  facet normal 0 1 0
    outer loop
      vertex 2.18172 14.25 -10.6741
      vertex 2.38157 14.25 -20.625
      vertex 2.18172 14.25 -20.3259
    endloop
  endfacet
  facet normal 0 1 0
    outer loop
      vertex 2.38157 14.25 -10.375
      vertex 2.38157 14.25 -20.625
      vertex 2.18172 14.25 -10.6741
    endloop
  endfacet
  facet normal 0 1 0
    outer loop
      vertex 2.54067 14.25 -20.9476
      vertex 14.25 14.25 -30
      vertex 2.6563 14.25 -21.2882
    endloop
  endfacet
  facet normal 0 1 0
    outer loop
      vertex 2.6563 14.25 -21.2882
      vertex 14.25 14.25 -30
      vertex 2.72647 14.25 -21.6411
    endloop
  endfacet
  facet normal 0 1 0
    outer loop
      vertex 2.72647 14.25 -21.6411
      vertex 14.25 14.25 -30
      vertex 2.75 14.25 -22
    endloop
  endfacet
  facet normal 0 1 0
    outer loop
      vertex 2.75 14.25 -22
      vertex 14.25 14.25 -30
      vertex 2.72647 14.25 -22.3589
    endloop
  endfacet
  facet normal 0 1 0
    outer loop
      vertex 2.72647 14.25 -22.3589
      vertex 14.25 14.25 -30
      vertex 2.6563 14.25 -22.7118
    endloop
  endfacet
  facet normal 0 1 0
    outer loop
      vertex 2.6563 14.25 -22.7118
      vertex 14.25 14.25 -30
      vertex 2.54067 14.25 -23.0524
    endloop
  endfacet
  facet normal 0 1 0
    outer loop
      vertex 0.358947 14.25 -24.7265
      vertex 14.25 14.25 -30
      vertex 0 14.25 -24.75
    endloop
  endfacet
  facet normal 0 1 0
    outer loop
      vertex 0.711752 14.25 -24.6563
      vertex 14.25 14.25 -30
      vertex 0.358947 14.25 -24.7265
    endloop
  endfacet
  facet normal 0 1 0
    outer loop
      vertex 1.05238 14.25 -24.5407
      vertex 14.25 14.25 -30
      vertex 0.711752 14.25 -24.6563
    endloop
  endfacet
  facet normal 0 1 0
    outer loop
      vertex 1.375 14.25 -24.3816
      vertex 14.25 14.25 -30
      vertex 1.05238 14.25 -24.5407
    endloop
  endfacet
  facet normal 0 1 0
    outer loop
      vertex 1.67409 14.25 -24.1817
      vertex 14.25 14.25 -30
      vertex 1.375 14.25 -24.3816
    endloop
  endfacet
  facet normal 0 1 0
    outer loop
      vertex 1.94454 14.25 -23.9445
      vertex 14.25 14.25 -30
      vertex 1.67409 14.25 -24.1817
    endloop
  endfacet
  facet normal 0 1 0
    outer loop
      vertex 2.18172 14.25 -23.6741
      vertex 14.25 14.25 -30
      vertex 1.94454 14.25 -23.9445
    endloop
  endfacet
  facet normal 0 1 0
    outer loop
      vertex 2.38157 14.25 -23.375
      vertex 14.25 14.25 -30
      vertex 2.18172 14.25 -23.6741
    endloop
  endfacet
  facet normal 0 1 0
    outer loop
      vertex 2.54067 14.25 -23.0524
      vertex 14.25 14.25 -30
      vertex 2.38157 14.25 -23.375
    endloop
  endfacet
  facet normal 0 1 0
    outer loop
      vertex 6.36396 14.25 17.614
      vertex -0.358947 14.25 -6.27353
      vertex -14.25 14.25 4
    endloop
  endfacet
  facet normal 0 1 -0
    outer loop
      vertex -0.711752 14.25 -6.3437
      vertex -14.25 14.25 4
      vertex -0.358947 14.25 -6.27353
    endloop
  endfacet
  facet normal 0 1 -0
    outer loop
      vertex -1.05238 14.25 -6.45933
      vertex -14.25 14.25 4
      vertex -0.711752 14.25 -6.3437
    endloop
  endfacet
  facet normal 0 1 -0
    outer loop
      vertex -1.375 14.25 -6.61843
      vertex -14.25 14.25 4
      vertex -1.05238 14.25 -6.45933
    endloop
  endfacet
  facet normal 0 1 -0
    outer loop
      vertex -1.67409 14.25 -6.81828
      vertex -14.25 14.25 4
      vertex -1.375 14.25 -6.61843
    endloop
  endfacet
  facet normal 0 1 -0
    outer loop
      vertex -1.94454 14.25 -7.05546
      vertex -14.25 14.25 4
      vertex -1.67409 14.25 -6.81828
    endloop
  endfacet
  facet normal 0 1 -0
    outer loop
      vertex -2.18172 14.25 -7.32591
      vertex -14.25 14.25 4
      vertex -1.94454 14.25 -7.05546
    endloop
  endfacet
  facet normal 0 1 -0
    outer loop
      vertex -2.38157 14.25 -7.625
      vertex -14.25 14.25 4
      vertex -2.18172 14.25 -7.32591
    endloop
  endfacet
  facet normal 0 1 -0
    outer loop
      vertex -2.54067 14.25 -7.94762
      vertex -14.25 14.25 4
      vertex -2.38157 14.25 -7.625
    endloop
  endfacet
  facet normal 0 1 -0
    outer loop
      vertex -2.6563 14.25 -8.28825
      vertex -14.25 14.25 4
      vertex -2.54067 14.25 -7.94762
    endloop
  endfacet
  facet normal 0 1 -0
    outer loop
      vertex -2.72647 14.25 -8.64105
      vertex -14.25 14.25 4
      vertex -2.6563 14.25 -8.28825
    endloop
  endfacet
  facet normal 0 1 -0
    outer loop
      vertex -2.75 14.25 -9
      vertex -14.25 14.25 4
      vertex -2.72647 14.25 -8.64105
    endloop
  endfacet
  facet normal 0 1 0
    outer loop
      vertex -2.72647 14.25 -9.35895
      vertex -14.25 14.25 4
      vertex -2.75 14.25 -9
    endloop
  endfacet
  facet normal 0 1 0
    outer loop
      vertex -2.6563 14.25 -9.71175
      vertex -14.25 14.25 4
      vertex -2.72647 14.25 -9.35895
    endloop
  endfacet
  facet normal 0 1 0
    outer loop
      vertex -14.25 14.25 -30
      vertex -2.6563 14.25 -9.71175
      vertex -2.54067 14.25 -10.0524
    endloop
  endfacet
  facet normal 0 1 0
    outer loop
      vertex -2.54067 14.25 -20.9476
      vertex -2.54067 14.25 -10.0524
      vertex -2.38157 14.25 -10.375
    endloop
  endfacet
  facet normal 0 1 0
    outer loop
      vertex -2.38157 14.25 -20.625
      vertex -2.38157 14.25 -10.375
      vertex -2.18172 14.25 -10.6741
    endloop
  endfacet
  facet normal 0 1 -0
    outer loop
      vertex 0 14.25 -19.25
      vertex -0.358947 14.25 -11.7265
      vertex 0 14.25 -11.75
    endloop
  endfacet
  facet normal 0 1 0
    outer loop
      vertex -0.358947 14.25 -19.2735
      vertex -0.358947 14.25 -11.7265
      vertex 0 14.25 -19.25
    endloop
  endfacet
  facet normal 0 1 0
    outer loop
      vertex -0.358947 14.25 -11.7265
      vertex -0.358947 14.25 -19.2735
      vertex -0.711752 14.25 -11.6563
    endloop
  endfacet
  facet normal 0 1 0
    outer loop
      vertex -0.711752 14.25 -19.3437
      vertex -0.711752 14.25 -11.6563
      vertex -0.358947 14.25 -19.2735
    endloop
  endfacet
  facet normal 0 1 0
    outer loop
      vertex -0.711752 14.25 -11.6563
      vertex -0.711752 14.25 -19.3437
      vertex -1.05238 14.25 -11.5407
    endloop
  endfacet
  facet normal 0 1 0
    outer loop
      vertex -1.05238 14.25 -19.4593
      vertex -1.05238 14.25 -11.5407
      vertex -0.711752 14.25 -19.3437
    endloop
  endfacet
  facet normal 0 1 0
    outer loop
      vertex -1.05238 14.25 -11.5407
      vertex -1.05238 14.25 -19.4593
      vertex -1.375 14.25 -11.3816
    endloop
  endfacet
  facet normal 0 1 0
    outer loop
      vertex -1.375 14.25 -19.6184
      vertex -1.375 14.25 -11.3816
      vertex -1.05238 14.25 -19.4593
    endloop
  endfacet
  facet normal 0 1 0
    outer loop
      vertex -1.375 14.25 -11.3816
      vertex -1.375 14.25 -19.6184
      vertex -1.67409 14.25 -11.1817
    endloop
  endfacet
  facet normal 0 1 0
    outer loop
      vertex -1.67409 14.25 -19.8183
      vertex -1.67409 14.25 -11.1817
      vertex -1.375 14.25 -19.6184
    endloop
  endfacet
  facet normal 0 1 0
    outer loop
      vertex -1.67409 14.25 -11.1817
      vertex -1.67409 14.25 -19.8183
      vertex -1.94454 14.25 -10.9445
    endloop
  endfacet
  facet normal 0 1 0
    outer loop
      vertex -1.94454 14.25 -20.0555
      vertex -1.94454 14.25 -10.9445
      vertex -1.67409 14.25 -19.8183
    endloop
  endfacet
  facet normal 0 1 0
    outer loop
      vertex -1.94454 14.25 -10.9445
      vertex -1.94454 14.25 -20.0555
      vertex -2.18172 14.25 -10.6741
    endloop
  endfacet
  facet normal 0 1 0
    outer loop
      vertex -2.18172 14.25 -20.3259
      vertex -2.18172 14.25 -10.6741
      vertex -1.94454 14.25 -20.0555
    endloop
  endfacet
  facet normal 0 1 0
    outer loop
      vertex -2.38157 14.25 -20.625
      vertex -2.18172 14.25 -10.6741
      vertex -2.18172 14.25 -20.3259
    endloop
  endfacet
  facet normal 0 1 0
    outer loop
      vertex -2.38157 14.25 -10.375
      vertex -2.38157 14.25 -20.625
      vertex -2.54067 14.25 -20.9476
    endloop
  endfacet
  facet normal 0 1 0
    outer loop
      vertex -2.54067 14.25 -10.0524
      vertex -2.54067 14.25 -20.9476
      vertex -14.25 14.25 -30
    endloop
  endfacet
  facet normal 0 1 0
    outer loop
      vertex -14.25 14.25 -30
      vertex -2.54067 14.25 -20.9476
      vertex -2.6563 14.25 -21.2882
    endloop
  endfacet
  facet normal 0 1 0
    outer loop
      vertex -14.25 14.25 -30
      vertex -2.6563 14.25 -21.2882
      vertex -2.72647 14.25 -21.6411
    endloop
  endfacet
  facet normal 0 1 0
    outer loop
      vertex -14.25 14.25 -30
      vertex -2.72647 14.25 -21.6411
      vertex -2.75 14.25 -22
    endloop
  endfacet
  facet normal 0 1 0
    outer loop
      vertex -14.25 14.25 -30
      vertex -2.75 14.25 -22
      vertex -2.72647 14.25 -22.3589
    endloop
  endfacet
  facet normal 0 1 0
    outer loop
      vertex -14.25 14.25 -30
      vertex -2.72647 14.25 -22.3589
      vertex -2.6563 14.25 -22.7118
    endloop
  endfacet
  facet normal 0 1 0
    outer loop
      vertex -14.25 14.25 -30
      vertex -2.6563 14.25 -22.7118
      vertex -2.54067 14.25 -23.0524
    endloop
  endfacet
  facet normal 0 1 0
    outer loop
      vertex -14.25 14.25 -30
      vertex 0 14.25 -24.75
      vertex 14.25 14.25 -30
    endloop
  endfacet
  facet normal 0 1 0
    outer loop
      vertex 0 14.25 -24.75
      vertex -14.25 14.25 -30
      vertex -0.358947 14.25 -24.7265
    endloop
  endfacet
  facet normal 0 1 0
    outer loop
      vertex -0.358947 14.25 -24.7265
      vertex -14.25 14.25 -30
      vertex -0.711752 14.25 -24.6563
    endloop
  endfacet
  facet normal 0 1 0
    outer loop
      vertex -2.6563 14.25 -9.71175
      vertex -14.25 14.25 -30
      vertex -14.25 14.25 4
    endloop
  endfacet
  facet normal 0 1 0
    outer loop
      vertex -2.38157 14.25 -23.375
      vertex -14.25 14.25 -30
      vertex -2.54067 14.25 -23.0524
    endloop
  endfacet
  facet normal 0 1 0
    outer loop
      vertex -2.18172 14.25 -23.6741
      vertex -14.25 14.25 -30
      vertex -2.38157 14.25 -23.375
    endloop
  endfacet
  facet normal 0 1 0
    outer loop
      vertex -1.94454 14.25 -23.9445
      vertex -14.25 14.25 -30
      vertex -2.18172 14.25 -23.6741
    endloop
  endfacet
  facet normal 0 1 0
    outer loop
      vertex -1.67409 14.25 -24.1817
      vertex -14.25 14.25 -30
      vertex -1.94454 14.25 -23.9445
    endloop
  endfacet
  facet normal 0 1 0
    outer loop
      vertex -1.375 14.25 -24.3816
      vertex -14.25 14.25 -30
      vertex -1.67409 14.25 -24.1817
    endloop
  endfacet
  facet normal 0 1 0
    outer loop
      vertex -1.05238 14.25 -24.5407
      vertex -14.25 14.25 -30
      vertex -1.375 14.25 -24.3816
    endloop
  endfacet
  facet normal 0 1 0
    outer loop
      vertex -0.711752 14.25 -24.6563
      vertex -14.25 14.25 -30
      vertex -1.05238 14.25 -24.5407
    endloop
  endfacet
  facet normal 0 1 0
    outer loop
      vertex 11.1369 14.25 45.2895
      vertex 15.9153 14.25 32.2828
      vertex 15.5563 14.25 32.3063
    endloop
  endfacet
  facet normal 0 1 0
    outer loop
      vertex 11.1369 14.25 45.2895
      vertex 16.2681 14.25 32.2126
      vertex 15.9153 14.25 32.2828
    endloop
  endfacet
  facet normal 0 1 0
    outer loop
      vertex 11.1369 14.25 45.2895
      vertex 16.6087 14.25 32.097
      vertex 16.2681 14.25 32.2126
    endloop
  endfacet
  facet normal 0 1 0
    outer loop
      vertex 11.1369 14.25 45.2895
      vertex 16.9313 14.25 31.9379
      vertex 16.6087 14.25 32.097
    endloop
  endfacet
  facet normal 0 1 0
    outer loop
      vertex 11.1369 14.25 45.2895
      vertex 17.2304 14.25 31.7381
      vertex 16.9313 14.25 31.9379
    endloop
  endfacet
  facet normal 0 1 0
    outer loop
      vertex 11.1369 14.25 45.2895
      vertex 17.5009 14.25 31.5009
      vertex 17.2304 14.25 31.7381
    endloop
  endfacet
  facet normal 0 1 0
    outer loop
      vertex 31.2895 14.25 25.1369
      vertex 17.5009 14.25 31.5009
      vertex 11.1369 14.25 45.2895
    endloop
  endfacet
  facet normal 0 1 0
    outer loop
      vertex 17.5009 14.25 31.5009
      vertex 31.2895 14.25 25.1369
      vertex 17.7381 14.25 31.2304
    endloop
  endfacet
  facet normal 0 1 0
    outer loop
      vertex 17.7381 14.25 31.2304
      vertex 31.2895 14.25 25.1369
      vertex 17.9379 14.25 30.9313
    endloop
  endfacet
  facet normal -0 1 0
    outer loop
      vertex 9.02026 14.25 19.6522
      vertex 16.2681 14.25 26.9001
      vertex 8.90463 14.25 19.3116
    endloop
  endfacet
  facet normal 0 1 0
    outer loop
      vertex 16.6087 14.25 27.0157
      vertex 8.90463 14.25 19.3116
      vertex 16.2681 14.25 26.9001
    endloop
  endfacet
  facet normal 0 1 0
    outer loop
      vertex 8.90463 14.25 19.3116
      vertex 16.6087 14.25 27.0157
      vertex 31.2895 14.25 25.1369
    endloop
  endfacet
  facet normal 0 1 0
    outer loop
      vertex 16.9313 14.25 27.1748
      vertex 31.2895 14.25 25.1369
      vertex 16.6087 14.25 27.0157
    endloop
  endfacet
  facet normal 0 1 0
    outer loop
      vertex 17.2304 14.25 27.3746
      vertex 31.2895 14.25 25.1369
      vertex 16.9313 14.25 27.1748
    endloop
  endfacet
  facet normal 0 1 0
    outer loop
      vertex 17.5009 14.25 27.6118
      vertex 31.2895 14.25 25.1369
      vertex 17.2304 14.25 27.3746
    endloop
  endfacet
  facet normal 0 1 0
    outer loop
      vertex 17.7381 14.25 27.8823
      vertex 31.2895 14.25 25.1369
      vertex 17.5009 14.25 27.6118
    endloop
  endfacet
  facet normal 0 1 0
    outer loop
      vertex 17.9379 14.25 28.1813
      vertex 31.2895 14.25 25.1369
      vertex 17.7381 14.25 27.8823
    endloop
  endfacet
  facet normal 0 1 0
    outer loop
      vertex 18.097 14.25 28.504
      vertex 31.2895 14.25 25.1369
      vertex 17.9379 14.25 28.1813
    endloop
  endfacet
  facet normal 0 1 0
    outer loop
      vertex 18.2126 14.25 28.8446
      vertex 31.2895 14.25 25.1369
      vertex 18.097 14.25 28.504
    endloop
  endfacet
  facet normal 0 1 0
    outer loop
      vertex 18.2828 14.25 29.1974
      vertex 31.2895 14.25 25.1369
      vertex 18.2126 14.25 28.8446
    endloop
  endfacet
  facet normal 0 1 0
    outer loop
      vertex 18.3063 14.25 29.5563
      vertex 31.2895 14.25 25.1369
      vertex 18.2828 14.25 29.1974
    endloop
  endfacet
  facet normal 0 1 0
    outer loop
      vertex 18.2828 14.25 29.9153
      vertex 31.2895 14.25 25.1369
      vertex 18.3063 14.25 29.5563
    endloop
  endfacet
  facet normal 0 1 0
    outer loop
      vertex 18.2126 14.25 30.2681
      vertex 31.2895 14.25 25.1369
      vertex 18.2828 14.25 29.9153
    endloop
  endfacet
  facet normal 0 1 0
    outer loop
      vertex 18.097 14.25 30.6087
      vertex 31.2895 14.25 25.1369
      vertex 18.2126 14.25 30.2681
    endloop
  endfacet
  facet normal 0 1 0
    outer loop
      vertex 17.9379 14.25 30.9313
      vertex 31.2895 14.25 25.1369
      vertex 18.097 14.25 30.6087
    endloop
  endfacet
  facet normal 0 1 -0
    outer loop
      vertex 15.1974 14.25 32.2828
      vertex 11.1369 14.25 45.2895
      vertex 15.5563 14.25 32.3063
    endloop
  endfacet
  facet normal 0 1 -0
    outer loop
      vertex 14.8446 14.25 32.2126
      vertex 11.1369 14.25 45.2895
      vertex 15.1974 14.25 32.2828
    endloop
  endfacet
  facet normal 0 1 -0
    outer loop
      vertex 14.504 14.25 32.097
      vertex 11.1369 14.25 45.2895
      vertex 14.8446 14.25 32.2126
    endloop
  endfacet
  facet normal 0 1 -0
    outer loop
      vertex 14.1813 14.25 31.9379
      vertex 11.1369 14.25 45.2895
      vertex 14.504 14.25 32.097
    endloop
  endfacet
  facet normal 0 1 -0
    outer loop
      vertex 13.8823 14.25 31.7381
      vertex 11.1369 14.25 45.2895
      vertex 14.1813 14.25 31.9379
    endloop
  endfacet
  facet normal 0 1 -0
    outer loop
      vertex 13.6118 14.25 31.5009
      vertex 11.1369 14.25 45.2895
      vertex 13.8823 14.25 31.7381
    endloop
  endfacet
  facet normal 0 1 -0
    outer loop
      vertex 13.3746 14.25 31.2304
      vertex 11.1369 14.25 45.2895
      vertex 13.6118 14.25 31.5009
    endloop
  endfacet
  facet normal 0 1 -0
    outer loop
      vertex 13.1748 14.25 30.9313
      vertex 11.1369 14.25 45.2895
      vertex 13.3746 14.25 31.2304
    endloop
  endfacet
  facet normal 0 1 -0
    outer loop
      vertex 13.0157 14.25 30.6087
      vertex 11.1369 14.25 45.2895
      vertex 13.1748 14.25 30.9313
    endloop
  endfacet
  facet normal 0 1 0
    outer loop
      vertex 5.31158 14.25 22.9046
      vertex 13.0157 14.25 30.6087
      vertex 12.9001 14.25 30.2681
    endloop
  endfacet
  facet normal 0 1 0
    outer loop
      vertex 5.65221 14.25 23.0203
      vertex 12.9001 14.25 30.2681
      vertex 12.8299 14.25 29.9153
    endloop
  endfacet
  facet normal 0 1 0
    outer loop
      vertex 6.00501 14.25 23.0904
      vertex 12.8299 14.25 29.9153
      vertex 12.8063 14.25 29.5563
    endloop
  endfacet
  facet normal 0 1 0
    outer loop
      vertex 6.36396 14.25 23.114
      vertex 12.8063 14.25 29.5563
      vertex 12.8299 14.25 29.1974
    endloop
  endfacet
  facet normal 0 1 0
    outer loop
      vertex 6.72291 14.25 23.0904
      vertex 15.5563 14.25 26.8063
      vertex 15.9153 14.25 26.8299
    endloop
  endfacet
  facet normal 0 1 0
    outer loop
      vertex 6.72291 14.25 23.0904
      vertex 15.1974 14.25 26.8299
      vertex 15.5563 14.25 26.8063
    endloop
  endfacet
  facet normal 0 1 0
    outer loop
      vertex 6.72291 14.25 23.0904
      vertex 14.8446 14.25 26.9001
      vertex 15.1974 14.25 26.8299
    endloop
  endfacet
  facet normal 0 1 0
    outer loop
      vertex 6.72291 14.25 23.0904
      vertex 14.504 14.25 27.0157
      vertex 14.8446 14.25 26.9001
    endloop
  endfacet
  facet normal 0 1 0
    outer loop
      vertex 6.72291 14.25 23.0904
      vertex 14.1813 14.25 27.1748
      vertex 14.504 14.25 27.0157
    endloop
  endfacet
  facet normal 0 1 0
    outer loop
      vertex 6.72291 14.25 23.0904
      vertex 13.8823 14.25 27.3746
      vertex 14.1813 14.25 27.1748
    endloop
  endfacet
  facet normal 0 1 0
    outer loop
      vertex 6.72291 14.25 23.0904
      vertex 13.6118 14.25 27.6118
      vertex 13.8823 14.25 27.3746
    endloop
  endfacet
  facet normal 0 1 0
    outer loop
      vertex 6.72291 14.25 23.0904
      vertex 13.3746 14.25 27.8823
      vertex 13.6118 14.25 27.6118
    endloop
  endfacet
  facet normal 0 1 0
    outer loop
      vertex 6.72291 14.25 23.0904
      vertex 13.1748 14.25 28.1813
      vertex 13.3746 14.25 27.8823
    endloop
  endfacet
  facet normal 0 1 0
    outer loop
      vertex 6.72291 14.25 23.0904
      vertex 13.0157 14.25 28.504
      vertex 13.1748 14.25 28.1813
    endloop
  endfacet
  facet normal 0 1 0
    outer loop
      vertex 6.72291 14.25 23.0904
      vertex 12.9001 14.25 28.8446
      vertex 13.0157 14.25 28.504
    endloop
  endfacet
  facet normal 0 1 0
    outer loop
      vertex 6.72291 14.25 23.0904
      vertex 12.8299 14.25 29.1974
      vertex 12.9001 14.25 28.8446
    endloop
  endfacet
  facet normal 0 1 0
    outer loop
      vertex 12.8063 14.25 29.5563
      vertex 6.36396 14.25 23.114
      vertex 6.00501 14.25 23.0904
    endloop
  endfacet
  facet normal 0 1 0
    outer loop
      vertex 12.8299 14.25 29.9153
      vertex 6.00501 14.25 23.0904
      vertex 5.65221 14.25 23.0203
    endloop
  endfacet
  facet normal 0 1 0
    outer loop
      vertex 12.9001 14.25 30.2681
      vertex 5.65221 14.25 23.0203
      vertex 5.31158 14.25 22.9046
    endloop
  endfacet
  facet normal 0 1 0
    outer loop
      vertex 13.0157 14.25 30.6087
      vertex 5.31158 14.25 22.9046
      vertex 11.1369 14.25 45.2895
    endloop
  endfacet
  facet normal 0 1 0
    outer loop
      vertex 4.98896 14.25 22.7455
      vertex 11.1369 14.25 45.2895
      vertex 5.31158 14.25 22.9046
    endloop
  endfacet
  facet normal 0 1 0
    outer loop
      vertex 4.68987 14.25 22.5457
      vertex 11.1369 14.25 45.2895
      vertex 4.98896 14.25 22.7455
    endloop
  endfacet
  facet normal 0 1 0
    outer loop
      vertex -12.9047 14.25 21.2478
      vertex 4.68987 14.25 22.5457
      vertex 4.41942 14.25 22.3085
    endloop
  endfacet
  facet normal 0 1 0
    outer loop
      vertex -12.9047 14.25 21.2478
      vertex 4.41942 14.25 22.3085
      vertex 4.18224 14.25 22.0381
    endloop
  endfacet
  facet normal 0 1 0
    outer loop
      vertex -12.9047 14.25 21.2478
      vertex 4.18224 14.25 22.0381
      vertex 3.98239 14.25 21.739
    endloop
  endfacet
  facet normal 0 1 0
    outer loop
      vertex -12.9047 14.25 21.2478
      vertex 3.98239 14.25 21.739
      vertex 3.82329 14.25 21.4163
    endloop
  endfacet
  facet normal 0 1 -0
    outer loop
      vertex 4.68987 14.25 22.5457
      vertex -12.9047 14.25 21.2478
      vertex 11.1369 14.25 45.2895
    endloop
  endfacet
  facet normal 0 1 -0
    outer loop
      vertex 3.70767 14.25 21.0757
      vertex -12.9047 14.25 21.2478
      vertex 3.82329 14.25 21.4163
    endloop
  endfacet
  facet normal 0 1 -0
    outer loop
      vertex 3.63749 14.25 20.7229
      vertex -12.9047 14.25 21.2478
      vertex 3.70767 14.25 21.0757
    endloop
  endfacet
  facet normal 0 1 -0
    outer loop
      vertex 3.61396 14.25 20.364
      vertex -12.9047 14.25 21.2478
      vertex 3.63749 14.25 20.7229
    endloop
  endfacet
  facet normal 0 1 0
    outer loop
      vertex 3.63749 14.25 20.005
      vertex -12.9047 14.25 21.2478
      vertex 3.61396 14.25 20.364
    endloop
  endfacet
  facet normal 0 1 0
    outer loop
      vertex 3.70766 14.25 19.6522
      vertex -12.9047 14.25 21.2478
      vertex 3.63749 14.25 20.005
    endloop
  endfacet
  facet normal 0 1 0
    outer loop
      vertex 3.82329 14.25 19.3116
      vertex -12.9047 14.25 21.2478
      vertex 3.70766 14.25 19.6522
    endloop
  endfacet
  facet normal 0 1 0
    outer loop
      vertex 3.98239 14.25 18.989
      vertex -12.9047 14.25 21.2478
      vertex 3.82329 14.25 19.3116
    endloop
  endfacet
  facet normal 0 1 0
    outer loop
      vertex 4.18224 14.25 18.6899
      vertex -12.9047 14.25 21.2478
      vertex 3.98239 14.25 18.989
    endloop
  endfacet
  facet normal 0 1 0
    outer loop
      vertex -14.25 14.25 4
      vertex 4.18224 14.25 18.6899
      vertex 4.41942 14.25 18.4194
    endloop
  endfacet
  facet normal 0 1 0
    outer loop
      vertex -14.25 14.25 4
      vertex 4.41942 14.25 18.4194
      vertex 4.68987 14.25 18.1822
    endloop
  endfacet
  facet normal 0 1 0
    outer loop
      vertex -14.25 14.25 4
      vertex 4.68987 14.25 18.1822
      vertex 4.98896 14.25 17.9824
    endloop
  endfacet
  facet normal 0 1 0
    outer loop
      vertex -14.25 14.25 4
      vertex 4.98896 14.25 17.9824
      vertex 5.31158 14.25 17.8233
    endloop
  endfacet
  facet normal 0 1 0
    outer loop
      vertex -14.25 14.25 4
      vertex 5.31158 14.25 17.8233
      vertex 5.65221 14.25 17.7077
    endloop
  endfacet
  facet normal 0 1 0
    outer loop
      vertex -14.25 14.25 4
      vertex 5.65221 14.25 17.7077
      vertex 6.00501 14.25 17.6375
    endloop
  endfacet
  facet normal 0 1 0
    outer loop
      vertex 4.18224 14.25 18.6899
      vertex -14.25 14.25 4
      vertex -12.9047 14.25 21.2478
    endloop
  endfacet
  facet normal 0 1 0
    outer loop
      vertex -14.25 14.25 4
      vertex 6.00501 14.25 17.6375
      vertex 6.36396 14.25 17.614
    endloop
  endfacet
  facet normal -1 0 0
    outer loop
      vertex -14.25 -14.25 -30
      vertex -14.25 14.25 4
      vertex -14.25 14.25 -30
    endloop
  endfacet
  facet normal -1 -0 0
    outer loop
      vertex -14.25 14.25 4
      vertex -14.25 -14.25 -30
      vertex -14.25 -14.25 4
    endloop
  endfacet
  facet normal -0.707108 -3.37378e-06 0.707105
    outer loop
      vertex -12.9047 14.25 21.2478
      vertex 0 3 34.1525
      vertex 11.1369 14.25 45.2895
    endloop
  endfacet
  facet normal -0.707041 0.000150283 0.707172
    outer loop
      vertex -12.9047 14.25 21.2478
      vertex -0.391578 2.97433 33.761
      vertex 0 3 34.1525
    endloop
  endfacet
  facet normal -0.707123 -3.10664e-05 0.707091
    outer loop
      vertex -12.9047 14.25 21.2478
      vertex -0.776457 2.89778 33.3761
      vertex -0.391578 2.97433 33.761
    endloop
  endfacet
  facet normal -0.707112 -7.8379e-06 0.707101
    outer loop
      vertex -12.9047 14.25 21.2478
      vertex -1.14805 2.77164 33.0045
      vertex -0.776457 2.89778 33.3761
    endloop
  endfacet
  facet normal -0.707141 -6.63122e-05 0.707073
    outer loop
      vertex -12.9047 14.25 21.2478
      vertex -1.5 2.59808 32.6525
      vertex -1.14805 2.77164 33.0045
    endloop
  endfacet
  facet normal -0.707054 0.000102603 0.707159
    outer loop
      vertex -12.9047 14.25 21.2478
      vertex -1.82628 2.38006 32.3263
      vertex -1.5 2.59808 32.6525
    endloop
  endfacet
  facet normal -0.707147 -7.11783e-05 0.707066
    outer loop
      vertex -12.9047 14.25 21.2478
      vertex -2.12132 2.12132 32.0312
      vertex -1.82628 2.38006 32.3263
    endloop
  endfacet
  facet normal -0.70708 4.88426e-05 0.707134
    outer loop
      vertex -12.9047 14.25 21.2478
      vertex -2.38006 1.82628 31.7725
      vertex -2.12132 2.12132 32.0312
    endloop
  endfacet
  facet normal -0.707094 2.57373e-05 0.70712
    outer loop
      vertex -12.9047 14.25 21.2478
      vertex -2.59808 1.5 31.5545
      vertex -2.38006 1.82628 31.7725
    endloop
  endfacet
  facet normal -0.707139 -4.82311e-05 0.707074
    outer loop
      vertex -12.9047 14.25 21.2478
      vertex -2.77164 1.14805 31.3809
      vertex -2.59808 1.5 31.5545
    endloop
  endfacet
  facet normal -0.707074 5.35594e-05 0.70714
    outer loop
      vertex -12.9047 14.25 21.2478
      vertex -2.89778 0.776457 31.2548
      vertex -2.77164 1.14805 31.3809
    endloop
  endfacet
  facet normal -0.707158 -7.15652e-05 0.707056
    outer loop
      vertex -12.9047 14.25 21.2478
      vertex -2.97433 0.391578 31.1782
      vertex -2.89778 0.776457 31.2548
    endloop
  endfacet
  facet normal -0.707142 -4.95021e-05 0.707071
    outer loop
      vertex -12.9047 14.25 21.2478
      vertex -3 0 31.1525
      vertex -2.97433 0.391578 31.1782
    endloop
  endfacet
  facet normal -0.707107 0 0.707107
    outer loop
      vertex -12.9047 -14.25 21.2478
      vertex -3 0 31.1525
      vertex -12.9047 14.25 21.2478
    endloop
  endfacet
  facet normal -0.707142 4.95021e-05 0.707071
    outer loop
      vertex -3 0 31.1525
      vertex -12.9047 -14.25 21.2478
      vertex -2.97433 -0.391578 31.1782
    endloop
  endfacet
  facet normal -0.707158 7.15652e-05 0.707056
    outer loop
      vertex -2.97433 -0.391578 31.1782
      vertex -12.9047 -14.25 21.2478
      vertex -2.89778 -0.776457 31.2548
    endloop
  endfacet
  facet normal -0.707074 -5.35594e-05 0.70714
    outer loop
      vertex -2.89778 -0.776457 31.2548
      vertex -12.9047 -14.25 21.2478
      vertex -2.77164 -1.14805 31.3809
    endloop
  endfacet
  facet normal -0.707041 -0.000150283 0.707172
    outer loop
      vertex -0.391578 -2.97433 33.761
      vertex -12.9047 -14.25 21.2478
      vertex 0 -3 34.1525
    endloop
  endfacet
  facet normal -0.707123 3.10664e-05 0.707091
    outer loop
      vertex -0.776457 -2.89778 33.3761
      vertex -12.9047 -14.25 21.2478
      vertex -0.391578 -2.97433 33.761
    endloop
  endfacet
  facet normal -0.707112 7.8379e-06 0.707101
    outer loop
      vertex -1.14805 -2.77164 33.0045
      vertex -12.9047 -14.25 21.2478
      vertex -0.776457 -2.89778 33.3761
    endloop
  endfacet
  facet normal -0.707141 6.63122e-05 0.707073
    outer loop
      vertex -1.5 -2.59808 32.6525
      vertex -12.9047 -14.25 21.2478
      vertex -1.14805 -2.77164 33.0045
    endloop
  endfacet
  facet normal -0.707054 -0.000102603 0.707159
    outer loop
      vertex -1.82628 -2.38006 32.3263
      vertex -12.9047 -14.25 21.2478
      vertex -1.5 -2.59808 32.6525
    endloop
  endfacet
  facet normal -0.707147 7.11783e-05 0.707066
    outer loop
      vertex -2.12132 -2.12132 32.0312
      vertex -12.9047 -14.25 21.2478
      vertex -1.82628 -2.38006 32.3263
    endloop
  endfacet
  facet normal -0.70708 -4.88426e-05 0.707134
    outer loop
      vertex -2.38006 -1.82628 31.7725
      vertex -12.9047 -14.25 21.2478
      vertex -2.12132 -2.12132 32.0312
    endloop
  endfacet
  facet normal -0.707094 -2.57373e-05 0.70712
    outer loop
      vertex -2.59808 -1.5 31.5545
      vertex -12.9047 -14.25 21.2478
      vertex -2.38006 -1.82628 31.7725
    endloop
  endfacet
  facet normal -0.707139 4.82311e-05 0.707074
    outer loop
      vertex -2.77164 -1.14805 31.3809
      vertex -12.9047 -14.25 21.2478
      vertex -2.59808 -1.5 31.5545
    endloop
  endfacet
  facet normal -0.707126 3.10281e-05 0.707088
    outer loop
      vertex 0.391578 2.97433 34.5441
      vertex 11.1369 14.25 45.2895
      vertex 0 3 34.1525
    endloop
  endfacet
  facet normal -0.707123 2.67959e-05 0.70709
    outer loop
      vertex 0.776457 2.89778 34.929
      vertex 11.1369 14.25 45.2895
      vertex 0.391578 2.97433 34.5441
    endloop
  endfacet
  facet normal -0.707112 6.57057e-06 0.707101
    outer loop
      vertex 1.14805 2.77164 35.3006
      vertex 11.1369 14.25 45.2895
      vertex 0.776457 2.89778 34.929
    endloop
  endfacet
  facet normal -0.707072 -6.33276e-05 0.707141
    outer loop
      vertex 1.5 2.59808 35.6525
      vertex 11.1369 14.25 45.2895
      vertex 1.14805 2.77164 35.3006
    endloop
  endfacet
  facet normal -0.707122 1.91794e-05 0.707092
    outer loop
      vertex 1.82628 2.38006 35.9788
      vertex 11.1369 14.25 45.2895
      vertex 1.5 2.59808 35.6525
    endloop
  endfacet
  facet normal -0.707151 6.39983e-05 0.707063
    outer loop
      vertex 2.12132 2.12132 36.2739
      vertex 11.1369 14.25 45.2895
      vertex 1.82628 2.38006 35.9788
    endloop
  endfacet
  facet normal -0.707078 -4.46125e-05 0.707136
    outer loop
      vertex 2.38006 1.82628 36.5326
      vertex 11.1369 14.25 45.2895
      vertex 2.12132 2.12132 36.2739
    endloop
  endfacet
  facet normal -0.707092 -2.39126e-05 0.707121
    outer loop
      vertex 2.59808 1.5 36.7506
      vertex 11.1369 14.25 45.2895
      vertex 2.38006 1.82628 36.5326
    endloop
  endfacet
  facet normal -0.707143 4.43999e-05 0.70707
    outer loop
      vertex 2.77164 1.14805 36.9242
      vertex 11.1369 14.25 45.2895
      vertex 2.59808 1.5 36.7506
    endloop
  endfacet
  facet normal -0.707069 -5.0447e-05 0.707145
    outer loop
      vertex 2.89778 0.776457 37.0503
      vertex 11.1369 14.25 45.2895
      vertex 2.77164 1.14805 36.9242
    endloop
  endfacet
  facet normal -0.707166 6.82796e-05 0.707048
    outer loop
      vertex 2.97433 0.391578 37.1269
      vertex 11.1369 14.25 45.2895
      vertex 2.89778 0.776457 37.0503
    endloop
  endfacet
  facet normal -0.707011 -0.000113914 0.707202
    outer loop
      vertex 3 0 37.1525
      vertex 11.1369 14.25 45.2895
      vertex 2.97433 0.391578 37.1269
    endloop
  endfacet
  facet normal -0.707011 0.000113914 0.707202
    outer loop
      vertex 11.1369 -14.25 45.2895
      vertex 3 0 37.1525
      vertex 2.97433 -0.391578 37.1269
    endloop
  endfacet
  facet normal -0.707166 -6.82796e-05 0.707048
    outer loop
      vertex 11.1369 -14.25 45.2895
      vertex 2.97433 -0.391578 37.1269
      vertex 2.89778 -0.776457 37.0503
    endloop
  endfacet
  facet normal -0.707069 5.0447e-05 0.707145
    outer loop
      vertex 11.1369 -14.25 45.2895
      vertex 2.89778 -0.776457 37.0503
      vertex 2.77164 -1.14805 36.9242
    endloop
  endfacet
  facet normal -0.707143 -4.43999e-05 0.70707
    outer loop
      vertex 11.1369 -14.25 45.2895
      vertex 2.77164 -1.14805 36.9242
      vertex 2.59808 -1.5 36.7506
    endloop
  endfacet
  facet normal -0.707108 3.37378e-06 0.707105
    outer loop
      vertex 11.1369 -14.25 45.2895
      vertex 0 -3 34.1525
      vertex -12.9047 -14.25 21.2478
    endloop
  endfacet
  facet normal -0.707126 -3.10281e-05 0.707088
    outer loop
      vertex 0 -3 34.1525
      vertex 11.1369 -14.25 45.2895
      vertex 0.391578 -2.97433 34.5441
    endloop
  endfacet
  facet normal -0.707123 -2.67959e-05 0.70709
    outer loop
      vertex 0.391578 -2.97433 34.5441
      vertex 11.1369 -14.25 45.2895
      vertex 0.776457 -2.89778 34.929
    endloop
  endfacet
  facet normal -0.707112 -6.57057e-06 0.707101
    outer loop
      vertex 0.776457 -2.89778 34.929
      vertex 11.1369 -14.25 45.2895
      vertex 1.14805 -2.77164 35.3006
    endloop
  endfacet
  facet normal -0.707072 6.33276e-05 0.707141
    outer loop
      vertex 1.14805 -2.77164 35.3006
      vertex 11.1369 -14.25 45.2895
      vertex 1.5 -2.59808 35.6525
    endloop
  endfacet
  facet normal -0.707111 0 0.707102
    outer loop
      vertex 3 0 37.1525
      vertex 11.1369 -14.25 45.2895
      vertex 11.1369 14.25 45.2895
    endloop
  endfacet
  facet normal -0.707092 2.39126e-05 0.707121
    outer loop
      vertex 2.38006 -1.82628 36.5326
      vertex 11.1369 -14.25 45.2895
      vertex 2.59808 -1.5 36.7506
    endloop
  endfacet
  facet normal -0.707078 4.46125e-05 0.707136
    outer loop
      vertex 2.12132 -2.12132 36.2739
      vertex 11.1369 -14.25 45.2895
      vertex 2.38006 -1.82628 36.5326
    endloop
  endfacet
  facet normal -0.707151 -6.39983e-05 0.707063
    outer loop
      vertex 1.82628 -2.38006 35.9788
      vertex 11.1369 -14.25 45.2895
      vertex 2.12132 -2.12132 36.2739
    endloop
  endfacet
  facet normal -0.707122 -1.91794e-05 0.707092
    outer loop
      vertex 1.5 -2.59808 35.6525
      vertex 11.1369 -14.25 45.2895
      vertex 1.82628 -2.38006 35.9788
    endloop
  endfacet
  facet normal 0 -1 0
    outer loop
      vertex 4.98896 -14.25 17.9824
      vertex -0.358947 -14.25 -6.27353
      vertex 0 -14.25 -6.25
    endloop
  endfacet
  facet normal 0 -1 0
    outer loop
      vertex -14.25 -14.25 4
      vertex -0.711752 -14.25 -6.3437
      vertex -0.358947 -14.25 -6.27353
    endloop
  endfacet
  facet normal 0 -1 0
    outer loop
      vertex -14.25 -14.25 4
      vertex -1.05238 -14.25 -6.45933
      vertex -0.711752 -14.25 -6.3437
    endloop
  endfacet
  facet normal 0 -1 0
    outer loop
      vertex -14.25 -14.25 4
      vertex -1.375 -14.25 -6.61843
      vertex -1.05238 -14.25 -6.45933
    endloop
  endfacet
  facet normal 0 -1 0
    outer loop
      vertex -14.25 -14.25 4
      vertex -1.67409 -14.25 -6.81828
      vertex -1.375 -14.25 -6.61843
    endloop
  endfacet
  facet normal 0 -1 0
    outer loop
      vertex -14.25 -14.25 4
      vertex -1.94454 -14.25 -7.05546
      vertex -1.67409 -14.25 -6.81828
    endloop
  endfacet
  facet normal 0 -1 0
    outer loop
      vertex -14.25 -14.25 4
      vertex -2.18172 -14.25 -7.32591
      vertex -1.94454 -14.25 -7.05546
    endloop
  endfacet
  facet normal 0 -1 0
    outer loop
      vertex -14.25 -14.25 4
      vertex -2.38157 -14.25 -7.625
      vertex -2.18172 -14.25 -7.32591
    endloop
  endfacet
  facet normal 0 -1 0
    outer loop
      vertex -14.25 -14.25 4
      vertex -2.54067 -14.25 -7.94762
      vertex -2.38157 -14.25 -7.625
    endloop
  endfacet
  facet normal 0 -1 0
    outer loop
      vertex -14.25 -14.25 4
      vertex -2.6563 -14.25 -8.28825
      vertex -2.54067 -14.25 -7.94762
    endloop
  endfacet
  facet normal 0 -1 0
    outer loop
      vertex -14.25 -14.25 4
      vertex -2.72647 -14.25 -8.64105
      vertex -2.6563 -14.25 -8.28825
    endloop
  endfacet
  facet normal 0 -1 0
    outer loop
      vertex -14.25 -14.25 4
      vertex -2.75 -14.25 -9
      vertex -2.72647 -14.25 -8.64105
    endloop
  endfacet
  facet normal 0 -1 0
    outer loop
      vertex -14.25 -14.25 4
      vertex -2.72647 -14.25 -9.35895
      vertex -2.75 -14.25 -9
    endloop
  endfacet
  facet normal 0 -1 0
    outer loop
      vertex -14.25 -14.25 4
      vertex -2.6563 -14.25 -9.71175
      vertex -2.72647 -14.25 -9.35895
    endloop
  endfacet
  facet normal 0 -1 0
    outer loop
      vertex -14.25 -14.25 -30
      vertex -2.6563 -14.25 -9.71175
      vertex -14.25 -14.25 4
    endloop
  endfacet
  facet normal 0 -1 -0
    outer loop
      vertex -2.6563 -14.25 -9.71175
      vertex -14.25 -14.25 -30
      vertex -2.54067 -14.25 -10.0524
    endloop
  endfacet
  facet normal -0 -1 0
    outer loop
      vertex -2.54067 -14.25 -20.9476
      vertex -2.54067 -14.25 -10.0524
      vertex -14.25 -14.25 -30
    endloop
  endfacet
  facet normal 0 -1 0
    outer loop
      vertex -0.358947 -14.25 -11.7265
      vertex 0 -14.25 -19.25
      vertex 0 -14.25 -11.75
    endloop
  endfacet
  facet normal 0 -1 0
    outer loop
      vertex -0.358947 -14.25 -19.2735
      vertex -0.358947 -14.25 -11.7265
      vertex -0.711752 -14.25 -11.6563
    endloop
  endfacet
  facet normal 0 -1 0
    outer loop
      vertex -0.711752 -14.25 -19.3437
      vertex -0.711752 -14.25 -11.6563
      vertex -1.05238 -14.25 -11.5407
    endloop
  endfacet
  facet normal 0 -1 0
    outer loop
      vertex -1.05238 -14.25 -19.4593
      vertex -1.05238 -14.25 -11.5407
      vertex -1.375 -14.25 -11.3816
    endloop
  endfacet
  facet normal 0 -1 0
    outer loop
      vertex -1.375 -14.25 -19.6184
      vertex -1.375 -14.25 -11.3816
      vertex -1.67409 -14.25 -11.1817
    endloop
  endfacet
  facet normal 0 -1 0
    outer loop
      vertex -1.67409 -14.25 -19.8183
      vertex -1.67409 -14.25 -11.1817
      vertex -1.94454 -14.25 -10.9445
    endloop
  endfacet
  facet normal 0 -1 0
    outer loop
      vertex -1.94454 -14.25 -20.0555
      vertex -1.94454 -14.25 -10.9445
      vertex -2.18172 -14.25 -10.6741
    endloop
  endfacet
  facet normal 0 -1 0
    outer loop
      vertex -2.54067 -14.25 -10.0524
      vertex -2.54067 -14.25 -20.9476
      vertex -2.38157 -14.25 -10.375
    endloop
  endfacet
  facet normal 0 -1 0
    outer loop
      vertex -0.358947 -14.25 -11.7265
      vertex -0.358947 -14.25 -19.2735
      vertex 0 -14.25 -19.25
    endloop
  endfacet
  facet normal 0 -1 0
    outer loop
      vertex -0.711752 -14.25 -11.6563
      vertex -0.711752 -14.25 -19.3437
      vertex -0.358947 -14.25 -19.2735
    endloop
  endfacet
  facet normal 0 -1 0
    outer loop
      vertex -1.05238 -14.25 -11.5407
      vertex -1.05238 -14.25 -19.4593
      vertex -0.711752 -14.25 -19.3437
    endloop
  endfacet
  facet normal 0 -1 0
    outer loop
      vertex -1.375 -14.25 -11.3816
      vertex -1.375 -14.25 -19.6184
      vertex -1.05238 -14.25 -19.4593
    endloop
  endfacet
  facet normal 0 -1 0
    outer loop
      vertex -1.67409 -14.25 -11.1817
      vertex -1.67409 -14.25 -19.8183
      vertex -1.375 -14.25 -19.6184
    endloop
  endfacet
  facet normal 0 -1 0
    outer loop
      vertex -1.94454 -14.25 -10.9445
      vertex -1.94454 -14.25 -20.0555
      vertex -1.67409 -14.25 -19.8183
    endloop
  endfacet
  facet normal 0 -1 0
    outer loop
      vertex -2.18172 -14.25 -10.6741
      vertex -2.18172 -14.25 -20.3259
      vertex -1.94454 -14.25 -20.0555
    endloop
  endfacet
  facet normal 0 -1 -0
    outer loop
      vertex -2.18172 -14.25 -10.6741
      vertex -2.38157 -14.25 -20.625
      vertex -2.18172 -14.25 -20.3259
    endloop
  endfacet
  facet normal 0 -1 0
    outer loop
      vertex -2.38157 -14.25 -10.375
      vertex -2.38157 -14.25 -20.625
      vertex -2.18172 -14.25 -10.6741
    endloop
  endfacet
  facet normal -0 -1 0
    outer loop
      vertex -2.38157 -14.25 -20.625
      vertex -2.38157 -14.25 -10.375
      vertex -2.54067 -14.25 -20.9476
    endloop
  endfacet
  facet normal 0 -1 0
    outer loop
      vertex -2.54067 -14.25 -20.9476
      vertex -14.25 -14.25 -30
      vertex -2.6563 -14.25 -21.2882
    endloop
  endfacet
  facet normal 0 -1 0
    outer loop
      vertex -2.6563 -14.25 -21.2882
      vertex -14.25 -14.25 -30
      vertex -2.72647 -14.25 -21.6411
    endloop
  endfacet
  facet normal 0 -1 0
    outer loop
      vertex -2.72647 -14.25 -21.6411
      vertex -14.25 -14.25 -30
      vertex -2.75 -14.25 -22
    endloop
  endfacet
  facet normal 0 -1 -0
    outer loop
      vertex -2.75 -14.25 -22
      vertex -14.25 -14.25 -30
      vertex -2.72647 -14.25 -22.3589
    endloop
  endfacet
  facet normal 0 -1 -0
    outer loop
      vertex -2.72647 -14.25 -22.3589
      vertex -14.25 -14.25 -30
      vertex -2.6563 -14.25 -22.7118
    endloop
  endfacet
  facet normal 0 -1 -0
    outer loop
      vertex -0.358947 -14.25 -24.7265
      vertex -14.25 -14.25 -30
      vertex 0 -14.25 -24.75
    endloop
  endfacet
  facet normal 0 -1 -0
    outer loop
      vertex -0.711752 -14.25 -24.6563
      vertex -14.25 -14.25 -30
      vertex -0.358947 -14.25 -24.7265
    endloop
  endfacet
  facet normal 0 -1 -0
    outer loop
      vertex -1.05238 -14.25 -24.5407
      vertex -14.25 -14.25 -30
      vertex -0.711752 -14.25 -24.6563
    endloop
  endfacet
  facet normal 0 -1 -0
    outer loop
      vertex -1.375 -14.25 -24.3816
      vertex -14.25 -14.25 -30
      vertex -1.05238 -14.25 -24.5407
    endloop
  endfacet
  facet normal 0 -1 -0
    outer loop
      vertex -1.67409 -14.25 -24.1817
      vertex -14.25 -14.25 -30
      vertex -1.375 -14.25 -24.3816
    endloop
  endfacet
  facet normal 0 -1 -0
    outer loop
      vertex -1.94454 -14.25 -23.9445
      vertex -14.25 -14.25 -30
      vertex -1.67409 -14.25 -24.1817
    endloop
  endfacet
  facet normal 0 -1 -0
    outer loop
      vertex -2.18172 -14.25 -23.6741
      vertex -14.25 -14.25 -30
      vertex -1.94454 -14.25 -23.9445
    endloop
  endfacet
  facet normal 0 -1 -0
    outer loop
      vertex -2.38157 -14.25 -23.375
      vertex -14.25 -14.25 -30
      vertex -2.18172 -14.25 -23.6741
    endloop
  endfacet
  facet normal 0 -1 -0
    outer loop
      vertex -2.54067 -14.25 -23.0524
      vertex -14.25 -14.25 -30
      vertex -2.38157 -14.25 -23.375
    endloop
  endfacet
  facet normal 0 -1 -0
    outer loop
      vertex -2.6563 -14.25 -22.7118
      vertex -14.25 -14.25 -30
      vertex -2.54067 -14.25 -23.0524
    endloop
  endfacet
  facet normal 0 -1 0
    outer loop
      vertex 11.1369 -14.25 45.2895
      vertex 15.1974 -14.25 32.2828
      vertex 15.5563 -14.25 32.3063
    endloop
  endfacet
  facet normal 0 -1 0
    outer loop
      vertex 11.1369 -14.25 45.2895
      vertex 14.8446 -14.25 32.2126
      vertex 15.1974 -14.25 32.2828
    endloop
  endfacet
  facet normal 0 -1 0
    outer loop
      vertex 11.1369 -14.25 45.2895
      vertex 14.504 -14.25 32.097
      vertex 14.8446 -14.25 32.2126
    endloop
  endfacet
  facet normal 0 -1 0
    outer loop
      vertex 11.1369 -14.25 45.2895
      vertex 14.1813 -14.25 31.9379
      vertex 14.504 -14.25 32.097
    endloop
  endfacet
  facet normal 0 -1 0
    outer loop
      vertex 11.1369 -14.25 45.2895
      vertex 13.8823 -14.25 31.7381
      vertex 14.1813 -14.25 31.9379
    endloop
  endfacet
  facet normal 0 -1 0
    outer loop
      vertex 11.1369 -14.25 45.2895
      vertex 13.6118 -14.25 31.5009
      vertex 13.8823 -14.25 31.7381
    endloop
  endfacet
  facet normal 0 -1 0
    outer loop
      vertex 11.1369 -14.25 45.2895
      vertex 13.3746 -14.25 31.2304
      vertex 13.6118 -14.25 31.5009
    endloop
  endfacet
  facet normal 0 -1 0
    outer loop
      vertex 11.1369 -14.25 45.2895
      vertex 13.1748 -14.25 30.9313
      vertex 13.3746 -14.25 31.2304
    endloop
  endfacet
  facet normal 0 -1 0
    outer loop
      vertex 11.1369 -14.25 45.2895
      vertex 13.0157 -14.25 30.6087
      vertex 13.1748 -14.25 30.9313
    endloop
  endfacet
  facet normal 0 -1 0
    outer loop
      vertex 5.31158 -14.25 22.9046
      vertex 13.0157 -14.25 30.6087
      vertex 11.1369 -14.25 45.2895
    endloop
  endfacet
  facet normal 0 -1 0
    outer loop
      vertex 13.0157 -14.25 30.6087
      vertex 5.31158 -14.25 22.9046
      vertex 12.9001 -14.25 30.2681
    endloop
  endfacet
  facet normal -0 -1 0
    outer loop
      vertex 5.65221 -14.25 23.0203
      vertex 12.9001 -14.25 30.2681
      vertex 5.31158 -14.25 22.9046
    endloop
  endfacet
  facet normal 0 -1 0
    outer loop
      vertex 12.9001 -14.25 30.2681
      vertex 5.65221 -14.25 23.0203
      vertex 12.8299 -14.25 29.9153
    endloop
  endfacet
  facet normal 0 -1 0
    outer loop
      vertex 9.11396 -14.25 20.364
      vertex 15.5563 -14.25 26.8063
      vertex 15.1974 -14.25 26.8299
    endloop
  endfacet
  facet normal 0 -1 0
    outer loop
      vertex 8.30851 -14.25 22.3085
      vertex 13.6118 -14.25 27.6118
      vertex 8.03805 -14.25 22.5457
    endloop
  endfacet
  facet normal 0 -1 -0
    outer loop
      vertex 13.3746 -14.25 27.8823
      vertex 8.03805 -14.25 22.5457
      vertex 13.6118 -14.25 27.6118
    endloop
  endfacet
  facet normal 0 -1 0
    outer loop
      vertex 8.03805 -14.25 22.5457
      vertex 13.3746 -14.25 27.8823
      vertex 7.73896 -14.25 22.7455
    endloop
  endfacet
  facet normal 0 -1 -0
    outer loop
      vertex 13.1748 -14.25 28.1813
      vertex 7.73896 -14.25 22.7455
      vertex 13.3746 -14.25 27.8823
    endloop
  endfacet
  facet normal 0 -1 0
    outer loop
      vertex 7.73896 -14.25 22.7455
      vertex 13.1748 -14.25 28.1813
      vertex 7.41634 -14.25 22.9046
    endloop
  endfacet
  facet normal 0 -1 -0
    outer loop
      vertex 13.0157 -14.25 28.504
      vertex 7.41634 -14.25 22.9046
      vertex 13.1748 -14.25 28.1813
    endloop
  endfacet
  facet normal 0 -1 0
    outer loop
      vertex 7.41634 -14.25 22.9046
      vertex 13.0157 -14.25 28.504
      vertex 7.07571 -14.25 23.0203
    endloop
  endfacet
  facet normal 0 -1 -0
    outer loop
      vertex 12.9001 -14.25 28.8446
      vertex 7.07571 -14.25 23.0203
      vertex 13.0157 -14.25 28.504
    endloop
  endfacet
  facet normal 0 -1 0
    outer loop
      vertex 7.07571 -14.25 23.0203
      vertex 12.9001 -14.25 28.8446
      vertex 6.72291 -14.25 23.0904
    endloop
  endfacet
  facet normal 0 -1 -0
    outer loop
      vertex 12.8299 -14.25 29.1974
      vertex 6.72291 -14.25 23.0904
      vertex 12.9001 -14.25 28.8446
    endloop
  endfacet
  facet normal 0 -1 0
    outer loop
      vertex 6.72291 -14.25 23.0904
      vertex 12.8299 -14.25 29.1974
      vertex 6.36396 -14.25 23.114
    endloop
  endfacet
  facet normal -0 -1 0
    outer loop
      vertex 6.00501 -14.25 23.0904
      vertex 12.8299 -14.25 29.9153
      vertex 5.65221 -14.25 23.0203
    endloop
  endfacet
  facet normal 0 -1 -0
    outer loop
      vertex 12.8063 -14.25 29.5563
      vertex 6.36396 -14.25 23.114
      vertex 12.8299 -14.25 29.1974
    endloop
  endfacet
  facet normal -0 -1 0
    outer loop
      vertex 6.36396 -14.25 23.114
      vertex 12.8063 -14.25 29.5563
      vertex 6.00501 -14.25 23.0904
    endloop
  endfacet
  facet normal 0 -1 0
    outer loop
      vertex 12.8299 -14.25 29.9153
      vertex 6.00501 -14.25 23.0904
      vertex 12.8063 -14.25 29.5563
    endloop
  endfacet
  facet normal 0 -1 0
    outer loop
      vertex 11.1369 -14.25 45.2895
      vertex 4.98896 -14.25 22.7455
      vertex 5.31158 -14.25 22.9046
    endloop
  endfacet
  facet normal 0 -1 0
    outer loop
      vertex 11.1369 -14.25 45.2895
      vertex 4.68987 -14.25 22.5457
      vertex 4.98896 -14.25 22.7455
    endloop
  endfacet
  facet normal 0 -1 0
    outer loop
      vertex -12.9047 -14.25 21.2478
      vertex 4.68987 -14.25 22.5457
      vertex 11.1369 -14.25 45.2895
    endloop
  endfacet
  facet normal 0 -1 0
    outer loop
      vertex 4.68987 -14.25 22.5457
      vertex -12.9047 -14.25 21.2478
      vertex 4.41942 -14.25 22.3085
    endloop
  endfacet
  facet normal 0 -1 0
    outer loop
      vertex 4.41942 -14.25 22.3085
      vertex -12.9047 -14.25 21.2478
      vertex 4.18224 -14.25 22.0381
    endloop
  endfacet
  facet normal 0 -1 0
    outer loop
      vertex 4.18224 -14.25 22.0381
      vertex -12.9047 -14.25 21.2478
      vertex 3.98239 -14.25 21.739
    endloop
  endfacet
  facet normal 0 -1 0
    outer loop
      vertex 3.98239 -14.25 21.739
      vertex -12.9047 -14.25 21.2478
      vertex 3.82329 -14.25 21.4163
    endloop
  endfacet
  facet normal 0 -1 0
    outer loop
      vertex -12.9047 -14.25 21.2478
      vertex 3.70767 -14.25 21.0757
      vertex 3.82329 -14.25 21.4163
    endloop
  endfacet
  facet normal 0 -1 0
    outer loop
      vertex -12.9047 -14.25 21.2478
      vertex 3.63749 -14.25 20.7229
      vertex 3.70767 -14.25 21.0757
    endloop
  endfacet
  facet normal 0 -1 0
    outer loop
      vertex -12.9047 -14.25 21.2478
      vertex 3.61396 -14.25 20.364
      vertex 3.63749 -14.25 20.7229
    endloop
  endfacet
  facet normal 0 -1 0
    outer loop
      vertex -12.9047 -14.25 21.2478
      vertex 3.63749 -14.25 20.005
      vertex 3.61396 -14.25 20.364
    endloop
  endfacet
  facet normal 0 -1 0
    outer loop
      vertex -12.9047 -14.25 21.2478
      vertex 3.70766 -14.25 19.6522
      vertex 3.63749 -14.25 20.005
    endloop
  endfacet
  facet normal 0 -1 0
    outer loop
      vertex -12.9047 -14.25 21.2478
      vertex 3.82329 -14.25 19.3116
      vertex 3.70766 -14.25 19.6522
    endloop
  endfacet
  facet normal 0 -1 0
    outer loop
      vertex -12.9047 -14.25 21.2478
      vertex 3.98239 -14.25 18.989
      vertex 3.82329 -14.25 19.3116
    endloop
  endfacet
  facet normal 0 -1 0
    outer loop
      vertex -12.9047 -14.25 21.2478
      vertex 4.18224 -14.25 18.6899
      vertex 3.98239 -14.25 18.989
    endloop
  endfacet
  facet normal 0 -1 0
    outer loop
      vertex -14.25 -14.25 4
      vertex 4.18224 -14.25 18.6899
      vertex -12.9047 -14.25 21.2478
    endloop
  endfacet
  facet normal 0 -1 -0
    outer loop
      vertex 4.18224 -14.25 18.6899
      vertex -14.25 -14.25 4
      vertex 4.41942 -14.25 18.4194
    endloop
  endfacet
  facet normal 0 -1 -0
    outer loop
      vertex 4.41942 -14.25 18.4194
      vertex -14.25 -14.25 4
      vertex 4.68987 -14.25 18.1822
    endloop
  endfacet
  facet normal 0 -1 -0
    outer loop
      vertex 4.68987 -14.25 18.1822
      vertex -14.25 -14.25 4
      vertex 4.98896 -14.25 17.9824
    endloop
  endfacet
  facet normal 0 -1 0
    outer loop
      vertex -0.358947 -14.25 -6.27353
      vertex 4.98896 -14.25 17.9824
      vertex -14.25 -14.25 4
    endloop
  endfacet
  facet normal 0 -1 -0
    outer loop
      vertex 4.98896 -14.25 17.9824
      vertex 0 -14.25 -6.25
      vertex 5.31158 -14.25 17.8233
    endloop
  endfacet
  facet normal 0 -1 -0
    outer loop
      vertex 5.31158 -14.25 17.8233
      vertex 0.358947 -14.25 -6.27353
      vertex 5.65221 -14.25 17.7077
    endloop
  endfacet
  facet normal 0 -1 0
    outer loop
      vertex 0.358947 -14.25 -6.27353
      vertex 5.31158 -14.25 17.8233
      vertex 0 -14.25 -6.25
    endloop
  endfacet
  facet normal 0 -1 0
    outer loop
      vertex 15.9153 -14.25 32.2828
      vertex 11.1369 -14.25 45.2895
      vertex 15.5563 -14.25 32.3063
    endloop
  endfacet
  facet normal 0 -1 0
    outer loop
      vertex 16.2681 -14.25 32.2126
      vertex 11.1369 -14.25 45.2895
      vertex 15.9153 -14.25 32.2828
    endloop
  endfacet
  facet normal 0 -1 0
    outer loop
      vertex 16.6087 -14.25 32.097
      vertex 11.1369 -14.25 45.2895
      vertex 16.2681 -14.25 32.2126
    endloop
  endfacet
  facet normal 0 -1 0
    outer loop
      vertex 16.9313 -14.25 31.9379
      vertex 11.1369 -14.25 45.2895
      vertex 16.6087 -14.25 32.097
    endloop
  endfacet
  facet normal 0 -1 0
    outer loop
      vertex 17.2304 -14.25 31.7381
      vertex 11.1369 -14.25 45.2895
      vertex 16.9313 -14.25 31.9379
    endloop
  endfacet
  facet normal 0 -1 0
    outer loop
      vertex 17.5009 -14.25 31.5009
      vertex 11.1369 -14.25 45.2895
      vertex 17.2304 -14.25 31.7381
    endloop
  endfacet
  facet normal 0 -1 0
    outer loop
      vertex 31.2895 -14.25 25.1369
      vertex 17.5009 -14.25 31.5009
      vertex 17.7381 -14.25 31.2304
    endloop
  endfacet
  facet normal 0 -1 0
    outer loop
      vertex 31.2895 -14.25 25.1369
      vertex 17.7381 -14.25 31.2304
      vertex 17.9379 -14.25 30.9313
    endloop
  endfacet
  facet normal 0 -1 0
    outer loop
      vertex 31.2895 -14.25 25.1369
      vertex 17.9379 -14.25 30.9313
      vertex 18.097 -14.25 30.6087
    endloop
  endfacet
  facet normal 0 -1 0
    outer loop
      vertex 17.5009 -14.25 31.5009
      vertex 31.2895 -14.25 25.1369
      vertex 11.1369 -14.25 45.2895
    endloop
  endfacet
  facet normal 0 -1 0
    outer loop
      vertex 18.2126 -14.25 30.2681
      vertex 31.2895 -14.25 25.1369
      vertex 18.097 -14.25 30.6087
    endloop
  endfacet
  facet normal 0 -1 0
    outer loop
      vertex 18.2828 -14.25 29.9153
      vertex 31.2895 -14.25 25.1369
      vertex 18.2126 -14.25 30.2681
    endloop
  endfacet
  facet normal 0 -1 0
    outer loop
      vertex 18.3063 -14.25 29.5563
      vertex 31.2895 -14.25 25.1369
      vertex 18.2828 -14.25 29.9153
    endloop
  endfacet
  facet normal 0 -1 0
    outer loop
      vertex 18.2828 -14.25 29.1974
      vertex 31.2895 -14.25 25.1369
      vertex 18.3063 -14.25 29.5563
    endloop
  endfacet
  facet normal 0 -1 0
    outer loop
      vertex 18.2126 -14.25 28.8446
      vertex 31.2895 -14.25 25.1369
      vertex 18.2828 -14.25 29.1974
    endloop
  endfacet
  facet normal 0 -1 0
    outer loop
      vertex 18.097 -14.25 28.504
      vertex 31.2895 -14.25 25.1369
      vertex 18.2126 -14.25 28.8446
    endloop
  endfacet
  facet normal 0 -1 0
    outer loop
      vertex 17.9379 -14.25 28.1813
      vertex 31.2895 -14.25 25.1369
      vertex 18.097 -14.25 28.504
    endloop
  endfacet
  facet normal 0 -1 0
    outer loop
      vertex 17.7381 -14.25 27.8823
      vertex 31.2895 -14.25 25.1369
      vertex 17.9379 -14.25 28.1813
    endloop
  endfacet
  facet normal 0 -1 0
    outer loop
      vertex 17.5009 -14.25 27.6118
      vertex 31.2895 -14.25 25.1369
      vertex 17.7381 -14.25 27.8823
    endloop
  endfacet
  facet normal 0 -1 0
    outer loop
      vertex 17.2304 -14.25 27.3746
      vertex 31.2895 -14.25 25.1369
      vertex 17.5009 -14.25 27.6118
    endloop
  endfacet
  facet normal 0 -1 0
    outer loop
      vertex 16.9313 -14.25 27.1748
      vertex 31.2895 -14.25 25.1369
      vertex 17.2304 -14.25 27.3746
    endloop
  endfacet
  facet normal 0 -1 0
    outer loop
      vertex 16.6087 -14.25 27.0157
      vertex 31.2895 -14.25 25.1369
      vertex 16.9313 -14.25 27.1748
    endloop
  endfacet
  facet normal 0 -1 0
    outer loop
      vertex 16.2681 -14.25 26.9001
      vertex 31.2895 -14.25 25.1369
      vertex 16.6087 -14.25 27.0157
    endloop
  endfacet
  facet normal 0 -1 0
    outer loop
      vertex 15.9153 -14.25 26.8299
      vertex 31.2895 -14.25 25.1369
      vertex 16.2681 -14.25 26.9001
    endloop
  endfacet
  facet normal 0 -1 0
    outer loop
      vertex 31.2895 -14.25 25.1369
      vertex 15.9153 -14.25 26.8299
      vertex 15.5563 -14.25 26.8063
    endloop
  endfacet
  facet normal 0 -1 -0
    outer loop
      vertex 13.6118 -14.25 27.6118
      vertex 8.30851 -14.25 22.3085
      vertex 13.8823 -14.25 27.3746
    endloop
  endfacet
  facet normal 0 -1 0
    outer loop
      vertex 8.54568 -14.25 22.0381
      vertex 13.8823 -14.25 27.3746
      vertex 8.30851 -14.25 22.3085
    endloop
  endfacet
  facet normal 0 -1 -0
    outer loop
      vertex 13.8823 -14.25 27.3746
      vertex 8.54568 -14.25 22.0381
      vertex 14.1813 -14.25 27.1748
    endloop
  endfacet
  facet normal 0 -1 0
    outer loop
      vertex 8.74553 -14.25 21.739
      vertex 14.1813 -14.25 27.1748
      vertex 8.54568 -14.25 22.0381
    endloop
  endfacet
  facet normal 0 -1 -0
    outer loop
      vertex 14.1813 -14.25 27.1748
      vertex 8.74553 -14.25 21.739
      vertex 14.504 -14.25 27.0157
    endloop
  endfacet
  facet normal 0 -1 0
    outer loop
      vertex 8.90463 -14.25 21.4163
      vertex 14.504 -14.25 27.0157
      vertex 8.74553 -14.25 21.739
    endloop
  endfacet
  facet normal 0 -1 -0
    outer loop
      vertex 14.504 -14.25 27.0157
      vertex 8.90463 -14.25 21.4163
      vertex 14.8446 -14.25 26.9001
    endloop
  endfacet
  facet normal 0 -1 0
    outer loop
      vertex 9.02026 -14.25 21.0757
      vertex 14.8446 -14.25 26.9001
      vertex 8.90463 -14.25 21.4163
    endloop
  endfacet
  facet normal 0 -1 -0
    outer loop
      vertex 14.8446 -14.25 26.9001
      vertex 9.02026 -14.25 21.0757
      vertex 15.1974 -14.25 26.8299
    endloop
  endfacet
  facet normal 0 -1 0
    outer loop
      vertex 9.09043 -14.25 20.7229
      vertex 15.1974 -14.25 26.8299
      vertex 9.02026 -14.25 21.0757
    endloop
  endfacet
  facet normal 0 -1 0
    outer loop
      vertex 9.11396 -14.25 20.364
      vertex 15.1974 -14.25 26.8299
      vertex 9.09043 -14.25 20.7229
    endloop
  endfacet
  facet normal 0 -1 0
    outer loop
      vertex 15.5563 -14.25 26.8063
      vertex 9.11396 -14.25 20.364
      vertex 9.09043 -14.25 20.005
    endloop
  endfacet
  facet normal 0 -1 0
    outer loop
      vertex 15.5563 -14.25 26.8063
      vertex 9.09043 -14.25 20.005
      vertex 9.02026 -14.25 19.6522
    endloop
  endfacet
  facet normal 0 -1 0
    outer loop
      vertex 15.5563 -14.25 26.8063
      vertex 9.02026 -14.25 19.6522
      vertex 8.90463 -14.25 19.3116
    endloop
  endfacet
  facet normal 0 -1 -0
    outer loop
      vertex 15.5563 -14.25 26.8063
      vertex 8.90463 -14.25 19.3116
      vertex 31.2895 -14.25 25.1369
    endloop
  endfacet
  facet normal 0 -1 0
    outer loop
      vertex 8.74553 -14.25 18.989
      vertex 31.2895 -14.25 25.1369
      vertex 8.90463 -14.25 19.3116
    endloop
  endfacet
  facet normal 0 -1 0
    outer loop
      vertex 8.54568 -14.25 18.6899
      vertex 31.2895 -14.25 25.1369
      vertex 8.74553 -14.25 18.989
    endloop
  endfacet
  facet normal 0 -1 0
    outer loop
      vertex 8.30851 -14.25 18.4194
      vertex 31.2895 -14.25 25.1369
      vertex 8.54568 -14.25 18.6899
    endloop
  endfacet
  facet normal 0 -1 0
    outer loop
      vertex 2.54067 -14.25 -7.94762
      vertex 8.30851 -14.25 18.4194
      vertex 8.03805 -14.25 18.1822
    endloop
  endfacet
  facet normal 0 -1 0
    outer loop
      vertex 2.38157 -14.25 -7.625
      vertex 8.03805 -14.25 18.1822
      vertex 7.73896 -14.25 17.9824
    endloop
  endfacet
  facet normal 0 -1 0
    outer loop
      vertex 2.18172 -14.25 -7.32591
      vertex 7.73896 -14.25 17.9824
      vertex 7.41634 -14.25 17.8233
    endloop
  endfacet
  facet normal 0 -1 0
    outer loop
      vertex 1.94454 -14.25 -7.05546
      vertex 7.41634 -14.25 17.8233
      vertex 7.07571 -14.25 17.7077
    endloop
  endfacet
  facet normal 0 -1 0
    outer loop
      vertex 0.711752 -14.25 -6.3437
      vertex 5.65221 -14.25 17.7077
      vertex 0.358947 -14.25 -6.27353
    endloop
  endfacet
  facet normal 0 -1 -0
    outer loop
      vertex 5.65221 -14.25 17.7077
      vertex 0.711752 -14.25 -6.3437
      vertex 6.00501 -14.25 17.6375
    endloop
  endfacet
  facet normal 0 -1 0
    outer loop
      vertex 1.05238 -14.25 -6.45933
      vertex 6.00501 -14.25 17.6375
      vertex 0.711752 -14.25 -6.3437
    endloop
  endfacet
  facet normal 0 -1 -0
    outer loop
      vertex 6.00501 -14.25 17.6375
      vertex 1.05238 -14.25 -6.45933
      vertex 6.36396 -14.25 17.614
    endloop
  endfacet
  facet normal 0 -1 0
    outer loop
      vertex 1.375 -14.25 -6.61843
      vertex 6.36396 -14.25 17.614
      vertex 1.05238 -14.25 -6.45933
    endloop
  endfacet
  facet normal 0 -1 -0
    outer loop
      vertex 6.36396 -14.25 17.614
      vertex 1.375 -14.25 -6.61843
      vertex 6.72291 -14.25 17.6375
    endloop
  endfacet
  facet normal 0 -1 0
    outer loop
      vertex 1.67409 -14.25 -6.81828
      vertex 6.72291 -14.25 17.6375
      vertex 1.375 -14.25 -6.61843
    endloop
  endfacet
  facet normal 0 -1 -0
    outer loop
      vertex 6.72291 -14.25 17.6375
      vertex 1.67409 -14.25 -6.81828
      vertex 7.07571 -14.25 17.7077
    endloop
  endfacet
  facet normal 0 -1 0
    outer loop
      vertex 1.94454 -14.25 -7.05546
      vertex 7.07571 -14.25 17.7077
      vertex 1.67409 -14.25 -6.81828
    endloop
  endfacet
  facet normal 0 -1 0
    outer loop
      vertex 7.41634 -14.25 17.8233
      vertex 1.94454 -14.25 -7.05546
      vertex 2.18172 -14.25 -7.32591
    endloop
  endfacet
  facet normal 0 -1 0
    outer loop
      vertex 7.73896 -14.25 17.9824
      vertex 2.18172 -14.25 -7.32591
      vertex 2.38157 -14.25 -7.625
    endloop
  endfacet
  facet normal 0 -1 0
    outer loop
      vertex 8.03805 -14.25 18.1822
      vertex 2.38157 -14.25 -7.625
      vertex 2.54067 -14.25 -7.94762
    endloop
  endfacet
  facet normal 0 -1 -0
    outer loop
      vertex 8.30851 -14.25 18.4194
      vertex 2.54067 -14.25 -7.94762
      vertex 31.2895 -14.25 25.1369
    endloop
  endfacet
  facet normal 0 -1 0
    outer loop
      vertex 2.6563 -14.25 -8.28825
      vertex 31.2895 -14.25 25.1369
      vertex 2.54067 -14.25 -7.94762
    endloop
  endfacet
  facet normal 0 -1 0
    outer loop
      vertex 2.72647 -14.25 -8.64105
      vertex 31.2895 -14.25 25.1369
      vertex 2.6563 -14.25 -8.28825
    endloop
  endfacet
  facet normal 0 -1 0
    outer loop
      vertex 14.25 -14.25 -30
      vertex 2.72647 -14.25 -8.64105
      vertex 2.75 -14.25 -9
    endloop
  endfacet
  facet normal 0 -1 0
    outer loop
      vertex 14.25 -14.25 -30
      vertex 2.75 -14.25 -9
      vertex 2.72647 -14.25 -9.35895
    endloop
  endfacet
  facet normal 0 -1 0
    outer loop
      vertex 14.25 -14.25 -30
      vertex 2.72647 -14.25 -9.35895
      vertex 2.6563 -14.25 -9.71175
    endloop
  endfacet
  facet normal 0 -1 0
    outer loop
      vertex 14.25 -14.25 -30
      vertex 2.6563 -14.25 -9.71175
      vertex 2.54067 -14.25 -10.0524
    endloop
  endfacet
  facet normal 0 -1 0
    outer loop
      vertex 2.54067 -14.25 -20.9476
      vertex 2.54067 -14.25 -10.0524
      vertex 2.38157 -14.25 -10.375
    endloop
  endfacet
  facet normal 0 -1 0
    outer loop
      vertex 2.38157 -14.25 -20.625
      vertex 2.38157 -14.25 -10.375
      vertex 2.18172 -14.25 -10.6741
    endloop
  endfacet
  facet normal 0 -1 0
    outer loop
      vertex 0 -14.25 -19.25
      vertex 0.358947 -14.25 -11.7265
      vertex 0 -14.25 -11.75
    endloop
  endfacet
  facet normal 0 -1 0
    outer loop
      vertex 0.358947 -14.25 -19.2735
      vertex 0.358947 -14.25 -11.7265
      vertex 0 -14.25 -19.25
    endloop
  endfacet
  facet normal 0 -1 0
    outer loop
      vertex 0.358947 -14.25 -11.7265
      vertex 0.358947 -14.25 -19.2735
      vertex 0.711752 -14.25 -11.6563
    endloop
  endfacet
  facet normal 0 -1 0
    outer loop
      vertex 0.711752 -14.25 -19.3437
      vertex 0.711752 -14.25 -11.6563
      vertex 0.358947 -14.25 -19.2735
    endloop
  endfacet
  facet normal 0 -1 0
    outer loop
      vertex 0.711752 -14.25 -11.6563
      vertex 0.711752 -14.25 -19.3437
      vertex 1.05238 -14.25 -11.5407
    endloop
  endfacet
  facet normal 0 -1 0
    outer loop
      vertex 1.05238 -14.25 -19.4593
      vertex 1.05238 -14.25 -11.5407
      vertex 0.711752 -14.25 -19.3437
    endloop
  endfacet
  facet normal 0 -1 0
    outer loop
      vertex 1.05238 -14.25 -11.5407
      vertex 1.05238 -14.25 -19.4593
      vertex 1.375 -14.25 -11.3816
    endloop
  endfacet
  facet normal 0 -1 0
    outer loop
      vertex 1.375 -14.25 -19.6184
      vertex 1.375 -14.25 -11.3816
      vertex 1.05238 -14.25 -19.4593
    endloop
  endfacet
  facet normal 0 -1 0
    outer loop
      vertex 1.375 -14.25 -11.3816
      vertex 1.375 -14.25 -19.6184
      vertex 1.67409 -14.25 -11.1817
    endloop
  endfacet
  facet normal 0 -1 0
    outer loop
      vertex 1.67409 -14.25 -19.8183
      vertex 1.67409 -14.25 -11.1817
      vertex 1.375 -14.25 -19.6184
    endloop
  endfacet
  facet normal 0 -1 0
    outer loop
      vertex 1.67409 -14.25 -11.1817
      vertex 1.67409 -14.25 -19.8183
      vertex 1.94454 -14.25 -10.9445
    endloop
  endfacet
  facet normal 0 -1 0
    outer loop
      vertex 1.94454 -14.25 -20.0555
      vertex 1.94454 -14.25 -10.9445
      vertex 1.67409 -14.25 -19.8183
    endloop
  endfacet
  facet normal 0 -1 0
    outer loop
      vertex 1.94454 -14.25 -10.9445
      vertex 1.94454 -14.25 -20.0555
      vertex 2.18172 -14.25 -10.6741
    endloop
  endfacet
  facet normal 0 -1 0
    outer loop
      vertex 2.18172 -14.25 -20.3259
      vertex 2.18172 -14.25 -10.6741
      vertex 1.94454 -14.25 -20.0555
    endloop
  endfacet
  facet normal 0 -1 0
    outer loop
      vertex 2.38157 -14.25 -20.625
      vertex 2.18172 -14.25 -10.6741
      vertex 2.18172 -14.25 -20.3259
    endloop
  endfacet
  facet normal 0 -1 0
    outer loop
      vertex 2.38157 -14.25 -10.375
      vertex 2.38157 -14.25 -20.625
      vertex 2.54067 -14.25 -20.9476
    endloop
  endfacet
  facet normal 0 -1 0
    outer loop
      vertex 2.54067 -14.25 -10.0524
      vertex 2.54067 -14.25 -20.9476
      vertex 14.25 -14.25 -30
    endloop
  endfacet
  facet normal 0 -1 0
    outer loop
      vertex 14.25 -14.25 -30
      vertex 2.54067 -14.25 -20.9476
      vertex 2.6563 -14.25 -21.2882
    endloop
  endfacet
  facet normal 0 -1 0
    outer loop
      vertex 14.25 -14.25 -30
      vertex 2.6563 -14.25 -21.2882
      vertex 2.72647 -14.25 -21.6411
    endloop
  endfacet
  facet normal 0 -1 0
    outer loop
      vertex 14.25 -14.25 -30
      vertex 2.72647 -14.25 -21.6411
      vertex 2.75 -14.25 -22
    endloop
  endfacet
  facet normal 0 -1 0
    outer loop
      vertex 14.25 -14.25 -30
      vertex 2.75 -14.25 -22
      vertex 2.72647 -14.25 -22.3589
    endloop
  endfacet
  facet normal 0 -1 0
    outer loop
      vertex 14.25 -14.25 -30
      vertex 2.72647 -14.25 -22.3589
      vertex 2.6563 -14.25 -22.7118
    endloop
  endfacet
  facet normal 0 -1 0
    outer loop
      vertex 14.25 -14.25 -30
      vertex 2.6563 -14.25 -22.7118
      vertex 2.54067 -14.25 -23.0524
    endloop
  endfacet
  facet normal 0 -1 0
    outer loop
      vertex 14.25 -14.25 -30
      vertex 2.54067 -14.25 -23.0524
      vertex 2.38157 -14.25 -23.375
    endloop
  endfacet
  facet normal 0 -1 0
    outer loop
      vertex 14.25 -14.25 -30
      vertex 0 -14.25 -24.75
      vertex -14.25 -14.25 -30
    endloop
  endfacet
  facet normal 0 -1 0
    outer loop
      vertex 0 -14.25 -24.75
      vertex 14.25 -14.25 -30
      vertex 0.358947 -14.25 -24.7265
    endloop
  endfacet
  facet normal 0 -1 0
    outer loop
      vertex 0.358947 -14.25 -24.7265
      vertex 14.25 -14.25 -30
      vertex 0.711752 -14.25 -24.6563
    endloop
  endfacet
  facet normal 0 -1 0
    outer loop
      vertex 2.72647 -14.25 -8.64105
      vertex 14.25 -14.25 -30
      vertex 31.2895 -14.25 25.1369
    endloop
  endfacet
  facet normal 0 -1 0
    outer loop
      vertex 2.18172 -14.25 -23.6741
      vertex 14.25 -14.25 -30
      vertex 2.38157 -14.25 -23.375
    endloop
  endfacet
  facet normal 0 -1 0
    outer loop
      vertex 1.94454 -14.25 -23.9445
      vertex 14.25 -14.25 -30
      vertex 2.18172 -14.25 -23.6741
    endloop
  endfacet
  facet normal 0 -1 0
    outer loop
      vertex 1.67409 -14.25 -24.1817
      vertex 14.25 -14.25 -30
      vertex 1.94454 -14.25 -23.9445
    endloop
  endfacet
  facet normal 0 -1 0
    outer loop
      vertex 1.375 -14.25 -24.3816
      vertex 14.25 -14.25 -30
      vertex 1.67409 -14.25 -24.1817
    endloop
  endfacet
  facet normal 0 -1 0
    outer loop
      vertex 1.05238 -14.25 -24.5407
      vertex 14.25 -14.25 -30
      vertex 1.375 -14.25 -24.3816
    endloop
  endfacet
  facet normal 0 -1 0
    outer loop
      vertex 0.711752 -14.25 -24.6563
      vertex 14.25 -14.25 -30
      vertex 1.05238 -14.25 -24.5407
    endloop
  endfacet
endsolid OpenSCAD_Model
